{"Train/Loss": 0.35813936591148376, "Train/LR": 0.009973175999446663, "Iteration": 150, "_timestamp": 1734440338.4943895, "_runtime": 54.95185661315918, "_step": 49, "_wandb": {"runtime": 59}}