{"Train/Loss": 0.4526405334472656, "Train/LR": 0.009998739991179548, "Iteration": 8, "_timestamp": 1735821112.2006595, "_runtime": 43.67332744598389, "_step": 7, "_wandb": {"runtime": 47}}