{"Train/Loss": 0.6322574615478516, "Train/Learning Rate": 0.009999995102040683, "Iteration": 5, "_timestamp": 1734435239.9525793, "_runtime": 24.126018285751343, "_step": 4, "_wandb": {"runtime": 23}}