{"Train/Loss": 0.7105059623718262, "Train/LR": 0.009999099995499834, "Iteration": 4, "_timestamp": 1736553504.2721546, "_runtime": 23.81946063041687, "_step": 3, "_wandb": {"runtime": 25}}