{"Train/Loss": 0.3694818317890167, "Train/LR": 0.009997119953914594, "Iteration": 17, "_timestamp": 1734524751.5693257, "_runtime": 66.39956569671631, "_step": 16, "_wandb": {"runtime": 76}}