{"Train/Loss": 0.35036501288414, "Train/LR": 0.009991179567664623, "Iteration": 50, "_timestamp": 1734437381.9829524, "_runtime": 52.770095348358154, "_step": 49, "_wandb": {"runtime": 959}}