{"Train/Loss": 0.4368603229522705, "Train/LR": 0.009997479964716378, "Iteration": 15, "_timestamp": 1734523932.8676605, "_runtime": 22.607848405838013, "_step": 14, "_wandb": {"runtime": 22}}