{"Train/Loss": 0.3494400084018707, "Train/LR": 0.00995372808871288, "Iteration": 258, "_timestamp": 1734613674.770293, "_runtime": 606.7979350090027, "_step": 257, "_wandb": {"runtime": 618}}