{"Train/Loss": 0.3916875720024109, "Train/LR": 0.009996399927989438, "Iteration": 21, "_timestamp": 1734523835.0916393, "_runtime": 27.544857263565063, "_step": 20, "_wandb": {"runtime": 27}}