{"Train/Loss": 0.3571494519710541, "Train/LR": 0.009973175999446663, "Iteration": 150, "_timestamp": 1734439936.163779, "_runtime": 58.42867398262024, "_step": 49, "_wandb": {"runtime": 68}}