{"Train/Loss": NaN, "Train/LR": 0.009973175999446663, "Iteration": 150, "_timestamp": 1734441096.8138347, "_runtime": 516.2898435592651, "_step": 151, "Val/Loss": NaN, "Val/Dice": 0.0}