{"Train/Loss": 0.6206363439559937, "Train/LR": 0.009999279997119916, "Iteration": 5, "_timestamp": 1734523995.2653203, "_runtime": 38.95741128921509, "_step": 4, "_wandb": {"runtime": 40}}