{"Train/Loss": 0.45495450496673584, "Train/LR": 0.009998739991179548, "Iteration": 8, "_timestamp": 1735820948.9862537, "_runtime": 40.64105582237244, "_step": 7, "_wandb": {"runtime": 41}}