{"Train/Loss": 0.3447210490703583, "Train/LR": 0.009996939947973514, "Iteration": 18, "_timestamp": 1734523880.5077598, "_runtime": 27.84158182144165, "_step": 17, "_wandb": {"runtime": 27}}