{"Train/Loss": 0.339269757270813, "Train/LR": 0.009991179567664623, "Iteration": 50, "_timestamp": 1734440419.2545278, "_runtime": 56.34828472137451, "_step": 49, "_wandb": {"runtime": 71}}