{"Train/Loss": 0.3543502688407898, "Train/LR": 0.009989199351714701, "Iteration": 61, "_timestamp": 1734874582.007926, "_runtime": 204.69388794898987, "_step": 60, "_wandb": {"runtime": 205}}