{"Train/Loss": 0.37237608432769775, "Train/LR": 0.009910135014943327, "Iteration": 500, "_timestamp": 1734436201.3516674, "_runtime": 361.345582485199, "_step": 499, "_wandb": {"runtime": 951}}