{"Train/Loss": 0.6260941028594971, "Train/Learning Rate": 0.009999980408161132, "Iteration": 5, "_timestamp": 1733328603.1392066, "_runtime": 41.420615673065186, "_step": 4, "_wandb": {"runtime": 41}}