{"Train/Loss": 0.4550218880176544, "Train/LR": 0.009998739991179548, "Iteration": 8, "_timestamp": 1734874318.440538, "_runtime": 43.84246587753296, "_step": 7, "_wandb": {"runtime": 45}}