case_id,slice_idx,inference_time_ms,memory_usage_mb,has_tumor,image_size
case_00102,180,313.5643005371094,111.5,False,"torch.Size([1, 1, 224, 224])"
case_00203,267,27.72665023803711,0.0,False,"torch.Size([1, 1, 224, 224])"
case_00033,233,18.450498580932617,0.0,False,"torch.Size([1, 1, 224, 224])"
case_00194,474,18.654584884643555,0.0,False,"torch.Size([1, 1, 224, 224])"
case_00086,315,18.484830856323242,0.0,False,"torch.Size([1, 1, 224, 224])"
case_00086,219,19.9282169342041,0.0,False,"torch.Size([1, 1, 224, 224])"
case_00134,195,20.198583602905273,0.0,False,"torch.Size([1, 1, 224, 224])"
case_00161,505,18.639564514160156,0.0,False,"torch.Size([1, 1, 224, 224])"
case_00203,345,19.49787139892578,0.0,False,"torch.Size([1, 1, 224, 224])"
case_00154,63,20.8587646484375,0.0,False,"torch.Size([1, 1, 224, 224])"
case_00154,323,19.65618133544922,0.0,True,"torch.Size([1, 1, 224, 224])"
case_00154,461,18.576383590698242,0.0,False,"torch.Size([1, 1, 224, 224])"
case_00161,107,19.103288650512695,0.0,False,"torch.Size([1, 1, 224, 224])"
case_00014,116,26.54862403869629,0.0,False,"torch.Size([1, 1, 224, 224])"
case_00134,48,21.821022033691406,0.0,False,"torch.Size([1, 1, 224, 224])"
case_00115,206,20.159006118774414,0.0,False,"torch.Size([1, 1, 224, 224])"
case_00194,79,19.83952522277832,0.0,False,"torch.Size([1, 1, 224, 224])"
case_00134,428,29.78825569152832,0.0,False,"torch.Size([1, 1, 224, 224])"
case_00079,379,28.987646102905273,0.0,True,"torch.Size([1, 1, 224, 224])"
case_00203,296,18.556594848632812,0.0,False,"torch.Size([1, 1, 224, 224])"
case_00079,409,21.891117095947266,0.0,True,"torch.Size([1, 1, 224, 224])"
case_00134,507,27.942895889282227,0.0,False,"torch.Size([1, 1, 224, 224])"
case_00154,339,20.630598068237305,0.0,True,"torch.Size([1, 1, 224, 224])"
case_00134,10,21.092891693115234,0.0,False,"torch.Size([1, 1, 224, 224])"
case_00102,384,22.287607192993164,0.0,True,"torch.Size([1, 1, 224, 224])"
case_00154,465,17.533063888549805,0.0,False,"torch.Size([1, 1, 224, 224])"
case_00102,151,17.647743225097656,0.0,False,"torch.Size([1, 1, 224, 224])"
case_00079,415,19.772052764892578,0.0,True,"torch.Size([1, 1, 224, 224])"
case_00161,463,18.42212677001953,0.0,False,"torch.Size([1, 1, 224, 224])"
case_00102,64,19.108295440673828,0.0,False,"torch.Size([1, 1, 224, 224])"
case_00194,450,19.367218017578125,0.0,False,"torch.Size([1, 1, 224, 224])"
case_00125,298,19.75703239440918,0.0,False,"torch.Size([1, 1, 224, 224])"
case_00113,456,21.840810775756836,0.0,False,"torch.Size([1, 1, 224, 224])"
case_00125,24,20.254850387573242,0.0,False,"torch.Size([1, 1, 224, 224])"
case_00102,158,20.33686637878418,0.0,False,"torch.Size([1, 1, 224, 224])"
case_00033,259,21.522045135498047,0.0,False,"torch.Size([1, 1, 224, 224])"
case_00014,225,19.617080688476562,0.0,False,"torch.Size([1, 1, 224, 224])"
case_00134,336,19.845008850097656,0.0,True,"torch.Size([1, 1, 224, 224])"
case_00125,422,20.08795738220215,0.0,False,"torch.Size([1, 1, 224, 224])"
case_00075,126,19.86837387084961,0.0,False,"torch.Size([1, 1, 224, 224])"
case_00194,27,21.741151809692383,0.0,False,"torch.Size([1, 1, 224, 224])"
case_00113,395,22.284507751464844,0.0,True,"torch.Size([1, 1, 224, 224])"
case_00079,73,18.158674240112305,0.0,False,"torch.Size([1, 1, 224, 224])"
case_00125,15,18.335580825805664,0.0,False,"torch.Size([1, 1, 224, 224])"
case_00075,314,19.188404083251953,0.0,False,"torch.Size([1, 1, 224, 224])"
case_00113,96,18.15485954284668,0.0,False,"torch.Size([1, 1, 224, 224])"
case_00079,228,19.105195999145508,0.0,False,"torch.Size([1, 1, 224, 224])"
case_00079,429,19.352436065673828,0.0,True,"torch.Size([1, 1, 224, 224])"
case_00086,438,18.939733505249023,0.0,False,"torch.Size([1, 1, 224, 224])"
case_00079,439,18.67079734802246,0.0,True,"torch.Size([1, 1, 224, 224])"
case_00014,309,19.728899002075195,0.0,False,"torch.Size([1, 1, 224, 224])"
case_00134,293,21.246671676635742,0.0,False,"torch.Size([1, 1, 224, 224])"
case_00125,409,20.374774932861328,0.0,False,"torch.Size([1, 1, 224, 224])"
case_00115,509,20.230770111083984,0.0,False,"torch.Size([1, 1, 224, 224])"
case_00075,420,22.16315269470215,0.0,False,"torch.Size([1, 1, 224, 224])"
case_00203,260,20.35355567932129,0.0,False,"torch.Size([1, 1, 224, 224])"
case_00014,72,21.048784255981445,0.0,False,"torch.Size([1, 1, 224, 224])"
case_00033,212,18.691539764404297,0.0,False,"torch.Size([1, 1, 224, 224])"
case_00113,261,20.374774932861328,0.0,False,"torch.Size([1, 1, 224, 224])"
case_00115,76,19.363880157470703,0.0,False,"torch.Size([1, 1, 224, 224])"
case_00086,286,20.572662353515625,0.0,False,"torch.Size([1, 1, 224, 224])"
case_00079,376,21.158456802368164,0.0,True,"torch.Size([1, 1, 224, 224])"
case_00014,501,20.16162872314453,0.0,False,"torch.Size([1, 1, 224, 224])"
case_00014,336,22.891521453857422,0.0,False,"torch.Size([1, 1, 224, 224])"
case_00134,258,20.542144775390625,0.0,False,"torch.Size([1, 1, 224, 224])"
case_00075,76,19.32501792907715,0.0,False,"torch.Size([1, 1, 224, 224])"
case_00154,364,27.256011962890625,0.0,False,"torch.Size([1, 1, 224, 224])"
case_00086,158,29.009103775024414,0.0,False,"torch.Size([1, 1, 224, 224])"
case_00154,261,18.69511604309082,0.0,False,"torch.Size([1, 1, 224, 224])"
case_00154,270,19.764423370361328,0.0,False,"torch.Size([1, 1, 224, 224])"
case_00194,261,18.3713436126709,0.0,False,"torch.Size([1, 1, 224, 224])"
case_00194,452,19.56915855407715,0.0,False,"torch.Size([1, 1, 224, 224])"
case_00014,210,17.926454544067383,0.0,False,"torch.Size([1, 1, 224, 224])"
case_00086,451,19.06418800354004,0.0,False,"torch.Size([1, 1, 224, 224])"
case_00125,64,19.188880920410156,0.0,False,"torch.Size([1, 1, 224, 224])"
case_00079,175,20.336151123046875,0.0,False,"torch.Size([1, 1, 224, 224])"
case_00115,487,18.269062042236328,0.0,False,"torch.Size([1, 1, 224, 224])"
case_00115,322,19.09637451171875,0.0,True,"torch.Size([1, 1, 224, 224])"
case_00102,72,18.161296844482422,0.0,False,"torch.Size([1, 1, 224, 224])"
case_00154,198,19.571542739868164,0.0,False,"torch.Size([1, 1, 224, 224])"
case_00134,484,18.8291072845459,0.0,False,"torch.Size([1, 1, 224, 224])"
case_00203,354,19.01078224182129,0.0,False,"torch.Size([1, 1, 224, 224])"
case_00125,391,26.198387145996094,0.0,False,"torch.Size([1, 1, 224, 224])"
case_00134,508,27.04024314880371,0.0,False,"torch.Size([1, 1, 224, 224])"
case_00154,174,20.567655563354492,0.0,False,"torch.Size([1, 1, 224, 224])"
case_00125,253,18.741130828857422,0.0,False,"torch.Size([1, 1, 224, 224])"
case_00125,511,20.748376846313477,0.0,False,"torch.Size([1, 1, 224, 224])"
case_00203,28,18.819332122802734,0.0,False,"torch.Size([1, 1, 224, 224])"
case_00115,11,19.678354263305664,0.0,False,"torch.Size([1, 1, 224, 224])"
case_00115,467,27.797698974609375,0.0,False,"torch.Size([1, 1, 224, 224])"
case_00203,302,29.031038284301758,0.0,False,"torch.Size([1, 1, 224, 224])"
case_00033,47,18.121004104614258,0.0,False,"torch.Size([1, 1, 224, 224])"
case_00086,280,19.995689392089844,0.0,False,"torch.Size([1, 1, 224, 224])"
case_00079,215,27.4658203125,0.0,False,"torch.Size([1, 1, 224, 224])"
case_00079,461,18.794536590576172,0.0,True,"torch.Size([1, 1, 224, 224])"
case_00086,233,18.685102462768555,0.0,False,"torch.Size([1, 1, 224, 224])"
case_00115,228,17.923355102539062,0.0,False,"torch.Size([1, 1, 224, 224])"
case_00113,67,18.27836036682129,0.0,False,"torch.Size([1, 1, 224, 224])"
case_00194,318,18.654823303222656,0.0,False,"torch.Size([1, 1, 224, 224])"
case_00134,474,19.486188888549805,0.0,False,"torch.Size([1, 1, 224, 224])"
case_00086,413,18.74852180480957,0.0,True,"torch.Size([1, 1, 224, 224])"
case_00194,172,19.20294761657715,0.0,True,"torch.Size([1, 1, 224, 224])"
case_00194,47,19.231319427490234,0.0,False,"torch.Size([1, 1, 224, 224])"
case_00033,116,18.28479766845703,0.0,False,"torch.Size([1, 1, 224, 224])"
case_00161,477,19.31023597717285,0.0,False,"torch.Size([1, 1, 224, 224])"
case_00014,119,18.260478973388672,0.0,False,"torch.Size([1, 1, 224, 224])"
case_00161,359,19.614696502685547,0.0,False,"torch.Size([1, 1, 224, 224])"
case_00115,139,18.130064010620117,0.0,False,"torch.Size([1, 1, 224, 224])"
case_00194,466,18.96071434020996,0.0,False,"torch.Size([1, 1, 224, 224])"
case_00134,239,18.320798873901367,0.0,False,"torch.Size([1, 1, 224, 224])"
case_00134,315,19.017696380615234,0.0,False,"torch.Size([1, 1, 224, 224])"
case_00133,504,20.669221878051758,0.0,False,"torch.Size([1, 1, 224, 224])"
case_00194,244,22.11618423461914,0.0,False,"torch.Size([1, 1, 224, 224])"
case_00154,35,18.392324447631836,0.0,False,"torch.Size([1, 1, 224, 224])"
case_00154,179,19.562482833862305,0.0,False,"torch.Size([1, 1, 224, 224])"
case_00154,269,19.87743377685547,0.0,False,"torch.Size([1, 1, 224, 224])"
case_00133,172,19.54364776611328,0.0,True,"torch.Size([1, 1, 224, 224])"
case_00115,102,18.80359649658203,0.0,False,"torch.Size([1, 1, 224, 224])"
case_00154,309,19.778013229370117,0.0,True,"torch.Size([1, 1, 224, 224])"
case_00161,127,19.724607467651367,0.0,True,"torch.Size([1, 1, 224, 224])"
case_00079,141,20.904064178466797,0.0,False,"torch.Size([1, 1, 224, 224])"
case_00033,80,19.29330825805664,0.0,False,"torch.Size([1, 1, 224, 224])"
case_00113,402,18.808841705322266,0.0,True,"torch.Size([1, 1, 224, 224])"
case_00113,110,18.615245819091797,0.0,False,"torch.Size([1, 1, 224, 224])"
case_00125,426,18.10908317565918,0.0,False,"torch.Size([1, 1, 224, 224])"
case_00113,464,19.80447769165039,0.0,False,"torch.Size([1, 1, 224, 224])"
case_00134,405,21.123409271240234,0.0,False,"torch.Size([1, 1, 224, 224])"
case_00203,158,18.839120864868164,0.0,False,"torch.Size([1, 1, 224, 224])"
case_00014,496,19.932031631469727,0.0,False,"torch.Size([1, 1, 224, 224])"
case_00079,106,18.871068954467773,0.0,False,"torch.Size([1, 1, 224, 224])"
case_00133,205,19.925355911254883,0.0,False,"torch.Size([1, 1, 224, 224])"
case_00014,449,18.959760665893555,0.0,False,"torch.Size([1, 1, 224, 224])"
case_00079,58,20.477771759033203,0.0,False,"torch.Size([1, 1, 224, 224])"
case_00133,52,19.092559814453125,0.0,False,"torch.Size([1, 1, 224, 224])"
case_00134,51,21.988868713378906,0.0,False,"torch.Size([1, 1, 224, 224])"
case_00014,335,19.14215087890625,0.0,False,"torch.Size([1, 1, 224, 224])"
case_00115,406,20.04098892211914,0.0,False,"torch.Size([1, 1, 224, 224])"
case_00075,41,22.23658561706543,0.0,False,"torch.Size([1, 1, 224, 224])"
case_00033,429,19.22440528869629,0.0,False,"torch.Size([1, 1, 224, 224])"
case_00115,492,18.56064796447754,0.0,False,"torch.Size([1, 1, 224, 224])"
case_00075,132,19.720792770385742,0.0,False,"torch.Size([1, 1, 224, 224])"
case_00203,509,19.717693328857422,0.0,False,"torch.Size([1, 1, 224, 224])"
case_00113,475,20.838022232055664,0.0,False,"torch.Size([1, 1, 224, 224])"
case_00161,411,19.136428833007812,0.0,False,"torch.Size([1, 1, 224, 224])"
case_00203,330,20.31397819519043,0.0,False,"torch.Size([1, 1, 224, 224])"
case_00115,38,19.23370361328125,0.0,False,"torch.Size([1, 1, 224, 224])"
case_00194,328,20.400047302246094,0.0,False,"torch.Size([1, 1, 224, 224])"
case_00075,303,19.12689208984375,0.0,False,"torch.Size([1, 1, 224, 224])"
case_00115,498,20.599842071533203,0.0,False,"torch.Size([1, 1, 224, 224])"
case_00203,416,18.828153610229492,0.0,True,"torch.Size([1, 1, 224, 224])"
case_00033,323,26.925086975097656,0.0,False,"torch.Size([1, 1, 224, 224])"
case_00154,303,28.034687042236328,0.0,False,"torch.Size([1, 1, 224, 224])"
case_00194,30,28.759479522705078,0.0,False,"torch.Size([1, 1, 224, 224])"
case_00033,355,18.349647521972656,0.0,False,"torch.Size([1, 1, 224, 224])"
case_00115,47,19.527912139892578,0.0,False,"torch.Size([1, 1, 224, 224])"
case_00102,322,18.47982406616211,0.0,True,"torch.Size([1, 1, 224, 224])"
case_00075,443,17.899751663208008,0.0,False,"torch.Size([1, 1, 224, 224])"
case_00134,342,19.243717193603516,0.0,True,"torch.Size([1, 1, 224, 224])"
case_00086,166,18.573284149169922,0.0,False,"torch.Size([1, 1, 224, 224])"
case_00086,124,18.614530563354492,0.0,False,"torch.Size([1, 1, 224, 224])"
case_00075,343,18.99099349975586,0.0,True,"torch.Size([1, 1, 224, 224])"
case_00033,50,21.285533905029297,0.0,False,"torch.Size([1, 1, 224, 224])"
case_00203,257,19.444704055786133,0.0,False,"torch.Size([1, 1, 224, 224])"
case_00033,460,20.687580108642578,0.0,False,"torch.Size([1, 1, 224, 224])"
case_00161,156,19.021034240722656,0.0,True,"torch.Size([1, 1, 224, 224])"
case_00203,237,19.445180892944336,0.0,False,"torch.Size([1, 1, 224, 224])"
case_00075,233,20.244598388671875,0.0,False,"torch.Size([1, 1, 224, 224])"
case_00134,429,19.169092178344727,0.0,False,"torch.Size([1, 1, 224, 224])"
case_00203,441,19.974946975708008,0.0,False,"torch.Size([1, 1, 224, 224])"
case_00125,476,19.224166870117188,0.0,False,"torch.Size([1, 1, 224, 224])"
case_00086,37,18.974781036376953,0.0,False,"torch.Size([1, 1, 224, 224])"
case_00154,368,18.53632926940918,0.0,False,"torch.Size([1, 1, 224, 224])"
case_00079,361,20.288467407226562,0.0,True,"torch.Size([1, 1, 224, 224])"
case_00102,477,19.236326217651367,0.0,False,"torch.Size([1, 1, 224, 224])"
case_00133,60,19.518375396728516,0.0,False,"torch.Size([1, 1, 224, 224])"
case_00014,334,20.696640014648438,0.0,False,"torch.Size([1, 1, 224, 224])"
case_00086,288,24.7650146484375,0.0,False,"torch.Size([1, 1, 224, 224])"
case_00133,464,18.675565719604492,0.0,False,"torch.Size([1, 1, 224, 224])"
case_00014,65,20.599842071533203,0.0,False,"torch.Size([1, 1, 224, 224])"
case_00102,224,19.1800594329834,0.0,False,"torch.Size([1, 1, 224, 224])"
case_00079,211,20.910024642944336,0.0,False,"torch.Size([1, 1, 224, 224])"
case_00154,333,18.245935440063477,0.0,True,"torch.Size([1, 1, 224, 224])"
case_00115,218,19.875526428222656,0.0,False,"torch.Size([1, 1, 224, 224])"
case_00014,123,19.307613372802734,0.0,False,"torch.Size([1, 1, 224, 224])"
case_00194,478,19.893884658813477,0.0,False,"torch.Size([1, 1, 224, 224])"
case_00115,398,18.968820571899414,0.0,False,"torch.Size([1, 1, 224, 224])"
case_00102,109,21.053075790405273,0.0,False,"torch.Size([1, 1, 224, 224])"
case_00102,59,19.21987533569336,0.0,False,"torch.Size([1, 1, 224, 224])"
case_00115,2,20.630836486816406,0.0,False,"torch.Size([1, 1, 224, 224])"
case_00115,359,19.86527442932129,0.0,False,"torch.Size([1, 1, 224, 224])"
case_00203,100,20.550012588500977,0.0,False,"torch.Size([1, 1, 224, 224])"
case_00194,290,20.479440689086914,0.0,False,"torch.Size([1, 1, 224, 224])"
case_00161,510,18.938064575195312,0.0,False,"torch.Size([1, 1, 224, 224])"
case_00161,377,20.64347267150879,0.0,False,"torch.Size([1, 1, 224, 224])"
case_00125,251,21.143674850463867,0.0,False,"torch.Size([1, 1, 224, 224])"
case_00113,63,22.05061912536621,0.0,False,"torch.Size([1, 1, 224, 224])"
case_00075,240,18.85247230529785,0.0,False,"torch.Size([1, 1, 224, 224])"
case_00133,239,20.7974910736084,0.0,False,"torch.Size([1, 1, 224, 224])"
case_00194,100,20.07460594177246,0.0,False,"torch.Size([1, 1, 224, 224])"
case_00161,367,29.85668182373047,0.0,False,"torch.Size([1, 1, 224, 224])"
case_00113,219,19.460678100585938,0.0,False,"torch.Size([1, 1, 224, 224])"
case_00194,272,22.12691307067871,0.0,False,"torch.Size([1, 1, 224, 224])"
case_00194,37,19.145727157592773,0.0,False,"torch.Size([1, 1, 224, 224])"
case_00033,277,19.048690795898438,0.0,False,"torch.Size([1, 1, 224, 224])"
case_00194,499,21.236419677734375,0.0,False,"torch.Size([1, 1, 224, 224])"
case_00014,329,21.087169647216797,0.0,False,"torch.Size([1, 1, 224, 224])"
case_00203,81,19.170045852661133,0.0,False,"torch.Size([1, 1, 224, 224])"
case_00154,140,22.744417190551758,0.0,False,"torch.Size([1, 1, 224, 224])"
case_00075,72,21.585464477539062,0.0,False,"torch.Size([1, 1, 224, 224])"
case_00086,309,18.369197845458984,0.0,False,"torch.Size([1, 1, 224, 224])"
case_00102,51,19.888639450073242,0.0,False,"torch.Size([1, 1, 224, 224])"
case_00194,134,20.099401473999023,0.0,False,"torch.Size([1, 1, 224, 224])"
case_00161,110,19.1500186920166,0.0,False,"torch.Size([1, 1, 224, 224])"
case_00115,167,19.19078826904297,0.0,False,"torch.Size([1, 1, 224, 224])"
case_00075,348,21.04783058166504,0.0,True,"torch.Size([1, 1, 224, 224])"
case_00075,130,19.62447166442871,0.0,False,"torch.Size([1, 1, 224, 224])"
case_00033,23,18.074512481689453,0.0,False,"torch.Size([1, 1, 224, 224])"
case_00194,92,18.941402435302734,0.0,False,"torch.Size([1, 1, 224, 224])"
case_00125,375,18.701553344726562,0.0,False,"torch.Size([1, 1, 224, 224])"
case_00194,56,20.51067352294922,0.0,False,"torch.Size([1, 1, 224, 224])"
case_00203,293,20.585298538208008,0.0,False,"torch.Size([1, 1, 224, 224])"
case_00203,41,19.927978515625,0.0,False,"torch.Size([1, 1, 224, 224])"
case_00075,108,21.353721618652344,0.0,False,"torch.Size([1, 1, 224, 224])"
case_00194,467,19.40298080444336,0.0,False,"torch.Size([1, 1, 224, 224])"
case_00113,390,21.320819854736328,0.0,True,"torch.Size([1, 1, 224, 224])"
case_00125,135,26.434659957885742,0.0,False,"torch.Size([1, 1, 224, 224])"
case_00154,74,19.0427303314209,0.0,False,"torch.Size([1, 1, 224, 224])"
case_00033,33,19.190311431884766,0.0,False,"torch.Size([1, 1, 224, 224])"
case_00203,301,19.34075355529785,0.0,False,"torch.Size([1, 1, 224, 224])"
case_00134,321,22.378921508789062,0.0,True,"torch.Size([1, 1, 224, 224])"
case_00102,165,18.85533332824707,0.0,False,"torch.Size([1, 1, 224, 224])"
case_00154,291,19.928455352783203,0.0,False,"torch.Size([1, 1, 224, 224])"
case_00102,501,19.133806228637695,0.0,False,"torch.Size([1, 1, 224, 224])"
case_00079,273,20.645618438720703,0.0,False,"torch.Size([1, 1, 224, 224])"
case_00133,347,19.30093765258789,0.0,False,"torch.Size([1, 1, 224, 224])"
case_00154,370,21.343708038330078,0.0,False,"torch.Size([1, 1, 224, 224])"
case_00133,300,19.06871795654297,0.0,False,"torch.Size([1, 1, 224, 224])"
case_00086,55,21.034717559814453,0.0,False,"torch.Size([1, 1, 224, 224])"
case_00125,118,19.132375717163086,0.0,False,"torch.Size([1, 1, 224, 224])"
case_00075,231,20.709991455078125,0.0,False,"torch.Size([1, 1, 224, 224])"
case_00161,31,20.48468589782715,0.0,False,"torch.Size([1, 1, 224, 224])"
case_00014,170,19.228696823120117,0.0,True,"torch.Size([1, 1, 224, 224])"
case_00154,73,24.346590042114258,0.0,False,"torch.Size([1, 1, 224, 224])"
case_00014,113,21.416187286376953,0.0,False,"torch.Size([1, 1, 224, 224])"
case_00033,287,20.02882957458496,0.0,False,"torch.Size([1, 1, 224, 224])"
case_00125,1,19.033193588256836,0.0,False,"torch.Size([1, 1, 224, 224])"
case_00079,209,19.138097763061523,0.0,False,"torch.Size([1, 1, 224, 224])"
case_00102,399,19.40155029296875,0.0,True,"torch.Size([1, 1, 224, 224])"
case_00113,311,22.175312042236328,0.0,False,"torch.Size([1, 1, 224, 224])"
case_00014,483,19.127607345581055,0.0,False,"torch.Size([1, 1, 224, 224])"
case_00154,27,20.597219467163086,0.0,False,"torch.Size([1, 1, 224, 224])"
case_00079,381,19.202709197998047,0.0,True,"torch.Size([1, 1, 224, 224])"
case_00086,397,21.18515968322754,0.0,True,"torch.Size([1, 1, 224, 224])"
case_00033,309,20.6451416015625,0.0,False,"torch.Size([1, 1, 224, 224])"
case_00086,429,19.989728927612305,0.0,False,"torch.Size([1, 1, 224, 224])"
case_00133,498,19.29306983947754,0.0,False,"torch.Size([1, 1, 224, 224])"
case_00194,193,20.44391632080078,0.0,False,"torch.Size([1, 1, 224, 224])"
case_00154,95,20.482540130615234,0.0,False,"torch.Size([1, 1, 224, 224])"
case_00014,145,19.557476043701172,0.0,False,"torch.Size([1, 1, 224, 224])"
case_00194,451,19.367456436157227,0.0,False,"torch.Size([1, 1, 224, 224])"
case_00154,201,19.61040496826172,0.0,False,"torch.Size([1, 1, 224, 224])"
case_00154,457,19.443273544311523,0.0,False,"torch.Size([1, 1, 224, 224])"
case_00086,214,20.022869110107422,0.0,False,"torch.Size([1, 1, 224, 224])"
case_00133,252,19.849061965942383,0.0,False,"torch.Size([1, 1, 224, 224])"
case_00125,412,19.397735595703125,0.0,False,"torch.Size([1, 1, 224, 224])"
case_00102,508,20.379066467285156,0.0,False,"torch.Size([1, 1, 224, 224])"
case_00133,64,23.592472076416016,0.0,False,"torch.Size([1, 1, 224, 224])"
case_00133,228,20.272493362426758,0.0,False,"torch.Size([1, 1, 224, 224])"
case_00125,304,21.047353744506836,0.0,False,"torch.Size([1, 1, 224, 224])"
case_00113,508,19.53268051147461,0.0,False,"torch.Size([1, 1, 224, 224])"
case_00033,268,19.856691360473633,0.0,False,"torch.Size([1, 1, 224, 224])"
case_00014,436,22.925376892089844,0.0,False,"torch.Size([1, 1, 224, 224])"
case_00125,122,22.755146026611328,0.0,False,"torch.Size([1, 1, 224, 224])"
case_00203,373,19.30713653564453,0.0,False,"torch.Size([1, 1, 224, 224])"
case_00133,209,20.319461822509766,0.0,False,"torch.Size([1, 1, 224, 224])"
case_00113,510,19.528865814208984,0.0,False,"torch.Size([1, 1, 224, 224])"
case_00161,345,20.20096778869629,0.0,False,"torch.Size([1, 1, 224, 224])"
case_00154,338,19.315242767333984,0.0,True,"torch.Size([1, 1, 224, 224])"
case_00133,68,26.480674743652344,0.0,False,"torch.Size([1, 1, 224, 224])"
case_00194,236,23.00429344177246,0.0,False,"torch.Size([1, 1, 224, 224])"
case_00203,478,19.620895385742188,0.0,False,"torch.Size([1, 1, 224, 224])"
case_00133,460,25.576353073120117,0.0,False,"torch.Size([1, 1, 224, 224])"
case_00075,267,19.30379867553711,0.0,False,"torch.Size([1, 1, 224, 224])"
case_00014,22,20.036935806274414,0.0,False,"torch.Size([1, 1, 224, 224])"
case_00203,85,19.412755966186523,0.0,False,"torch.Size([1, 1, 224, 224])"
case_00161,216,21.203041076660156,0.0,False,"torch.Size([1, 1, 224, 224])"
case_00125,134,19.82259750366211,0.0,False,"torch.Size([1, 1, 224, 224])"
case_00075,286,21.56519889831543,0.0,False,"torch.Size([1, 1, 224, 224])"
case_00014,219,19.30546760559082,0.0,False,"torch.Size([1, 1, 224, 224])"
case_00125,6,21.255016326904297,0.0,False,"torch.Size([1, 1, 224, 224])"
case_00203,352,19.806623458862305,0.0,False,"torch.Size([1, 1, 224, 224])"
case_00161,149,22.623777389526367,0.0,True,"torch.Size([1, 1, 224, 224])"
case_00134,68,20.84183692932129,0.0,False,"torch.Size([1, 1, 224, 224])"
case_00125,240,20.13111114501953,0.0,False,"torch.Size([1, 1, 224, 224])"
case_00133,156,20.006656646728516,0.0,True,"torch.Size([1, 1, 224, 224])"
case_00203,491,21.965980529785156,0.0,False,"torch.Size([1, 1, 224, 224])"
case_00154,253,21.71468734741211,0.0,False,"torch.Size([1, 1, 224, 224])"
case_00086,456,22.031784057617188,0.0,False,"torch.Size([1, 1, 224, 224])"
case_00102,358,19.145965576171875,0.0,True,"torch.Size([1, 1, 224, 224])"
case_00075,406,22.761821746826172,0.0,False,"torch.Size([1, 1, 224, 224])"
case_00203,451,18.871068954467773,0.0,False,"torch.Size([1, 1, 224, 224])"
case_00075,463,22.799253463745117,0.0,False,"torch.Size([1, 1, 224, 224])"
case_00079,474,21.805524826049805,0.0,False,"torch.Size([1, 1, 224, 224])"
case_00194,227,22.789716720581055,0.0,False,"torch.Size([1, 1, 224, 224])"
case_00115,62,19.77825164794922,0.0,False,"torch.Size([1, 1, 224, 224])"
case_00113,451,27.205944061279297,0.0,False,"torch.Size([1, 1, 224, 224])"
case_00079,25,19.552946090698242,0.0,False,"torch.Size([1, 1, 224, 224])"
case_00194,91,20.583391189575195,0.0,False,"torch.Size([1, 1, 224, 224])"
case_00102,216,19.483566284179688,0.0,False,"torch.Size([1, 1, 224, 224])"
case_00113,168,21.348953247070312,0.0,False,"torch.Size([1, 1, 224, 224])"
case_00161,468,19.532203674316406,0.0,False,"torch.Size([1, 1, 224, 224])"
case_00102,200,21.283626556396484,0.0,False,"torch.Size([1, 1, 224, 224])"
case_00075,327,20.154714584350586,0.0,False,"torch.Size([1, 1, 224, 224])"
case_00194,174,21.90566062927246,0.0,True,"torch.Size([1, 1, 224, 224])"
case_00125,161,23.63896369934082,0.0,False,"torch.Size([1, 1, 224, 224])"
case_00079,255,22.782325744628906,0.0,False,"torch.Size([1, 1, 224, 224])"
case_00194,18,19.90962028503418,0.0,False,"torch.Size([1, 1, 224, 224])"
case_00154,162,20.205974578857422,0.0,False,"torch.Size([1, 1, 224, 224])"
case_00154,267,19.331693649291992,0.0,False,"torch.Size([1, 1, 224, 224])"
case_00154,327,19.338130950927734,0.0,True,"torch.Size([1, 1, 224, 224])"
case_00014,250,23.35977554321289,0.0,False,"torch.Size([1, 1, 224, 224])"
case_00102,300,25.198936462402344,0.0,True,"torch.Size([1, 1, 224, 224])"
case_00161,398,20.774364471435547,0.0,False,"torch.Size([1, 1, 224, 224])"
case_00014,216,22.724628448486328,0.0,False,"torch.Size([1, 1, 224, 224])"
case_00125,459,21.669626235961914,0.0,False,"torch.Size([1, 1, 224, 224])"
case_00014,504,18.554210662841797,0.0,False,"torch.Size([1, 1, 224, 224])"
case_00194,280,20.39170265197754,0.0,False,"torch.Size([1, 1, 224, 224])"
case_00014,458,18.556594848632812,0.0,False,"torch.Size([1, 1, 224, 224])"
case_00125,221,19.788265228271484,0.0,False,"torch.Size([1, 1, 224, 224])"
case_00075,56,19.22893524169922,0.0,False,"torch.Size([1, 1, 224, 224])"
case_00161,105,19.50979232788086,0.0,False,"torch.Size([1, 1, 224, 224])"
case_00154,504,20.9503173828125,0.0,False,"torch.Size([1, 1, 224, 224])"
case_00203,361,19.30546760559082,0.0,False,"torch.Size([1, 1, 224, 224])"
case_00154,103,20.307302474975586,0.0,False,"torch.Size([1, 1, 224, 224])"
case_00161,88,20.72453498840332,0.0,False,"torch.Size([1, 1, 224, 224])"
case_00086,312,19.385576248168945,0.0,False,"torch.Size([1, 1, 224, 224])"
case_00014,215,20.878076553344727,0.0,False,"torch.Size([1, 1, 224, 224])"
case_00133,76,19.561767578125,0.0,False,"torch.Size([1, 1, 224, 224])"
case_00125,438,21.35777473449707,0.0,False,"torch.Size([1, 1, 224, 224])"
case_00161,418,20.238637924194336,0.0,False,"torch.Size([1, 1, 224, 224])"
case_00194,36,20.312786102294922,0.0,False,"torch.Size([1, 1, 224, 224])"
case_00203,335,18.184900283813477,0.0,False,"torch.Size([1, 1, 224, 224])"
case_00125,367,20.59006690979004,0.0,False,"torch.Size([1, 1, 224, 224])"
case_00075,190,18.62335205078125,0.0,False,"torch.Size([1, 1, 224, 224])"
case_00194,307,19.379138946533203,0.0,False,"torch.Size([1, 1, 224, 224])"
case_00161,45,18.92375946044922,0.0,False,"torch.Size([1, 1, 224, 224])"
case_00115,372,19.2720890045166,0.0,False,"torch.Size([1, 1, 224, 224])"
case_00125,223,20.68638801574707,0.0,False,"torch.Size([1, 1, 224, 224])"
case_00014,498,18.71657371520996,0.0,False,"torch.Size([1, 1, 224, 224])"
case_00075,362,21.977901458740234,0.0,True,"torch.Size([1, 1, 224, 224])"
case_00102,73,18.961429595947266,0.0,False,"torch.Size([1, 1, 224, 224])"
case_00161,236,20.061969757080078,0.0,False,"torch.Size([1, 1, 224, 224])"
case_00115,127,19.127607345581055,0.0,False,"torch.Size([1, 1, 224, 224])"
case_00125,171,21.063804626464844,0.0,False,"torch.Size([1, 1, 224, 224])"
case_00194,199,19.143104553222656,0.0,False,"torch.Size([1, 1, 224, 224])"
case_00133,377,21.465778350830078,0.0,False,"torch.Size([1, 1, 224, 224])"
case_00113,124,19.356727600097656,0.0,False,"torch.Size([1, 1, 224, 224])"
case_00113,92,20.786285400390625,0.0,False,"torch.Size([1, 1, 224, 224])"
case_00161,20,19.080638885498047,0.0,False,"torch.Size([1, 1, 224, 224])"
case_00014,50,18.401145935058594,0.0,False,"torch.Size([1, 1, 224, 224])"
case_00161,9,30.152320861816406,0.0,False,"torch.Size([1, 1, 224, 224])"
case_00075,482,24.54066276550293,0.0,False,"torch.Size([1, 1, 224, 224])"
case_00079,167,23.296594619750977,0.0,False,"torch.Size([1, 1, 224, 224])"
case_00033,126,17.024517059326172,0.0,False,"torch.Size([1, 1, 224, 224])"
case_00014,44,20.781755447387695,0.0,False,"torch.Size([1, 1, 224, 224])"
case_00079,350,18.360137939453125,0.0,True,"torch.Size([1, 1, 224, 224])"
case_00113,418,22.389650344848633,0.0,True,"torch.Size([1, 1, 224, 224])"
case_00203,297,22.93539047241211,0.0,False,"torch.Size([1, 1, 224, 224])"
case_00075,334,21.706342697143555,0.0,True,"torch.Size([1, 1, 224, 224])"
case_00134,126,18.149852752685547,0.0,False,"torch.Size([1, 1, 224, 224])"
case_00102,308,17.81177520751953,0.0,True,"torch.Size([1, 1, 224, 224])"
case_00113,52,23.81110191345215,0.0,False,"torch.Size([1, 1, 224, 224])"
case_00125,381,22.358417510986328,0.0,False,"torch.Size([1, 1, 224, 224])"
case_00203,77,18.480300903320312,0.0,False,"torch.Size([1, 1, 224, 224])"
case_00033,448,20.952939987182617,0.0,False,"torch.Size([1, 1, 224, 224])"
case_00203,404,18.361806869506836,0.0,True,"torch.Size([1, 1, 224, 224])"
case_00134,235,21.896839141845703,0.0,False,"torch.Size([1, 1, 224, 224])"
case_00134,207,21.43120765686035,0.0,False,"torch.Size([1, 1, 224, 224])"
case_00086,384,22.513866424560547,0.0,True,"torch.Size([1, 1, 224, 224])"
case_00033,134,23.60248565673828,0.0,False,"torch.Size([1, 1, 224, 224])"
case_00033,328,30.04598617553711,0.0,False,"torch.Size([1, 1, 224, 224])"
case_00079,50,30.013322830200195,0.0,False,"torch.Size([1, 1, 224, 224])"
case_00134,218,26.824474334716797,0.0,False,"torch.Size([1, 1, 224, 224])"
case_00154,287,19.129514694213867,0.0,False,"torch.Size([1, 1, 224, 224])"
case_00133,277,22.058963775634766,0.0,False,"torch.Size([1, 1, 224, 224])"
case_00113,239,19.435405731201172,0.0,False,"torch.Size([1, 1, 224, 224])"
case_00102,448,20.528554916381836,0.0,False,"torch.Size([1, 1, 224, 224])"
case_00075,225,23.365497589111328,0.0,False,"torch.Size([1, 1, 224, 224])"
case_00203,16,19.183635711669922,0.0,False,"torch.Size([1, 1, 224, 224])"
case_00203,396,21.082639694213867,0.0,False,"torch.Size([1, 1, 224, 224])"
case_00113,461,30.53116798400879,0.0,False,"torch.Size([1, 1, 224, 224])"
case_00115,70,19.57225799560547,0.0,False,"torch.Size([1, 1, 224, 224])"
case_00115,405,19.30856704711914,0.0,False,"torch.Size([1, 1, 224, 224])"
case_00134,461,21.242618560791016,0.0,False,"torch.Size([1, 1, 224, 224])"
case_00113,131,19.510507583618164,0.0,False,"torch.Size([1, 1, 224, 224])"
case_00014,174,19.695281982421875,0.0,True,"torch.Size([1, 1, 224, 224])"
case_00154,41,23.294448852539062,0.0,False,"torch.Size([1, 1, 224, 224])"
case_00194,500,25.119304656982422,0.0,False,"torch.Size([1, 1, 224, 224])"
case_00134,147,25.233983993530273,0.0,False,"torch.Size([1, 1, 224, 224])"
case_00079,202,24.582624435424805,0.0,False,"torch.Size([1, 1, 224, 224])"
case_00133,344,18.105745315551758,0.0,False,"torch.Size([1, 1, 224, 224])"
case_00134,408,30.843257904052734,0.0,False,"torch.Size([1, 1, 224, 224])"
case_00134,404,27.419567108154297,0.0,False,"torch.Size([1, 1, 224, 224])"
case_00075,385,22.401094436645508,0.0,False,"torch.Size([1, 1, 224, 224])"
case_00102,323,20.067453384399414,0.0,True,"torch.Size([1, 1, 224, 224])"
case_00203,56,19.583940505981445,0.0,False,"torch.Size([1, 1, 224, 224])"
case_00125,91,21.219491958618164,0.0,False,"torch.Size([1, 1, 224, 224])"
case_00014,278,19.465208053588867,0.0,False,"torch.Size([1, 1, 224, 224])"
case_00113,496,21.290302276611328,0.0,False,"torch.Size([1, 1, 224, 224])"
case_00102,450,20.739078521728516,0.0,False,"torch.Size([1, 1, 224, 224])"
case_00194,140,20.932912826538086,0.0,False,"torch.Size([1, 1, 224, 224])"
case_00194,163,20.55215835571289,0.0,True,"torch.Size([1, 1, 224, 224])"
case_00014,260,24.935245513916016,0.0,False,"torch.Size([1, 1, 224, 224])"
case_00033,16,20.005464553833008,0.0,False,"torch.Size([1, 1, 224, 224])"
case_00203,358,20.0350284576416,0.0,False,"torch.Size([1, 1, 224, 224])"
case_00203,6,19.00172233581543,0.0,False,"torch.Size([1, 1, 224, 224])"
case_00086,496,21.334409713745117,0.0,False,"torch.Size([1, 1, 224, 224])"
case_00033,344,19.354820251464844,0.0,False,"torch.Size([1, 1, 224, 224])"
case_00079,41,20.66206932067871,0.0,False,"torch.Size([1, 1, 224, 224])"
case_00075,330,19.42896842956543,0.0,False,"torch.Size([1, 1, 224, 224])"
case_00203,313,19.88053321838379,0.0,False,"torch.Size([1, 1, 224, 224])"
case_00115,146,25.060415267944336,0.0,False,"torch.Size([1, 1, 224, 224])"
case_00075,65,23.087739944458008,0.0,False,"torch.Size([1, 1, 224, 224])"
case_00014,138,19.158124923706055,0.0,False,"torch.Size([1, 1, 224, 224])"
case_00203,308,19.059419631958008,0.0,False,"torch.Size([1, 1, 224, 224])"
case_00125,95,19.275903701782227,0.0,False,"torch.Size([1, 1, 224, 224])"
case_00194,351,19.286155700683594,0.0,False,"torch.Size([1, 1, 224, 224])"
case_00194,348,21.08311653137207,0.0,False,"torch.Size([1, 1, 224, 224])"
case_00014,297,18.489360809326172,0.0,False,"torch.Size([1, 1, 224, 224])"
case_00113,118,19.52385902404785,0.0,False,"torch.Size([1, 1, 224, 224])"
case_00194,252,28.780698776245117,0.0,False,"torch.Size([1, 1, 224, 224])"
case_00134,226,19.921541213989258,0.0,False,"torch.Size([1, 1, 224, 224])"
case_00154,460,21.012306213378906,0.0,False,"torch.Size([1, 1, 224, 224])"
case_00133,229,21.433353424072266,0.0,False,"torch.Size([1, 1, 224, 224])"
case_00134,119,21.790027618408203,0.0,False,"torch.Size([1, 1, 224, 224])"
case_00154,98,19.57082748413086,0.0,False,"torch.Size([1, 1, 224, 224])"
case_00134,231,19.608020782470703,0.0,False,"torch.Size([1, 1, 224, 224])"
case_00014,81,18.966197967529297,0.0,False,"torch.Size([1, 1, 224, 224])"
case_00102,253,19.843339920043945,0.0,False,"torch.Size([1, 1, 224, 224])"
case_00203,7,18.88728141784668,0.0,False,"torch.Size([1, 1, 224, 224])"
case_00161,226,19.995927810668945,0.0,False,"torch.Size([1, 1, 224, 224])"
case_00161,125,20.116806030273438,0.0,True,"torch.Size([1, 1, 224, 224])"
case_00033,262,25.4971981048584,0.0,False,"torch.Size([1, 1, 224, 224])"
case_00203,388,18.90277862548828,0.0,False,"torch.Size([1, 1, 224, 224])"
case_00033,278,19.68550682067871,0.0,False,"torch.Size([1, 1, 224, 224])"
case_00154,487,19.06442642211914,0.0,False,"torch.Size([1, 1, 224, 224])"
case_00134,52,19.954919815063477,0.0,False,"torch.Size([1, 1, 224, 224])"
case_00161,358,19.777297973632812,0.0,False,"torch.Size([1, 1, 224, 224])"
case_00115,161,20.136117935180664,0.0,False,"torch.Size([1, 1, 224, 224])"
case_00134,116,19.583940505981445,0.0,False,"torch.Size([1, 1, 224, 224])"
case_00134,327,20.111560821533203,0.0,True,"torch.Size([1, 1, 224, 224])"
case_00075,393,19.375085830688477,0.0,False,"torch.Size([1, 1, 224, 224])"
case_00133,321,20.545482635498047,0.0,False,"torch.Size([1, 1, 224, 224])"
case_00154,468,19.354581832885742,0.0,False,"torch.Size([1, 1, 224, 224])"
case_00086,138,20.78866958618164,0.0,False,"torch.Size([1, 1, 224, 224])"
case_00203,92,20.056486129760742,0.0,False,"torch.Size([1, 1, 224, 224])"
case_00102,140,21.526098251342773,0.0,False,"torch.Size([1, 1, 224, 224])"
case_00115,308,19.718408584594727,0.0,False,"torch.Size([1, 1, 224, 224])"
case_00203,420,20.58863639831543,0.0,True,"torch.Size([1, 1, 224, 224])"
case_00079,6,24.429798126220703,0.0,False,"torch.Size([1, 1, 224, 224])"
case_00134,89,22.9189395904541,0.0,False,"torch.Size([1, 1, 224, 224])"
case_00102,147,19.406557083129883,0.0,False,"torch.Size([1, 1, 224, 224])"
case_00154,400,20.800113677978516,0.0,False,"torch.Size([1, 1, 224, 224])"
case_00086,159,19.87290382385254,0.0,False,"torch.Size([1, 1, 224, 224])"
case_00134,273,22.101879119873047,0.0,False,"torch.Size([1, 1, 224, 224])"
case_00115,187,19.449234008789062,0.0,False,"torch.Size([1, 1, 224, 224])"
case_00014,371,21.96979522705078,0.0,False,"torch.Size([1, 1, 224, 224])"
case_00033,417,19.45805549621582,0.0,False,"torch.Size([1, 1, 224, 224])"
case_00033,180,21.382808685302734,0.0,True,"torch.Size([1, 1, 224, 224])"
case_00125,229,25.115013122558594,0.0,False,"torch.Size([1, 1, 224, 224])"
case_00203,18,19.66547966003418,0.0,False,"torch.Size([1, 1, 224, 224])"
case_00154,406,21.514415740966797,0.0,False,"torch.Size([1, 1, 224, 224])"
case_00194,7,20.49422264099121,0.0,False,"torch.Size([1, 1, 224, 224])"
case_00079,102,21.830081939697266,0.0,False,"torch.Size([1, 1, 224, 224])"
case_00086,206,19.558429718017578,0.0,False,"torch.Size([1, 1, 224, 224])"
case_00154,202,19.898176193237305,0.0,False,"torch.Size([1, 1, 224, 224])"
case_00014,62,27.14681625366211,0.0,False,"torch.Size([1, 1, 224, 224])"
case_00203,430,18.475770950317383,0.0,False,"torch.Size([1, 1, 224, 224])"
case_00161,247,20.106792449951172,0.0,False,"torch.Size([1, 1, 224, 224])"
case_00133,144,21.71158790588379,0.0,True,"torch.Size([1, 1, 224, 224])"
case_00115,246,29.424190521240234,0.0,False,"torch.Size([1, 1, 224, 224])"
case_00014,226,24.34849739074707,0.0,False,"torch.Size([1, 1, 224, 224])"
case_00086,296,21.279573440551758,0.0,False,"torch.Size([1, 1, 224, 224])"
case_00125,434,18.723726272583008,0.0,False,"torch.Size([1, 1, 224, 224])"
case_00075,93,20.415544509887695,0.0,False,"torch.Size([1, 1, 224, 224])"
case_00014,330,18.210172653198242,0.0,False,"torch.Size([1, 1, 224, 224])"
case_00075,253,20.02859115600586,0.0,False,"torch.Size([1, 1, 224, 224])"
case_00133,219,18.370628356933594,0.0,False,"torch.Size([1, 1, 224, 224])"
case_00125,404,19.660472869873047,0.0,False,"torch.Size([1, 1, 224, 224])"
case_00086,260,18.414020538330078,0.0,False,"torch.Size([1, 1, 224, 224])"
case_00134,264,20.907163619995117,0.0,False,"torch.Size([1, 1, 224, 224])"
case_00113,24,19.279003143310547,0.0,False,"torch.Size([1, 1, 224, 224])"
case_00194,331,22.416353225708008,0.0,False,"torch.Size([1, 1, 224, 224])"
case_00014,316,16.954898834228516,0.0,False,"torch.Size([1, 1, 224, 224])"
case_00102,276,21.51322364807129,0.0,False,"torch.Size([1, 1, 224, 224])"
case_00079,51,19.589900970458984,0.0,False,"torch.Size([1, 1, 224, 224])"
case_00194,434,22.20773696899414,0.0,False,"torch.Size([1, 1, 224, 224])"
case_00125,308,19.55437660217285,0.0,False,"torch.Size([1, 1, 224, 224])"
case_00133,350,22.299528121948242,0.0,False,"torch.Size([1, 1, 224, 224])"
case_00161,38,19.924163818359375,0.0,False,"torch.Size([1, 1, 224, 224])"
case_00203,480,19.407272338867188,0.0,False,"torch.Size([1, 1, 224, 224])"
case_00113,374,22.35126495361328,0.0,True,"torch.Size([1, 1, 224, 224])"
case_00102,336,24.64747428894043,0.0,True,"torch.Size([1, 1, 224, 224])"
case_00194,395,22.829532623291016,0.0,False,"torch.Size([1, 1, 224, 224])"
case_00125,81,20.16758918762207,0.0,False,"torch.Size([1, 1, 224, 224])"
case_00102,60,21.558284759521484,0.0,False,"torch.Size([1, 1, 224, 224])"
case_00086,331,21.062612533569336,0.0,False,"torch.Size([1, 1, 224, 224])"
case_00086,67,18.560409545898438,0.0,False,"torch.Size([1, 1, 224, 224])"
case_00161,348,19.720792770385742,0.0,False,"torch.Size([1, 1, 224, 224])"
case_00102,478,19.159317016601562,0.0,False,"torch.Size([1, 1, 224, 224])"
case_00134,387,21.03710174560547,0.0,False,"torch.Size([1, 1, 224, 224])"
case_00133,431,24.472951889038086,0.0,False,"torch.Size([1, 1, 224, 224])"
case_00203,191,20.458459854125977,0.0,False,"torch.Size([1, 1, 224, 224])"
case_00125,508,22.019147872924805,0.0,False,"torch.Size([1, 1, 224, 224])"
case_00113,466,19.344329833984375,0.0,False,"torch.Size([1, 1, 224, 224])"
case_00194,80,20.07269859313965,0.0,False,"torch.Size([1, 1, 224, 224])"
case_00033,198,19.397258758544922,0.0,True,"torch.Size([1, 1, 224, 224])"
case_00102,251,22.80735969543457,0.0,False,"torch.Size([1, 1, 224, 224])"
case_00102,283,20.936965942382812,0.0,False,"torch.Size([1, 1, 224, 224])"
case_00102,117,22.047996520996094,0.0,False,"torch.Size([1, 1, 224, 224])"
case_00102,277,19.235849380493164,0.0,False,"torch.Size([1, 1, 224, 224])"
case_00113,27,25.511503219604492,0.0,False,"torch.Size([1, 1, 224, 224])"
case_00014,212,19.91868019104004,0.0,False,"torch.Size([1, 1, 224, 224])"
case_00115,330,22.21369743347168,0.0,True,"torch.Size([1, 1, 224, 224])"
case_00075,461,22.76015281677246,0.0,False,"torch.Size([1, 1, 224, 224])"
case_00014,134,21.203279495239258,0.0,False,"torch.Size([1, 1, 224, 224])"
case_00102,281,19.724130630493164,0.0,False,"torch.Size([1, 1, 224, 224])"
case_00161,147,21.724939346313477,0.0,True,"torch.Size([1, 1, 224, 224])"
case_00102,418,24.2462158203125,0.0,True,"torch.Size([1, 1, 224, 224])"
case_00102,116,22.86386489868164,0.0,False,"torch.Size([1, 1, 224, 224])"
case_00113,321,21.529197692871094,0.0,True,"torch.Size([1, 1, 224, 224])"
case_00014,268,18.8596248626709,0.0,False,"torch.Size([1, 1, 224, 224])"
case_00113,460,18.33057403564453,0.0,False,"torch.Size([1, 1, 224, 224])"
case_00075,77,19.124507904052734,0.0,False,"torch.Size([1, 1, 224, 224])"
case_00161,277,20.240306854248047,0.0,False,"torch.Size([1, 1, 224, 224])"
case_00115,365,19.791126251220703,0.0,False,"torch.Size([1, 1, 224, 224])"
case_00134,338,22.50981330871582,0.0,True,"torch.Size([1, 1, 224, 224])"
case_00113,79,23.337125778198242,0.0,False,"torch.Size([1, 1, 224, 224])"
case_00033,168,21.5301513671875,0.0,False,"torch.Size([1, 1, 224, 224])"
case_00125,112,19.482135772705078,0.0,False,"torch.Size([1, 1, 224, 224])"
case_00125,85,21.32558822631836,0.0,False,"torch.Size([1, 1, 224, 224])"
case_00203,310,18.742799758911133,0.0,False,"torch.Size([1, 1, 224, 224])"
case_00133,475,20.067214965820312,0.0,False,"torch.Size([1, 1, 224, 224])"
case_00033,386,18.723487854003906,0.0,False,"torch.Size([1, 1, 224, 224])"
case_00075,465,20.1108455657959,0.0,False,"torch.Size([1, 1, 224, 224])"
case_00033,2,19.766807556152344,0.0,False,"torch.Size([1, 1, 224, 224])"
case_00075,149,20.442724227905273,0.0,False,"torch.Size([1, 1, 224, 224])"
case_00203,60,19.095182418823242,0.0,False,"torch.Size([1, 1, 224, 224])"
case_00203,219,20.21193504333496,0.0,False,"torch.Size([1, 1, 224, 224])"
case_00125,178,18.578290939331055,0.0,True,"torch.Size([1, 1, 224, 224])"
case_00102,99,20.324230194091797,0.0,False,"torch.Size([1, 1, 224, 224])"
case_00154,239,18.95928382873535,0.0,False,"torch.Size([1, 1, 224, 224])"
case_00194,8,20.218610763549805,0.0,False,"torch.Size([1, 1, 224, 224])"
case_00113,236,18.82195472717285,0.0,False,"torch.Size([1, 1, 224, 224])"
case_00014,71,19.21820640563965,0.0,False,"torch.Size([1, 1, 224, 224])"
case_00133,180,20.631790161132812,0.0,True,"torch.Size([1, 1, 224, 224])"
case_00014,56,20.913124084472656,0.0,False,"torch.Size([1, 1, 224, 224])"
case_00203,483,19.22607421875,0.0,False,"torch.Size([1, 1, 224, 224])"
case_00115,69,18.158912658691406,0.0,False,"torch.Size([1, 1, 224, 224])"
case_00134,393,20.758628845214844,0.0,False,"torch.Size([1, 1, 224, 224])"
case_00079,509,18.109560012817383,0.0,False,"torch.Size([1, 1, 224, 224])"
case_00113,346,21.86298370361328,0.0,True,"torch.Size([1, 1, 224, 224])"
case_00203,117,18.221139907836914,0.0,False,"torch.Size([1, 1, 224, 224])"
case_00075,215,19.710540771484375,0.0,False,"torch.Size([1, 1, 224, 224])"
case_00014,451,18.997907638549805,0.0,False,"torch.Size([1, 1, 224, 224])"
case_00161,28,20.772933959960938,0.0,False,"torch.Size([1, 1, 224, 224])"
case_00033,108,18.0966854095459,0.0,False,"torch.Size([1, 1, 224, 224])"
case_00194,312,20.13373374938965,0.0,False,"torch.Size([1, 1, 224, 224])"
case_00113,38,17.486095428466797,0.0,False,"torch.Size([1, 1, 224, 224])"
case_00079,163,20.364999771118164,0.0,False,"torch.Size([1, 1, 224, 224])"
case_00102,67,18.555402755737305,0.0,False,"torch.Size([1, 1, 224, 224])"
case_00161,413,22.567272186279297,0.0,False,"torch.Size([1, 1, 224, 224])"
case_00102,465,20.395517349243164,0.0,False,"torch.Size([1, 1, 224, 224])"
case_00134,471,21.165132522583008,0.0,False,"torch.Size([1, 1, 224, 224])"
case_00086,50,19.903182983398438,0.0,False,"torch.Size([1, 1, 224, 224])"
case_00014,411,19.437074661254883,0.0,False,"torch.Size([1, 1, 224, 224])"
case_00154,105,19.32668685913086,0.0,False,"torch.Size([1, 1, 224, 224])"
case_00075,232,22.96614646911621,0.0,False,"torch.Size([1, 1, 224, 224])"
case_00102,178,20.154953002929688,0.0,False,"torch.Size([1, 1, 224, 224])"
case_00033,434,22.200584411621094,0.0,False,"torch.Size([1, 1, 224, 224])"
case_00115,32,19.5620059967041,0.0,False,"torch.Size([1, 1, 224, 224])"
case_00079,420,26.384592056274414,0.0,True,"torch.Size([1, 1, 224, 224])"
case_00079,337,24.438858032226562,0.0,True,"torch.Size([1, 1, 224, 224])"
case_00203,65,24.832963943481445,0.0,False,"torch.Size([1, 1, 224, 224])"
case_00014,234,22.215843200683594,0.0,False,"torch.Size([1, 1, 224, 224])"
case_00203,456,19.61970329284668,0.0,False,"torch.Size([1, 1, 224, 224])"
case_00102,420,21.100282669067383,0.0,True,"torch.Size([1, 1, 224, 224])"
case_00134,175,21.422147750854492,0.0,False,"torch.Size([1, 1, 224, 224])"
case_00086,194,19.4854736328125,0.0,False,"torch.Size([1, 1, 224, 224])"
case_00086,216,19.60587501525879,0.0,False,"torch.Size([1, 1, 224, 224])"
case_00113,217,20.7822322845459,0.0,False,"torch.Size([1, 1, 224, 224])"
case_00194,243,19.32692527770996,0.0,False,"torch.Size([1, 1, 224, 224])"
case_00115,10,19.57392692565918,0.0,False,"torch.Size([1, 1, 224, 224])"
case_00203,116,18.949270248413086,0.0,False,"torch.Size([1, 1, 224, 224])"
case_00125,246,20.589113235473633,0.0,False,"torch.Size([1, 1, 224, 224])"
case_00075,153,19.608497619628906,0.0,False,"torch.Size([1, 1, 224, 224])"
case_00161,167,20.924806594848633,0.0,True,"torch.Size([1, 1, 224, 224])"
case_00194,292,21.683692932128906,0.0,False,"torch.Size([1, 1, 224, 224])"
case_00133,402,21.63219451904297,0.0,False,"torch.Size([1, 1, 224, 224])"
case_00075,296,21.81220054626465,0.0,False,"torch.Size([1, 1, 224, 224])"
case_00014,427,19.93417739868164,0.0,False,"torch.Size([1, 1, 224, 224])"
case_00079,227,20.328521728515625,0.0,False,"torch.Size([1, 1, 224, 224])"
case_00161,252,20.313024520874023,0.0,False,"torch.Size([1, 1, 224, 224])"
case_00133,437,19.8514461517334,0.0,False,"torch.Size([1, 1, 224, 224])"
case_00161,428,22.405385971069336,0.0,False,"torch.Size([1, 1, 224, 224])"
case_00203,380,18.462657928466797,0.0,False,"torch.Size([1, 1, 224, 224])"
case_00115,284,20.213842391967773,0.0,False,"torch.Size([1, 1, 224, 224])"
case_00014,173,18.35322380065918,0.0,True,"torch.Size([1, 1, 224, 224])"
case_00161,381,20.975351333618164,0.0,False,"torch.Size([1, 1, 224, 224])"
case_00113,48,20.34783363342285,0.0,False,"torch.Size([1, 1, 224, 224])"
case_00161,409,21.508455276489258,0.0,False,"torch.Size([1, 1, 224, 224])"
case_00033,187,19.964933395385742,0.0,True,"torch.Size([1, 1, 224, 224])"
case_00033,252,24.662494659423828,0.0,False,"torch.Size([1, 1, 224, 224])"
case_00154,362,19.850492477416992,0.0,False,"torch.Size([1, 1, 224, 224])"
case_00125,389,21.164417266845703,0.0,False,"torch.Size([1, 1, 224, 224])"
case_00115,280,19.596576690673828,0.0,False,"torch.Size([1, 1, 224, 224])"
case_00033,276,19.428491592407227,0.0,False,"torch.Size([1, 1, 224, 224])"
case_00161,241,21.043777465820312,0.0,False,"torch.Size([1, 1, 224, 224])"
case_00125,232,19.251346588134766,0.0,False,"torch.Size([1, 1, 224, 224])"
case_00203,107,19.00315284729004,0.0,False,"torch.Size([1, 1, 224, 224])"
case_00161,56,21.290302276611328,0.0,False,"torch.Size([1, 1, 224, 224])"
case_00125,105,19.91558074951172,0.0,False,"torch.Size([1, 1, 224, 224])"
case_00115,255,21.186113357543945,0.0,False,"torch.Size([1, 1, 224, 224])"
case_00161,360,19.865751266479492,0.0,False,"torch.Size([1, 1, 224, 224])"
case_00033,159,19.853591918945312,0.0,False,"torch.Size([1, 1, 224, 224])"
case_00033,239,19.766569137573242,0.0,False,"torch.Size([1, 1, 224, 224])"
case_00203,224,19.463300704956055,0.0,False,"torch.Size([1, 1, 224, 224])"
case_00079,413,21.733999252319336,0.0,True,"torch.Size([1, 1, 224, 224])"
case_00203,66,19.75250244140625,0.0,False,"torch.Size([1, 1, 224, 224])"
case_00125,66,21.51799201965332,0.0,False,"torch.Size([1, 1, 224, 224])"
case_00133,382,19.789457321166992,0.0,False,"torch.Size([1, 1, 224, 224])"
case_00125,332,22.871017456054688,0.0,False,"torch.Size([1, 1, 224, 224])"
case_00161,53,22.491931915283203,0.0,False,"torch.Size([1, 1, 224, 224])"
case_00014,74,18.626928329467773,0.0,False,"torch.Size([1, 1, 224, 224])"
case_00133,42,20.534515380859375,0.0,False,"torch.Size([1, 1, 224, 224])"
case_00133,226,19.45638656616211,0.0,False,"torch.Size([1, 1, 224, 224])"
case_00161,217,20.810365676879883,0.0,False,"torch.Size([1, 1, 224, 224])"
case_00125,310,20.050048828125,0.0,False,"torch.Size([1, 1, 224, 224])"
case_00075,245,21.626710891723633,0.0,False,"torch.Size([1, 1, 224, 224])"
case_00115,58,20.05600929260254,0.0,False,"torch.Size([1, 1, 224, 224])"
case_00102,307,21.584272384643555,0.0,True,"torch.Size([1, 1, 224, 224])"
case_00115,381,20.407438278198242,0.0,False,"torch.Size([1, 1, 224, 224])"
case_00154,416,21.449804306030273,0.0,False,"torch.Size([1, 1, 224, 224])"
case_00033,153,19.76156234741211,0.0,False,"torch.Size([1, 1, 224, 224])"
case_00133,39,21.699905395507812,0.0,False,"torch.Size([1, 1, 224, 224])"
case_00014,332,19.4394588470459,0.0,False,"torch.Size([1, 1, 224, 224])"
case_00014,66,21.60930633544922,0.0,False,"torch.Size([1, 1, 224, 224])"
case_00134,154,19.67000961303711,0.0,False,"torch.Size([1, 1, 224, 224])"
case_00079,277,20.528078079223633,0.0,False,"torch.Size([1, 1, 224, 224])"
case_00134,105,19.914627075195312,0.0,False,"torch.Size([1, 1, 224, 224])"
case_00075,422,20.674943923950195,0.0,False,"torch.Size([1, 1, 224, 224])"
case_00133,492,20.589113235473633,0.0,False,"torch.Size([1, 1, 224, 224])"
case_00161,75,21.18849754333496,0.0,False,"torch.Size([1, 1, 224, 224])"
case_00079,477,21.525859832763672,0.0,False,"torch.Size([1, 1, 224, 224])"
case_00102,386,19.970178604125977,0.0,True,"torch.Size([1, 1, 224, 224])"
case_00115,305,26.578664779663086,0.0,False,"torch.Size([1, 1, 224, 224])"
case_00079,323,23.099899291992188,0.0,False,"torch.Size([1, 1, 224, 224])"
case_00133,414,19.272804260253906,0.0,False,"torch.Size([1, 1, 224, 224])"
case_00125,14,20.54762840270996,0.0,False,"torch.Size([1, 1, 224, 224])"
case_00154,373,19.31619644165039,0.0,False,"torch.Size([1, 1, 224, 224])"
case_00161,283,21.245956420898438,0.0,False,"torch.Size([1, 1, 224, 224])"
case_00115,117,20.74408531188965,0.0,False,"torch.Size([1, 1, 224, 224])"
case_00075,34,20.99609375,0.0,False,"torch.Size([1, 1, 224, 224])"
case_00154,188,19.895076751708984,0.0,False,"torch.Size([1, 1, 224, 224])"
case_00033,351,20.941495895385742,0.0,False,"torch.Size([1, 1, 224, 224])"
case_00086,453,19.162416458129883,0.0,False,"torch.Size([1, 1, 224, 224])"
case_00102,208,20.310163497924805,0.0,False,"torch.Size([1, 1, 224, 224])"
case_00075,308,20.63918113708496,0.0,False,"torch.Size([1, 1, 224, 224])"
case_00134,123,22.977590560913086,0.0,False,"torch.Size([1, 1, 224, 224])"
case_00102,275,19.484281539916992,0.0,False,"torch.Size([1, 1, 224, 224])"
case_00079,388,21.210193634033203,0.0,True,"torch.Size([1, 1, 224, 224])"
case_00113,506,22.109270095825195,0.0,False,"torch.Size([1, 1, 224, 224])"
case_00161,269,21.4996337890625,0.0,False,"torch.Size([1, 1, 224, 224])"
case_00154,34,19.525527954101562,0.0,False,"torch.Size([1, 1, 224, 224])"
case_00125,431,20.59197425842285,0.0,False,"torch.Size([1, 1, 224, 224])"
case_00102,352,19.619226455688477,0.0,True,"torch.Size([1, 1, 224, 224])"
case_00075,210,25.706052780151367,0.0,False,"torch.Size([1, 1, 224, 224])"
case_00102,259,21.120309829711914,0.0,False,"torch.Size([1, 1, 224, 224])"
case_00079,303,21.236419677734375,0.0,False,"torch.Size([1, 1, 224, 224])"
case_00079,370,19.330263137817383,0.0,True,"torch.Size([1, 1, 224, 224])"
case_00134,372,19.708633422851562,0.0,True,"torch.Size([1, 1, 224, 224])"
case_00113,58,20.689725875854492,0.0,False,"torch.Size([1, 1, 224, 224])"
case_00113,396,20.68328857421875,0.0,True,"torch.Size([1, 1, 224, 224])"
case_00125,60,22.336483001708984,0.0,False,"torch.Size([1, 1, 224, 224])"
case_00113,406,21.490097045898438,0.0,True,"torch.Size([1, 1, 224, 224])"
case_00014,258,23.05316925048828,0.0,False,"torch.Size([1, 1, 224, 224])"
case_00079,454,21.521329879760742,0.0,True,"torch.Size([1, 1, 224, 224])"
case_00115,148,21.919727325439453,0.0,False,"torch.Size([1, 1, 224, 224])"
case_00086,300,21.279096603393555,0.0,False,"torch.Size([1, 1, 224, 224])"
case_00115,321,19.9739933013916,0.0,True,"torch.Size([1, 1, 224, 224])"
case_00113,344,20.806550979614258,0.0,True,"torch.Size([1, 1, 224, 224])"
case_00125,237,21.027326583862305,0.0,False,"torch.Size([1, 1, 224, 224])"
case_00115,500,20.874977111816406,0.0,False,"torch.Size([1, 1, 224, 224])"
case_00075,430,21.463394165039062,0.0,False,"torch.Size([1, 1, 224, 224])"
case_00154,502,20.313501358032227,0.0,False,"torch.Size([1, 1, 224, 224])"
case_00079,9,20.16925811767578,0.0,False,"torch.Size([1, 1, 224, 224])"
case_00014,203,20.564556121826172,0.0,False,"torch.Size([1, 1, 224, 224])"
case_00113,392,21.61264419555664,0.0,True,"torch.Size([1, 1, 224, 224])"
case_00125,397,24.866819381713867,0.0,False,"torch.Size([1, 1, 224, 224])"
case_00154,155,23.117542266845703,0.0,False,"torch.Size([1, 1, 224, 224])"
case_00086,356,20.283937454223633,0.0,False,"torch.Size([1, 1, 224, 224])"
case_00133,307,24.94502067565918,0.0,False,"torch.Size([1, 1, 224, 224])"
case_00113,276,23.888111114501953,0.0,False,"torch.Size([1, 1, 224, 224])"
case_00134,191,24.690866470336914,0.0,False,"torch.Size([1, 1, 224, 224])"
case_00014,274,18.663883209228516,0.0,False,"torch.Size([1, 1, 224, 224])"
case_00075,74,20.009756088256836,0.0,False,"torch.Size([1, 1, 224, 224])"
case_00161,480,18.78666877746582,0.0,False,"torch.Size([1, 1, 224, 224])"
case_00113,256,20.537614822387695,0.0,False,"torch.Size([1, 1, 224, 224])"
case_00133,57,20.2789306640625,0.0,False,"torch.Size([1, 1, 224, 224])"
case_00134,200,21.049022674560547,0.0,False,"torch.Size([1, 1, 224, 224])"
case_00194,202,20.35689353942871,0.0,False,"torch.Size([1, 1, 224, 224])"
case_00133,204,21.625757217407227,0.0,False,"torch.Size([1, 1, 224, 224])"
case_00115,44,19.883394241333008,0.0,False,"torch.Size([1, 1, 224, 224])"
case_00014,67,23.485422134399414,0.0,False,"torch.Size([1, 1, 224, 224])"
case_00079,476,19.922256469726562,0.0,False,"torch.Size([1, 1, 224, 224])"
case_00194,439,22.81022071838379,0.0,False,"torch.Size([1, 1, 224, 224])"
case_00079,391,20.024538040161133,0.0,True,"torch.Size([1, 1, 224, 224])"
case_00115,491,22.83000946044922,0.0,False,"torch.Size([1, 1, 224, 224])"
case_00154,43,18.480539321899414,0.0,False,"torch.Size([1, 1, 224, 224])"
case_00161,382,19.78278160095215,0.0,False,"torch.Size([1, 1, 224, 224])"
case_00086,346,20.47586441040039,0.0,False,"torch.Size([1, 1, 224, 224])"
case_00134,476,23.929357528686523,0.0,False,"torch.Size([1, 1, 224, 224])"
case_00079,252,20.535707473754883,0.0,False,"torch.Size([1, 1, 224, 224])"
case_00086,150,21.47197723388672,0.0,False,"torch.Size([1, 1, 224, 224])"
case_00086,169,19.44565773010254,0.0,False,"torch.Size([1, 1, 224, 224])"
case_00102,292,19.28877830505371,0.0,False,"torch.Size([1, 1, 224, 224])"
case_00133,184,21.20208740234375,0.0,False,"torch.Size([1, 1, 224, 224])"
case_00079,84,19.365787506103516,0.0,False,"torch.Size([1, 1, 224, 224])"
case_00086,191,19.577503204345703,0.0,False,"torch.Size([1, 1, 224, 224])"
case_00161,388,20.27440071105957,0.0,False,"torch.Size([1, 1, 224, 224])"
case_00154,467,18.17011833190918,0.0,False,"torch.Size([1, 1, 224, 224])"
case_00134,71,20.478487014770508,0.0,False,"torch.Size([1, 1, 224, 224])"
case_00014,442,17.95649528503418,0.0,False,"torch.Size([1, 1, 224, 224])"
case_00102,169,18.985748291015625,0.0,False,"torch.Size([1, 1, 224, 224])"
case_00014,246,19.846677780151367,0.0,False,"torch.Size([1, 1, 224, 224])"
case_00113,135,22.550344467163086,0.0,False,"torch.Size([1, 1, 224, 224])"
case_00194,233,19.821643829345703,0.0,False,"torch.Size([1, 1, 224, 224])"
case_00033,304,20.587682723999023,0.0,False,"torch.Size([1, 1, 224, 224])"
case_00075,84,20.152807235717773,0.0,False,"torch.Size([1, 1, 224, 224])"
case_00203,370,19.400835037231445,0.0,False,"torch.Size([1, 1, 224, 224])"
case_00113,95,23.018836975097656,0.0,False,"torch.Size([1, 1, 224, 224])"
case_00203,252,19.559621810913086,0.0,False,"torch.Size([1, 1, 224, 224])"
case_00194,26,20.590782165527344,0.0,False,"torch.Size([1, 1, 224, 224])"
case_00125,400,20.858049392700195,0.0,False,"torch.Size([1, 1, 224, 224])"
case_00133,320,24.32417869567871,0.0,False,"torch.Size([1, 1, 224, 224])"
case_00075,22,20.514965057373047,0.0,False,"torch.Size([1, 1, 224, 224])"
case_00133,188,20.979642868041992,0.0,False,"torch.Size([1, 1, 224, 224])"
case_00113,444,20.48492431640625,0.0,True,"torch.Size([1, 1, 224, 224])"
case_00133,478,21.3930606842041,0.0,False,"torch.Size([1, 1, 224, 224])"
case_00079,79,20.914077758789062,0.0,False,"torch.Size([1, 1, 224, 224])"
case_00161,6,21.42810821533203,0.0,False,"torch.Size([1, 1, 224, 224])"
case_00154,185,25.023221969604492,0.0,False,"torch.Size([1, 1, 224, 224])"
case_00203,338,20.044803619384766,0.0,False,"torch.Size([1, 1, 224, 224])"
case_00033,406,21.30579948425293,0.0,False,"torch.Size([1, 1, 224, 224])"
case_00086,355,19.763708114624023,0.0,False,"torch.Size([1, 1, 224, 224])"
case_00154,469,20.071029663085938,0.0,False,"torch.Size([1, 1, 224, 224])"
case_00075,183,21.548986434936523,0.0,False,"torch.Size([1, 1, 224, 224])"
case_00203,316,19.336462020874023,0.0,False,"torch.Size([1, 1, 224, 224])"
case_00033,269,20.756244659423828,0.0,False,"torch.Size([1, 1, 224, 224])"
case_00194,75,19.670724868774414,0.0,False,"torch.Size([1, 1, 224, 224])"
case_00033,275,21.160364151000977,0.0,False,"torch.Size([1, 1, 224, 224])"
case_00102,69,18.74852180480957,0.0,False,"torch.Size([1, 1, 224, 224])"
case_00134,383,20.215272903442383,0.0,False,"torch.Size([1, 1, 224, 224])"
case_00086,258,19.881248474121094,0.0,False,"torch.Size([1, 1, 224, 224])"
case_00134,1,20.487546920776367,0.0,False,"torch.Size([1, 1, 224, 224])"
case_00075,484,20.22266387939453,0.0,False,"torch.Size([1, 1, 224, 224])"
case_00194,98,20.934104919433594,0.0,False,"torch.Size([1, 1, 224, 224])"
case_00161,509,19.951581954956055,0.0,False,"torch.Size([1, 1, 224, 224])"
case_00133,146,20.48945426940918,0.0,True,"torch.Size([1, 1, 224, 224])"
case_00203,286,19.17862892150879,0.0,False,"torch.Size([1, 1, 224, 224])"
case_00079,130,20.313739776611328,0.0,False,"torch.Size([1, 1, 224, 224])"
case_00115,199,20.389795303344727,0.0,False,"torch.Size([1, 1, 224, 224])"
case_00161,295,21.1029052734375,0.0,False,"torch.Size([1, 1, 224, 224])"
case_00203,142,18.9359188079834,0.0,False,"torch.Size([1, 1, 224, 224])"
case_00033,206,29.546260833740234,0.0,False,"torch.Size([1, 1, 224, 224])"
case_00014,476,18.780231475830078,0.0,False,"torch.Size([1, 1, 224, 224])"
case_00033,219,20.804166793823242,0.0,False,"torch.Size([1, 1, 224, 224])"
case_00014,82,18.686294555664062,0.0,False,"torch.Size([1, 1, 224, 224])"
case_00161,369,20.504236221313477,0.0,False,"torch.Size([1, 1, 224, 224])"
case_00154,219,18.770694732666016,0.0,False,"torch.Size([1, 1, 224, 224])"
case_00134,376,20.255327224731445,0.0,True,"torch.Size([1, 1, 224, 224])"
case_00102,407,20.47896385192871,0.0,True,"torch.Size([1, 1, 224, 224])"
case_00133,410,18.845081329345703,0.0,False,"torch.Size([1, 1, 224, 224])"
case_00133,55,17.886638641357422,0.0,False,"torch.Size([1, 1, 224, 224])"
case_00194,486,19.76180076599121,0.0,False,"torch.Size([1, 1, 224, 224])"
case_00086,277,19.550561904907227,0.0,False,"torch.Size([1, 1, 224, 224])"
case_00125,52,19.46878433227539,0.0,False,"torch.Size([1, 1, 224, 224])"
case_00075,162,20.398855209350586,0.0,False,"torch.Size([1, 1, 224, 224])"
case_00075,428,19.697904586791992,0.0,False,"torch.Size([1, 1, 224, 224])"
case_00086,465,20.882844924926758,0.0,False,"torch.Size([1, 1, 224, 224])"
case_00134,305,20.555496215820312,0.0,False,"torch.Size([1, 1, 224, 224])"
case_00102,47,19.998788833618164,0.0,False,"torch.Size([1, 1, 224, 224])"
case_00033,395,20.595312118530273,0.0,False,"torch.Size([1, 1, 224, 224])"
case_00194,484,23.31233024597168,0.0,False,"torch.Size([1, 1, 224, 224])"
case_00133,231,20.324230194091797,0.0,False,"torch.Size([1, 1, 224, 224])"
case_00125,28,22.9794979095459,0.0,False,"torch.Size([1, 1, 224, 224])"
case_00079,371,20.400524139404297,0.0,True,"torch.Size([1, 1, 224, 224])"
case_00125,88,24.41692352294922,0.0,False,"torch.Size([1, 1, 224, 224])"
case_00154,510,21.590471267700195,0.0,False,"torch.Size([1, 1, 224, 224])"
case_00154,422,19.96159553527832,0.0,False,"torch.Size([1, 1, 224, 224])"
case_00086,176,20.42675018310547,0.0,False,"torch.Size([1, 1, 224, 224])"
case_00194,246,27.88543701171875,0.0,False,"torch.Size([1, 1, 224, 224])"
case_00203,334,18.013954162597656,0.0,False,"torch.Size([1, 1, 224, 224])"
case_00194,481,22.20439910888672,0.0,False,"torch.Size([1, 1, 224, 224])"
case_00086,141,20.20096778869629,0.0,False,"torch.Size([1, 1, 224, 224])"
case_00154,50,22.464752197265625,0.0,False,"torch.Size([1, 1, 224, 224])"
case_00115,294,19.005537033081055,0.0,False,"torch.Size([1, 1, 224, 224])"
case_00102,370,21.445512771606445,0.0,True,"torch.Size([1, 1, 224, 224])"
case_00203,434,18.627166748046875,0.0,False,"torch.Size([1, 1, 224, 224])"
case_00113,375,20.064115524291992,0.0,True,"torch.Size([1, 1, 224, 224])"
case_00194,60,26.285171508789062,0.0,False,"torch.Size([1, 1, 224, 224])"
case_00115,439,23.496150970458984,0.0,False,"torch.Size([1, 1, 224, 224])"
case_00154,92,18.89514923095703,0.0,False,"torch.Size([1, 1, 224, 224])"
case_00115,91,21.0568904876709,0.0,False,"torch.Size([1, 1, 224, 224])"
case_00203,137,18.857955932617188,0.0,False,"torch.Size([1, 1, 224, 224])"
case_00194,432,20.534038543701172,0.0,False,"torch.Size([1, 1, 224, 224])"
case_00079,398,20.797014236450195,0.0,True,"torch.Size([1, 1, 224, 224])"
case_00115,101,18.695831298828125,0.0,False,"torch.Size([1, 1, 224, 224])"
case_00113,30,19.137144088745117,0.0,False,"torch.Size([1, 1, 224, 224])"
case_00133,273,20.41339874267578,0.0,False,"torch.Size([1, 1, 224, 224])"
case_00079,109,20.90167999267578,0.0,False,"torch.Size([1, 1, 224, 224])"
case_00102,424,19.60134506225586,0.0,True,"torch.Size([1, 1, 224, 224])"
case_00102,487,23.847341537475586,0.0,False,"torch.Size([1, 1, 224, 224])"
case_00014,84,19.171953201293945,0.0,False,"torch.Size([1, 1, 224, 224])"
case_00154,232,22.93848991394043,0.0,False,"torch.Size([1, 1, 224, 224])"
case_00014,155,19.939184188842773,0.0,False,"torch.Size([1, 1, 224, 224])"
case_00102,422,22.273778915405273,0.0,True,"torch.Size([1, 1, 224, 224])"
case_00075,480,25.687217712402344,0.0,False,"torch.Size([1, 1, 224, 224])"
case_00115,181,24.384498596191406,0.0,False,"torch.Size([1, 1, 224, 224])"
case_00115,97,20.58267593383789,0.0,False,"torch.Size([1, 1, 224, 224])"
case_00033,330,18.988609313964844,0.0,False,"torch.Size([1, 1, 224, 224])"
case_00079,77,20.743608474731445,0.0,False,"torch.Size([1, 1, 224, 224])"
case_00033,329,18.612384796142578,0.0,False,"torch.Size([1, 1, 224, 224])"
case_00194,105,19.522905349731445,0.0,False,"torch.Size([1, 1, 224, 224])"
case_00125,32,18.492698669433594,0.0,False,"torch.Size([1, 1, 224, 224])"
case_00161,449,19.693851470947266,0.0,False,"torch.Size([1, 1, 224, 224])"
case_00154,341,17.904281616210938,0.0,True,"torch.Size([1, 1, 224, 224])"
case_00079,311,28.460979461669922,0.0,False,"torch.Size([1, 1, 224, 224])"
case_00014,180,19.23060417175293,0.0,True,"torch.Size([1, 1, 224, 224])"
case_00086,76,23.87690544128418,0.0,False,"torch.Size([1, 1, 224, 224])"
case_00075,116,22.203922271728516,0.0,False,"torch.Size([1, 1, 224, 224])"
case_00014,164,25.707483291625977,0.0,False,"torch.Size([1, 1, 224, 224])"
case_00086,9,22.424697875976562,0.0,False,"torch.Size([1, 1, 224, 224])"
case_00125,9,20.920991897583008,0.0,False,"torch.Size([1, 1, 224, 224])"
case_00033,36,19.010543823242188,0.0,False,"torch.Size([1, 1, 224, 224])"
case_00115,53,19.205093383789062,0.0,False,"torch.Size([1, 1, 224, 224])"
case_00125,50,19.051074981689453,0.0,False,"torch.Size([1, 1, 224, 224])"
case_00102,262,18.338680267333984,0.0,False,"torch.Size([1, 1, 224, 224])"
case_00194,317,19.14048194885254,0.0,False,"torch.Size([1, 1, 224, 224])"
case_00102,353,19.161701202392578,0.0,True,"torch.Size([1, 1, 224, 224])"
case_00134,91,22.202491760253906,0.0,False,"torch.Size([1, 1, 224, 224])"
case_00033,385,19.282102584838867,0.0,False,"torch.Size([1, 1, 224, 224])"
case_00154,138,20.691871643066406,0.0,False,"torch.Size([1, 1, 224, 224])"
case_00133,369,20.841360092163086,0.0,False,"torch.Size([1, 1, 224, 224])"
case_00115,458,18.89824867248535,0.0,False,"torch.Size([1, 1, 224, 224])"
case_00134,43,20.472049713134766,0.0,False,"torch.Size([1, 1, 224, 224])"
case_00102,187,18.77427101135254,0.0,False,"torch.Size([1, 1, 224, 224])"
case_00125,509,19.716739654541016,0.0,False,"torch.Size([1, 1, 224, 224])"
case_00133,317,19.11139488220215,0.0,False,"torch.Size([1, 1, 224, 224])"
case_00075,189,20.48039436340332,0.0,False,"torch.Size([1, 1, 224, 224])"
case_00115,485,19.49334144592285,0.0,False,"torch.Size([1, 1, 224, 224])"
case_00033,72,27.70686149597168,0.0,False,"torch.Size([1, 1, 224, 224])"
case_00125,109,21.19898796081543,0.0,False,"torch.Size([1, 1, 224, 224])"
case_00014,337,19.51289176940918,0.0,False,"torch.Size([1, 1, 224, 224])"
case_00014,214,19.3021297454834,0.0,False,"torch.Size([1, 1, 224, 224])"
case_00133,12,21.842479705810547,0.0,False,"torch.Size([1, 1, 224, 224])"
case_00113,187,19.321441650390625,0.0,False,"torch.Size([1, 1, 224, 224])"
case_00102,233,19.56653594970703,0.0,False,"torch.Size([1, 1, 224, 224])"
case_00102,139,19.252300262451172,0.0,False,"torch.Size([1, 1, 224, 224])"
case_00086,102,19.26732063293457,0.0,False,"torch.Size([1, 1, 224, 224])"
case_00203,162,18.689870834350586,0.0,False,"torch.Size([1, 1, 224, 224])"
case_00079,424,22.202491760253906,0.0,True,"torch.Size([1, 1, 224, 224])"
case_00133,275,20.137548446655273,0.0,False,"torch.Size([1, 1, 224, 224])"
case_00125,37,18.71776580810547,0.0,False,"torch.Size([1, 1, 224, 224])"
case_00133,151,20.315170288085938,0.0,True,"torch.Size([1, 1, 224, 224])"
case_00113,266,21.623611450195312,0.0,False,"torch.Size([1, 1, 224, 224])"
case_00194,313,23.4529972076416,0.0,False,"torch.Size([1, 1, 224, 224])"
case_00115,95,19.45328712463379,0.0,False,"torch.Size([1, 1, 224, 224])"
case_00113,137,20.47872543334961,0.0,False,"torch.Size([1, 1, 224, 224])"
case_00194,104,19.461393356323242,0.0,False,"torch.Size([1, 1, 224, 224])"
case_00154,32,19.193410873413086,0.0,False,"torch.Size([1, 1, 224, 224])"
case_00033,6,19.659996032714844,0.0,False,"torch.Size([1, 1, 224, 224])"
case_00125,59,19.431352615356445,0.0,False,"torch.Size([1, 1, 224, 224])"
case_00079,186,21.18372917175293,0.0,False,"torch.Size([1, 1, 224, 224])"
case_00086,97,20.034313201904297,0.0,False,"torch.Size([1, 1, 224, 224])"
case_00079,451,20.68352699279785,0.0,True,"torch.Size([1, 1, 224, 224])"
case_00133,102,26.51357650756836,0.0,False,"torch.Size([1, 1, 224, 224])"
case_00086,311,23.325681686401367,0.0,False,"torch.Size([1, 1, 224, 224])"
case_00154,187,18.825769424438477,0.0,False,"torch.Size([1, 1, 224, 224])"
case_00194,490,21.964073181152344,0.0,False,"torch.Size([1, 1, 224, 224])"
case_00033,391,19.41394805908203,0.0,False,"torch.Size([1, 1, 224, 224])"
case_00133,34,22.835731506347656,0.0,False,"torch.Size([1, 1, 224, 224])"
case_00194,209,20.02096176147461,0.0,False,"torch.Size([1, 1, 224, 224])"
case_00203,503,19.310712814331055,0.0,False,"torch.Size([1, 1, 224, 224])"
case_00194,20,20.693540573120117,0.0,False,"torch.Size([1, 1, 224, 224])"
case_00134,262,20.37644386291504,0.0,False,"torch.Size([1, 1, 224, 224])"
case_00033,435,17.863988876342773,0.0,False,"torch.Size([1, 1, 224, 224])"
case_00113,216,25.781631469726562,0.0,False,"torch.Size([1, 1, 224, 224])"
case_00086,20,18.82767677307129,0.0,False,"torch.Size([1, 1, 224, 224])"
case_00115,301,20.455598831176758,0.0,False,"torch.Size([1, 1, 224, 224])"
case_00033,156,19.861459732055664,0.0,False,"torch.Size([1, 1, 224, 224])"
case_00075,381,22.75824546813965,0.0,False,"torch.Size([1, 1, 224, 224])"
case_00075,389,21.693944931030273,0.0,False,"torch.Size([1, 1, 224, 224])"
case_00133,26,21.76952362060547,0.0,False,"torch.Size([1, 1, 224, 224])"
case_00033,170,16.815185546875,0.0,True,"torch.Size([1, 1, 224, 224])"
case_00075,19,23.601055145263672,0.0,False,"torch.Size([1, 1, 224, 224])"
case_00075,415,21.435022354125977,0.0,False,"torch.Size([1, 1, 224, 224])"
case_00079,269,22.582054138183594,0.0,False,"torch.Size([1, 1, 224, 224])"
case_00014,146,19.67620849609375,0.0,False,"torch.Size([1, 1, 224, 224])"
case_00115,421,19.464731216430664,0.0,False,"torch.Size([1, 1, 224, 224])"
case_00194,112,19.589662551879883,0.0,False,"torch.Size([1, 1, 224, 224])"
case_00075,246,19.535064697265625,0.0,False,"torch.Size([1, 1, 224, 224])"
case_00113,209,19.78302001953125,0.0,False,"torch.Size([1, 1, 224, 224])"
case_00115,125,17.1353816986084,0.0,False,"torch.Size([1, 1, 224, 224])"
case_00075,352,19.903898239135742,0.0,True,"torch.Size([1, 1, 224, 224])"
case_00161,162,23.981094360351562,0.0,True,"torch.Size([1, 1, 224, 224])"
case_00133,153,22.047996520996094,0.0,True,"torch.Size([1, 1, 224, 224])"
case_00203,444,20.35355567932129,0.0,False,"torch.Size([1, 1, 224, 224])"
case_00014,31,20.06244659423828,0.0,False,"torch.Size([1, 1, 224, 224])"
case_00079,331,19.52958106994629,0.0,True,"torch.Size([1, 1, 224, 224])"
case_00134,34,22.530794143676758,0.0,False,"torch.Size([1, 1, 224, 224])"
case_00154,423,20.0045108795166,0.0,False,"torch.Size([1, 1, 224, 224])"
case_00075,380,21.935462951660156,0.0,False,"torch.Size([1, 1, 224, 224])"
case_00079,40,19.634485244750977,0.0,False,"torch.Size([1, 1, 224, 224])"
case_00203,397,17.566680908203125,0.0,False,"torch.Size([1, 1, 224, 224])"
case_00086,304,19.064664840698242,0.0,False,"torch.Size([1, 1, 224, 224])"
case_00079,478,20.009756088256836,0.0,False,"torch.Size([1, 1, 224, 224])"
case_00075,468,21.193742752075195,0.0,False,"torch.Size([1, 1, 224, 224])"
case_00102,486,17.990827560424805,0.0,False,"torch.Size([1, 1, 224, 224])"
case_00086,84,19.269227981567383,0.0,False,"torch.Size([1, 1, 224, 224])"
case_00075,445,17.55380630493164,0.0,False,"torch.Size([1, 1, 224, 224])"
case_00113,231,18.431901931762695,0.0,False,"torch.Size([1, 1, 224, 224])"
case_00113,327,18.42641830444336,0.0,True,"torch.Size([1, 1, 224, 224])"
case_00161,212,18.10741424560547,0.0,False,"torch.Size([1, 1, 224, 224])"
case_00113,351,17.79460906982422,0.0,True,"torch.Size([1, 1, 224, 224])"
case_00133,405,23.442983627319336,0.0,False,"torch.Size([1, 1, 224, 224])"
case_00075,141,20.514488220214844,0.0,False,"torch.Size([1, 1, 224, 224])"
case_00203,431,18.95594596862793,0.0,False,"torch.Size([1, 1, 224, 224])"
case_00079,149,20.656347274780273,0.0,False,"torch.Size([1, 1, 224, 224])"
case_00079,404,19.058704376220703,0.0,True,"torch.Size([1, 1, 224, 224])"
case_00203,292,24.729013442993164,0.0,False,"torch.Size([1, 1, 224, 224])"
case_00102,134,25.011301040649414,0.0,False,"torch.Size([1, 1, 224, 224])"
case_00125,472,23.497819900512695,0.0,False,"torch.Size([1, 1, 224, 224])"
case_00014,75,19.63186264038086,0.0,False,"torch.Size([1, 1, 224, 224])"
case_00115,84,21.49057388305664,0.0,False,"torch.Size([1, 1, 224, 224])"
case_00161,483,18.509864807128906,0.0,False,"torch.Size([1, 1, 224, 224])"
case_00075,287,21.909475326538086,0.0,False,"torch.Size([1, 1, 224, 224])"
case_00125,67,18.919706344604492,0.0,False,"torch.Size([1, 1, 224, 224])"
case_00113,158,20.64061164855957,0.0,False,"torch.Size([1, 1, 224, 224])"
case_00203,256,18.717288970947266,0.0,False,"torch.Size([1, 1, 224, 224])"
case_00133,77,20.781278610229492,0.0,False,"torch.Size([1, 1, 224, 224])"
case_00075,437,19.17099952697754,0.0,False,"torch.Size([1, 1, 224, 224])"
case_00014,48,22.135496139526367,0.0,False,"torch.Size([1, 1, 224, 224])"
case_00086,101,18.97454261779785,0.0,False,"torch.Size([1, 1, 224, 224])"
case_00075,8,20.394563674926758,0.0,False,"torch.Size([1, 1, 224, 224])"
case_00102,32,18.926620483398438,0.0,False,"torch.Size([1, 1, 224, 224])"
case_00161,130,20.575523376464844,0.0,True,"torch.Size([1, 1, 224, 224])"
case_00194,187,20.34616470336914,0.0,False,"torch.Size([1, 1, 224, 224])"
case_00113,318,19.76609230041504,0.0,True,"torch.Size([1, 1, 224, 224])"
case_00134,241,21.262645721435547,0.0,False,"torch.Size([1, 1, 224, 224])"
case_00086,69,20.612001419067383,0.0,False,"torch.Size([1, 1, 224, 224])"
case_00154,156,23.009777069091797,0.0,False,"torch.Size([1, 1, 224, 224])"
case_00086,200,21.508216857910156,0.0,False,"torch.Size([1, 1, 224, 224])"
case_00134,442,22.562503814697266,0.0,False,"torch.Size([1, 1, 224, 224])"
case_00014,227,16.91603660583496,0.0,False,"torch.Size([1, 1, 224, 224])"
case_00075,349,19.646644592285156,0.0,True,"torch.Size([1, 1, 224, 224])"
case_00079,188,20.119905471801758,0.0,False,"torch.Size([1, 1, 224, 224])"
case_00113,260,19.49620246887207,0.0,False,"torch.Size([1, 1, 224, 224])"
case_00194,372,20.96390724182129,0.0,False,"torch.Size([1, 1, 224, 224])"
case_00134,346,21.584510803222656,0.0,True,"torch.Size([1, 1, 224, 224])"
case_00102,108,22.220611572265625,0.0,False,"torch.Size([1, 1, 224, 224])"
case_00133,484,21.890640258789062,0.0,False,"torch.Size([1, 1, 224, 224])"
case_00086,474,18.125295639038086,0.0,False,"torch.Size([1, 1, 224, 224])"
case_00125,396,19.917011260986328,0.0,False,"torch.Size([1, 1, 224, 224])"
case_00154,500,19.664525985717773,0.0,False,"torch.Size([1, 1, 224, 224])"
case_00125,143,20.156145095825195,0.0,False,"torch.Size([1, 1, 224, 224])"
case_00014,314,21.972179412841797,0.0,False,"torch.Size([1, 1, 224, 224])"
case_00033,498,26.301860809326172,0.0,False,"torch.Size([1, 1, 224, 224])"
case_00102,455,17.986059188842773,0.0,False,"torch.Size([1, 1, 224, 224])"
case_00014,489,19.265174865722656,0.0,False,"torch.Size([1, 1, 224, 224])"
case_00113,247,19.10686492919922,0.0,False,"torch.Size([1, 1, 224, 224])"
case_00161,270,25.905132293701172,0.0,False,"torch.Size([1, 1, 224, 224])"
case_00194,333,19.33598518371582,0.0,False,"torch.Size([1, 1, 224, 224])"
case_00154,83,19.282102584838867,0.0,False,"torch.Size([1, 1, 224, 224])"
case_00203,68,19.401073455810547,0.0,False,"torch.Size([1, 1, 224, 224])"
case_00115,40,21.401166915893555,0.0,False,"torch.Size([1, 1, 224, 224])"
case_00075,366,19.48714256286621,0.0,False,"torch.Size([1, 1, 224, 224])"
case_00203,47,18.964052200317383,0.0,False,"torch.Size([1, 1, 224, 224])"
case_00079,471,21.461009979248047,0.0,False,"torch.Size([1, 1, 224, 224])"
case_00079,507,18.99409294128418,0.0,False,"torch.Size([1, 1, 224, 224])"
case_00075,100,20.931720733642578,0.0,False,"torch.Size([1, 1, 224, 224])"
case_00014,221,19.286632537841797,0.0,False,"torch.Size([1, 1, 224, 224])"
case_00161,132,26.94559097290039,0.0,True,"torch.Size([1, 1, 224, 224])"
case_00113,253,21.989107131958008,0.0,False,"torch.Size([1, 1, 224, 224])"
case_00133,495,21.497011184692383,0.0,False,"torch.Size([1, 1, 224, 224])"
case_00075,257,21.558523178100586,0.0,False,"torch.Size([1, 1, 224, 224])"
case_00014,207,20.9958553314209,0.0,False,"torch.Size([1, 1, 224, 224])"
case_00194,341,21.294593811035156,0.0,False,"torch.Size([1, 1, 224, 224])"
case_00113,141,19.50812339782715,0.0,False,"torch.Size([1, 1, 224, 224])"
case_00161,159,20.9197998046875,0.0,True,"torch.Size([1, 1, 224, 224])"
case_00086,390,22.321462631225586,0.0,True,"torch.Size([1, 1, 224, 224])"
case_00115,25,22.798776626586914,0.0,False,"torch.Size([1, 1, 224, 224])"
case_00161,192,21.060705184936523,0.0,False,"torch.Size([1, 1, 224, 224])"
case_00014,96,19.11783218383789,0.0,False,"torch.Size([1, 1, 224, 224])"
case_00079,5,21.14105224609375,0.0,False,"torch.Size([1, 1, 224, 224])"
case_00033,10,19.214391708374023,0.0,False,"torch.Size([1, 1, 224, 224])"
case_00075,353,20.965099334716797,0.0,True,"torch.Size([1, 1, 224, 224])"
case_00194,28,25.270938873291016,0.0,False,"torch.Size([1, 1, 224, 224])"
case_00133,211,27.644872665405273,0.0,False,"torch.Size([1, 1, 224, 224])"
case_00079,94,29.58369255065918,0.0,False,"torch.Size([1, 1, 224, 224])"
case_00102,470,19.50526237487793,0.0,False,"torch.Size([1, 1, 224, 224])"
case_00086,17,19.70195770263672,0.0,False,"torch.Size([1, 1, 224, 224])"
case_00014,308,21.55923843383789,0.0,False,"torch.Size([1, 1, 224, 224])"
case_00203,183,19.208908081054688,0.0,False,"torch.Size([1, 1, 224, 224])"
case_00133,244,20.53070068359375,0.0,False,"torch.Size([1, 1, 224, 224])"
case_00203,493,19.481658935546875,0.0,False,"torch.Size([1, 1, 224, 224])"
case_00075,179,20.321130752563477,0.0,False,"torch.Size([1, 1, 224, 224])"
case_00125,47,19.278287887573242,0.0,False,"torch.Size([1, 1, 224, 224])"
case_00033,35,20.605802536010742,0.0,False,"torch.Size([1, 1, 224, 224])"
case_00134,434,19.312381744384766,0.0,False,"torch.Size([1, 1, 224, 224])"
case_00113,450,20.54286003112793,0.0,False,"torch.Size([1, 1, 224, 224])"
case_00014,187,18.80192756652832,0.0,True,"torch.Size([1, 1, 224, 224])"
case_00161,498,19.190549850463867,0.0,False,"torch.Size([1, 1, 224, 224])"
case_00079,266,18.01466941833496,0.0,False,"torch.Size([1, 1, 224, 224])"
case_00115,120,22.217988967895508,0.0,False,"torch.Size([1, 1, 224, 224])"
case_00194,258,19.15740966796875,0.0,False,"torch.Size([1, 1, 224, 224])"
case_00033,154,18.944263458251953,0.0,False,"torch.Size([1, 1, 224, 224])"
case_00203,173,19.245147705078125,0.0,False,"torch.Size([1, 1, 224, 224])"
case_00203,198,19.96588706970215,0.0,False,"torch.Size([1, 1, 224, 224])"
case_00203,55,19.36483383178711,0.0,False,"torch.Size([1, 1, 224, 224])"
case_00203,10,17.937183380126953,0.0,False,"torch.Size([1, 1, 224, 224])"
case_00134,155,19.426345825195312,0.0,False,"torch.Size([1, 1, 224, 224])"
case_00125,210,17.964601516723633,0.0,False,"torch.Size([1, 1, 224, 224])"
case_00075,94,19.479036331176758,0.0,False,"torch.Size([1, 1, 224, 224])"
case_00086,125,19.35887336730957,0.0,False,"torch.Size([1, 1, 224, 224])"
case_00113,391,20.630598068237305,0.0,True,"torch.Size([1, 1, 224, 224])"
case_00113,130,22.458553314208984,0.0,False,"torch.Size([1, 1, 224, 224])"
case_00154,380,19.986391067504883,0.0,False,"torch.Size([1, 1, 224, 224])"
case_00194,81,21.01445198059082,0.0,False,"torch.Size([1, 1, 224, 224])"
case_00014,255,19.32835578918457,0.0,False,"torch.Size([1, 1, 224, 224])"
case_00125,410,20.272254943847656,0.0,False,"torch.Size([1, 1, 224, 224])"
case_00075,164,19.629716873168945,0.0,False,"torch.Size([1, 1, 224, 224])"
case_00154,351,19.96636390686035,0.0,False,"torch.Size([1, 1, 224, 224])"
case_00102,246,18.78666877746582,0.0,False,"torch.Size([1, 1, 224, 224])"
case_00075,501,20.857572555541992,0.0,False,"torch.Size([1, 1, 224, 224])"
case_00075,109,19.865036010742188,0.0,False,"torch.Size([1, 1, 224, 224])"
case_00079,458,20.684003829956055,0.0,True,"torch.Size([1, 1, 224, 224])"
case_00086,423,25.43950080871582,0.0,False,"torch.Size([1, 1, 224, 224])"
case_00075,60,23.02098274230957,0.0,False,"torch.Size([1, 1, 224, 224])"
case_00194,184,20.66349983215332,0.0,False,"torch.Size([1, 1, 224, 224])"
case_00203,332,19.45328712463379,0.0,False,"torch.Size([1, 1, 224, 224])"
case_00115,375,23.48613739013672,0.0,False,"torch.Size([1, 1, 224, 224])"
case_00125,353,19.428730010986328,0.0,False,"torch.Size([1, 1, 224, 224])"
case_00133,71,20.678281784057617,0.0,False,"torch.Size([1, 1, 224, 224])"
case_00203,52,17.750024795532227,0.0,False,"torch.Size([1, 1, 224, 224])"
case_00113,264,20.116567611694336,0.0,False,"torch.Size([1, 1, 224, 224])"
case_00113,99,18.645524978637695,0.0,False,"torch.Size([1, 1, 224, 224])"
case_00161,243,19.556045532226562,0.0,False,"torch.Size([1, 1, 224, 224])"
case_00134,261,19.006729125976562,0.0,False,"torch.Size([1, 1, 224, 224])"
case_00133,93,19.65022087097168,0.0,False,"torch.Size([1, 1, 224, 224])"
case_00125,366,18.909931182861328,0.0,False,"torch.Size([1, 1, 224, 224])"
case_00115,431,17.779827117919922,0.0,False,"torch.Size([1, 1, 224, 224])"
case_00125,402,28.832435607910156,0.0,False,"torch.Size([1, 1, 224, 224])"
case_00079,26,17.017602920532227,0.0,False,"torch.Size([1, 1, 224, 224])"
case_00113,479,20.784854888916016,0.0,False,"torch.Size([1, 1, 224, 224])"
case_00102,198,20.070791244506836,0.0,False,"torch.Size([1, 1, 224, 224])"
case_00113,220,24.07693862915039,0.0,False,"torch.Size([1, 1, 224, 224])"
case_00134,257,19.878149032592773,0.0,False,"torch.Size([1, 1, 224, 224])"
case_00102,185,20.931243896484375,0.0,False,"torch.Size([1, 1, 224, 224])"
case_00154,409,19.72484588623047,0.0,False,"torch.Size([1, 1, 224, 224])"
case_00033,166,22.20773696899414,0.0,False,"torch.Size([1, 1, 224, 224])"
case_00033,69,18.834352493286133,0.0,False,"torch.Size([1, 1, 224, 224])"
case_00125,461,20.475387573242188,0.0,False,"torch.Size([1, 1, 224, 224])"
case_00134,233,19.59848403930664,0.0,False,"torch.Size([1, 1, 224, 224])"
case_00079,330,20.874977111816406,0.0,True,"torch.Size([1, 1, 224, 224])"
case_00134,398,24.7495174407959,0.0,False,"torch.Size([1, 1, 224, 224])"
case_00125,311,22.795915603637695,0.0,False,"torch.Size([1, 1, 224, 224])"
case_00014,140,20.24388313293457,0.0,False,"torch.Size([1, 1, 224, 224])"
case_00115,14,20.999670028686523,0.0,False,"torch.Size([1, 1, 224, 224])"
case_00102,202,19.2718505859375,0.0,False,"torch.Size([1, 1, 224, 224])"
case_00134,174,20.621299743652344,0.0,False,"torch.Size([1, 1, 224, 224])"
case_00161,137,25.9246826171875,0.0,True,"torch.Size([1, 1, 224, 224])"
case_00133,112,22.603988647460938,0.0,False,"torch.Size([1, 1, 224, 224])"
case_00203,442,19.887208938598633,0.0,False,"torch.Size([1, 1, 224, 224])"
case_00154,396,22.31574058532715,0.0,False,"torch.Size([1, 1, 224, 224])"
case_00102,28,28.191566467285156,0.0,False,"torch.Size([1, 1, 224, 224])"
case_00033,127,20.920753479003906,0.0,False,"torch.Size([1, 1, 224, 224])"
case_00203,412,20.054101943969727,0.0,True,"torch.Size([1, 1, 224, 224])"
case_00203,129,23.61297607421875,0.0,False,"torch.Size([1, 1, 224, 224])"
case_00115,27,20.017385482788086,0.0,False,"torch.Size([1, 1, 224, 224])"
case_00125,371,21.767377853393555,0.0,False,"torch.Size([1, 1, 224, 224])"
case_00125,224,19.999980926513672,0.0,False,"torch.Size([1, 1, 224, 224])"
case_00133,455,21.77596092224121,0.0,False,"torch.Size([1, 1, 224, 224])"
case_00033,85,19.893169403076172,0.0,False,"torch.Size([1, 1, 224, 224])"
case_00115,285,21.225452423095703,0.0,False,"torch.Size([1, 1, 224, 224])"
case_00014,178,19.323348999023438,0.0,True,"torch.Size([1, 1, 224, 224])"
case_00115,261,24.698495864868164,0.0,False,"torch.Size([1, 1, 224, 224])"
case_00079,285,22.197484970092773,0.0,False,"torch.Size([1, 1, 224, 224])"
case_00075,144,22.83310890197754,0.0,False,"torch.Size([1, 1, 224, 224])"
case_00203,278,20.177602767944336,0.0,False,"torch.Size([1, 1, 224, 224])"
case_00075,73,25.851011276245117,0.0,False,"torch.Size([1, 1, 224, 224])"
case_00125,21,19.34194564819336,0.0,False,"torch.Size([1, 1, 224, 224])"
case_00033,338,21.00396156311035,0.0,False,"torch.Size([1, 1, 224, 224])"
case_00113,87,21.3315486907959,0.0,False,"torch.Size([1, 1, 224, 224])"
case_00086,422,19.59538459777832,0.0,False,"torch.Size([1, 1, 224, 224])"
case_00194,321,19.8366641998291,0.0,False,"torch.Size([1, 1, 224, 224])"
case_00203,384,18.349647521972656,0.0,False,"torch.Size([1, 1, 224, 224])"
case_00033,290,20.14899253845215,0.0,False,"torch.Size([1, 1, 224, 224])"
case_00079,54,18.766403198242188,0.0,False,"torch.Size([1, 1, 224, 224])"
case_00075,229,19.649505615234375,0.0,False,"torch.Size([1, 1, 224, 224])"
case_00086,227,19.900798797607422,0.0,False,"torch.Size([1, 1, 224, 224])"
case_00113,280,22.71747589111328,0.0,False,"torch.Size([1, 1, 224, 224])"
case_00161,170,21.060705184936523,0.0,False,"torch.Size([1, 1, 224, 224])"
case_00133,440,21.97718620300293,0.0,False,"torch.Size([1, 1, 224, 224])"
case_00086,118,19.77252960205078,0.0,False,"torch.Size([1, 1, 224, 224])"
case_00125,11,19.924163818359375,0.0,False,"torch.Size([1, 1, 224, 224])"
case_00086,208,19.835472106933594,0.0,False,"torch.Size([1, 1, 224, 224])"
case_00203,59,19.954919815063477,0.0,False,"torch.Size([1, 1, 224, 224])"
case_00203,155,19.78158950805664,0.0,False,"torch.Size([1, 1, 224, 224])"
case_00115,369,19.69313621520996,0.0,False,"torch.Size([1, 1, 224, 224])"
case_00086,82,22.138118743896484,0.0,False,"torch.Size([1, 1, 224, 224])"
case_00086,44,19.958972930908203,0.0,False,"torch.Size([1, 1, 224, 224])"
case_00115,0,20.108699798583984,0.0,False,"torch.Size([1, 1, 224, 224])"
case_00125,376,19.767045974731445,0.0,False,"torch.Size([1, 1, 224, 224])"
case_00033,3,19.8519229888916,0.0,False,"torch.Size([1, 1, 224, 224])"
case_00154,242,20.109891891479492,0.0,False,"torch.Size([1, 1, 224, 224])"
case_00115,147,19.542455673217773,0.0,False,"torch.Size([1, 1, 224, 224])"
case_00086,66,21.55017852783203,0.0,False,"torch.Size([1, 1, 224, 224])"
case_00203,336,18.036365509033203,0.0,False,"torch.Size([1, 1, 224, 224])"
case_00125,373,20.96104621887207,0.0,False,"torch.Size([1, 1, 224, 224])"
case_00134,19,20.13397216796875,0.0,False,"torch.Size([1, 1, 224, 224])"
case_00194,266,21.787405014038086,0.0,False,"torch.Size([1, 1, 224, 224])"
case_00161,268,27.716875076293945,0.0,False,"torch.Size([1, 1, 224, 224])"
case_00115,22,20.348072052001953,0.0,False,"torch.Size([1, 1, 224, 224])"
case_00014,229,20.173311233520508,0.0,False,"torch.Size([1, 1, 224, 224])"
case_00133,388,21.032094955444336,0.0,False,"torch.Size([1, 1, 224, 224])"
case_00194,429,18.38541030883789,0.0,False,"torch.Size([1, 1, 224, 224])"
case_00075,485,19.73414421081543,0.0,False,"torch.Size([1, 1, 224, 224])"
case_00125,17,18.404006958007812,0.0,False,"torch.Size([1, 1, 224, 224])"
case_00134,99,19.989013671875,0.0,False,"torch.Size([1, 1, 224, 224])"
case_00086,319,20.427227020263672,0.0,False,"torch.Size([1, 1, 224, 224])"
case_00161,128,31.624555587768555,0.0,True,"torch.Size([1, 1, 224, 224])"
case_00161,263,20.249605178833008,0.0,False,"torch.Size([1, 1, 224, 224])"
case_00014,213,18.857955932617188,0.0,False,"torch.Size([1, 1, 224, 224])"
case_00086,113,21.206378936767578,0.0,False,"torch.Size([1, 1, 224, 224])"
case_00075,112,21.083354949951172,0.0,False,"torch.Size([1, 1, 224, 224])"
case_00115,266,20.407915115356445,0.0,False,"torch.Size([1, 1, 224, 224])"
case_00115,307,20.01357078552246,0.0,False,"torch.Size([1, 1, 224, 224])"
case_00115,471,21.14725112915039,0.0,False,"torch.Size([1, 1, 224, 224])"
case_00115,159,20.569324493408203,0.0,False,"torch.Size([1, 1, 224, 224])"
case_00079,265,19.831180572509766,0.0,False,"torch.Size([1, 1, 224, 224])"
case_00134,479,20.643949508666992,0.0,False,"torch.Size([1, 1, 224, 224])"
case_00194,58,19.828081130981445,0.0,False,"torch.Size([1, 1, 224, 224])"
case_00134,351,21.969318389892578,0.0,True,"torch.Size([1, 1, 224, 224])"
case_00154,29,17.818450927734375,0.0,False,"torch.Size([1, 1, 224, 224])"
case_00014,49,19.95849609375,0.0,False,"torch.Size([1, 1, 224, 224])"
case_00102,298,18.37301254272461,0.0,True,"torch.Size([1, 1, 224, 224])"
case_00161,106,20.4315185546875,0.0,False,"torch.Size([1, 1, 224, 224])"
case_00113,195,19.766807556152344,0.0,False,"torch.Size([1, 1, 224, 224])"
case_00075,198,21.43716812133789,0.0,False,"torch.Size([1, 1, 224, 224])"
case_00079,231,21.04926109313965,0.0,False,"torch.Size([1, 1, 224, 224])"
case_00075,127,20.008325576782227,0.0,False,"torch.Size([1, 1, 224, 224])"
case_00125,13,19.61684226989746,0.0,False,"torch.Size([1, 1, 224, 224])"
case_00033,369,19.85025405883789,0.0,False,"torch.Size([1, 1, 224, 224])"
case_00133,92,21.21710777282715,0.0,False,"torch.Size([1, 1, 224, 224])"
case_00014,265,21.965980529785156,0.0,False,"torch.Size([1, 1, 224, 224])"
case_00203,402,20.207643508911133,0.0,True,"torch.Size([1, 1, 224, 224])"
case_00075,457,23.906469345092773,0.0,False,"torch.Size([1, 1, 224, 224])"
case_00154,161,19.872665405273438,0.0,False,"torch.Size([1, 1, 224, 224])"
case_00086,490,23.396730422973633,0.0,False,"torch.Size([1, 1, 224, 224])"
case_00133,166,19.780874252319336,0.0,True,"torch.Size([1, 1, 224, 224])"
case_00086,497,23.794889450073242,0.0,False,"torch.Size([1, 1, 224, 224])"
case_00115,89,20.63298225402832,0.0,False,"torch.Size([1, 1, 224, 224])"
case_00102,215,28.184890747070312,0.0,False,"torch.Size([1, 1, 224, 224])"
case_00014,284,19.896507263183594,0.0,False,"torch.Size([1, 1, 224, 224])"
case_00102,85,21.56853675842285,0.0,False,"torch.Size([1, 1, 224, 224])"
case_00033,450,18.483400344848633,0.0,False,"torch.Size([1, 1, 224, 224])"
case_00075,196,20.1873779296875,0.0,False,"torch.Size([1, 1, 224, 224])"
case_00079,428,19.973278045654297,0.0,True,"torch.Size([1, 1, 224, 224])"
case_00113,192,25.43020248413086,0.0,False,"torch.Size([1, 1, 224, 224])"
case_00033,470,20.428895950317383,0.0,False,"torch.Size([1, 1, 224, 224])"
case_00033,208,25.938987731933594,0.0,False,"torch.Size([1, 1, 224, 224])"
case_00134,444,24.094820022583008,0.0,False,"torch.Size([1, 1, 224, 224])"
case_00115,253,20.633935928344727,0.0,False,"torch.Size([1, 1, 224, 224])"
case_00113,437,21.463394165039062,0.0,True,"torch.Size([1, 1, 224, 224])"
case_00079,151,22.771120071411133,0.0,False,"torch.Size([1, 1, 224, 224])"
case_00102,433,22.755861282348633,0.0,False,"torch.Size([1, 1, 224, 224])"
case_00194,144,20.128488540649414,0.0,False,"torch.Size([1, 1, 224, 224])"
case_00115,165,20.024538040161133,0.0,False,"torch.Size([1, 1, 224, 224])"
case_00154,247,20.02549171447754,0.0,False,"torch.Size([1, 1, 224, 224])"
case_00014,6,19.963741302490234,0.0,False,"torch.Size([1, 1, 224, 224])"
case_00102,156,20.020246505737305,0.0,False,"torch.Size([1, 1, 224, 224])"
case_00086,256,20.05457878112793,0.0,False,"torch.Size([1, 1, 224, 224])"
case_00154,292,22.531986236572266,0.0,False,"torch.Size([1, 1, 224, 224])"
case_00161,447,22.009611129760742,0.0,False,"torch.Size([1, 1, 224, 224])"
case_00115,140,18.534421920776367,0.0,False,"torch.Size([1, 1, 224, 224])"
case_00115,174,20.489931106567383,0.0,False,"torch.Size([1, 1, 224, 224])"
case_00075,492,19.976139068603516,0.0,False,"torch.Size([1, 1, 224, 224])"
case_00079,314,21.294832229614258,0.0,False,"torch.Size([1, 1, 224, 224])"
case_00079,422,20.548582077026367,0.0,True,"torch.Size([1, 1, 224, 224])"
case_00133,312,25.32958984375,0.0,False,"torch.Size([1, 1, 224, 224])"
case_00075,467,22.047758102416992,0.0,False,"torch.Size([1, 1, 224, 224])"
case_00113,12,21.240949630737305,0.0,False,"torch.Size([1, 1, 224, 224])"
case_00203,425,19.102811813354492,0.0,True,"torch.Size([1, 1, 224, 224])"
case_00075,299,22.856712341308594,0.0,False,"torch.Size([1, 1, 224, 224])"
case_00194,270,21.23713493347168,0.0,False,"torch.Size([1, 1, 224, 224])"
case_00133,85,21.7282772064209,0.0,False,"torch.Size([1, 1, 224, 224])"
case_00075,205,21.173715591430664,0.0,False,"torch.Size([1, 1, 224, 224])"
case_00113,250,20.79606056213379,0.0,False,"torch.Size([1, 1, 224, 224])"
case_00125,152,18.868446350097656,0.0,False,"torch.Size([1, 1, 224, 224])"
case_00115,56,18.862247467041016,0.0,False,"torch.Size([1, 1, 224, 224])"
case_00115,132,19.030332565307617,0.0,False,"torch.Size([1, 1, 224, 224])"
case_00115,383,19.019365310668945,0.0,False,"torch.Size([1, 1, 224, 224])"
case_00102,391,19.186973571777344,0.0,True,"torch.Size([1, 1, 224, 224])"
case_00102,179,24.01137351989746,0.0,False,"torch.Size([1, 1, 224, 224])"
case_00113,385,22.08113670349121,0.0,True,"torch.Size([1, 1, 224, 224])"
case_00203,128,18.954038619995117,0.0,False,"torch.Size([1, 1, 224, 224])"
case_00115,295,20.083189010620117,0.0,False,"torch.Size([1, 1, 224, 224])"
case_00033,79,18.830299377441406,0.0,False,"torch.Size([1, 1, 224, 224])"
case_00113,308,20.749568939208984,0.0,False,"torch.Size([1, 1, 224, 224])"
case_00134,365,19.502639770507812,0.0,True,"torch.Size([1, 1, 224, 224])"
case_00133,404,24.602413177490234,0.0,False,"torch.Size([1, 1, 224, 224])"
case_00161,482,22.33147621154785,0.0,False,"torch.Size([1, 1, 224, 224])"
case_00203,390,19.35601234436035,0.0,False,"torch.Size([1, 1, 224, 224])"
case_00203,176,28.220653533935547,0.0,False,"torch.Size([1, 1, 224, 224])"
case_00033,203,19.806385040283203,0.0,False,"torch.Size([1, 1, 224, 224])"
case_00115,100,21.83818817138672,0.0,False,"torch.Size([1, 1, 224, 224])"
case_00014,92,18.55325698852539,0.0,False,"torch.Size([1, 1, 224, 224])"
case_00115,177,19.997119903564453,0.0,False,"torch.Size([1, 1, 224, 224])"
case_00033,427,18.64933967590332,0.0,False,"torch.Size([1, 1, 224, 224])"
case_00075,193,20.06673812866211,0.0,False,"torch.Size([1, 1, 224, 224])"
case_00154,255,18.67222785949707,0.0,False,"torch.Size([1, 1, 224, 224])"
case_00161,260,19.78921890258789,0.0,False,"torch.Size([1, 1, 224, 224])"
case_00154,386,18.45693588256836,0.0,False,"torch.Size([1, 1, 224, 224])"
case_00075,139,20.18904685974121,0.0,False,"torch.Size([1, 1, 224, 224])"
case_00194,441,27.380943298339844,0.0,False,"torch.Size([1, 1, 224, 224])"
case_00161,19,21.03567123413086,0.0,False,"torch.Size([1, 1, 224, 224])"
case_00125,41,19.385576248168945,0.0,False,"torch.Size([1, 1, 224, 224])"
case_00125,416,21.191120147705078,0.0,False,"torch.Size([1, 1, 224, 224])"
case_00102,1,18.909454345703125,0.0,False,"torch.Size([1, 1, 224, 224])"
case_00133,176,19.77229118347168,0.0,True,"torch.Size([1, 1, 224, 224])"
case_00033,438,20.613908767700195,0.0,False,"torch.Size([1, 1, 224, 224])"
case_00125,121,31.23164176940918,0.0,False,"torch.Size([1, 1, 224, 224])"
case_00033,45,19.512414932250977,0.0,False,"torch.Size([1, 1, 224, 224])"
case_00154,131,21.315813064575195,0.0,False,"torch.Size([1, 1, 224, 224])"
case_00125,425,20.82061767578125,0.0,False,"torch.Size([1, 1, 224, 224])"
case_00203,450,19.444942474365234,0.0,False,"torch.Size([1, 1, 224, 224])"
case_00125,286,19.488096237182617,0.0,False,"torch.Size([1, 1, 224, 224])"
case_00102,411,19.479751586914062,0.0,True,"torch.Size([1, 1, 224, 224])"
case_00154,4,22.97043800354004,0.0,False,"torch.Size([1, 1, 224, 224])"
case_00125,5,21.31938934326172,0.0,False,"torch.Size([1, 1, 224, 224])"
case_00113,43,19.484519958496094,0.0,False,"torch.Size([1, 1, 224, 224])"
case_00115,360,19.327163696289062,0.0,False,"torch.Size([1, 1, 224, 224])"
case_00203,156,18.40806007385254,0.0,False,"torch.Size([1, 1, 224, 224])"
case_00086,149,19.791841506958008,0.0,False,"torch.Size([1, 1, 224, 224])"
case_00086,393,17.27294921875,0.0,True,"torch.Size([1, 1, 224, 224])"
case_00134,380,22.839784622192383,0.0,False,"torch.Size([1, 1, 224, 224])"
case_00079,421,21.59285545349121,0.0,True,"torch.Size([1, 1, 224, 224])"
case_00194,242,24.28412437438965,0.0,False,"torch.Size([1, 1, 224, 224])"
case_00115,55,21.73924446105957,0.0,False,"torch.Size([1, 1, 224, 224])"
case_00133,480,20.644664764404297,0.0,False,"torch.Size([1, 1, 224, 224])"
case_00194,495,24.39713478088379,0.0,False,"torch.Size([1, 1, 224, 224])"
case_00154,20,19.25826072692871,0.0,False,"torch.Size([1, 1, 224, 224])"
case_00203,24,19.185781478881836,0.0,False,"torch.Size([1, 1, 224, 224])"
case_00014,204,19.449949264526367,0.0,False,"torch.Size([1, 1, 224, 224])"
case_00113,154,21.703481674194336,0.0,False,"torch.Size([1, 1, 224, 224])"
case_00075,219,19.547224044799805,0.0,False,"torch.Size([1, 1, 224, 224])"
case_00154,456,19.567251205444336,0.0,False,"torch.Size([1, 1, 224, 224])"
case_00194,334,20.85566520690918,0.0,False,"torch.Size([1, 1, 224, 224])"
case_00133,378,19.436120986938477,0.0,False,"torch.Size([1, 1, 224, 224])"
case_00203,228,20.15089988708496,0.0,False,"torch.Size([1, 1, 224, 224])"
case_00133,104,20.845413208007812,0.0,False,"torch.Size([1, 1, 224, 224])"
case_00075,383,19.490957260131836,0.0,False,"torch.Size([1, 1, 224, 224])"
case_00154,305,20.08676528930664,0.0,False,"torch.Size([1, 1, 224, 224])"
case_00125,222,19.387245178222656,0.0,False,"torch.Size([1, 1, 224, 224])"
case_00113,382,20.747900009155273,0.0,True,"torch.Size([1, 1, 224, 224])"
case_00113,207,22.698163986206055,0.0,False,"torch.Size([1, 1, 224, 224])"
case_00115,259,19.59991455078125,0.0,False,"torch.Size([1, 1, 224, 224])"
case_00075,291,20.7672119140625,0.0,False,"torch.Size([1, 1, 224, 224])"
case_00033,106,18.961429595947266,0.0,False,"torch.Size([1, 1, 224, 224])"
case_00133,53,20.977497100830078,0.0,False,"torch.Size([1, 1, 224, 224])"
case_00086,348,20.206212997436523,0.0,False,"torch.Size([1, 1, 224, 224])"
case_00161,142,22.19104766845703,0.0,True,"torch.Size([1, 1, 224, 224])"
case_00113,191,22.76611328125,0.0,False,"torch.Size([1, 1, 224, 224])"
case_00086,295,21.382570266723633,0.0,False,"torch.Size([1, 1, 224, 224])"
case_00161,213,22.55988121032715,0.0,False,"torch.Size([1, 1, 224, 224])"
case_00115,377,18.12267303466797,0.0,False,"torch.Size([1, 1, 224, 224])"
case_00161,276,19.669055938720703,0.0,False,"torch.Size([1, 1, 224, 224])"
case_00203,206,17.31276512145996,0.0,False,"torch.Size([1, 1, 224, 224])"
case_00113,441,19.56486701965332,0.0,True,"torch.Size([1, 1, 224, 224])"
case_00154,158,17.5478458404541,0.0,False,"torch.Size([1, 1, 224, 224])"
case_00154,113,24.811506271362305,0.0,False,"torch.Size([1, 1, 224, 224])"
case_00161,460,23.301124572753906,0.0,False,"torch.Size([1, 1, 224, 224])"
case_00079,132,22.98593521118164,0.0,False,"torch.Size([1, 1, 224, 224])"
case_00079,334,21.08907699584961,0.0,True,"torch.Size([1, 1, 224, 224])"
case_00033,475,17.96102523803711,0.0,False,"torch.Size([1, 1, 224, 224])"
case_00194,435,20.831584930419922,0.0,False,"torch.Size([1, 1, 224, 224])"
case_00102,171,19.512176513671875,0.0,False,"torch.Size([1, 1, 224, 224])"
case_00134,358,20.520687103271484,0.0,True,"torch.Size([1, 1, 224, 224])"
case_00203,171,18.065929412841797,0.0,False,"torch.Size([1, 1, 224, 224])"
case_00079,299,20.196199417114258,0.0,False,"torch.Size([1, 1, 224, 224])"
case_00079,502,19.038677215576172,0.0,False,"torch.Size([1, 1, 224, 224])"
case_00154,298,21.876096725463867,0.0,False,"torch.Size([1, 1, 224, 224])"
case_00161,355,19.983768463134766,0.0,False,"torch.Size([1, 1, 224, 224])"
case_00033,263,19.11759376525879,0.0,False,"torch.Size([1, 1, 224, 224])"
case_00014,191,19.329547882080078,0.0,True,"torch.Size([1, 1, 224, 224])"
case_00102,318,26.638269424438477,0.0,True,"torch.Size([1, 1, 224, 224])"
case_00115,451,23.745298385620117,0.0,False,"torch.Size([1, 1, 224, 224])"
case_00079,0,21.396636962890625,0.0,False,"torch.Size([1, 1, 224, 224])"
case_00161,371,24.892568588256836,0.0,False,"torch.Size([1, 1, 224, 224])"
case_00115,23,19.305706024169922,0.0,False,"torch.Size([1, 1, 224, 224])"
case_00161,86,20.879507064819336,0.0,False,"torch.Size([1, 1, 224, 224])"
case_00113,405,21.581649780273438,0.0,True,"torch.Size([1, 1, 224, 224])"
case_00161,193,18.983125686645508,0.0,False,"torch.Size([1, 1, 224, 224])"
case_00113,449,20.53093910217285,0.0,False,"torch.Size([1, 1, 224, 224])"
case_00079,237,19.437074661254883,0.0,False,"torch.Size([1, 1, 224, 224])"
case_00075,263,20.264148712158203,0.0,False,"torch.Size([1, 1, 224, 224])"
case_00033,177,22.31144905090332,0.0,True,"torch.Size([1, 1, 224, 224])"
case_00154,349,22.04751968383789,0.0,False,"torch.Size([1, 1, 224, 224])"
case_00134,59,21.047353744506836,0.0,False,"torch.Size([1, 1, 224, 224])"
case_00033,424,18.128633499145508,0.0,False,"torch.Size([1, 1, 224, 224])"
case_00079,339,23.116350173950195,0.0,True,"torch.Size([1, 1, 224, 224])"
case_00102,430,23.71692657470703,0.0,False,"torch.Size([1, 1, 224, 224])"
case_00134,69,21.103382110595703,0.0,False,"torch.Size([1, 1, 224, 224])"
case_00033,84,20.104169845581055,0.0,False,"torch.Size([1, 1, 224, 224])"
case_00194,271,21.658897399902344,0.0,False,"torch.Size([1, 1, 224, 224])"
case_00075,110,19.80733871459961,0.0,False,"torch.Size([1, 1, 224, 224])"
case_00033,62,19.49453353881836,0.0,False,"torch.Size([1, 1, 224, 224])"
case_00115,29,19.241809844970703,0.0,False,"torch.Size([1, 1, 224, 224])"
case_00133,256,21.535158157348633,0.0,False,"torch.Size([1, 1, 224, 224])"
case_00079,288,20.038366317749023,0.0,False,"torch.Size([1, 1, 224, 224])"
case_00033,149,19.2716121673584,0.0,False,"torch.Size([1, 1, 224, 224])"
case_00125,159,20.83873748779297,0.0,False,"torch.Size([1, 1, 224, 224])"
case_00125,132,18.90254020690918,0.0,False,"torch.Size([1, 1, 224, 224])"
case_00033,384,19.21987533569336,0.0,False,"torch.Size([1, 1, 224, 224])"
case_00102,75,19.20771598815918,0.0,False,"torch.Size([1, 1, 224, 224])"
case_00014,401,19.116878509521484,0.0,False,"torch.Size([1, 1, 224, 224])"
case_00203,71,18.105030059814453,0.0,False,"torch.Size([1, 1, 224, 224])"
case_00075,155,19.725561141967773,0.0,False,"torch.Size([1, 1, 224, 224])"
case_00203,111,20.11251449584961,0.0,False,"torch.Size([1, 1, 224, 224])"
case_00079,263,24.55902099609375,0.0,False,"torch.Size([1, 1, 224, 224])"
case_00102,49,17.99488067626953,0.0,False,"torch.Size([1, 1, 224, 224])"
case_00203,244,19.375085830688477,0.0,False,"torch.Size([1, 1, 224, 224])"
case_00115,263,18.109560012817383,0.0,False,"torch.Size([1, 1, 224, 224])"
case_00079,452,19.986867904663086,0.0,True,"torch.Size([1, 1, 224, 224])"
case_00134,31,21.95119857788086,0.0,False,"torch.Size([1, 1, 224, 224])"
case_00133,342,20.531892776489258,0.0,False,"torch.Size([1, 1, 224, 224])"
case_00154,437,17.70782470703125,0.0,False,"torch.Size([1, 1, 224, 224])"
case_00079,382,19.33741569519043,0.0,True,"torch.Size([1, 1, 224, 224])"
case_00115,503,18.91160011291504,0.0,False,"torch.Size([1, 1, 224, 224])"
case_00194,76,20.472049713134766,0.0,False,"torch.Size([1, 1, 224, 224])"
case_00014,350,24.98459815979004,0.0,False,"torch.Size([1, 1, 224, 224])"
case_00115,94,20.49565315246582,0.0,False,"torch.Size([1, 1, 224, 224])"
case_00154,367,17.86017417907715,0.0,False,"torch.Size([1, 1, 224, 224])"
case_00154,177,18.83387565612793,0.0,False,"torch.Size([1, 1, 224, 224])"
case_00033,248,19.219160079956055,0.0,False,"torch.Size([1, 1, 224, 224])"
case_00125,388,20.001888275146484,0.0,False,"torch.Size([1, 1, 224, 224])"
case_00154,471,17.933130264282227,0.0,False,"torch.Size([1, 1, 224, 224])"
case_00033,58,18.587350845336914,0.0,False,"torch.Size([1, 1, 224, 224])"
case_00086,7,17.886638641357422,0.0,False,"torch.Size([1, 1, 224, 224])"
case_00133,491,18.789052963256836,0.0,False,"torch.Size([1, 1, 224, 224])"
case_00154,90,19.695043563842773,0.0,False,"torch.Size([1, 1, 224, 224])"
case_00113,33,24.715423583984375,0.0,False,"torch.Size([1, 1, 224, 224])"
case_00125,148,27.283906936645508,0.0,False,"torch.Size([1, 1, 224, 224])"
case_00154,272,21.500587463378906,0.0,False,"torch.Size([1, 1, 224, 224])"
case_00194,171,19.85955238342285,0.0,True,"torch.Size([1, 1, 224, 224])"
case_00133,101,22.350549697875977,0.0,False,"torch.Size([1, 1, 224, 224])"
case_00014,52,18.758296966552734,0.0,False,"torch.Size([1, 1, 224, 224])"
case_00133,88,20.009756088256836,0.0,False,"torch.Size([1, 1, 224, 224])"
case_00113,319,19.034862518310547,0.0,True,"torch.Size([1, 1, 224, 224])"
case_00134,55,20.78080177307129,0.0,False,"torch.Size([1, 1, 224, 224])"
case_00194,108,19.174814224243164,0.0,False,"torch.Size([1, 1, 224, 224])"
case_00079,362,20.07293701171875,0.0,True,"torch.Size([1, 1, 224, 224])"
case_00079,123,21.458864212036133,0.0,False,"torch.Size([1, 1, 224, 224])"
case_00086,344,20.305156707763672,0.0,False,"torch.Size([1, 1, 224, 224])"
case_00075,337,20.798206329345703,0.0,True,"torch.Size([1, 1, 224, 224])"
case_00102,421,26.56269073486328,0.0,True,"torch.Size([1, 1, 224, 224])"
case_00194,129,20.642757415771484,0.0,False,"torch.Size([1, 1, 224, 224])"
case_00134,114,19.846439361572266,0.0,False,"torch.Size([1, 1, 224, 224])"
case_00033,165,20.365476608276367,0.0,False,"torch.Size([1, 1, 224, 224])"
case_00086,53,20.4010009765625,0.0,False,"torch.Size([1, 1, 224, 224])"
case_00194,215,22.686481475830078,0.0,False,"torch.Size([1, 1, 224, 224])"
case_00161,281,23.450613021850586,0.0,False,"torch.Size([1, 1, 224, 224])"
case_00079,114,21.197795867919922,0.0,False,"torch.Size([1, 1, 224, 224])"
case_00194,343,22.108793258666992,0.0,False,"torch.Size([1, 1, 224, 224])"
case_00113,146,19.453763961791992,0.0,False,"torch.Size([1, 1, 224, 224])"
case_00086,507,19.44708824157715,0.0,False,"torch.Size([1, 1, 224, 224])"
case_00086,61,19.524574279785156,0.0,False,"torch.Size([1, 1, 224, 224])"
case_00079,14,19.263267517089844,0.0,False,"torch.Size([1, 1, 224, 224])"
case_00033,117,18.9056396484375,0.0,False,"torch.Size([1, 1, 224, 224])"
case_00075,270,21.00396156311035,0.0,False,"torch.Size([1, 1, 224, 224])"
case_00203,507,19.315242767333984,0.0,False,"torch.Size([1, 1, 224, 224])"
case_00113,204,21.018266677856445,0.0,False,"torch.Size([1, 1, 224, 224])"
case_00102,8,18.973827362060547,0.0,False,"torch.Size([1, 1, 224, 224])"
case_00033,30,20.737409591674805,0.0,False,"torch.Size([1, 1, 224, 224])"
case_00134,12,19.280195236206055,0.0,False,"torch.Size([1, 1, 224, 224])"
case_00161,337,20.77317237854004,0.0,False,"torch.Size([1, 1, 224, 224])"
case_00086,314,19.126415252685547,0.0,False,"torch.Size([1, 1, 224, 224])"
case_00086,282,20.452022552490234,0.0,False,"torch.Size([1, 1, 224, 224])"
case_00154,412,19.608020782470703,0.0,False,"torch.Size([1, 1, 224, 224])"
case_00154,250,21.407127380371094,0.0,False,"torch.Size([1, 1, 224, 224])"
case_00079,487,20.987510681152344,0.0,False,"torch.Size([1, 1, 224, 224])"
case_00194,123,22.71890640258789,0.0,False,"torch.Size([1, 1, 224, 224])"
case_00194,219,19.513368606567383,0.0,False,"torch.Size([1, 1, 224, 224])"
case_00154,421,19.69432830810547,0.0,False,"torch.Size([1, 1, 224, 224])"
case_00113,80,20.422935485839844,0.0,False,"torch.Size([1, 1, 224, 224])"
case_00014,112,19.363880157470703,0.0,False,"torch.Size([1, 1, 224, 224])"
case_00154,511,20.467758178710938,0.0,False,"torch.Size([1, 1, 224, 224])"
case_00102,220,19.38652992248535,0.0,False,"torch.Size([1, 1, 224, 224])"
case_00014,353,20.45297622680664,0.0,False,"torch.Size([1, 1, 224, 224])"
case_00161,94,19.453048706054688,0.0,False,"torch.Size([1, 1, 224, 224])"
case_00203,250,18.89944076538086,0.0,False,"torch.Size([1, 1, 224, 224])"
case_00133,511,20.783185958862305,0.0,False,"torch.Size([1, 1, 224, 224])"
case_00014,127,19.45328712463379,0.0,False,"torch.Size([1, 1, 224, 224])"
case_00134,375,21.2857723236084,0.0,True,"torch.Size([1, 1, 224, 224])"
case_00079,325,21.878719329833984,0.0,True,"torch.Size([1, 1, 224, 224])"
case_00014,366,25.80881118774414,0.0,False,"torch.Size([1, 1, 224, 224])"
case_00154,348,19.1347599029541,0.0,False,"torch.Size([1, 1, 224, 224])"
case_00133,420,21.107912063598633,0.0,False,"torch.Size([1, 1, 224, 224])"
case_00014,281,19.00172233581543,0.0,False,"torch.Size([1, 1, 224, 224])"
case_00033,92,21.52085304260254,0.0,False,"torch.Size([1, 1, 224, 224])"
case_00014,3,19.43039894104004,0.0,False,"torch.Size([1, 1, 224, 224])"
case_00194,181,20.86949348449707,0.0,True,"torch.Size([1, 1, 224, 224])"
case_00125,411,19.164085388183594,0.0,False,"torch.Size([1, 1, 224, 224])"
case_00194,299,18.711090087890625,0.0,False,"torch.Size([1, 1, 224, 224])"
case_00079,253,19.74964141845703,0.0,False,"torch.Size([1, 1, 224, 224])"
case_00125,337,21.54994010925293,0.0,False,"torch.Size([1, 1, 224, 224])"
case_00113,145,19.833803176879883,0.0,False,"torch.Size([1, 1, 224, 224])"
case_00133,266,19.787311553955078,0.0,False,"torch.Size([1, 1, 224, 224])"
case_00203,423,20.015716552734375,0.0,True,"torch.Size([1, 1, 224, 224])"
case_00079,10,22.68075942993164,0.0,False,"torch.Size([1, 1, 224, 224])"
case_00075,306,18.06950569152832,0.0,False,"torch.Size([1, 1, 224, 224])"
case_00033,376,20.131587982177734,0.0,False,"torch.Size([1, 1, 224, 224])"
case_00086,472,19.192934036254883,0.0,False,"torch.Size([1, 1, 224, 224])"
case_00154,503,19.6688175201416,0.0,False,"torch.Size([1, 1, 224, 224])"
case_00203,314,23.848533630371094,0.0,False,"torch.Size([1, 1, 224, 224])"
case_00075,266,22.81808853149414,0.0,False,"torch.Size([1, 1, 224, 224])"
case_00079,500,19.89269256591797,0.0,False,"torch.Size([1, 1, 224, 224])"
case_00113,71,23.175716400146484,0.0,False,"torch.Size([1, 1, 224, 224])"
case_00115,418,19.719839096069336,0.0,False,"torch.Size([1, 1, 224, 224])"
case_00086,94,20.60675621032715,0.0,False,"torch.Size([1, 1, 224, 224])"
case_00134,260,24.75452423095703,0.0,False,"torch.Size([1, 1, 224, 224])"
case_00014,276,22.69887924194336,0.0,False,"torch.Size([1, 1, 224, 224])"
case_00014,98,18.9669132232666,0.0,False,"torch.Size([1, 1, 224, 224])"
case_00113,458,20.090818405151367,0.0,False,"torch.Size([1, 1, 224, 224])"
case_00079,204,19.04296875,0.0,False,"torch.Size([1, 1, 224, 224])"
case_00161,458,20.44200897216797,0.0,False,"torch.Size([1, 1, 224, 224])"
case_00033,428,19.0126895904541,0.0,False,"torch.Size([1, 1, 224, 224])"
case_00154,314,22.196292877197266,0.0,True,"torch.Size([1, 1, 224, 224])"
case_00014,369,19.7603702545166,0.0,False,"torch.Size([1, 1, 224, 224])"
case_00194,460,27.348995208740234,0.0,False,"torch.Size([1, 1, 224, 224])"
case_00125,107,19.18196678161621,0.0,False,"torch.Size([1, 1, 224, 224])"
case_00194,154,20.48492431640625,0.0,False,"torch.Size([1, 1, 224, 224])"
case_00161,272,19.55389976501465,0.0,False,"torch.Size([1, 1, 224, 224])"
case_00134,74,20.473003387451172,0.0,False,"torch.Size([1, 1, 224, 224])"
case_00086,153,20.157337188720703,0.0,False,"torch.Size([1, 1, 224, 224])"
case_00133,208,22.171974182128906,0.0,False,"torch.Size([1, 1, 224, 224])"
case_00075,336,19.844770431518555,0.0,True,"torch.Size([1, 1, 224, 224])"
case_00075,276,26.777982711791992,0.0,False,"torch.Size([1, 1, 224, 224])"
case_00154,336,19.327878952026367,0.0,True,"torch.Size([1, 1, 224, 224])"
case_00014,383,24.428129196166992,0.0,False,"torch.Size([1, 1, 224, 224])"
case_00014,9,21.932363510131836,0.0,False,"torch.Size([1, 1, 224, 224])"
case_00102,65,23.69999885559082,0.0,False,"torch.Size([1, 1, 224, 224])"
case_00161,233,18.88132095336914,0.0,False,"torch.Size([1, 1, 224, 224])"
case_00125,468,21.300554275512695,0.0,False,"torch.Size([1, 1, 224, 224])"
case_00014,502,18.60976219177246,0.0,False,"torch.Size([1, 1, 224, 224])"
case_00134,425,22.927284240722656,0.0,False,"torch.Size([1, 1, 224, 224])"
case_00134,269,20.54619789123535,0.0,False,"torch.Size([1, 1, 224, 224])"
case_00161,134,20.787715911865234,0.0,True,"torch.Size([1, 1, 224, 224])"
case_00102,460,24.703502655029297,0.0,False,"torch.Size([1, 1, 224, 224])"
case_00133,296,22.17888832092285,0.0,False,"torch.Size([1, 1, 224, 224])"
case_00113,222,24.70231056213379,0.0,False,"torch.Size([1, 1, 224, 224])"
case_00115,463,22.536516189575195,0.0,False,"torch.Size([1, 1, 224, 224])"
case_00125,230,25.46548843383789,0.0,False,"torch.Size([1, 1, 224, 224])"
case_00033,256,18.770694732666016,0.0,False,"torch.Size([1, 1, 224, 224])"
case_00134,440,20.405292510986328,0.0,False,"torch.Size([1, 1, 224, 224])"
case_00033,29,18.78952980041504,0.0,False,"torch.Size([1, 1, 224, 224])"
case_00161,91,21.106719970703125,0.0,False,"torch.Size([1, 1, 224, 224])"
case_00125,0,18.596172332763672,0.0,False,"torch.Size([1, 1, 224, 224])"
case_00113,345,21.634578704833984,0.0,True,"torch.Size([1, 1, 224, 224])"
case_00194,472,18.344402313232422,0.0,False,"torch.Size([1, 1, 224, 224])"
case_00134,503,21.888017654418945,0.0,False,"torch.Size([1, 1, 224, 224])"
case_00075,290,21.33488655090332,0.0,False,"torch.Size([1, 1, 224, 224])"
case_00113,365,21.313905715942383,0.0,True,"torch.Size([1, 1, 224, 224])"
case_00194,121,26.274442672729492,0.0,False,"torch.Size([1, 1, 224, 224])"
case_00102,153,19.369125366210938,0.0,False,"torch.Size([1, 1, 224, 224])"
case_00086,511,20.859718322753906,0.0,False,"torch.Size([1, 1, 224, 224])"
case_00194,315,19.35744285583496,0.0,False,"torch.Size([1, 1, 224, 224])"
case_00203,14,19.170522689819336,0.0,False,"torch.Size([1, 1, 224, 224])"
case_00203,452,19.366979598999023,0.0,False,"torch.Size([1, 1, 224, 224])"
case_00154,334,19.199609756469727,0.0,True,"torch.Size([1, 1, 224, 224])"
case_00086,188,22.083520889282227,0.0,False,"torch.Size([1, 1, 224, 224])"
case_00079,401,20.722150802612305,0.0,True,"torch.Size([1, 1, 224, 224])"
case_00102,2,24.709463119506836,0.0,False,"torch.Size([1, 1, 224, 224])"
case_00203,306,19.001245498657227,0.0,False,"torch.Size([1, 1, 224, 224])"
case_00075,411,20.94864845275879,0.0,False,"torch.Size([1, 1, 224, 224])"
case_00102,211,18.996238708496094,0.0,False,"torch.Size([1, 1, 224, 224])"
case_00075,18,20.62511444091797,0.0,False,"torch.Size([1, 1, 224, 224])"
case_00154,200,18.889665603637695,0.0,False,"torch.Size([1, 1, 224, 224])"
case_00133,448,20.811796188354492,0.0,False,"torch.Size([1, 1, 224, 224])"
case_00102,360,19.293785095214844,0.0,True,"torch.Size([1, 1, 224, 224])"
case_00075,271,19.448518753051758,0.0,False,"torch.Size([1, 1, 224, 224])"
case_00075,307,19.49763298034668,0.0,False,"torch.Size([1, 1, 224, 224])"
case_00014,313,22.109031677246094,0.0,False,"torch.Size([1, 1, 224, 224])"
case_00194,49,20.495176315307617,0.0,False,"torch.Size([1, 1, 224, 224])"
case_00086,368,27.301549911499023,0.0,False,"torch.Size([1, 1, 224, 224])"
case_00194,142,20.299911499023438,0.0,False,"torch.Size([1, 1, 224, 224])"
case_00133,502,19.402265548706055,0.0,False,"torch.Size([1, 1, 224, 224])"
case_00125,113,20.677804946899414,0.0,False,"torch.Size([1, 1, 224, 224])"
case_00125,165,20.0650691986084,0.0,False,"torch.Size([1, 1, 224, 224])"
case_00075,90,20.910978317260742,0.0,False,"torch.Size([1, 1, 224, 224])"
case_00161,365,19.51003074645996,0.0,False,"torch.Size([1, 1, 224, 224])"
case_00014,326,19.22774314880371,0.0,False,"torch.Size([1, 1, 224, 224])"
case_00086,466,21.030187606811523,0.0,False,"torch.Size([1, 1, 224, 224])"
case_00203,311,19.190073013305664,0.0,False,"torch.Size([1, 1, 224, 224])"
case_00115,267,20.847797393798828,0.0,False,"torch.Size([1, 1, 224, 224])"
case_00161,229,19.16813850402832,0.0,False,"torch.Size([1, 1, 224, 224])"
case_00075,6,20.257949829101562,0.0,False,"torch.Size([1, 1, 224, 224])"
case_00086,460,19.061803817749023,0.0,False,"torch.Size([1, 1, 224, 224])"
case_00134,386,28.264999389648438,0.0,False,"torch.Size([1, 1, 224, 224])"
case_00079,411,19.561290740966797,0.0,True,"torch.Size([1, 1, 224, 224])"
case_00194,117,25.05946159362793,0.0,False,"torch.Size([1, 1, 224, 224])"
case_00133,304,23.68617057800293,0.0,False,"torch.Size([1, 1, 224, 224])"
case_00154,249,19.541263580322266,0.0,False,"torch.Size([1, 1, 224, 224])"
case_00079,45,21.208524703979492,0.0,False,"torch.Size([1, 1, 224, 224])"
case_00086,142,18.607616424560547,0.0,False,"torch.Size([1, 1, 224, 224])"
case_00113,265,20.132064819335938,0.0,False,"torch.Size([1, 1, 224, 224])"
case_00115,252,19.817590713500977,0.0,False,"torch.Size([1, 1, 224, 224])"
case_00194,470,20.875930786132812,0.0,False,"torch.Size([1, 1, 224, 224])"
case_00033,195,18.57614517211914,0.0,True,"torch.Size([1, 1, 224, 224])"
case_00154,293,22.082805633544922,0.0,False,"torch.Size([1, 1, 224, 224])"
case_00203,152,20.426034927368164,0.0,False,"torch.Size([1, 1, 224, 224])"
case_00113,343,22.208213806152344,0.0,True,"torch.Size([1, 1, 224, 224])"
case_00154,234,19.194841384887695,0.0,False,"torch.Size([1, 1, 224, 224])"
case_00154,444,21.772384643554688,0.0,False,"torch.Size([1, 1, 224, 224])"
case_00102,473,18.987655639648438,0.0,False,"torch.Size([1, 1, 224, 224])"
case_00079,406,21.152973175048828,0.0,True,"torch.Size([1, 1, 224, 224])"
case_00113,439,24.006366729736328,0.0,True,"torch.Size([1, 1, 224, 224])"
case_00079,443,24.483919143676758,0.0,True,"torch.Size([1, 1, 224, 224])"
case_00014,104,19.568443298339844,0.0,False,"torch.Size([1, 1, 224, 224])"
case_00133,421,19.915103912353516,0.0,False,"torch.Size([1, 1, 224, 224])"
case_00133,315,25.719404220581055,0.0,False,"torch.Size([1, 1, 224, 224])"
case_00125,386,24.200439453125,0.0,False,"torch.Size([1, 1, 224, 224])"
case_00014,467,19.0126895904541,0.0,False,"torch.Size([1, 1, 224, 224])"
case_00194,430,20.874738693237305,0.0,False,"torch.Size([1, 1, 224, 224])"
case_00125,471,18.822908401489258,0.0,False,"torch.Size([1, 1, 224, 224])"
case_00075,80,19.520044326782227,0.0,False,"torch.Size([1, 1, 224, 224])"
case_00113,245,19.179344177246094,0.0,False,"torch.Size([1, 1, 224, 224])"
case_00033,21,19.488811492919922,0.0,False,"torch.Size([1, 1, 224, 224])"
case_00154,77,19.495487213134766,0.0,False,"torch.Size([1, 1, 224, 224])"
case_00203,245,19.565343856811523,0.0,False,"torch.Size([1, 1, 224, 224])"
case_00086,436,20.681381225585938,0.0,False,"torch.Size([1, 1, 224, 224])"
case_00014,165,18.912315368652344,0.0,False,"torch.Size([1, 1, 224, 224])"
case_00203,49,20.026683807373047,0.0,False,"torch.Size([1, 1, 224, 224])"
case_00133,213,19.287109375,0.0,False,"torch.Size([1, 1, 224, 224])"
case_00086,235,21.158456802368164,0.0,False,"torch.Size([1, 1, 224, 224])"
case_00102,409,18.95737648010254,0.0,True,"torch.Size([1, 1, 224, 224])"
case_00113,1,21.558523178100586,0.0,False,"torch.Size([1, 1, 224, 224])"
case_00113,262,20.524263381958008,0.0,False,"torch.Size([1, 1, 224, 224])"
case_00133,294,21.924257278442383,0.0,False,"torch.Size([1, 1, 224, 224])"
case_00115,474,19.23084259033203,0.0,False,"torch.Size([1, 1, 224, 224])"
case_00194,408,21.77286148071289,0.0,False,"torch.Size([1, 1, 224, 224])"
case_00079,349,20.462989807128906,0.0,True,"torch.Size([1, 1, 224, 224])"
case_00133,69,23.69546890258789,0.0,False,"torch.Size([1, 1, 224, 224])"
case_00154,33,19.153118133544922,0.0,False,"torch.Size([1, 1, 224, 224])"
case_00113,275,20.497798919677734,0.0,False,"torch.Size([1, 1, 224, 224])"
case_00154,399,19.098520278930664,0.0,False,"torch.Size([1, 1, 224, 224])"
case_00154,197,20.31874656677246,0.0,False,"torch.Size([1, 1, 224, 224])"
case_00102,354,19.042015075683594,0.0,True,"torch.Size([1, 1, 224, 224])"
case_00113,358,21.54064178466797,0.0,True,"torch.Size([1, 1, 224, 224])"
case_00033,210,19.971132278442383,0.0,False,"torch.Size([1, 1, 224, 224])"
case_00113,498,19.852876663208008,0.0,False,"torch.Size([1, 1, 224, 224])"
case_00154,450,19.109725952148438,0.0,False,"torch.Size([1, 1, 224, 224])"
case_00113,188,21.939516067504883,0.0,False,"torch.Size([1, 1, 224, 224])"
case_00086,128,19.53911781311035,0.0,False,"torch.Size([1, 1, 224, 224])"
case_00133,119,23.17643165588379,0.0,False,"torch.Size([1, 1, 224, 224])"
case_00102,132,21.787405014038086,0.0,False,"torch.Size([1, 1, 224, 224])"
case_00086,420,21.767854690551758,0.0,False,"torch.Size([1, 1, 224, 224])"
case_00014,363,19.10257339477539,0.0,False,"torch.Size([1, 1, 224, 224])"
case_00115,92,21.00086212158203,0.0,False,"torch.Size([1, 1, 224, 224])"
case_00125,489,19.267797470092773,0.0,False,"torch.Size([1, 1, 224, 224])"
case_00133,434,21.715164184570312,0.0,False,"torch.Size([1, 1, 224, 224])"
case_00014,453,18.805742263793945,0.0,False,"torch.Size([1, 1, 224, 224])"
case_00079,74,20.841360092163086,0.0,False,"torch.Size([1, 1, 224, 224])"
case_00203,355,18.72873306274414,0.0,False,"torch.Size([1, 1, 224, 224])"
case_00102,249,20.86162567138672,0.0,False,"torch.Size([1, 1, 224, 224])"
case_00102,243,19.005537033081055,0.0,False,"torch.Size([1, 1, 224, 224])"
case_00086,330,20.450830459594727,0.0,False,"torch.Size([1, 1, 224, 224])"
case_00113,0,18.92375946044922,0.0,False,"torch.Size([1, 1, 224, 224])"
case_00154,459,19.17290687561035,0.0,False,"torch.Size([1, 1, 224, 224])"
case_00115,144,18.994569778442383,0.0,False,"torch.Size([1, 1, 224, 224])"
case_00086,161,22.58610725402832,0.0,False,"torch.Size([1, 1, 224, 224])"
case_00086,382,20.48182487487793,0.0,True,"torch.Size([1, 1, 224, 224])"
case_00079,444,21.619796752929688,0.0,True,"torch.Size([1, 1, 224, 224])"
case_00133,366,18.465280532836914,0.0,False,"torch.Size([1, 1, 224, 224])"
case_00075,427,19.556283950805664,0.0,False,"torch.Size([1, 1, 224, 224])"
case_00125,266,19.73104476928711,0.0,False,"torch.Size([1, 1, 224, 224])"
case_00125,305,20.728111267089844,0.0,False,"torch.Size([1, 1, 224, 224])"
case_00102,364,19.201278686523438,0.0,True,"torch.Size([1, 1, 224, 224])"
case_00134,182,23.69999885559082,0.0,False,"torch.Size([1, 1, 224, 224])"
case_00086,349,21.855831146240234,0.0,False,"torch.Size([1, 1, 224, 224])"
case_00203,72,19.35720443725586,0.0,False,"torch.Size([1, 1, 224, 224])"
case_00203,212,19.11163330078125,0.0,False,"torch.Size([1, 1, 224, 224])"
case_00203,367,18.542766571044922,0.0,False,"torch.Size([1, 1, 224, 224])"
case_00113,90,19.501686096191406,0.0,False,"torch.Size([1, 1, 224, 224])"
case_00014,105,18.516063690185547,0.0,False,"torch.Size([1, 1, 224, 224])"
case_00075,103,19.39702033996582,0.0,False,"torch.Size([1, 1, 224, 224])"
case_00115,331,18.506765365600586,0.0,True,"torch.Size([1, 1, 224, 224])"
case_00115,399,20.63584327697754,0.0,False,"torch.Size([1, 1, 224, 224])"
case_00125,430,19.826412200927734,0.0,False,"torch.Size([1, 1, 224, 224])"
case_00086,375,19.948244094848633,0.0,True,"torch.Size([1, 1, 224, 224])"
case_00133,118,21.436214447021484,0.0,False,"torch.Size([1, 1, 224, 224])"
case_00079,133,19.910812377929688,0.0,False,"torch.Size([1, 1, 224, 224])"
case_00075,472,20.6298828125,0.0,False,"torch.Size([1, 1, 224, 224])"
case_00154,57,18.857240676879883,0.0,False,"torch.Size([1, 1, 224, 224])"
case_00075,115,20.339488983154297,0.0,False,"torch.Size([1, 1, 224, 224])"
case_00161,294,20.055294036865234,0.0,False,"torch.Size([1, 1, 224, 224])"
case_00194,82,20.771265029907227,0.0,False,"torch.Size([1, 1, 224, 224])"
case_00086,421,19.708633422851562,0.0,False,"torch.Size([1, 1, 224, 224])"
case_00115,335,19.801616668701172,0.0,True,"torch.Size([1, 1, 224, 224])"
case_00014,381,19.954204559326172,0.0,False,"torch.Size([1, 1, 224, 224])"
case_00115,488,22.100448608398438,0.0,False,"torch.Size([1, 1, 224, 224])"
case_00033,122,19.750356674194336,0.0,False,"torch.Size([1, 1, 224, 224])"
case_00102,27,21.36707305908203,0.0,False,"torch.Size([1, 1, 224, 224])"
case_00033,231,19.3634033203125,0.0,False,"torch.Size([1, 1, 224, 224])"
case_00079,318,20.783185958862305,0.0,False,"torch.Size([1, 1, 224, 224])"
case_00033,255,18.88585090637207,0.0,False,"torch.Size([1, 1, 224, 224])"
case_00075,212,20.409107208251953,0.0,False,"torch.Size([1, 1, 224, 224])"
case_00161,416,18.752336502075195,0.0,False,"torch.Size([1, 1, 224, 224])"
case_00203,428,19.174575805664062,0.0,False,"torch.Size([1, 1, 224, 224])"
case_00102,385,19.425392150878906,0.0,True,"torch.Size([1, 1, 224, 224])"
case_00079,383,19.493579864501953,0.0,True,"torch.Size([1, 1, 224, 224])"
case_00125,293,21.40641212463379,0.0,False,"torch.Size([1, 1, 224, 224])"
case_00194,449,19.466161727905273,0.0,False,"torch.Size([1, 1, 224, 224])"
case_00134,53,21.6524600982666,0.0,False,"torch.Size([1, 1, 224, 224])"
case_00014,312,19.991159439086914,0.0,False,"torch.Size([1, 1, 224, 224])"
case_00194,64,21.704912185668945,0.0,False,"torch.Size([1, 1, 224, 224])"
case_00086,41,18.641948699951172,0.0,False,"torch.Size([1, 1, 224, 224])"
case_00161,410,20.293235778808594,0.0,False,"torch.Size([1, 1, 224, 224])"
case_00075,510,18.651962280273438,0.0,False,"torch.Size([1, 1, 224, 224])"
case_00134,131,20.374298095703125,0.0,False,"torch.Size([1, 1, 224, 224])"
case_00115,196,22.552013397216797,0.0,False,"torch.Size([1, 1, 224, 224])"
case_00014,241,21.654129028320312,0.0,False,"torch.Size([1, 1, 224, 224])"
case_00079,417,24.48248863220215,0.0,True,"torch.Size([1, 1, 224, 224])"
case_00014,285,19.879579544067383,0.0,False,"torch.Size([1, 1, 224, 224])"
case_00154,285,18.945932388305664,0.0,False,"torch.Size([1, 1, 224, 224])"
case_00125,457,19.72198486328125,0.0,False,"torch.Size([1, 1, 224, 224])"
case_00014,491,18.602848052978516,0.0,False,"torch.Size([1, 1, 224, 224])"
case_00075,450,19.768953323364258,0.0,False,"torch.Size([1, 1, 224, 224])"
case_00014,144,18.703937530517578,0.0,False,"torch.Size([1, 1, 224, 224])"
case_00086,185,19.790172576904297,0.0,False,"torch.Size([1, 1, 224, 224])"
case_00079,465,20.932435989379883,0.0,True,"torch.Size([1, 1, 224, 224])"
case_00079,485,20.606279373168945,0.0,False,"torch.Size([1, 1, 224, 224])"
case_00125,503,19.903182983398438,0.0,False,"torch.Size([1, 1, 224, 224])"
case_00203,259,19.036293029785156,0.0,False,"torch.Size([1, 1, 224, 224])"
case_00161,362,20.98393440246582,0.0,False,"torch.Size([1, 1, 224, 224])"
case_00075,345,19.0889835357666,0.0,True,"torch.Size([1, 1, 224, 224])"
case_00014,143,21.792173385620117,0.0,False,"torch.Size([1, 1, 224, 224])"
case_00075,114,20.410537719726562,0.0,False,"torch.Size([1, 1, 224, 224])"
case_00161,457,22.63641357421875,0.0,False,"torch.Size([1, 1, 224, 224])"
case_00133,432,24.22928810119629,0.0,False,"torch.Size([1, 1, 224, 224])"
case_00133,289,29.94704246520996,0.0,False,"torch.Size([1, 1, 224, 224])"
case_00086,283,25.153160095214844,0.0,False,"torch.Size([1, 1, 224, 224])"
case_00033,261,19.553184509277344,0.0,False,"torch.Size([1, 1, 224, 224])"
case_00133,453,20.70903778076172,0.0,False,"torch.Size([1, 1, 224, 224])"
case_00113,482,19.881248474121094,0.0,False,"torch.Size([1, 1, 224, 224])"
case_00154,404,19.690990447998047,0.0,False,"torch.Size([1, 1, 224, 224])"
case_00161,473,20.756006240844727,0.0,False,"torch.Size([1, 1, 224, 224])"
case_00154,415,20.703554153442383,0.0,False,"torch.Size([1, 1, 224, 224])"
case_00113,283,25.287628173828125,0.0,False,"torch.Size([1, 1, 224, 224])"
case_00133,508,20.436763763427734,0.0,False,"torch.Size([1, 1, 224, 224])"
case_00014,37,21.35610580444336,0.0,False,"torch.Size([1, 1, 224, 224])"
case_00086,357,28.27739715576172,0.0,False,"torch.Size([1, 1, 224, 224])"
case_00014,39,19.945144653320312,0.0,False,"torch.Size([1, 1, 224, 224])"
case_00033,380,19.6077823638916,0.0,False,"torch.Size([1, 1, 224, 224])"
case_00079,494,21.267175674438477,0.0,False,"torch.Size([1, 1, 224, 224])"
case_00154,163,20.93362808227539,0.0,False,"torch.Size([1, 1, 224, 224])"
case_00134,395,24.686574935913086,0.0,False,"torch.Size([1, 1, 224, 224])"
case_00086,231,19.07658576965332,0.0,False,"torch.Size([1, 1, 224, 224])"
case_00014,171,20.572900772094727,0.0,True,"torch.Size([1, 1, 224, 224])"
case_00075,320,19.91415023803711,0.0,False,"torch.Size([1, 1, 224, 224])"
case_00079,490,23.573637008666992,0.0,False,"torch.Size([1, 1, 224, 224])"
case_00154,316,19.04749870300293,0.0,True,"torch.Size([1, 1, 224, 224])"
case_00125,226,22.406339645385742,0.0,False,"torch.Size([1, 1, 224, 224])"
case_00115,340,26.809215545654297,0.0,True,"torch.Size([1, 1, 224, 224])"
case_00161,304,22.614002227783203,0.0,False,"torch.Size([1, 1, 224, 224])"
case_00203,448,18.369674682617188,0.0,False,"torch.Size([1, 1, 224, 224])"
case_00125,478,19.89603042602539,0.0,False,"torch.Size([1, 1, 224, 224])"
case_00125,418,18.245697021484375,0.0,False,"torch.Size([1, 1, 224, 224])"
case_00079,430,20.067453384399414,0.0,True,"torch.Size([1, 1, 224, 224])"
case_00113,94,18.81265640258789,0.0,False,"torch.Size([1, 1, 224, 224])"
case_00134,57,18.58687400817871,0.0,False,"torch.Size([1, 1, 224, 224])"
case_00133,334,26.87859535217285,0.0,False,"torch.Size([1, 1, 224, 224])"
case_00113,91,24.187803268432617,0.0,False,"torch.Size([1, 1, 224, 224])"
case_00133,372,19.70076560974121,0.0,False,"torch.Size([1, 1, 224, 224])"
case_00033,494,19.977331161499023,0.0,False,"torch.Size([1, 1, 224, 224])"
case_00086,376,21.694183349609375,0.0,True,"torch.Size([1, 1, 224, 224])"
case_00014,387,25.004148483276367,0.0,False,"torch.Size([1, 1, 224, 224])"
case_00154,455,22.985219955444336,0.0,False,"torch.Size([1, 1, 224, 224])"
case_00075,57,20.292997360229492,0.0,False,"torch.Size([1, 1, 224, 224])"
case_00014,30,19.81520652770996,0.0,False,"torch.Size([1, 1, 224, 224])"
case_00194,425,24.78194236755371,0.0,False,"torch.Size([1, 1, 224, 224])"
case_00014,426,19.66381072998047,0.0,False,"torch.Size([1, 1, 224, 224])"
case_00086,379,21.425962448120117,0.0,True,"torch.Size([1, 1, 224, 224])"
case_00014,57,17.767906188964844,0.0,False,"torch.Size([1, 1, 224, 224])"
case_00033,471,20.359039306640625,0.0,False,"torch.Size([1, 1, 224, 224])"
case_00134,248,19.55389976501465,0.0,False,"torch.Size([1, 1, 224, 224])"
case_00115,409,21.33321762084961,0.0,False,"torch.Size([1, 1, 224, 224])"
case_00113,424,19.78015899658203,0.0,True,"torch.Size([1, 1, 224, 224])"
case_00115,433,25.14934539794922,0.0,False,"torch.Size([1, 1, 224, 224])"
case_00154,70,20.560264587402344,0.0,False,"torch.Size([1, 1, 224, 224])"
case_00194,170,27.173995971679688,0.0,True,"torch.Size([1, 1, 224, 224])"
case_00133,381,24.318695068359375,0.0,False,"torch.Size([1, 1, 224, 224])"
case_00154,299,23.041725158691406,0.0,False,"torch.Size([1, 1, 224, 224])"
case_00014,484,20.447492599487305,0.0,False,"torch.Size([1, 1, 224, 224])"
case_00115,173,19.792795181274414,0.0,False,"torch.Size([1, 1, 224, 224])"
case_00102,83,20.416736602783203,0.0,False,"torch.Size([1, 1, 224, 224])"
case_00194,97,21.34418487548828,0.0,False,"torch.Size([1, 1, 224, 224])"
case_00133,457,20.457744598388672,0.0,False,"torch.Size([1, 1, 224, 224])"
case_00102,174,19.103050231933594,0.0,False,"torch.Size([1, 1, 224, 224])"
case_00161,437,20.801305770874023,0.0,False,"torch.Size([1, 1, 224, 224])"
case_00102,427,19.1802978515625,0.0,False,"torch.Size([1, 1, 224, 224])"
case_00194,126,20.910263061523438,0.0,False,"torch.Size([1, 1, 224, 224])"
case_00125,490,19.03223991394043,0.0,False,"torch.Size([1, 1, 224, 224])"
case_00161,37,20.89524269104004,0.0,False,"torch.Size([1, 1, 224, 224])"
case_00203,394,26.089906692504883,0.0,False,"torch.Size([1, 1, 224, 224])"
case_00113,225,19.903182983398438,0.0,False,"torch.Size([1, 1, 224, 224])"
case_00086,68,19.084453582763672,0.0,False,"torch.Size([1, 1, 224, 224])"
case_00134,49,20.85256576538086,0.0,False,"torch.Size([1, 1, 224, 224])"
case_00134,215,19.080400466918945,0.0,False,"torch.Size([1, 1, 224, 224])"
case_00014,209,19.325733184814453,0.0,False,"torch.Size([1, 1, 224, 224])"
case_00115,182,19.178390502929688,0.0,False,"torch.Size([1, 1, 224, 224])"
case_00115,271,19.351959228515625,0.0,False,"torch.Size([1, 1, 224, 224])"
case_00113,65,20.090818405151367,0.0,False,"torch.Size([1, 1, 224, 224])"
case_00134,142,19.823312759399414,0.0,False,"torch.Size([1, 1, 224, 224])"
case_00075,5,21.26455307006836,0.0,False,"torch.Size([1, 1, 224, 224])"
case_00115,468,20.049571990966797,0.0,False,"torch.Size([1, 1, 224, 224])"
case_00194,410,21.47197723388672,0.0,False,"torch.Size([1, 1, 224, 224])"
case_00125,186,19.585132598876953,0.0,True,"torch.Size([1, 1, 224, 224])"
case_00014,101,22.290945053100586,0.0,False,"torch.Size([1, 1, 224, 224])"
case_00033,501,17.420530319213867,0.0,False,"torch.Size([1, 1, 224, 224])"
case_00113,150,22.068023681640625,0.0,False,"torch.Size([1, 1, 224, 224])"
case_00086,33,22.496461868286133,0.0,False,"torch.Size([1, 1, 224, 224])"
case_00161,448,21.72398567199707,0.0,False,"torch.Size([1, 1, 224, 224])"
case_00115,355,19.385814666748047,0.0,False,"torch.Size([1, 1, 224, 224])"
case_00203,474,19.24753189086914,0.0,False,"torch.Size([1, 1, 224, 224])"
case_00125,106,21.060466766357422,0.0,False,"torch.Size([1, 1, 224, 224])"
case_00113,221,19.37389373779297,0.0,False,"torch.Size([1, 1, 224, 224])"
case_00203,270,19.350767135620117,0.0,False,"torch.Size([1, 1, 224, 224])"
case_00086,241,20.965576171875,0.0,False,"torch.Size([1, 1, 224, 224])"
case_00033,161,18.451690673828125,0.0,False,"torch.Size([1, 1, 224, 224])"
case_00033,65,20.197629928588867,0.0,False,"torch.Size([1, 1, 224, 224])"
case_00134,373,19.20795440673828,0.0,True,"torch.Size([1, 1, 224, 224])"
case_00079,245,24.457454681396484,0.0,False,"torch.Size([1, 1, 224, 224])"
case_00033,445,19.87743377685547,0.0,False,"torch.Size([1, 1, 224, 224])"
case_00014,433,20.755767822265625,0.0,False,"torch.Size([1, 1, 224, 224])"
case_00134,124,19.759178161621094,0.0,False,"torch.Size([1, 1, 224, 224])"
case_00086,444,19.938230514526367,0.0,False,"torch.Size([1, 1, 224, 224])"
case_00194,238,20.190000534057617,0.0,False,"torch.Size([1, 1, 224, 224])"
case_00075,396,20.291805267333984,0.0,False,"torch.Size([1, 1, 224, 224])"
case_00203,443,18.627405166625977,0.0,False,"torch.Size([1, 1, 224, 224])"
case_00194,506,22.01390266418457,0.0,False,"torch.Size([1, 1, 224, 224])"
case_00014,259,18.83697509765625,0.0,False,"torch.Size([1, 1, 224, 224])"
case_00113,304,19.675493240356445,0.0,False,"torch.Size([1, 1, 224, 224])"
case_00194,359,19.66094970703125,0.0,False,"torch.Size([1, 1, 224, 224])"
case_00086,18,20.86925506591797,0.0,False,"torch.Size([1, 1, 224, 224])"
case_00161,164,19.688129425048828,0.0,True,"torch.Size([1, 1, 224, 224])"
case_00203,90,19.923686981201172,0.0,False,"torch.Size([1, 1, 224, 224])"
case_00203,35,19.743680953979492,0.0,False,"torch.Size([1, 1, 224, 224])"
case_00133,384,19.60921287536621,0.0,False,"torch.Size([1, 1, 224, 224])"
case_00161,485,19.36793327331543,0.0,False,"torch.Size([1, 1, 224, 224])"
case_00033,204,19.494056701660156,0.0,False,"torch.Size([1, 1, 224, 224])"
case_00203,181,20.0345516204834,0.0,False,"torch.Size([1, 1, 224, 224])"
case_00014,397,18.808603286743164,0.0,False,"torch.Size([1, 1, 224, 224])"
case_00134,322,20.53999900817871,0.0,True,"torch.Size([1, 1, 224, 224])"
case_00154,233,22.908687591552734,0.0,False,"torch.Size([1, 1, 224, 224])"
case_00075,361,21.09384536743164,0.0,True,"torch.Size([1, 1, 224, 224])"
case_00203,197,19.22750473022461,0.0,False,"torch.Size([1, 1, 224, 224])"
case_00194,304,20.68781852722168,0.0,False,"torch.Size([1, 1, 224, 224])"
case_00079,433,19.679546356201172,0.0,True,"torch.Size([1, 1, 224, 224])"
case_00125,283,24.535179138183594,0.0,False,"torch.Size([1, 1, 224, 224])"
case_00125,162,25.03204345703125,0.0,False,"torch.Size([1, 1, 224, 224])"
case_00154,359,23.49567413330078,0.0,False,"torch.Size([1, 1, 224, 224])"
case_00154,449,18.934011459350586,0.0,False,"torch.Size([1, 1, 224, 224])"
case_00079,400,20.783424377441406,0.0,True,"torch.Size([1, 1, 224, 224])"
case_00133,10,19.82259750366211,0.0,False,"torch.Size([1, 1, 224, 224])"
case_00194,446,20.047664642333984,0.0,False,"torch.Size([1, 1, 224, 224])"
case_00075,173,19.79851722717285,0.0,False,"torch.Size([1, 1, 224, 224])"
case_00134,347,20.59197425842285,0.0,True,"torch.Size([1, 1, 224, 224])"
case_00115,190,19.48404312133789,0.0,False,"torch.Size([1, 1, 224, 224])"
case_00203,307,19.478559494018555,0.0,False,"torch.Size([1, 1, 224, 224])"
case_00115,214,21.243572235107422,0.0,False,"torch.Size([1, 1, 224, 224])"
case_00203,261,19.814729690551758,0.0,False,"torch.Size([1, 1, 224, 224])"
case_00115,493,20.814180374145508,0.0,False,"torch.Size([1, 1, 224, 224])"
case_00194,217,19.872188568115234,0.0,False,"torch.Size([1, 1, 224, 224])"
case_00154,226,19.444942474365234,0.0,False,"torch.Size([1, 1, 224, 224])"
case_00161,479,19.519329071044922,0.0,False,"torch.Size([1, 1, 224, 224])"
case_00102,312,19.36197280883789,0.0,True,"torch.Size([1, 1, 224, 224])"
case_00113,123,28.275489807128906,0.0,False,"torch.Size([1, 1, 224, 224])"
case_00203,132,18.291711807250977,0.0,False,"torch.Size([1, 1, 224, 224])"
case_00203,305,26.187896728515625,0.0,False,"torch.Size([1, 1, 224, 224])"
case_00134,296,24.624109268188477,0.0,False,"torch.Size([1, 1, 224, 224])"
case_00086,154,21.808624267578125,0.0,False,"torch.Size([1, 1, 224, 224])"
case_00194,440,24.207115173339844,0.0,False,"torch.Size([1, 1, 224, 224])"
case_00102,356,17.77505874633789,0.0,True,"torch.Size([1, 1, 224, 224])"
case_00161,392,26.581287384033203,0.0,False,"torch.Size([1, 1, 224, 224])"
case_00154,446,18.93305778503418,0.0,False,"torch.Size([1, 1, 224, 224])"
case_00161,342,20.322561264038086,0.0,False,"torch.Size([1, 1, 224, 224])"
case_00086,445,19.002676010131836,0.0,False,"torch.Size([1, 1, 224, 224])"
case_00194,388,20.403146743774414,0.0,False,"torch.Size([1, 1, 224, 224])"
case_00133,354,19.165992736816406,0.0,False,"torch.Size([1, 1, 224, 224])"
case_00194,139,21.36707305908203,0.0,False,"torch.Size([1, 1, 224, 224])"
case_00113,399,19.430875778198242,0.0,True,"torch.Size([1, 1, 224, 224])"
case_00033,410,24.533987045288086,0.0,False,"torch.Size([1, 1, 224, 224])"
case_00154,414,19.482135772705078,0.0,False,"torch.Size([1, 1, 224, 224])"
case_00102,490,19.165515899658203,0.0,False,"torch.Size([1, 1, 224, 224])"
case_00113,320,20.540952682495117,0.0,True,"torch.Size([1, 1, 224, 224])"
case_00115,484,22.11618423461914,0.0,False,"torch.Size([1, 1, 224, 224])"
case_00102,331,22.485733032226562,0.0,True,"torch.Size([1, 1, 224, 224])"
case_00075,157,22.770404815673828,0.0,False,"torch.Size([1, 1, 224, 224])"
case_00014,444,17.815589904785156,0.0,False,"torch.Size([1, 1, 224, 224])"
case_00134,488,25.861740112304688,0.0,False,"torch.Size([1, 1, 224, 224])"
case_00161,168,22.914648056030273,0.0,True,"torch.Size([1, 1, 224, 224])"
case_00161,351,22.67622947692871,0.0,False,"torch.Size([1, 1, 224, 224])"
case_00161,78,21.57449722290039,0.0,False,"torch.Size([1, 1, 224, 224])"
case_00133,168,23.079872131347656,0.0,True,"torch.Size([1, 1, 224, 224])"
case_00014,247,18.979549407958984,0.0,False,"torch.Size([1, 1, 224, 224])"
case_00113,237,18.424034118652344,0.0,False,"torch.Size([1, 1, 224, 224])"
case_00134,426,20.397663116455078,0.0,False,"torch.Size([1, 1, 224, 224])"
case_00194,166,19.522428512573242,0.0,True,"torch.Size([1, 1, 224, 224])"
case_00161,291,22.041797637939453,0.0,False,"torch.Size([1, 1, 224, 224])"
case_00115,114,28.414249420166016,0.0,False,"torch.Size([1, 1, 224, 224])"
case_00161,250,25.14934539794922,0.0,False,"torch.Size([1, 1, 224, 224])"
case_00086,89,19.986391067504883,0.0,False,"torch.Size([1, 1, 224, 224])"
case_00079,503,21.103620529174805,0.0,False,"torch.Size([1, 1, 224, 224])"
case_00133,192,19.659996032714844,0.0,False,"torch.Size([1, 1, 224, 224])"
case_00203,406,19.669055938720703,0.0,True,"torch.Size([1, 1, 224, 224])"
case_00194,488,24.59263801574707,0.0,False,"torch.Size([1, 1, 224, 224])"
case_00079,290,22.268056869506836,0.0,False,"torch.Size([1, 1, 224, 224])"
case_00113,354,23.699283599853516,0.0,True,"torch.Size([1, 1, 224, 224])"
case_00154,116,26.026248931884766,0.0,False,"torch.Size([1, 1, 224, 224])"
case_00014,356,20.333051681518555,0.0,False,"torch.Size([1, 1, 224, 224])"
case_00134,106,21.09360694885254,0.0,False,"torch.Size([1, 1, 224, 224])"
case_00079,67,19.69623565673828,0.0,False,"torch.Size([1, 1, 224, 224])"
case_00033,462,19.28257942199707,0.0,False,"torch.Size([1, 1, 224, 224])"
case_00134,284,20.558834075927734,0.0,False,"torch.Size([1, 1, 224, 224])"
case_00203,135,19.54340934753418,0.0,False,"torch.Size([1, 1, 224, 224])"
case_00154,108,21.07095718383789,0.0,False,"torch.Size([1, 1, 224, 224])"
case_00134,278,20.10822296142578,0.0,False,"torch.Size([1, 1, 224, 224])"
case_00033,67,20.13087272644043,0.0,False,"torch.Size([1, 1, 224, 224])"
case_00194,340,19.61493492126465,0.0,False,"torch.Size([1, 1, 224, 224])"
case_00113,229,21.00062370300293,0.0,False,"torch.Size([1, 1, 224, 224])"
case_00194,191,19.451379776000977,0.0,False,"torch.Size([1, 1, 224, 224])"
case_00203,440,19.301176071166992,0.0,False,"torch.Size([1, 1, 224, 224])"
case_00194,110,19.92630958557129,0.0,False,"torch.Size([1, 1, 224, 224])"
case_00125,140,19.639968872070312,0.0,False,"torch.Size([1, 1, 224, 224])"
case_00086,229,20.60675621032715,0.0,False,"torch.Size([1, 1, 224, 224])"
case_00125,48,19.36030387878418,0.0,False,"torch.Size([1, 1, 224, 224])"
case_00203,75,19.028186798095703,0.0,False,"torch.Size([1, 1, 224, 224])"
case_00014,408,19.280672073364258,0.0,False,"torch.Size([1, 1, 224, 224])"
case_00079,448,19.253253936767578,0.0,True,"torch.Size([1, 1, 224, 224])"
case_00086,480,24.183034896850586,0.0,False,"torch.Size([1, 1, 224, 224])"
case_00115,109,21.060943603515625,0.0,False,"torch.Size([1, 1, 224, 224])"
case_00075,96,23.41938018798828,0.0,False,"torch.Size([1, 1, 224, 224])"
case_00203,136,19.379615783691406,0.0,False,"torch.Size([1, 1, 224, 224])"
case_00113,410,20.66946029663086,0.0,True,"torch.Size([1, 1, 224, 224])"
case_00125,131,25.470256805419922,0.0,False,"torch.Size([1, 1, 224, 224])"
case_00075,250,24.333477020263672,0.0,False,"torch.Size([1, 1, 224, 224])"
case_00079,107,22.903919219970703,0.0,False,"torch.Size([1, 1, 224, 224])"
case_00115,188,19.769906997680664,0.0,False,"torch.Size([1, 1, 224, 224])"
case_00115,326,19.83785629272461,0.0,True,"torch.Size([1, 1, 224, 224])"
case_00203,387,19.661903381347656,0.0,False,"torch.Size([1, 1, 224, 224])"
case_00086,443,21.103858947753906,0.0,False,"torch.Size([1, 1, 224, 224])"
case_00115,50,19.143342971801758,0.0,False,"torch.Size([1, 1, 224, 224])"
case_00203,372,19.02484893798828,0.0,False,"torch.Size([1, 1, 224, 224])"
case_00125,297,19.363880157470703,0.0,False,"torch.Size([1, 1, 224, 224])"
case_00161,373,21.874189376831055,0.0,False,"torch.Size([1, 1, 224, 224])"
case_00014,7,19.63949203491211,0.0,False,"torch.Size([1, 1, 224, 224])"
case_00161,48,21.606922149658203,0.0,False,"torch.Size([1, 1, 224, 224])"
case_00134,247,21.910905838012695,0.0,False,"torch.Size([1, 1, 224, 224])"
case_00014,315,19.175291061401367,0.0,False,"torch.Size([1, 1, 224, 224])"
case_00133,115,20.02882957458496,0.0,False,"torch.Size([1, 1, 224, 224])"
case_00033,401,19.522666931152344,0.0,False,"torch.Size([1, 1, 224, 224])"
case_00194,169,21.21901512145996,0.0,True,"torch.Size([1, 1, 224, 224])"
case_00014,25,19.646167755126953,0.0,False,"torch.Size([1, 1, 224, 224])"
case_00194,167,19.955158233642578,0.0,True,"torch.Size([1, 1, 224, 224])"
case_00033,436,18.996715545654297,0.0,False,"torch.Size([1, 1, 224, 224])"
case_00079,176,20.86353302001953,0.0,False,"torch.Size([1, 1, 224, 224])"
case_00161,51,19.032001495361328,0.0,False,"torch.Size([1, 1, 224, 224])"
case_00133,371,20.628690719604492,0.0,False,"torch.Size([1, 1, 224, 224])"
case_00033,295,19.28997039794922,0.0,False,"torch.Size([1, 1, 224, 224])"
case_00014,160,23.93960952758789,0.0,False,"torch.Size([1, 1, 224, 224])"
case_00102,166,21.49367332458496,0.0,False,"torch.Size([1, 1, 224, 224])"
case_00161,386,21.265745162963867,0.0,False,"torch.Size([1, 1, 224, 224])"
case_00203,74,18.71180534362793,0.0,False,"torch.Size([1, 1, 224, 224])"
case_00086,223,20.791292190551758,0.0,False,"torch.Size([1, 1, 224, 224])"
case_00113,334,19.720792770385742,0.0,True,"torch.Size([1, 1, 224, 224])"
case_00014,321,21.96049690246582,0.0,False,"torch.Size([1, 1, 224, 224])"
case_00079,297,19.679784774780273,0.0,False,"torch.Size([1, 1, 224, 224])"
case_00134,13,20.180702209472656,0.0,False,"torch.Size([1, 1, 224, 224])"
case_00086,308,20.38288116455078,0.0,False,"torch.Size([1, 1, 224, 224])"
case_00014,320,19.90675926208496,0.0,False,"torch.Size([1, 1, 224, 224])"
case_00075,489,22.58133888244629,0.0,False,"torch.Size([1, 1, 224, 224])"
case_00134,490,23.173809051513672,0.0,False,"torch.Size([1, 1, 224, 224])"
case_00154,147,19.045352935791016,0.0,False,"torch.Size([1, 1, 224, 224])"
case_00033,109,19.928693771362305,0.0,False,"torch.Size([1, 1, 224, 224])"
case_00033,173,19.3178653717041,0.0,True,"torch.Size([1, 1, 224, 224])"
case_00079,100,19.478797912597656,0.0,False,"torch.Size([1, 1, 224, 224])"
case_00086,167,18.625259399414062,0.0,False,"torch.Size([1, 1, 224, 224])"
case_00134,421,18.937349319458008,0.0,False,"torch.Size([1, 1, 224, 224])"
case_00134,204,18.980026245117188,0.0,False,"torch.Size([1, 1, 224, 224])"
case_00113,186,19.3789005279541,0.0,False,"torch.Size([1, 1, 224, 224])"
case_00075,247,20.274639129638672,0.0,False,"torch.Size([1, 1, 224, 224])"
case_00194,180,18.94998550415039,0.0,True,"torch.Size([1, 1, 224, 224])"
case_00125,71,20.924091339111328,0.0,False,"torch.Size([1, 1, 224, 224])"
case_00075,342,19.251108169555664,0.0,True,"torch.Size([1, 1, 224, 224])"
case_00075,21,18.04661750793457,0.0,False,"torch.Size([1, 1, 224, 224])"
case_00033,169,27.453899383544922,0.0,False,"torch.Size([1, 1, 224, 224])"
case_00079,173,20.34139633178711,0.0,False,"torch.Size([1, 1, 224, 224])"
case_00134,339,20.689964294433594,0.0,True,"torch.Size([1, 1, 224, 224])"
case_00203,381,19.725322723388672,0.0,False,"torch.Size([1, 1, 224, 224])"
case_00154,390,22.071361541748047,0.0,False,"torch.Size([1, 1, 224, 224])"
case_00133,196,20.518064498901367,0.0,False,"torch.Size([1, 1, 224, 224])"
case_00033,247,21.021604537963867,0.0,False,"torch.Size([1, 1, 224, 224])"
case_00203,258,19.89889144897461,0.0,False,"torch.Size([1, 1, 224, 224])"
case_00086,81,21.01302146911621,0.0,False,"torch.Size([1, 1, 224, 224])"
case_00086,329,19.32358741760254,0.0,False,"torch.Size([1, 1, 224, 224])"
case_00133,365,21.098852157592773,0.0,False,"torch.Size([1, 1, 224, 224])"
case_00203,382,19.855260848999023,0.0,False,"torch.Size([1, 1, 224, 224])"
case_00161,188,21.9724178314209,0.0,False,"torch.Size([1, 1, 224, 224])"
case_00113,140,20.05481719970703,0.0,False,"torch.Size([1, 1, 224, 224])"
case_00203,329,19.99497413635254,0.0,False,"torch.Size([1, 1, 224, 224])"
case_00134,159,19.932270050048828,0.0,False,"torch.Size([1, 1, 224, 224])"
case_00133,279,19.783496856689453,0.0,False,"torch.Size([1, 1, 224, 224])"
case_00086,170,19.91581916809082,0.0,False,"torch.Size([1, 1, 224, 224])"
case_00133,246,20.56717872619629,0.0,False,"torch.Size([1, 1, 224, 224])"
case_00079,56,22.293567657470703,0.0,False,"torch.Size([1, 1, 224, 224])"
case_00014,267,19.512653350830078,0.0,False,"torch.Size([1, 1, 224, 224])"
case_00125,380,20.68614959716797,0.0,False,"torch.Size([1, 1, 224, 224])"
case_00102,428,19.496679306030273,0.0,False,"torch.Size([1, 1, 224, 224])"
case_00079,47,21.677732467651367,0.0,False,"torch.Size([1, 1, 224, 224])"
case_00133,222,19.960880279541016,0.0,False,"torch.Size([1, 1, 224, 224])"
case_00161,504,20.653486251831055,0.0,False,"torch.Size([1, 1, 224, 224])"
case_00086,6,19.608736038208008,0.0,False,"torch.Size([1, 1, 224, 224])"
case_00194,21,20.39933204650879,0.0,False,"torch.Size([1, 1, 224, 224])"
case_00133,134,19.310712814331055,0.0,True,"torch.Size([1, 1, 224, 224])"
case_00115,57,21.691322326660156,0.0,False,"torch.Size([1, 1, 224, 224])"
case_00125,29,19.6530818939209,0.0,False,"torch.Size([1, 1, 224, 224])"
case_00194,365,20.88785171508789,0.0,False,"torch.Size([1, 1, 224, 224])"
case_00014,410,19.356966018676758,0.0,False,"torch.Size([1, 1, 224, 224])"
case_00014,5,19.74034309387207,0.0,False,"torch.Size([1, 1, 224, 224])"
case_00102,395,19.492626190185547,0.0,True,"torch.Size([1, 1, 224, 224])"
case_00115,345,27.726173400878906,0.0,True,"torch.Size([1, 1, 224, 224])"
case_00014,280,20.450830459594727,0.0,False,"torch.Size([1, 1, 224, 224])"
case_00133,444,21.09694480895996,0.0,False,"torch.Size([1, 1, 224, 224])"
case_00115,9,19.217729568481445,0.0,False,"torch.Size([1, 1, 224, 224])"
case_00102,137,20.91836929321289,0.0,False,"torch.Size([1, 1, 224, 224])"
case_00075,117,28.44548225402832,0.0,False,"torch.Size([1, 1, 224, 224])"
case_00086,103,29.422998428344727,0.0,False,"torch.Size([1, 1, 224, 224])"
case_00125,61,19.57392692565918,0.0,False,"torch.Size([1, 1, 224, 224])"
case_00133,355,20.887136459350586,0.0,False,"torch.Size([1, 1, 224, 224])"
case_00134,509,19.89603042602539,0.0,False,"torch.Size([1, 1, 224, 224])"
case_00194,269,19.663333892822266,0.0,False,"torch.Size([1, 1, 224, 224])"
case_00133,408,19.58918571472168,0.0,False,"torch.Size([1, 1, 224, 224])"
case_00014,152,19.68979835510254,0.0,False,"torch.Size([1, 1, 224, 224])"
case_00014,428,19.170284271240234,0.0,False,"torch.Size([1, 1, 224, 224])"
case_00203,91,19.197463989257812,0.0,False,"torch.Size([1, 1, 224, 224])"
case_00014,404,20.882606506347656,0.0,False,"torch.Size([1, 1, 224, 224])"
case_00033,89,18.0666446685791,0.0,False,"torch.Size([1, 1, 224, 224])"
case_00086,155,20.284652709960938,0.0,False,"torch.Size([1, 1, 224, 224])"
case_00014,106,17.976045608520508,0.0,False,"torch.Size([1, 1, 224, 224])"
case_00079,470,24.221181869506836,0.0,False,"torch.Size([1, 1, 224, 224])"
case_00161,302,18.916845321655273,0.0,False,"torch.Size([1, 1, 224, 224])"
case_00075,241,20.183563232421875,0.0,False,"torch.Size([1, 1, 224, 224])"
case_00194,337,18.9206600189209,0.0,False,"torch.Size([1, 1, 224, 224])"
case_00125,452,20.29109001159668,0.0,False,"torch.Size([1, 1, 224, 224])"
case_00033,120,18.1124210357666,0.0,False,"torch.Size([1, 1, 224, 224])"
case_00134,334,19.70386505126953,0.0,True,"torch.Size([1, 1, 224, 224])"
case_00014,471,18.67818832397461,0.0,False,"torch.Size([1, 1, 224, 224])"
case_00102,497,20.768165588378906,0.0,False,"torch.Size([1, 1, 224, 224])"
case_00134,26,19.019126892089844,0.0,False,"torch.Size([1, 1, 224, 224])"
case_00014,249,21.023035049438477,0.0,False,"torch.Size([1, 1, 224, 224])"
case_00154,244,19.351720809936523,0.0,False,"torch.Size([1, 1, 224, 224])"
case_00014,46,20.242691040039062,0.0,False,"torch.Size([1, 1, 224, 224])"
case_00115,244,27.22454071044922,0.0,False,"torch.Size([1, 1, 224, 224])"
case_00086,464,20.229101181030273,0.0,False,"torch.Size([1, 1, 224, 224])"
case_00014,466,19.383668899536133,0.0,False,"torch.Size([1, 1, 224, 224])"
case_00194,177,25.078535079956055,0.0,True,"torch.Size([1, 1, 224, 224])"
case_00079,153,25.66242218017578,0.0,False,"torch.Size([1, 1, 224, 224])"
case_00033,243,20.95341682434082,0.0,False,"torch.Size([1, 1, 224, 224])"
case_00125,126,19.79827880859375,0.0,False,"torch.Size([1, 1, 224, 224])"
case_00075,20,21.160125732421875,0.0,False,"torch.Size([1, 1, 224, 224])"
case_00203,134,19.39535140991211,0.0,False,"torch.Size([1, 1, 224, 224])"
case_00154,212,21.018028259277344,0.0,False,"torch.Size([1, 1, 224, 224])"
case_00133,282,20.921945571899414,0.0,False,"torch.Size([1, 1, 224, 224])"
case_00154,167,18.999099731445312,0.0,False,"torch.Size([1, 1, 224, 224])"
case_00075,23,20.60246467590332,0.0,False,"torch.Size([1, 1, 224, 224])"
case_00203,427,21.06642723083496,0.0,False,"torch.Size([1, 1, 224, 224])"
case_00134,298,21.41261100769043,0.0,False,"torch.Size([1, 1, 224, 224])"
case_00161,207,19.232749938964844,0.0,False,"torch.Size([1, 1, 224, 224])"
case_00203,502,21.224260330200195,0.0,False,"torch.Size([1, 1, 224, 224])"
case_00115,215,19.79517936706543,0.0,False,"torch.Size([1, 1, 224, 224])"
case_00134,411,21.15011215209961,0.0,False,"torch.Size([1, 1, 224, 224])"
case_00014,244,19.270658493041992,0.0,False,"torch.Size([1, 1, 224, 224])"
case_00154,322,20.351886749267578,0.0,True,"torch.Size([1, 1, 224, 224])"
case_00203,294,19.18339729309082,0.0,False,"torch.Size([1, 1, 224, 224])"
case_00161,221,20.79486846923828,0.0,False,"torch.Size([1, 1, 224, 224])"
case_00102,357,19.18625831604004,0.0,True,"torch.Size([1, 1, 224, 224])"
case_00115,401,26.873350143432617,0.0,False,"torch.Size([1, 1, 224, 224])"
case_00125,185,22.013425827026367,0.0,True,"torch.Size([1, 1, 224, 224])"
case_00133,278,22.896766662597656,0.0,False,"torch.Size([1, 1, 224, 224])"
case_00079,363,28.267383575439453,0.0,True,"torch.Size([1, 1, 224, 224])"
case_00203,179,24.752378463745117,0.0,False,"torch.Size([1, 1, 224, 224])"
case_00079,230,22.233009338378906,0.0,False,"torch.Size([1, 1, 224, 224])"
case_00014,68,19.370555877685547,0.0,False,"torch.Size([1, 1, 224, 224])"
case_00033,495,22.361040115356445,0.0,False,"torch.Size([1, 1, 224, 224])"
case_00086,184,21.4385986328125,0.0,False,"torch.Size([1, 1, 224, 224])"
case_00033,236,19.552230834960938,0.0,False,"torch.Size([1, 1, 224, 224])"
case_00203,239,18.259763717651367,0.0,False,"torch.Size([1, 1, 224, 224])"
case_00133,387,21.928071975708008,0.0,False,"torch.Size([1, 1, 224, 224])"
case_00115,424,18.67079734802246,0.0,False,"torch.Size([1, 1, 224, 224])"
case_00194,476,22.417783737182617,0.0,False,"torch.Size([1, 1, 224, 224])"
case_00154,127,17.6546573638916,0.0,False,"torch.Size([1, 1, 224, 224])"
case_00161,152,19.423723220825195,0.0,True,"torch.Size([1, 1, 224, 224])"
case_00161,30,24.92690086364746,0.0,False,"torch.Size([1, 1, 224, 224])"
case_00113,428,22.10092544555664,0.0,True,"torch.Size([1, 1, 224, 224])"
case_00014,480,26.591777801513672,0.0,False,"torch.Size([1, 1, 224, 224])"
case_00203,255,19.30093765258789,0.0,False,"torch.Size([1, 1, 224, 224])"
case_00014,177,17.490148544311523,0.0,True,"torch.Size([1, 1, 224, 224])"
case_00161,434,22.704601287841797,0.0,False,"torch.Size([1, 1, 224, 224])"
case_00161,361,21.75164222717285,0.0,False,"torch.Size([1, 1, 224, 224])"
case_00194,415,22.095918655395508,0.0,False,"torch.Size([1, 1, 224, 224])"
case_00102,3,19.501209259033203,0.0,False,"torch.Size([1, 1, 224, 224])"
case_00075,312,20.37811279296875,0.0,False,"torch.Size([1, 1, 224, 224])"
case_00075,316,19.66714859008789,0.0,False,"torch.Size([1, 1, 224, 224])"
case_00133,463,19.578933715820312,0.0,False,"torch.Size([1, 1, 224, 224])"
case_00102,189,19.56629753112793,0.0,False,"torch.Size([1, 1, 224, 224])"
case_00014,117,20.124197006225586,0.0,False,"torch.Size([1, 1, 224, 224])"
case_00133,89,21.6064453125,0.0,False,"torch.Size([1, 1, 224, 224])"
case_00086,476,17.859697341918945,0.0,False,"torch.Size([1, 1, 224, 224])"
case_00113,386,20.80821990966797,0.0,True,"torch.Size([1, 1, 224, 224])"
case_00102,129,21.474599838256836,0.0,False,"torch.Size([1, 1, 224, 224])"
case_00125,167,19.989490509033203,0.0,False,"torch.Size([1, 1, 224, 224])"
case_00194,51,27.39262580871582,0.0,False,"torch.Size([1, 1, 224, 224])"
case_00154,22,22.39513397216797,0.0,False,"torch.Size([1, 1, 224, 224])"
case_00161,415,18.793344497680664,0.0,False,"torch.Size([1, 1, 224, 224])"
case_00113,21,19.81639862060547,0.0,False,"torch.Size([1, 1, 224, 224])"
case_00161,374,18.92876625061035,0.0,False,"torch.Size([1, 1, 224, 224])"
case_00115,344,19.575119018554688,0.0,True,"torch.Size([1, 1, 224, 224])"
case_00133,468,22.82404899597168,0.0,False,"torch.Size([1, 1, 224, 224])"
case_00194,291,19.440889358520508,0.0,False,"torch.Size([1, 1, 224, 224])"
case_00086,318,20.745515823364258,0.0,False,"torch.Size([1, 1, 224, 224])"
case_00102,381,19.164085388183594,0.0,True,"torch.Size([1, 1, 224, 224])"
case_00115,67,27.12416648864746,0.0,False,"torch.Size([1, 1, 224, 224])"
case_00102,339,22.100210189819336,0.0,True,"torch.Size([1, 1, 224, 224])"
case_00079,360,24.105310440063477,0.0,True,"torch.Size([1, 1, 224, 224])"
case_00086,243,24.19757843017578,0.0,False,"torch.Size([1, 1, 224, 224])"
case_00125,314,24.097919464111328,0.0,False,"torch.Size([1, 1, 224, 224])"
case_00154,8,19.45781707763672,0.0,False,"torch.Size([1, 1, 224, 224])"
case_00154,387,19.167661666870117,0.0,False,"torch.Size([1, 1, 224, 224])"
case_00102,258,19.76752281188965,0.0,False,"torch.Size([1, 1, 224, 224])"
case_00033,300,19.684553146362305,0.0,False,"torch.Size([1, 1, 224, 224])"
case_00133,0,20.838022232055664,0.0,False,"torch.Size([1, 1, 224, 224])"
case_00161,499,18.801212310791016,0.0,False,"torch.Size([1, 1, 224, 224])"
case_00033,266,17.431974411010742,0.0,False,"torch.Size([1, 1, 224, 224])"
case_00079,329,19.410133361816406,0.0,True,"torch.Size([1, 1, 224, 224])"
case_00086,486,21.904706954956055,0.0,False,"torch.Size([1, 1, 224, 224])"
case_00133,125,21.16847038269043,0.0,True,"torch.Size([1, 1, 224, 224])"
case_00203,94,18.295764923095703,0.0,False,"torch.Size([1, 1, 224, 224])"
case_00086,347,20.285606384277344,0.0,False,"torch.Size([1, 1, 224, 224])"
case_00203,254,18.20087432861328,0.0,False,"torch.Size([1, 1, 224, 224])"
case_00115,90,19.768476486206055,0.0,False,"torch.Size([1, 1, 224, 224])"
case_00113,46,18.555641174316406,0.0,False,"torch.Size([1, 1, 224, 224])"
case_00194,176,19.7601318359375,0.0,True,"torch.Size([1, 1, 224, 224])"
case_00075,222,23.807764053344727,0.0,False,"torch.Size([1, 1, 224, 224])"
case_00203,208,17.750024795532227,0.0,False,"torch.Size([1, 1, 224, 224])"
case_00194,239,20.714998245239258,0.0,False,"torch.Size([1, 1, 224, 224])"
case_00075,48,19.70696449279785,0.0,False,"torch.Size([1, 1, 224, 224])"
case_00115,16,21.82292938232422,0.0,False,"torch.Size([1, 1, 224, 224])"
case_00161,393,19.78325843811035,0.0,False,"torch.Size([1, 1, 224, 224])"
case_00203,177,18.67079734802246,0.0,False,"torch.Size([1, 1, 224, 224])"
case_00075,122,24.532079696655273,0.0,False,"torch.Size([1, 1, 224, 224])"
case_00194,433,19.152164459228516,0.0,False,"torch.Size([1, 1, 224, 224])"
case_00125,78,20.402193069458008,0.0,False,"torch.Size([1, 1, 224, 224])"
case_00133,397,19.70219612121582,0.0,False,"torch.Size([1, 1, 224, 224])"
case_00086,470,21.245718002319336,0.0,False,"torch.Size([1, 1, 224, 224])"
case_00134,401,19.51742172241211,0.0,False,"torch.Size([1, 1, 224, 224])"
case_00125,252,19.75727081298828,0.0,False,"torch.Size([1, 1, 224, 224])"
case_00203,226,18.80812644958496,0.0,False,"torch.Size([1, 1, 224, 224])"
case_00113,23,20.195722579956055,0.0,False,"torch.Size([1, 1, 224, 224])"
case_00014,495,18.770694732666016,0.0,False,"torch.Size([1, 1, 224, 224])"
case_00075,143,22.171974182128906,0.0,False,"torch.Size([1, 1, 224, 224])"
case_00134,311,19.732952117919922,0.0,False,"torch.Size([1, 1, 224, 224])"
case_00033,284,21.306991577148438,0.0,False,"torch.Size([1, 1, 224, 224])"
case_00115,130,28.43618392944336,0.0,False,"torch.Size([1, 1, 224, 224])"
case_00086,469,23.523330688476562,0.0,False,"torch.Size([1, 1, 224, 224])"
case_00161,244,22.814273834228516,0.0,False,"torch.Size([1, 1, 224, 224])"
case_00086,365,21.17919921875,0.0,False,"torch.Size([1, 1, 224, 224])"
case_00102,375,18.47100257873535,0.0,True,"torch.Size([1, 1, 224, 224])"
case_00134,50,20.03192901611328,0.0,False,"torch.Size([1, 1, 224, 224])"
case_00079,95,19.281864166259766,0.0,False,"torch.Size([1, 1, 224, 224])"
case_00134,403,27.122974395751953,0.0,False,"torch.Size([1, 1, 224, 224])"
case_00075,438,19.15717124938965,0.0,False,"torch.Size([1, 1, 224, 224])"
case_00075,429,19.78898048400879,0.0,False,"torch.Size([1, 1, 224, 224])"
case_00134,494,21.843433380126953,0.0,False,"torch.Size([1, 1, 224, 224])"
case_00102,42,25.564908981323242,0.0,False,"torch.Size([1, 1, 224, 224])"
case_00115,283,23.22101593017578,0.0,False,"torch.Size([1, 1, 224, 224])"
case_00079,511,19.832611083984375,0.0,False,"torch.Size([1, 1, 224, 224])"
case_00125,462,21.09527587890625,0.0,False,"torch.Size([1, 1, 224, 224])"
case_00075,403,19.980430603027344,0.0,False,"torch.Size([1, 1, 224, 224])"
case_00133,324,19.92511749267578,0.0,False,"torch.Size([1, 1, 224, 224])"
case_00075,61,21.14248275756836,0.0,False,"torch.Size([1, 1, 224, 224])"
case_00075,228,19.71435546875,0.0,False,"torch.Size([1, 1, 224, 224])"
case_00075,293,21.45838737487793,0.0,False,"torch.Size([1, 1, 224, 224])"
case_00194,138,20.10822296142578,0.0,False,"torch.Size([1, 1, 224, 224])"
case_00194,283,21.97432518005371,0.0,False,"torch.Size([1, 1, 224, 224])"
case_00102,88,20.322322845458984,0.0,False,"torch.Size([1, 1, 224, 224])"
case_00133,7,22.03679084777832,0.0,False,"torch.Size([1, 1, 224, 224])"
case_00154,397,18.543243408203125,0.0,False,"torch.Size([1, 1, 224, 224])"
case_00102,495,20.5533504486084,0.0,False,"torch.Size([1, 1, 224, 224])"
case_00134,96,19.233226776123047,0.0,False,"torch.Size([1, 1, 224, 224])"
case_00075,500,24.9330997467041,0.0,False,"torch.Size([1, 1, 224, 224])"
case_00154,3,19.08421516418457,0.0,False,"torch.Size([1, 1, 224, 224])"
case_00154,124,27.55880355834961,0.0,False,"torch.Size([1, 1, 224, 224])"
case_00161,433,19.23060417175293,0.0,False,"torch.Size([1, 1, 224, 224])"
case_00161,54,20.220518112182617,0.0,False,"torch.Size([1, 1, 224, 224])"
case_00115,334,21.569013595581055,0.0,True,"torch.Size([1, 1, 224, 224])"
case_00154,356,23.649930953979492,0.0,False,"torch.Size([1, 1, 224, 224])"
case_00125,485,22.112369537353516,0.0,False,"torch.Size([1, 1, 224, 224])"
case_00125,378,20.242691040039062,0.0,False,"torch.Size([1, 1, 224, 224])"
case_00154,182,19.936561584472656,0.0,False,"torch.Size([1, 1, 224, 224])"
case_00203,461,19.92964744567871,0.0,False,"torch.Size([1, 1, 224, 224])"
case_00194,109,21.047353744506836,0.0,False,"torch.Size([1, 1, 224, 224])"
case_00133,303,19.791841506958008,0.0,False,"torch.Size([1, 1, 224, 224])"
case_00134,39,20.917892456054688,0.0,False,"torch.Size([1, 1, 224, 224])"
case_00125,72,20.702123641967773,0.0,False,"torch.Size([1, 1, 224, 224])"
case_00113,49,23.70429039001465,0.0,False,"torch.Size([1, 1, 224, 224])"
case_00079,185,20.29895782470703,0.0,False,"torch.Size([1, 1, 224, 224])"
case_00125,428,22.490501403808594,0.0,False,"torch.Size([1, 1, 224, 224])"
case_00086,87,20.037412643432617,0.0,False,"torch.Size([1, 1, 224, 224])"
case_00125,204,23.816585540771484,0.0,False,"torch.Size([1, 1, 224, 224])"
case_00154,104,19.629478454589844,0.0,False,"torch.Size([1, 1, 224, 224])"
case_00125,80,21.20065689086914,0.0,False,"torch.Size([1, 1, 224, 224])"
case_00113,215,19.75560188293457,0.0,False,"torch.Size([1, 1, 224, 224])"
case_00086,273,20.526885986328125,0.0,False,"torch.Size([1, 1, 224, 224])"
case_00115,290,20.00141143798828,0.0,False,"torch.Size([1, 1, 224, 224])"
case_00133,482,21.953344345092773,0.0,False,"torch.Size([1, 1, 224, 224])"
case_00161,140,24.759769439697266,0.0,True,"torch.Size([1, 1, 224, 224])"
case_00102,393,23.5750675201416,0.0,True,"torch.Size([1, 1, 224, 224])"
case_00033,335,20.154953002929688,0.0,False,"torch.Size([1, 1, 224, 224])"
case_00079,475,23.078441619873047,0.0,False,"torch.Size([1, 1, 224, 224])"
case_00079,192,23.294448852539062,0.0,False,"torch.Size([1, 1, 224, 224])"
case_00115,358,20.269155502319336,0.0,False,"torch.Size([1, 1, 224, 224])"
case_00079,115,21.06761932373047,0.0,False,"torch.Size([1, 1, 224, 224])"
case_00134,108,24.442195892333984,0.0,False,"torch.Size([1, 1, 224, 224])"
case_00102,95,19.530057907104492,0.0,False,"torch.Size([1, 1, 224, 224])"
case_00102,23,22.770404815673828,0.0,False,"torch.Size([1, 1, 224, 224])"
case_00102,150,20.904064178466797,0.0,False,"torch.Size([1, 1, 224, 224])"
case_00033,433,19.213438034057617,0.0,False,"torch.Size([1, 1, 224, 224])"
case_00125,449,19.290924072265625,0.0,False,"torch.Size([1, 1, 224, 224])"
case_00113,306,21.320581436157227,0.0,False,"torch.Size([1, 1, 224, 224])"
case_00203,393,19.388675689697266,0.0,False,"torch.Size([1, 1, 224, 224])"
case_00133,181,20.987987518310547,0.0,True,"torch.Size([1, 1, 224, 224])"
case_00125,455,22.705078125,0.0,False,"torch.Size([1, 1, 224, 224])"
case_00134,63,20.976543426513672,0.0,False,"torch.Size([1, 1, 224, 224])"
case_00134,206,19.90675926208496,0.0,False,"torch.Size([1, 1, 224, 224])"
case_00014,47,19.484996795654297,0.0,False,"torch.Size([1, 1, 224, 224])"
case_00154,474,19.665002822875977,0.0,False,"torch.Size([1, 1, 224, 224])"
case_00133,95,21.221399307250977,0.0,False,"torch.Size([1, 1, 224, 224])"
case_00161,407,19.689083099365234,0.0,False,"torch.Size([1, 1, 224, 224])"
case_00086,441,19.78778839111328,0.0,False,"torch.Size([1, 1, 224, 224])"
case_00133,202,19.42586898803711,0.0,False,"torch.Size([1, 1, 224, 224])"
case_00086,215,19.4854736328125,0.0,False,"torch.Size([1, 1, 224, 224])"
case_00115,441,20.763397216796875,0.0,False,"torch.Size([1, 1, 224, 224])"
case_00102,43,19.614696502685547,0.0,False,"torch.Size([1, 1, 224, 224])"
case_00086,494,19.832849502563477,0.0,False,"torch.Size([1, 1, 224, 224])"
case_00133,193,19.670486450195312,0.0,False,"torch.Size([1, 1, 224, 224])"
case_00113,367,20.946264266967773,0.0,True,"torch.Size([1, 1, 224, 224])"
case_00115,370,18.273591995239258,0.0,False,"torch.Size([1, 1, 224, 224])"
case_00075,211,20.9658145904541,0.0,False,"torch.Size([1, 1, 224, 224])"
case_00115,396,19.0889835357666,0.0,False,"torch.Size([1, 1, 224, 224])"
case_00075,310,22.3541259765625,0.0,False,"torch.Size([1, 1, 224, 224])"
case_00154,326,19.041776657104492,0.0,True,"torch.Size([1, 1, 224, 224])"
case_00134,238,18.341064453125,0.0,False,"torch.Size([1, 1, 224, 224])"
case_00161,511,18.284082412719727,0.0,False,"torch.Size([1, 1, 224, 224])"
case_00075,167,19.451141357421875,0.0,False,"torch.Size([1, 1, 224, 224])"
case_00161,476,19.371986389160156,0.0,False,"torch.Size([1, 1, 224, 224])"
case_00033,216,19.62733268737793,0.0,False,"torch.Size([1, 1, 224, 224])"
case_00075,410,21.53944969177246,0.0,False,"torch.Size([1, 1, 224, 224])"
case_00086,487,19.150733947753906,0.0,False,"torch.Size([1, 1, 224, 224])"
case_00154,462,19.859790802001953,0.0,False,"torch.Size([1, 1, 224, 224])"
case_00079,111,20.775794982910156,0.0,False,"torch.Size([1, 1, 224, 224])"
case_00113,507,20.006656646728516,0.0,False,"torch.Size([1, 1, 224, 224])"
case_00014,291,20.009517669677734,0.0,False,"torch.Size([1, 1, 224, 224])"
case_00125,333,22.67289161682129,0.0,False,"torch.Size([1, 1, 224, 224])"
case_00125,218,19.828319549560547,0.0,False,"torch.Size([1, 1, 224, 224])"
case_00033,378,21.167516708374023,0.0,False,"torch.Size([1, 1, 224, 224])"
case_00161,69,19.531965255737305,0.0,False,"torch.Size([1, 1, 224, 224])"
case_00125,144,20.429372787475586,0.0,False,"torch.Size([1, 1, 224, 224])"
case_00134,82,19.924402236938477,0.0,False,"torch.Size([1, 1, 224, 224])"
case_00125,263,29.3424129486084,0.0,False,"torch.Size([1, 1, 224, 224])"
case_00079,165,20.54882049560547,0.0,False,"torch.Size([1, 1, 224, 224])"
case_00079,365,19.36173439025879,0.0,True,"torch.Size([1, 1, 224, 224])"
case_00154,337,19.637584686279297,0.0,True,"torch.Size([1, 1, 224, 224])"
case_00194,503,20.067453384399414,0.0,False,"torch.Size([1, 1, 224, 224])"
case_00014,470,19.295215606689453,0.0,False,"torch.Size([1, 1, 224, 224])"
case_00203,353,20.106077194213867,0.0,False,"torch.Size([1, 1, 224, 224])"
case_00033,430,18.31531524658203,0.0,False,"torch.Size([1, 1, 224, 224])"
case_00134,409,19.993066787719727,0.0,False,"torch.Size([1, 1, 224, 224])"
case_00014,393,19.26565170288086,0.0,False,"torch.Size([1, 1, 224, 224])"
case_00194,443,20.183086395263672,0.0,False,"torch.Size([1, 1, 224, 224])"
case_00161,64,19.652366638183594,0.0,False,"torch.Size([1, 1, 224, 224])"
case_00203,484,18.026113510131836,0.0,False,"torch.Size([1, 1, 224, 224])"
case_00033,311,18.240690231323242,0.0,False,"torch.Size([1, 1, 224, 224])"
case_00075,25,19.458293914794922,0.0,False,"torch.Size([1, 1, 224, 224])"
case_00075,390,18.283367156982422,0.0,False,"torch.Size([1, 1, 224, 224])"
case_00161,395,19.767284393310547,0.0,False,"torch.Size([1, 1, 224, 224])"
case_00113,77,18.796920776367188,0.0,False,"torch.Size([1, 1, 224, 224])"
case_00113,285,19.837617874145508,0.0,False,"torch.Size([1, 1, 224, 224])"
case_00113,18,18.88728141784668,0.0,False,"torch.Size([1, 1, 224, 224])"
case_00125,19,19.17266845703125,0.0,False,"torch.Size([1, 1, 224, 224])"
case_00161,389,19.690752029418945,0.0,False,"torch.Size([1, 1, 224, 224])"
case_00133,345,18.97454261779785,0.0,False,"torch.Size([1, 1, 224, 224])"
case_00154,498,18.349409103393555,0.0,False,"torch.Size([1, 1, 224, 224])"
case_00113,155,19.965410232543945,0.0,False,"torch.Size([1, 1, 224, 224])"
case_00203,298,19.080400466918945,0.0,False,"torch.Size([1, 1, 224, 224])"
case_00125,261,21.91019058227539,0.0,False,"torch.Size([1, 1, 224, 224])"
case_00125,70,19.016265869140625,0.0,False,"torch.Size([1, 1, 224, 224])"
case_00203,189,20.49708366394043,0.0,False,"torch.Size([1, 1, 224, 224])"
case_00154,484,19.430160522460938,0.0,False,"torch.Size([1, 1, 224, 224])"
case_00203,45,18.816232681274414,0.0,False,"torch.Size([1, 1, 224, 224])"
case_00134,463,20.591259002685547,0.0,False,"torch.Size([1, 1, 224, 224])"
case_00033,188,20.165443420410156,0.0,True,"torch.Size([1, 1, 224, 224])"
case_00075,464,18.58806610107422,0.0,False,"torch.Size([1, 1, 224, 224])"
case_00161,402,27.59528160095215,0.0,False,"torch.Size([1, 1, 224, 224])"
case_00014,341,28.423547744750977,0.0,False,"torch.Size([1, 1, 224, 224])"
case_00086,262,27.312755584716797,0.0,False,"torch.Size([1, 1, 224, 224])"
case_00161,469,17.35711097717285,0.0,False,"torch.Size([1, 1, 224, 224])"
case_00033,373,21.281719207763672,0.0,False,"torch.Size([1, 1, 224, 224])"
case_00154,14,18.996238708496094,0.0,False,"torch.Size([1, 1, 224, 224])"
case_00014,302,18.554210662841797,0.0,False,"torch.Size([1, 1, 224, 224])"
case_00102,328,22.20892906188965,0.0,True,"torch.Size([1, 1, 224, 224])"
case_00086,271,19.25373077392578,0.0,False,"torch.Size([1, 1, 224, 224])"
case_00014,137,18.481016159057617,0.0,False,"torch.Size([1, 1, 224, 224])"
case_00113,379,19.795894622802734,0.0,True,"torch.Size([1, 1, 224, 224])"
case_00203,133,18.55301856994629,0.0,False,"torch.Size([1, 1, 224, 224])"
case_00075,325,20.022869110107422,0.0,False,"torch.Size([1, 1, 224, 224])"
case_00014,63,19.583940505981445,0.0,False,"torch.Size([1, 1, 224, 224])"
case_00161,143,20.19810676574707,0.0,True,"torch.Size([1, 1, 224, 224])"
case_00033,90,18.24951171875,0.0,False,"torch.Size([1, 1, 224, 224])"
case_00033,121,20.884037017822266,0.0,False,"torch.Size([1, 1, 224, 224])"
case_00079,460,19.5314884185791,0.0,True,"torch.Size([1, 1, 224, 224])"
case_00133,367,19.398927688598633,0.0,False,"torch.Size([1, 1, 224, 224])"
case_00033,26,19.234657287597656,0.0,False,"torch.Size([1, 1, 224, 224])"
case_00079,20,19.966602325439453,0.0,False,"torch.Size([1, 1, 224, 224])"
case_00161,326,19.208669662475586,0.0,False,"torch.Size([1, 1, 224, 224])"
case_00154,45,19.1500186920166,0.0,False,"torch.Size([1, 1, 224, 224])"
case_00079,352,19.954919815063477,0.0,True,"torch.Size([1, 1, 224, 224])"
case_00133,286,21.51656150817871,0.0,False,"torch.Size([1, 1, 224, 224])"
case_00133,185,19.381046295166016,0.0,False,"torch.Size([1, 1, 224, 224])"
case_00154,186,19.360780715942383,0.0,False,"torch.Size([1, 1, 224, 224])"
case_00154,365,25.226354598999023,0.0,False,"torch.Size([1, 1, 224, 224])"
case_00113,257,19.361019134521484,0.0,False,"torch.Size([1, 1, 224, 224])"
case_00014,324,19.246339797973633,0.0,False,"torch.Size([1, 1, 224, 224])"
case_00115,35,18.930912017822266,0.0,False,"torch.Size([1, 1, 224, 224])"
case_00134,450,20.92576026916504,0.0,False,"torch.Size([1, 1, 224, 224])"
case_00033,76,19.601106643676758,0.0,False,"torch.Size([1, 1, 224, 224])"
case_00133,240,21.00682258605957,0.0,False,"torch.Size([1, 1, 224, 224])"
case_00134,187,18.972396850585938,0.0,False,"torch.Size([1, 1, 224, 224])"
case_00115,87,20.531654357910156,0.0,False,"torch.Size([1, 1, 224, 224])"
case_00203,203,19.112348556518555,0.0,False,"torch.Size([1, 1, 224, 224])"
case_00133,218,21.491050720214844,0.0,False,"torch.Size([1, 1, 224, 224])"
case_00113,282,18.936872482299805,0.0,False,"torch.Size([1, 1, 224, 224])"
case_00194,357,21.311044692993164,0.0,False,"torch.Size([1, 1, 224, 224])"
case_00033,291,19.093751907348633,0.0,False,"torch.Size([1, 1, 224, 224])"
case_00161,403,21.522998809814453,0.0,False,"torch.Size([1, 1, 224, 224])"
case_00079,158,18.76688003540039,0.0,False,"torch.Size([1, 1, 224, 224])"
case_00113,34,21.37899398803711,0.0,False,"torch.Size([1, 1, 224, 224])"
case_00115,347,18.946170806884766,0.0,True,"torch.Size([1, 1, 224, 224])"
case_00086,337,21.425724029541016,0.0,False,"torch.Size([1, 1, 224, 224])"
case_00161,23,20.051002502441406,0.0,False,"torch.Size([1, 1, 224, 224])"
case_00102,468,19.965410232543945,0.0,False,"torch.Size([1, 1, 224, 224])"
case_00154,355,19.423961639404297,0.0,False,"torch.Size([1, 1, 224, 224])"
case_00086,457,20.646095275878906,0.0,False,"torch.Size([1, 1, 224, 224])"
case_00115,239,19.22774314880371,0.0,False,"torch.Size([1, 1, 224, 224])"
case_00086,332,23.194074630737305,0.0,False,"torch.Size([1, 1, 224, 224])"
case_00115,291,18.991708755493164,0.0,False,"torch.Size([1, 1, 224, 224])"
case_00086,211,21.012544631958008,0.0,False,"torch.Size([1, 1, 224, 224])"
case_00154,89,19.59681510925293,0.0,False,"torch.Size([1, 1, 224, 224])"
case_00102,419,21.657943725585938,0.0,True,"torch.Size([1, 1, 224, 224])"
case_00075,169,18.48459243774414,0.0,False,"torch.Size([1, 1, 224, 224])"
case_00014,358,19.591331481933594,0.0,False,"torch.Size([1, 1, 224, 224])"
case_00086,143,20.563125610351562,0.0,False,"torch.Size([1, 1, 224, 224])"
case_00161,109,19.66404914855957,0.0,False,"torch.Size([1, 1, 224, 224])"
case_00075,357,19.299745559692383,0.0,True,"torch.Size([1, 1, 224, 224])"
case_00134,449,18.680572509765625,0.0,False,"torch.Size([1, 1, 224, 224])"
case_00194,496,18.998146057128906,0.0,False,"torch.Size([1, 1, 224, 224])"
case_00033,289,18.935441970825195,0.0,False,"torch.Size([1, 1, 224, 224])"
case_00134,66,19.683837890625,0.0,False,"torch.Size([1, 1, 224, 224])"
case_00203,218,18.826723098754883,0.0,False,"torch.Size([1, 1, 224, 224])"
case_00161,465,19.187450408935547,0.0,False,"torch.Size([1, 1, 224, 224])"
case_00203,149,19.043445587158203,0.0,False,"torch.Size([1, 1, 224, 224])"
case_00161,426,20.175457000732422,0.0,False,"torch.Size([1, 1, 224, 224])"
case_00115,163,18.73469352722168,0.0,False,"torch.Size([1, 1, 224, 224])"
case_00014,257,20.787477493286133,0.0,False,"torch.Size([1, 1, 224, 224])"
case_00203,38,18.712282180786133,0.0,False,"torch.Size([1, 1, 224, 224])"
case_00086,294,21.416902542114258,0.0,False,"torch.Size([1, 1, 224, 224])"
case_00033,423,19.432783126831055,0.0,False,"torch.Size([1, 1, 224, 224])"
case_00125,231,20.341157913208008,0.0,False,"torch.Size([1, 1, 224, 224])"
case_00134,90,19.644498825073242,0.0,False,"torch.Size([1, 1, 224, 224])"
case_00154,345,20.621538162231445,0.0,True,"torch.Size([1, 1, 224, 224])"
case_00014,385,19.762039184570312,0.0,False,"torch.Size([1, 1, 224, 224])"
case_00033,331,19.299745559692383,0.0,False,"torch.Size([1, 1, 224, 224])"
case_00079,184,19.298315048217773,0.0,False,"torch.Size([1, 1, 224, 224])"
case_00154,431,19.093990325927734,0.0,False,"torch.Size([1, 1, 224, 224])"
case_00086,345,20.684480667114258,0.0,False,"torch.Size([1, 1, 224, 224])"
case_00014,347,20.76411247253418,0.0,False,"torch.Size([1, 1, 224, 224])"
case_00134,324,21.219253540039062,0.0,True,"torch.Size([1, 1, 224, 224])"
case_00075,68,20.69258689880371,0.0,False,"torch.Size([1, 1, 224, 224])"
case_00154,297,19.500732421875,0.0,False,"torch.Size([1, 1, 224, 224])"
case_00113,258,19.158363342285156,0.0,False,"torch.Size([1, 1, 224, 224])"
case_00033,472,19.53721046447754,0.0,False,"torch.Size([1, 1, 224, 224])"
case_00115,249,19.18339729309082,0.0,False,"torch.Size([1, 1, 224, 224])"
case_00033,339,19.17290687561035,0.0,False,"torch.Size([1, 1, 224, 224])"
case_00133,260,20.357608795166016,0.0,False,"torch.Size([1, 1, 224, 224])"
case_00125,30,18.941640853881836,0.0,False,"torch.Size([1, 1, 224, 224])"
case_00086,377,20.90311050415039,0.0,True,"torch.Size([1, 1, 224, 224])"
case_00115,108,20.862817764282227,0.0,False,"torch.Size([1, 1, 224, 224])"
case_00033,356,19.748687744140625,0.0,False,"torch.Size([1, 1, 224, 224])"
case_00033,235,19.74940299987793,0.0,False,"torch.Size([1, 1, 224, 224])"
case_00079,298,20.978927612304688,0.0,False,"torch.Size([1, 1, 224, 224])"
case_00115,511,19.095897674560547,0.0,False,"torch.Size([1, 1, 224, 224])"
case_00102,271,20.462751388549805,0.0,False,"torch.Size([1, 1, 224, 224])"
case_00033,489,18.868446350097656,0.0,False,"torch.Size([1, 1, 224, 224])"
case_00125,350,20.213842391967773,0.0,False,"torch.Size([1, 1, 224, 224])"
case_00161,173,19.36507225036621,0.0,False,"torch.Size([1, 1, 224, 224])"
case_00102,437,20.96843719482422,0.0,False,"torch.Size([1, 1, 224, 224])"
case_00154,260,19.535064697265625,0.0,False,"torch.Size([1, 1, 224, 224])"
case_00125,62,20.514249801635742,0.0,False,"torch.Size([1, 1, 224, 224])"
case_00086,13,22.25041389465332,0.0,False,"torch.Size([1, 1, 224, 224])"
case_00102,244,21.831274032592773,0.0,False,"torch.Size([1, 1, 224, 224])"
case_00086,340,23.203611373901367,0.0,False,"torch.Size([1, 1, 224, 224])"
case_00086,77,22.373437881469727,0.0,False,"torch.Size([1, 1, 224, 224])"
case_00079,78,19.602298736572266,0.0,False,"torch.Size([1, 1, 224, 224])"
case_00133,200,21.67654037475586,0.0,False,"torch.Size([1, 1, 224, 224])"
case_00014,435,26.68619155883789,0.0,False,"torch.Size([1, 1, 224, 224])"
case_00102,183,21.701574325561523,0.0,False,"torch.Size([1, 1, 224, 224])"
case_00113,380,19.060373306274414,0.0,True,"torch.Size([1, 1, 224, 224])"
case_00134,307,22.44424819946289,0.0,False,"torch.Size([1, 1, 224, 224])"
case_00079,97,18.770456314086914,0.0,False,"torch.Size([1, 1, 224, 224])"
case_00194,17,20.015239715576172,0.0,False,"torch.Size([1, 1, 224, 224])"
case_00133,447,20.27416229248047,0.0,False,"torch.Size([1, 1, 224, 224])"
case_00154,372,19.28114891052246,0.0,False,"torch.Size([1, 1, 224, 224])"
case_00102,355,20.57170867919922,0.0,True,"torch.Size([1, 1, 224, 224])"
case_00134,414,21.710634231567383,0.0,False,"torch.Size([1, 1, 224, 224])"
case_00194,392,19.259214401245117,0.0,False,"torch.Size([1, 1, 224, 224])"
case_00075,413,19.209623336791992,0.0,False,"torch.Size([1, 1, 224, 224])"
case_00125,414,20.00880241394043,0.0,False,"torch.Size([1, 1, 224, 224])"
case_00033,493,21.507740020751953,0.0,False,"torch.Size([1, 1, 224, 224])"
case_00079,248,20.696640014648438,0.0,False,"torch.Size([1, 1, 224, 224])"
case_00115,99,18.843650817871094,0.0,False,"torch.Size([1, 1, 224, 224])"
case_00115,327,24.41692352294922,0.0,True,"torch.Size([1, 1, 224, 224])"
case_00113,296,23.531198501586914,0.0,False,"torch.Size([1, 1, 224, 224])"
case_00161,93,22.83930778503418,0.0,False,"torch.Size([1, 1, 224, 224])"
case_00033,483,19.325733184814453,0.0,False,"torch.Size([1, 1, 224, 224])"
case_00203,229,19.371509552001953,0.0,False,"torch.Size([1, 1, 224, 224])"
case_00113,238,21.099328994750977,0.0,False,"torch.Size([1, 1, 224, 224])"
case_00203,426,20.41339874267578,0.0,False,"torch.Size([1, 1, 224, 224])"
case_00102,192,22.0339298248291,0.0,False,"torch.Size([1, 1, 224, 224])"
case_00134,433,19.823551177978516,0.0,False,"torch.Size([1, 1, 224, 224])"
case_00086,454,21.38066291809082,0.0,False,"torch.Size([1, 1, 224, 224])"
case_00133,223,24.60479736328125,0.0,False,"torch.Size([1, 1, 224, 224])"
case_00161,183,23.45585823059082,0.0,False,"torch.Size([1, 1, 224, 224])"
case_00113,248,20.408153533935547,0.0,False,"torch.Size([1, 1, 224, 224])"
case_00014,473,18.9359188079834,0.0,False,"torch.Size([1, 1, 224, 224])"
case_00075,159,20.484209060668945,0.0,False,"torch.Size([1, 1, 224, 224])"
case_00014,16,18.82338523864746,0.0,False,"torch.Size([1, 1, 224, 224])"
case_00113,478,19.554853439331055,0.0,False,"torch.Size([1, 1, 224, 224])"
case_00079,447,19.776344299316406,0.0,True,"torch.Size([1, 1, 224, 224])"
case_00086,498,20.977497100830078,0.0,False,"torch.Size([1, 1, 224, 224])"
case_00203,32,18.948078155517578,0.0,False,"torch.Size([1, 1, 224, 224])"
case_00113,335,26.234865188598633,0.0,True,"torch.Size([1, 1, 224, 224])"
case_00113,235,22.565841674804688,0.0,False,"torch.Size([1, 1, 224, 224])"
case_00014,182,21.076679229736328,0.0,True,"torch.Size([1, 1, 224, 224])"
case_00086,278,19.620180130004883,0.0,False,"torch.Size([1, 1, 224, 224])"
case_00115,296,19.356489181518555,0.0,False,"torch.Size([1, 1, 224, 224])"
case_00033,447,18.848180770874023,0.0,False,"torch.Size([1, 1, 224, 224])"
case_00113,277,19.17290687561035,0.0,False,"torch.Size([1, 1, 224, 224])"
case_00161,391,19.194602966308594,0.0,False,"torch.Size([1, 1, 224, 224])"
case_00115,350,19.63186264038086,0.0,True,"torch.Size([1, 1, 224, 224])"
case_00075,243,18.182754516601562,0.0,False,"torch.Size([1, 1, 224, 224])"
case_00134,194,17.978906631469727,0.0,False,"torch.Size([1, 1, 224, 224])"
case_00115,501,19.983768463134766,0.0,False,"torch.Size([1, 1, 224, 224])"
case_00133,507,20.632266998291016,0.0,False,"torch.Size([1, 1, 224, 224])"
case_00133,430,20.25628089904785,0.0,False,"torch.Size([1, 1, 224, 224])"
case_00154,217,19.77252960205078,0.0,False,"torch.Size([1, 1, 224, 224])"
case_00033,398,20.038366317749023,0.0,False,"torch.Size([1, 1, 224, 224])"
case_00154,375,19.698619842529297,0.0,False,"torch.Size([1, 1, 224, 224])"
case_00014,305,19.082307815551758,0.0,False,"torch.Size([1, 1, 224, 224])"
case_00134,127,21.09074592590332,0.0,False,"torch.Size([1, 1, 224, 224])"
case_00115,73,20.038604736328125,0.0,False,"torch.Size([1, 1, 224, 224])"
case_00033,101,20.787715911865234,0.0,False,"torch.Size([1, 1, 224, 224])"
case_00125,141,18.560409545898438,0.0,False,"torch.Size([1, 1, 224, 224])"
case_00086,38,20.734786987304688,0.0,False,"torch.Size([1, 1, 224, 224])"
case_00134,11,19.79541778564453,0.0,False,"torch.Size([1, 1, 224, 224])"
case_00125,182,19.63973045349121,0.0,True,"torch.Size([1, 1, 224, 224])"
case_00115,212,21.80004119873047,0.0,False,"torch.Size([1, 1, 224, 224])"
case_00102,125,20.539045333862305,0.0,False,"torch.Size([1, 1, 224, 224])"
case_00014,58,19.25039291381836,0.0,False,"torch.Size([1, 1, 224, 224])"
case_00134,137,20.44391632080078,0.0,False,"torch.Size([1, 1, 224, 224])"
case_00203,317,19.130945205688477,0.0,False,"torch.Size([1, 1, 224, 224])"
case_00194,74,20.20096778869629,0.0,False,"torch.Size([1, 1, 224, 224])"
case_00086,450,19.92344856262207,0.0,False,"torch.Size([1, 1, 224, 224])"
case_00079,35,21.158695220947266,0.0,False,"torch.Size([1, 1, 224, 224])"
case_00115,85,20.320653915405273,0.0,False,"torch.Size([1, 1, 224, 224])"
case_00086,187,21.55613899230957,0.0,False,"torch.Size([1, 1, 224, 224])"
case_00086,425,19.797325134277344,0.0,False,"torch.Size([1, 1, 224, 224])"
case_00154,296,21.194934844970703,0.0,False,"torch.Size([1, 1, 224, 224])"
case_00102,247,19.96469497680664,0.0,False,"torch.Size([1, 1, 224, 224])"
case_00115,317,22.614479064941406,0.0,True,"torch.Size([1, 1, 224, 224])"
case_00161,401,23.141145706176758,0.0,False,"torch.Size([1, 1, 224, 224])"
case_00134,121,22.74942398071289,0.0,False,"torch.Size([1, 1, 224, 224])"
case_00125,153,20.76268196105957,0.0,False,"torch.Size([1, 1, 224, 224])"
case_00014,413,18.907546997070312,0.0,False,"torch.Size([1, 1, 224, 224])"
case_00134,320,21.092891693115234,0.0,False,"torch.Size([1, 1, 224, 224])"
case_00115,176,20.193815231323242,0.0,False,"torch.Size([1, 1, 224, 224])"
case_00113,174,21.864891052246094,0.0,False,"torch.Size([1, 1, 224, 224])"
case_00115,3,19.232749938964844,0.0,False,"torch.Size([1, 1, 224, 224])"
case_00194,241,21.238327026367188,0.0,False,"torch.Size([1, 1, 224, 224])"
case_00102,304,19.490957260131836,0.0,True,"torch.Size([1, 1, 224, 224])"
case_00203,185,21.649837493896484,0.0,False,"torch.Size([1, 1, 224, 224])"
case_00115,189,20.977497100830078,0.0,False,"torch.Size([1, 1, 224, 224])"
case_00154,271,19.49024200439453,0.0,False,"torch.Size([1, 1, 224, 224])"
case_00194,296,20.249366760253906,0.0,False,"torch.Size([1, 1, 224, 224])"
case_00033,124,19.79231834411621,0.0,False,"torch.Size([1, 1, 224, 224])"
case_00154,133,20.95317840576172,0.0,False,"torch.Size([1, 1, 224, 224])"
case_00203,186,19.275188446044922,0.0,False,"torch.Size([1, 1, 224, 224])"
case_00125,156,21.52252197265625,0.0,False,"torch.Size([1, 1, 224, 224])"
case_00194,90,29.511690139770508,0.0,False,"torch.Size([1, 1, 224, 224])"
case_00203,283,20.027875900268555,0.0,False,"torch.Size([1, 1, 224, 224])"
case_00133,295,19.67597007751465,0.0,False,"torch.Size([1, 1, 224, 224])"
case_00133,458,20.33090591430664,0.0,False,"torch.Size([1, 1, 224, 224])"
case_00014,474,19.269943237304688,0.0,False,"torch.Size([1, 1, 224, 224])"
case_00102,505,20.928621292114258,0.0,False,"torch.Size([1, 1, 224, 224])"
case_00014,362,19.605398178100586,0.0,False,"torch.Size([1, 1, 224, 224])"
case_00102,74,20.78700065612793,0.0,False,"torch.Size([1, 1, 224, 224])"
case_00134,397,19.359827041625977,0.0,False,"torch.Size([1, 1, 224, 224])"
case_00113,10,22.269010543823242,0.0,False,"torch.Size([1, 1, 224, 224])"
case_00102,123,19.2410945892334,0.0,False,"torch.Size([1, 1, 224, 224])"
case_00113,272,21.75760269165039,0.0,False,"torch.Size([1, 1, 224, 224])"
case_00086,173,19.447803497314453,0.0,False,"torch.Size([1, 1, 224, 224])"
case_00134,56,22.763490676879883,0.0,False,"torch.Size([1, 1, 224, 224])"
case_00125,215,20.048141479492188,0.0,False,"torch.Size([1, 1, 224, 224])"
case_00115,374,21.86131477355957,0.0,False,"torch.Size([1, 1, 224, 224])"
case_00079,405,19.571781158447266,0.0,True,"torch.Size([1, 1, 224, 224])"
case_00203,54,19.618511199951172,0.0,False,"torch.Size([1, 1, 224, 224])"
case_00125,494,21.821022033691406,0.0,False,"torch.Size([1, 1, 224, 224])"
case_00079,182,19.41847801208496,0.0,False,"torch.Size([1, 1, 224, 224])"
case_00154,371,21.296977996826172,0.0,False,"torch.Size([1, 1, 224, 224])"
case_00133,6,19.61207389831543,0.0,False,"torch.Size([1, 1, 224, 224])"
case_00203,127,19.494295120239258,0.0,False,"torch.Size([1, 1, 224, 224])"
case_00125,163,22.114276885986328,0.0,False,"torch.Size([1, 1, 224, 224])"
case_00086,207,19.790172576904297,0.0,False,"torch.Size([1, 1, 224, 224])"
case_00014,150,21.37160301208496,0.0,False,"torch.Size([1, 1, 224, 224])"
case_00102,397,27.753114700317383,0.0,True,"torch.Size([1, 1, 224, 224])"
case_00125,249,23.41485023498535,0.0,False,"torch.Size([1, 1, 224, 224])"
case_00161,507,19.89269256591797,0.0,False,"torch.Size([1, 1, 224, 224])"
case_00113,41,22.3238468170166,0.0,False,"torch.Size([1, 1, 224, 224])"
case_00115,8,19.60158348083496,0.0,False,"torch.Size([1, 1, 224, 224])"
case_00133,373,22.583961486816406,0.0,False,"torch.Size([1, 1, 224, 224])"
case_00079,497,19.472599029541016,0.0,False,"torch.Size([1, 1, 224, 224])"
case_00033,54,20.87235450744629,0.0,False,"torch.Size([1, 1, 224, 224])"
case_00079,469,24.11055564880371,0.0,False,"torch.Size([1, 1, 224, 224])"
case_00086,157,20.461082458496094,0.0,False,"torch.Size([1, 1, 224, 224])"
case_00102,175,22.75371551513672,0.0,False,"torch.Size([1, 1, 224, 224])"
case_00102,401,19.585847854614258,0.0,True,"torch.Size([1, 1, 224, 224])"
case_00125,244,18.65410804748535,0.0,False,"torch.Size([1, 1, 224, 224])"
case_00079,368,19.862890243530273,0.0,True,"torch.Size([1, 1, 224, 224])"
case_00115,323,21.34847640991211,0.0,True,"torch.Size([1, 1, 224, 224])"
case_00161,399,18.255949020385742,0.0,False,"torch.Size([1, 1, 224, 224])"
case_00014,307,20.483732223510742,0.0,False,"torch.Size([1, 1, 224, 224])"
case_00033,240,22.626876831054688,0.0,False,"torch.Size([1, 1, 224, 224])"
case_00113,336,19.107341766357422,0.0,True,"torch.Size([1, 1, 224, 224])"
case_00134,41,21.45242691040039,0.0,False,"torch.Size([1, 1, 224, 224])"
case_00113,394,19.690275192260742,0.0,True,"torch.Size([1, 1, 224, 224])"
case_00033,48,27.27508544921875,0.0,False,"torch.Size([1, 1, 224, 224])"
case_00033,105,22.975683212280273,0.0,False,"torch.Size([1, 1, 224, 224])"
case_00133,485,23.749828338623047,0.0,False,"torch.Size([1, 1, 224, 224])"
case_00125,123,25.27594566345215,0.0,False,"torch.Size([1, 1, 224, 224])"
case_00194,418,19.72508430480957,0.0,False,"torch.Size([1, 1, 224, 224])"
case_00033,28,19.52958106994629,0.0,False,"torch.Size([1, 1, 224, 224])"
case_00203,104,19.00506019592285,0.0,False,"torch.Size([1, 1, 224, 224])"
case_00086,440,23.8494873046875,0.0,False,"torch.Size([1, 1, 224, 224])"
case_00194,389,20.12324333190918,0.0,False,"torch.Size([1, 1, 224, 224])"
case_00125,296,22.57084846496582,0.0,False,"torch.Size([1, 1, 224, 224])"
case_00102,230,19.086837768554688,0.0,False,"torch.Size([1, 1, 224, 224])"
case_00194,201,21.90399169921875,0.0,False,"torch.Size([1, 1, 224, 224])"
case_00086,119,19.05536651611328,0.0,False,"torch.Size([1, 1, 224, 224])"
case_00194,401,22.07207679748535,0.0,False,"torch.Size([1, 1, 224, 224])"
case_00194,297,19.307851791381836,0.0,False,"torch.Size([1, 1, 224, 224])"
case_00133,169,22.399425506591797,0.0,True,"torch.Size([1, 1, 224, 224])"
case_00075,471,24.697303771972656,0.0,False,"torch.Size([1, 1, 224, 224])"
case_00102,396,21.791934967041016,0.0,True,"torch.Size([1, 1, 224, 224])"
case_00079,104,27.283191680908203,0.0,False,"torch.Size([1, 1, 224, 224])"
case_00033,322,19.65475082397461,0.0,False,"torch.Size([1, 1, 224, 224])"
case_00154,38,19.157886505126953,0.0,False,"torch.Size([1, 1, 224, 224])"
case_00075,202,21.850109100341797,0.0,False,"torch.Size([1, 1, 224, 224])"
case_00154,374,19.998550415039062,0.0,False,"torch.Size([1, 1, 224, 224])"
case_00102,160,21.138906478881836,0.0,False,"torch.Size([1, 1, 224, 224])"
case_00014,20,18.694639205932617,0.0,False,"torch.Size([1, 1, 224, 224])"
case_00086,335,20.13111114501953,0.0,False,"torch.Size([1, 1, 224, 224])"
case_00075,474,19.655466079711914,0.0,False,"torch.Size([1, 1, 224, 224])"
case_00194,347,19.984722137451172,0.0,False,"torch.Size([1, 1, 224, 224])"
case_00125,225,19.046783447265625,0.0,False,"torch.Size([1, 1, 224, 224])"
case_00194,253,26.979684829711914,0.0,False,"torch.Size([1, 1, 224, 224])"
case_00086,146,18.776655197143555,0.0,False,"torch.Size([1, 1, 224, 224])"
case_00075,376,20.361661911010742,0.0,False,"torch.Size([1, 1, 224, 224])"
case_00075,62,18.83220672607422,0.0,False,"torch.Size([1, 1, 224, 224])"
case_00134,64,21.59428596496582,0.0,False,"torch.Size([1, 1, 224, 224])"
case_00115,7,18.757343292236328,0.0,False,"torch.Size([1, 1, 224, 224])"
case_00079,300,21.646976470947266,0.0,False,"torch.Size([1, 1, 224, 224])"
case_00086,442,22.924184799194336,0.0,False,"torch.Size([1, 1, 224, 224])"
case_00079,358,21.92378044128418,0.0,True,"torch.Size([1, 1, 224, 224])"
case_00102,9,23.983478546142578,0.0,False,"torch.Size([1, 1, 224, 224])"
case_00125,444,21.73638343811035,0.0,False,"torch.Size([1, 1, 224, 224])"
case_00113,322,21.61407470703125,0.0,True,"torch.Size([1, 1, 224, 224])"
case_00075,217,20.848989486694336,0.0,False,"torch.Size([1, 1, 224, 224])"
case_00086,120,20.264625549316406,0.0,False,"torch.Size([1, 1, 224, 224])"
case_00133,255,21.559476852416992,0.0,False,"torch.Size([1, 1, 224, 224])"
case_00134,236,19.902944564819336,0.0,False,"torch.Size([1, 1, 224, 224])"
case_00134,202,20.05934715270996,0.0,False,"torch.Size([1, 1, 224, 224])"
case_00203,410,20.489931106567383,0.0,True,"torch.Size([1, 1, 224, 224])"
case_00115,489,20.420074462890625,0.0,False,"torch.Size([1, 1, 224, 224])"
case_00079,110,20.186185836791992,0.0,False,"torch.Size([1, 1, 224, 224])"
case_00086,116,20.880460739135742,0.0,False,"torch.Size([1, 1, 224, 224])"
case_00113,232,19.96636390686035,0.0,False,"torch.Size([1, 1, 224, 224])"
case_00079,281,19.635438919067383,0.0,False,"torch.Size([1, 1, 224, 224])"
case_00154,199,19.608497619628906,0.0,False,"torch.Size([1, 1, 224, 224])"
case_00086,419,21.286725997924805,0.0,False,"torch.Size([1, 1, 224, 224])"
case_00102,444,19.485950469970703,0.0,False,"torch.Size([1, 1, 224, 224])"
case_00014,147,21.250009536743164,0.0,False,"torch.Size([1, 1, 224, 224])"
case_00033,451,19.707202911376953,0.0,False,"torch.Size([1, 1, 224, 224])"
case_00033,147,21.13199234008789,0.0,False,"torch.Size([1, 1, 224, 224])"
case_00075,88,19.832372665405273,0.0,False,"torch.Size([1, 1, 224, 224])"
case_00194,87,19.6230411529541,0.0,False,"torch.Size([1, 1, 224, 224])"
case_00086,236,19.971370697021484,0.0,False,"torch.Size([1, 1, 224, 224])"
case_00194,350,21.87371253967285,0.0,False,"torch.Size([1, 1, 224, 224])"
case_00154,385,19.85335350036621,0.0,False,"torch.Size([1, 1, 224, 224])"
case_00014,114,22.131681442260742,0.0,False,"torch.Size([1, 1, 224, 224])"
case_00154,281,19.26565170288086,0.0,False,"torch.Size([1, 1, 224, 224])"
case_00079,251,21.35634422302246,0.0,False,"torch.Size([1, 1, 224, 224])"
case_00133,148,21.820545196533203,0.0,True,"torch.Size([1, 1, 224, 224])"
case_00194,158,20.631790161132812,0.0,True,"torch.Size([1, 1, 224, 224])"
case_00161,27,21.683216094970703,0.0,False,"torch.Size([1, 1, 224, 224])"
case_00075,479,20.381450653076172,0.0,False,"torch.Size([1, 1, 224, 224])"
case_00134,291,19.792795181274414,0.0,False,"torch.Size([1, 1, 224, 224])"
case_00079,332,22.325515747070312,0.0,True,"torch.Size([1, 1, 224, 224])"
case_00033,508,19.5162296295166,0.0,False,"torch.Size([1, 1, 224, 224])"
case_00134,369,22.27926254272461,0.0,True,"torch.Size([1, 1, 224, 224])"
case_00161,131,23.46658706665039,0.0,True,"torch.Size([1, 1, 224, 224])"
case_00102,167,21.295785903930664,0.0,False,"torch.Size([1, 1, 224, 224])"
case_00014,511,24.17445182800293,0.0,False,"torch.Size([1, 1, 224, 224])"
case_00133,358,23.02694320678711,0.0,False,"torch.Size([1, 1, 224, 224])"
case_00134,276,20.344972610473633,0.0,False,"torch.Size([1, 1, 224, 224])"
case_00203,161,17.55380630493164,0.0,False,"torch.Size([1, 1, 224, 224])"
case_00014,446,20.603179931640625,0.0,False,"torch.Size([1, 1, 224, 224])"
case_00113,314,20.273923873901367,0.0,False,"torch.Size([1, 1, 224, 224])"
case_00194,3,21.903514862060547,0.0,False,"torch.Size([1, 1, 224, 224])"
case_00086,63,19.15454864501953,0.0,False,"torch.Size([1, 1, 224, 224])"
case_00161,288,20.771026611328125,0.0,False,"torch.Size([1, 1, 224, 224])"
case_00113,60,19.104719161987305,0.0,False,"torch.Size([1, 1, 224, 224])"
case_00014,388,19.806623458862305,0.0,False,"torch.Size([1, 1, 224, 224])"
case_00203,275,19.459009170532227,0.0,False,"torch.Size([1, 1, 224, 224])"
case_00014,179,22.830963134765625,0.0,True,"torch.Size([1, 1, 224, 224])"
case_00033,61,22.557735443115234,0.0,False,"torch.Size([1, 1, 224, 224])"
case_00075,121,22.304773330688477,0.0,False,"torch.Size([1, 1, 224, 224])"
case_00161,25,19.78778839111328,0.0,False,"torch.Size([1, 1, 224, 224])"
case_00115,48,21.911144256591797,0.0,False,"torch.Size([1, 1, 224, 224])"
case_00194,6,19.547224044799805,0.0,False,"torch.Size([1, 1, 224, 224])"
case_00033,474,19.717931747436523,0.0,False,"torch.Size([1, 1, 224, 224])"
case_00086,458,22.182703018188477,0.0,False,"torch.Size([1, 1, 224, 224])"
case_00014,239,19.461870193481445,0.0,False,"torch.Size([1, 1, 224, 224])"
case_00079,468,20.409584045410156,0.0,False,"torch.Size([1, 1, 224, 224])"
case_00134,480,19.069433212280273,0.0,False,"torch.Size([1, 1, 224, 224])"
case_00134,205,20.169973373413086,0.0,False,"torch.Size([1, 1, 224, 224])"
case_00102,131,19.005298614501953,0.0,False,"torch.Size([1, 1, 224, 224])"
case_00194,300,20.189285278320312,0.0,False,"torch.Size([1, 1, 224, 224])"
case_00133,424,19.215106964111328,0.0,False,"torch.Size([1, 1, 224, 224])"
case_00134,457,19.953489303588867,0.0,False,"torch.Size([1, 1, 224, 224])"
case_00125,117,19.168615341186523,0.0,False,"torch.Size([1, 1, 224, 224])"
case_00161,124,20.390987396240234,0.0,True,"torch.Size([1, 1, 224, 224])"
case_00125,254,22.15576171875,0.0,False,"torch.Size([1, 1, 224, 224])"
case_00033,279,21.524429321289062,0.0,False,"torch.Size([1, 1, 224, 224])"
case_00113,125,22.738218307495117,0.0,False,"torch.Size([1, 1, 224, 224])"
case_00161,422,19.650936126708984,0.0,False,"torch.Size([1, 1, 224, 224])"
case_00125,424,19.59371566772461,0.0,False,"torch.Size([1, 1, 224, 224])"
case_00033,137,19.51122283935547,0.0,False,"torch.Size([1, 1, 224, 224])"
case_00075,451,21.285533905029297,0.0,False,"torch.Size([1, 1, 224, 224])"
case_00194,498,18.856048583984375,0.0,False,"torch.Size([1, 1, 224, 224])"
case_00075,456,20.895957946777344,0.0,False,"torch.Size([1, 1, 224, 224])"
case_00194,216,19.21534538269043,0.0,False,"torch.Size([1, 1, 224, 224])"
case_00134,242,25.772571563720703,0.0,False,"torch.Size([1, 1, 224, 224])"
case_00075,354,20.3702449798584,0.0,True,"torch.Size([1, 1, 224, 224])"
case_00115,145,24.03402328491211,0.0,False,"torch.Size([1, 1, 224, 224])"
case_00161,478,21.6677188873291,0.0,False,"torch.Size([1, 1, 224, 224])"
case_00125,369,22.60732650756836,0.0,False,"torch.Size([1, 1, 224, 224])"
case_00033,162,18.682003021240234,0.0,False,"torch.Size([1, 1, 224, 224])"
case_00161,76,20.459651947021484,0.0,False,"torch.Size([1, 1, 224, 224])"
case_00079,322,18.826961517333984,0.0,False,"torch.Size([1, 1, 224, 224])"
case_00134,146,20.34616470336914,0.0,False,"torch.Size([1, 1, 224, 224])"
case_00014,248,18.479108810424805,0.0,False,"torch.Size([1, 1, 224, 224])"
case_00134,5,21.03710174560547,0.0,False,"torch.Size([1, 1, 224, 224])"
case_00102,451,20.815134048461914,0.0,False,"torch.Size([1, 1, 224, 224])"
case_00086,336,21.007061004638672,0.0,False,"torch.Size([1, 1, 224, 224])"
case_00115,236,18.662691116333008,0.0,False,"torch.Size([1, 1, 224, 224])"
case_00133,293,19.95539665222168,0.0,False,"torch.Size([1, 1, 224, 224])"
case_00115,316,18.802642822265625,0.0,True,"torch.Size([1, 1, 224, 224])"
case_00161,205,23.37503433227539,0.0,False,"torch.Size([1, 1, 224, 224])"
case_00194,455,22.039413452148438,0.0,False,"torch.Size([1, 1, 224, 224])"
case_00079,426,23.056745529174805,0.0,True,"torch.Size([1, 1, 224, 224])"
case_00115,442,22.153615951538086,0.0,False,"torch.Size([1, 1, 224, 224])"
case_00154,273,20.32637596130371,0.0,False,"torch.Size([1, 1, 224, 224])"
case_00134,117,20.999431610107422,0.0,False,"torch.Size([1, 1, 224, 224])"
case_00203,9,18.831253051757812,0.0,False,"torch.Size([1, 1, 224, 224])"
case_00154,505,20.91073989868164,0.0,False,"torch.Size([1, 1, 224, 224])"
case_00086,111,18.860340118408203,0.0,False,"torch.Size([1, 1, 224, 224])"
case_00125,103,20.68471908569336,0.0,False,"torch.Size([1, 1, 224, 224])"
case_00086,274,18.843412399291992,0.0,False,"torch.Size([1, 1, 224, 224])"
case_00075,338,21.37613296508789,0.0,True,"torch.Size([1, 1, 224, 224])"
case_00079,408,23.288249969482422,0.0,True,"torch.Size([1, 1, 224, 224])"
case_00113,430,20.842552185058594,0.0,True,"torch.Size([1, 1, 224, 224])"
case_00033,365,18.170833587646484,0.0,False,"torch.Size([1, 1, 224, 224])"
case_00102,232,18.20969581604004,0.0,False,"torch.Size([1, 1, 224, 224])"
case_00161,379,20.701169967651367,0.0,False,"torch.Size([1, 1, 224, 224])"
case_00194,222,20.741701126098633,0.0,False,"torch.Size([1, 1, 224, 224])"
case_00133,471,22.45163917541504,0.0,False,"torch.Size([1, 1, 224, 224])"
case_00133,170,20.189285278320312,0.0,True,"torch.Size([1, 1, 224, 224])"
case_00161,454,22.046804428100586,0.0,False,"torch.Size([1, 1, 224, 224])"
case_00033,60,19.561767578125,0.0,False,"torch.Size([1, 1, 224, 224])"
case_00113,133,20.62535285949707,0.0,False,"torch.Size([1, 1, 224, 224])"
case_00086,134,19.56319808959961,0.0,False,"torch.Size([1, 1, 224, 224])"
case_00133,496,21.277189254760742,0.0,False,"torch.Size([1, 1, 224, 224])"
case_00033,226,19.211530685424805,0.0,False,"torch.Size([1, 1, 224, 224])"
case_00086,298,20.513296127319336,0.0,False,"torch.Size([1, 1, 224, 224])"
case_00115,341,18.82338523864746,0.0,True,"torch.Size([1, 1, 224, 224])"
case_00014,87,18.54729652404785,0.0,False,"torch.Size([1, 1, 224, 224])"
case_00113,486,18.863916397094727,0.0,False,"torch.Size([1, 1, 224, 224])"
case_00161,338,20.476818084716797,0.0,False,"torch.Size([1, 1, 224, 224])"
case_00075,511,19.3941593170166,0.0,False,"torch.Size([1, 1, 224, 224])"
case_00194,149,19.205331802368164,0.0,False,"torch.Size([1, 1, 224, 224])"
case_00115,348,19.08087730407715,0.0,True,"torch.Size([1, 1, 224, 224])"
case_00154,434,20.97344398498535,0.0,False,"torch.Size([1, 1, 224, 224])"
case_00079,239,20.10321617126465,0.0,False,"torch.Size([1, 1, 224, 224])"
case_00203,166,19.117116928100586,0.0,False,"torch.Size([1, 1, 224, 224])"
case_00133,230,21.26908302307129,0.0,False,"torch.Size([1, 1, 224, 224])"
case_00033,308,18.993377685546875,0.0,False,"torch.Size([1, 1, 224, 224])"
case_00033,454,21.162033081054688,0.0,False,"torch.Size([1, 1, 224, 224])"
case_00113,9,19.153594970703125,0.0,False,"torch.Size([1, 1, 224, 224])"
case_00113,144,21.010160446166992,0.0,False,"torch.Size([1, 1, 224, 224])"
case_00134,333,19.113540649414062,0.0,True,"torch.Size([1, 1, 224, 224])"
case_00086,484,18.480539321899414,0.0,False,"torch.Size([1, 1, 224, 224])"
case_00125,406,21.363496780395508,0.0,False,"torch.Size([1, 1, 224, 224])"
case_00075,2,19.338607788085938,0.0,False,"torch.Size([1, 1, 224, 224])"
case_00075,135,20.64228057861328,0.0,False,"torch.Size([1, 1, 224, 224])"
case_00014,109,18.774986267089844,0.0,False,"torch.Size([1, 1, 224, 224])"
case_00113,407,20.564794540405273,0.0,True,"torch.Size([1, 1, 224, 224])"
case_00194,469,21.708011627197266,0.0,False,"torch.Size([1, 1, 224, 224])"
case_00113,109,19.97208595275879,0.0,False,"torch.Size([1, 1, 224, 224])"
case_00161,508,21.355390548706055,0.0,False,"torch.Size([1, 1, 224, 224])"
case_00033,9,19.35434341430664,0.0,False,"torch.Size([1, 1, 224, 224])"
case_00086,402,18.6920166015625,0.0,True,"torch.Size([1, 1, 224, 224])"
case_00113,268,27.756452560424805,0.0,False,"torch.Size([1, 1, 224, 224])"
case_00203,409,19.07634735107422,0.0,True,"torch.Size([1, 1, 224, 224])"
case_00194,0,18.432140350341797,0.0,False,"torch.Size([1, 1, 224, 224])"
case_00113,171,18.31960678100586,0.0,False,"torch.Size([1, 1, 224, 224])"
case_00134,149,19.488811492919922,0.0,False,"torch.Size([1, 1, 224, 224])"
case_00079,316,18.94378662109375,0.0,False,"torch.Size([1, 1, 224, 224])"
case_00161,178,19.345760345458984,0.0,False,"torch.Size([1, 1, 224, 224])"
case_00133,276,19.356966018676758,0.0,False,"torch.Size([1, 1, 224, 224])"
case_00033,296,18.524885177612305,0.0,False,"torch.Size([1, 1, 224, 224])"
case_00125,235,19.44136619567871,0.0,False,"torch.Size([1, 1, 224, 224])"
case_00079,60,19.428014755249023,0.0,False,"torch.Size([1, 1, 224, 224])"
case_00161,400,20.04837989807129,0.0,False,"torch.Size([1, 1, 224, 224])"
case_00125,458,19.280672073364258,0.0,False,"torch.Size([1, 1, 224, 224])"
case_00079,283,20.50495147705078,0.0,False,"torch.Size([1, 1, 224, 224])"
case_00086,320,28.348207473754883,0.0,False,"torch.Size([1, 1, 224, 224])"
case_00115,376,29.693126678466797,0.0,False,"torch.Size([1, 1, 224, 224])"
case_00075,391,18.802165985107422,0.0,False,"torch.Size([1, 1, 224, 224])"
case_00075,453,32.26137161254883,0.0,False,"torch.Size([1, 1, 224, 224])"
case_00133,129,19.121885299682617,0.0,True,"torch.Size([1, 1, 224, 224])"
case_00033,135,21.30603790283203,0.0,False,"torch.Size([1, 1, 224, 224])"
case_00079,328,20.135879516601562,0.0,True,"torch.Size([1, 1, 224, 224])"
case_00203,399,19.12665367126465,0.0,True,"torch.Size([1, 1, 224, 224])"
case_00125,289,22.522926330566406,0.0,False,"torch.Size([1, 1, 224, 224])"
case_00133,161,21.501541137695312,0.0,True,"torch.Size([1, 1, 224, 224])"
case_00075,220,20.29871940612793,0.0,False,"torch.Size([1, 1, 224, 224])"
case_00075,98,20.44200897216797,0.0,False,"torch.Size([1, 1, 224, 224])"
case_00203,457,20.441532135009766,0.0,False,"torch.Size([1, 1, 224, 224])"
case_00161,80,20.778179168701172,0.0,False,"torch.Size([1, 1, 224, 224])"
case_00014,304,20.63441276550293,0.0,False,"torch.Size([1, 1, 224, 224])"
case_00125,312,20.9500789642334,0.0,False,"torch.Size([1, 1, 224, 224])"
case_00014,169,18.693208694458008,0.0,True,"torch.Size([1, 1, 224, 224])"
case_00033,411,20.097970962524414,0.0,False,"torch.Size([1, 1, 224, 224])"
case_00161,432,19.08111572265625,0.0,False,"torch.Size([1, 1, 224, 224])"
case_00086,57,19.87934112548828,0.0,False,"torch.Size([1, 1, 224, 224])"
case_00115,143,19.78611946105957,0.0,False,"torch.Size([1, 1, 224, 224])"
case_00161,327,20.402908325195312,0.0,False,"torch.Size([1, 1, 224, 224])"
case_00086,293,18.806934356689453,0.0,False,"torch.Size([1, 1, 224, 224])"
case_00115,425,19.631624221801758,0.0,False,"torch.Size([1, 1, 224, 224])"
case_00014,392,19.11616325378418,0.0,False,"torch.Size([1, 1, 224, 224])"
case_00102,168,21.0268497467041,0.0,False,"torch.Size([1, 1, 224, 224])"
case_00086,410,19.41704750061035,0.0,True,"torch.Size([1, 1, 224, 224])"
case_00115,264,24.046659469604492,0.0,False,"torch.Size([1, 1, 224, 224])"
case_00154,64,19.356727600097656,0.0,False,"torch.Size([1, 1, 224, 224])"
case_00154,191,19.25206184387207,0.0,False,"torch.Size([1, 1, 224, 224])"
case_00079,257,19.617319107055664,0.0,False,"torch.Size([1, 1, 224, 224])"
case_00075,295,22.532939910888672,0.0,False,"torch.Size([1, 1, 224, 224])"
case_00154,343,18.7075138092041,0.0,True,"torch.Size([1, 1, 224, 224])"
case_00102,35,23.267269134521484,0.0,False,"torch.Size([1, 1, 224, 224])"
case_00134,8,21.693706512451172,0.0,False,"torch.Size([1, 1, 224, 224])"
case_00113,252,22.9034423828125,0.0,False,"torch.Size([1, 1, 224, 224])"
case_00014,19,19.942283630371094,0.0,False,"torch.Size([1, 1, 224, 224])"
case_00113,122,22.961854934692383,0.0,False,"torch.Size([1, 1, 224, 224])"
case_00133,436,17.555713653564453,0.0,False,"torch.Size([1, 1, 224, 224])"
case_00133,274,19.793987274169922,0.0,False,"torch.Size([1, 1, 224, 224])"
case_00075,408,19.503116607666016,0.0,False,"torch.Size([1, 1, 224, 224])"
case_00194,178,20.9197998046875,0.0,True,"torch.Size([1, 1, 224, 224])"
case_00115,402,20.340919494628906,0.0,False,"torch.Size([1, 1, 224, 224])"
case_00154,153,20.285844802856445,0.0,False,"torch.Size([1, 1, 224, 224])"
case_00033,164,18.51201057434082,0.0,False,"torch.Size([1, 1, 224, 224])"
case_00194,54,25.69413185119629,0.0,False,"torch.Size([1, 1, 224, 224])"
case_00113,86,21.146297454833984,0.0,False,"torch.Size([1, 1, 224, 224])"
case_00134,308,21.0115909576416,0.0,False,"torch.Size([1, 1, 224, 224])"
case_00075,182,27.76050567626953,0.0,False,"torch.Size([1, 1, 224, 224])"
case_00079,27,20.642995834350586,0.0,False,"torch.Size([1, 1, 224, 224])"
case_00203,170,18.231630325317383,0.0,False,"torch.Size([1, 1, 224, 224])"
case_00133,243,20.578384399414062,0.0,False,"torch.Size([1, 1, 224, 224])"
case_00086,408,19.543170928955078,0.0,True,"torch.Size([1, 1, 224, 224])"
case_00086,244,22.334575653076172,0.0,False,"torch.Size([1, 1, 224, 224])"
case_00113,254,21.000385284423828,0.0,False,"torch.Size([1, 1, 224, 224])"
case_00102,456,19.988298416137695,0.0,False,"torch.Size([1, 1, 224, 224])"
case_00086,463,25.79045295715332,0.0,False,"torch.Size([1, 1, 224, 224])"
case_00115,194,19.531965255737305,0.0,False,"torch.Size([1, 1, 224, 224])"
case_00133,283,22.41206169128418,0.0,False,"torch.Size([1, 1, 224, 224])"
case_00014,211,19.65928077697754,0.0,False,"torch.Size([1, 1, 224, 224])"
case_00033,119,21.291494369506836,0.0,False,"torch.Size([1, 1, 224, 224])"
case_00203,3,18.716812133789062,0.0,False,"torch.Size([1, 1, 224, 224])"
case_00115,59,20.16282081604004,0.0,False,"torch.Size([1, 1, 224, 224])"
case_00079,399,19.047260284423828,0.0,True,"torch.Size([1, 1, 224, 224])"
case_00161,366,22.611379623413086,0.0,False,"torch.Size([1, 1, 224, 224])"
case_00161,262,22.116899490356445,0.0,False,"torch.Size([1, 1, 224, 224])"
case_00203,147,17.5628662109375,0.0,False,"torch.Size([1, 1, 224, 224])"
case_00161,486,19.98281478881836,0.0,False,"torch.Size([1, 1, 224, 224])"
case_00075,274,19.879817962646484,0.0,False,"torch.Size([1, 1, 224, 224])"
case_00086,297,21.539688110351562,0.0,False,"torch.Size([1, 1, 224, 224])"
case_00086,30,19.75560188293457,0.0,False,"torch.Size([1, 1, 224, 224])"
case_00115,274,19.641876220703125,0.0,False,"torch.Size([1, 1, 224, 224])"
case_00161,145,20.841598510742188,0.0,True,"torch.Size([1, 1, 224, 224])"
case_00161,446,22.595882415771484,0.0,False,"torch.Size([1, 1, 224, 224])"
case_00079,139,21.35753631591797,0.0,False,"torch.Size([1, 1, 224, 224])"
case_00194,13,20.54762840270996,0.0,False,"torch.Size([1, 1, 224, 224])"
case_00033,415,19.992589950561523,0.0,False,"torch.Size([1, 1, 224, 224])"
case_00115,289,19.825458526611328,0.0,False,"torch.Size([1, 1, 224, 224])"
case_00134,111,21.290063858032227,0.0,False,"torch.Size([1, 1, 224, 224])"
case_00133,160,19.377708435058594,0.0,True,"torch.Size([1, 1, 224, 224])"
case_00161,492,24.855375289916992,0.0,False,"torch.Size([1, 1, 224, 224])"
case_00115,337,19.880056381225586,0.0,True,"torch.Size([1, 1, 224, 224])"
case_00113,201,21.842002868652344,0.0,False,"torch.Size([1, 1, 224, 224])"
case_00079,384,20.843982696533203,0.0,True,"torch.Size([1, 1, 224, 224])"
case_00102,301,20.685195922851562,0.0,True,"torch.Size([1, 1, 224, 224])"
case_00194,477,20.282983779907227,0.0,False,"torch.Size([1, 1, 224, 224])"
case_00134,223,18.192768096923828,0.0,False,"torch.Size([1, 1, 224, 224])"
case_00079,128,21.13056182861328,0.0,False,"torch.Size([1, 1, 224, 224])"
case_00161,336,19.48070526123047,0.0,False,"torch.Size([1, 1, 224, 224])"
case_00075,435,20.88475227355957,0.0,False,"torch.Size([1, 1, 224, 224])"
case_00134,176,21.944284439086914,0.0,False,"torch.Size([1, 1, 224, 224])"
case_00203,215,19.0582275390625,0.0,False,"torch.Size([1, 1, 224, 224])"
case_00133,178,20.56121826171875,0.0,True,"torch.Size([1, 1, 224, 224])"
case_00161,404,19.167184829711914,0.0,False,"torch.Size([1, 1, 224, 224])"
case_00033,334,19.030094146728516,0.0,False,"torch.Size([1, 1, 224, 224])"
case_00133,159,20.731210708618164,0.0,True,"torch.Size([1, 1, 224, 224])"
case_00133,467,21.85964584350586,0.0,False,"torch.Size([1, 1, 224, 224])"
case_00125,351,21.1334228515625,0.0,False,"torch.Size([1, 1, 224, 224])"
case_00079,235,22.229433059692383,0.0,False,"torch.Size([1, 1, 224, 224])"
case_00115,302,19.5767879486084,0.0,False,"torch.Size([1, 1, 224, 224])"
case_00113,134,21.447181701660156,0.0,False,"torch.Size([1, 1, 224, 224])"
case_00075,495,19.7908878326416,0.0,False,"torch.Size([1, 1, 224, 224])"
case_00033,91,27.463674545288086,0.0,False,"torch.Size([1, 1, 224, 224])"
case_00161,357,26.774168014526367,0.0,False,"torch.Size([1, 1, 224, 224])"
case_00102,144,18.697023391723633,0.0,False,"torch.Size([1, 1, 224, 224])"
case_00134,396,20.849943161010742,0.0,False,"torch.Size([1, 1, 224, 224])"
case_00154,240,17.947912216186523,0.0,False,"torch.Size([1, 1, 224, 224])"
case_00086,249,18.8906192779541,0.0,False,"torch.Size([1, 1, 224, 224])"
case_00033,413,17.934560775756836,0.0,False,"torch.Size([1, 1, 224, 224])"
case_00134,80,19.842863082885742,0.0,False,"torch.Size([1, 1, 224, 224])"
case_00086,60,18.871545791625977,0.0,False,"torch.Size([1, 1, 224, 224])"
case_00161,487,20.46513557434082,0.0,False,"torch.Size([1, 1, 224, 224])"
case_00075,154,17.085790634155273,0.0,False,"torch.Size([1, 1, 224, 224])"
case_00133,238,19.67453956604004,0.0,False,"torch.Size([1, 1, 224, 224])"
case_00125,398,20.677804946899414,0.0,False,"torch.Size([1, 1, 224, 224])"
case_00134,343,21.349191665649414,0.0,True,"torch.Size([1, 1, 224, 224])"
case_00194,342,21.98958396911621,0.0,False,"torch.Size([1, 1, 224, 224])"
case_00086,205,21.29340171813965,0.0,False,"torch.Size([1, 1, 224, 224])"
case_00075,234,21.134376525878906,0.0,False,"torch.Size([1, 1, 224, 224])"
case_00014,233,19.405841827392578,0.0,False,"torch.Size([1, 1, 224, 224])"
case_00133,171,20.3397274017334,0.0,True,"torch.Size([1, 1, 224, 224])"
case_00014,462,18.651485443115234,0.0,False,"torch.Size([1, 1, 224, 224])"
case_00161,258,20.020484924316406,0.0,False,"torch.Size([1, 1, 224, 224])"
case_00033,341,18.84770393371582,0.0,False,"torch.Size([1, 1, 224, 224])"
case_00115,367,20.093917846679688,0.0,False,"torch.Size([1, 1, 224, 224])"
case_00134,243,19.036054611206055,0.0,False,"torch.Size([1, 1, 224, 224])"
case_00115,363,20.427703857421875,0.0,False,"torch.Size([1, 1, 224, 224])"
case_00113,440,18.985748291015625,0.0,True,"torch.Size([1, 1, 224, 224])"
case_00014,189,20.08223533630371,0.0,True,"torch.Size([1, 1, 224, 224])"
case_00102,452,21.651506423950195,0.0,False,"torch.Size([1, 1, 224, 224])"
case_00134,348,20.621299743652344,0.0,True,"torch.Size([1, 1, 224, 224])"
case_00102,203,21.32868766784668,0.0,False,"torch.Size([1, 1, 224, 224])"
case_00075,71,20.27726173400879,0.0,False,"torch.Size([1, 1, 224, 224])"
case_00203,126,22.137880325317383,0.0,False,"torch.Size([1, 1, 224, 224])"
case_00194,72,25.035858154296875,0.0,False,"torch.Size([1, 1, 224, 224])"
case_00014,256,18.53656768798828,0.0,False,"torch.Size([1, 1, 224, 224])"
case_00154,170,20.659446716308594,0.0,False,"torch.Size([1, 1, 224, 224])"
case_00033,377,17.82083511352539,0.0,False,"torch.Size([1, 1, 224, 224])"
case_00134,317,20.50185203552246,0.0,False,"torch.Size([1, 1, 224, 224])"
case_00134,213,19.647598266601562,0.0,False,"torch.Size([1, 1, 224, 224])"
case_00125,34,20.94125747680664,0.0,False,"torch.Size([1, 1, 224, 224])"
case_00161,290,19.498825073242188,0.0,False,"torch.Size([1, 1, 224, 224])"
case_00203,408,18.76544952392578,0.0,True,"torch.Size([1, 1, 224, 224])"
case_00102,361,20.612716674804688,0.0,True,"torch.Size([1, 1, 224, 224])"
case_00203,50,19.212961196899414,0.0,False,"torch.Size([1, 1, 224, 224])"
case_00134,88,22.03512191772461,0.0,False,"torch.Size([1, 1, 224, 224])"
case_00014,242,17.71068572998047,0.0,False,"torch.Size([1, 1, 224, 224])"
case_00014,51,19.513607025146484,0.0,False,"torch.Size([1, 1, 224, 224])"
case_00075,462,17.657995223999023,0.0,False,"torch.Size([1, 1, 224, 224])"
case_00133,302,20.697593688964844,0.0,False,"torch.Size([1, 1, 224, 224])"
case_00133,450,17.859697341918945,0.0,False,"torch.Size([1, 1, 224, 224])"
case_00161,14,19.223690032958984,0.0,False,"torch.Size([1, 1, 224, 224])"
case_00133,164,18.76091957092285,0.0,True,"torch.Size([1, 1, 224, 224])"
case_00161,414,19.78778839111328,0.0,False,"torch.Size([1, 1, 224, 224])"
case_00033,397,19.2718505859375,0.0,False,"torch.Size([1, 1, 224, 224])"
case_00203,389,19.381284713745117,0.0,False,"torch.Size([1, 1, 224, 224])"
case_00102,467,18.551111221313477,0.0,False,"torch.Size([1, 1, 224, 224])"
case_00079,466,19.36650276184082,0.0,True,"torch.Size([1, 1, 224, 224])"
case_00161,417,20.84493637084961,0.0,False,"torch.Size([1, 1, 224, 224])"
case_00134,455,18.900632858276367,0.0,False,"torch.Size([1, 1, 224, 224])"
case_00125,460,20.41149139404297,0.0,False,"torch.Size([1, 1, 224, 224])"
case_00194,338,18.86916160583496,0.0,False,"torch.Size([1, 1, 224, 224])"
case_00194,240,17.778635025024414,0.0,False,"torch.Size([1, 1, 224, 224])"
case_00113,126,20.526409149169922,0.0,False,"torch.Size([1, 1, 224, 224])"
case_00075,165,18.02968978881836,0.0,False,"torch.Size([1, 1, 224, 224])"
case_00134,300,20.977497100830078,0.0,False,"torch.Size([1, 1, 224, 224])"
case_00154,81,19.50979232788086,0.0,False,"torch.Size([1, 1, 224, 224])"
case_00161,234,19.473552703857422,0.0,False,"torch.Size([1, 1, 224, 224])"
case_00133,195,18.761157989501953,0.0,False,"torch.Size([1, 1, 224, 224])"
case_00194,107,20.62702178955078,0.0,False,"torch.Size([1, 1, 224, 224])"
case_00075,187,20.74909210205078,0.0,False,"torch.Size([1, 1, 224, 224])"
case_00115,151,21.448373794555664,0.0,False,"torch.Size([1, 1, 224, 224])"
case_00125,242,19.708871841430664,0.0,False,"torch.Size([1, 1, 224, 224])"
case_00154,97,19.718647003173828,0.0,False,"torch.Size([1, 1, 224, 224])"
case_00161,172,21.044015884399414,0.0,False,"torch.Size([1, 1, 224, 224])"
case_00079,445,19.845008850097656,0.0,True,"torch.Size([1, 1, 224, 224])"
case_00125,302,19.943952560424805,0.0,False,"torch.Size([1, 1, 224, 224])"
case_00134,462,18.561840057373047,0.0,False,"torch.Size([1, 1, 224, 224])"
case_00115,211,18.975496292114258,0.0,False,"torch.Size([1, 1, 224, 224])"
case_00161,43,20.68805694580078,0.0,False,"torch.Size([1, 1, 224, 224])"
case_00115,168,19.150495529174805,0.0,False,"torch.Size([1, 1, 224, 224])"
case_00102,306,19.481658935546875,0.0,True,"torch.Size([1, 1, 224, 224])"
case_00075,470,21.25239372253418,0.0,False,"torch.Size([1, 1, 224, 224])"
case_00014,434,19.278287887573242,0.0,False,"torch.Size([1, 1, 224, 224])"
case_00161,481,21.12865447998047,0.0,False,"torch.Size([1, 1, 224, 224])"
case_00014,183,18.857240676879883,0.0,True,"torch.Size([1, 1, 224, 224])"
case_00154,496,22.028446197509766,0.0,False,"torch.Size([1, 1, 224, 224])"
case_00154,5,19.26589012145996,0.0,False,"torch.Size([1, 1, 224, 224])"
case_00075,401,21.18968963623047,0.0,False,"torch.Size([1, 1, 224, 224])"
case_00161,81,18.798828125,0.0,False,"torch.Size([1, 1, 224, 224])"
case_00113,157,20.277738571166992,0.0,False,"torch.Size([1, 1, 224, 224])"
case_00125,363,19.411325454711914,0.0,False,"torch.Size([1, 1, 224, 224])"
case_00134,475,20.95651626586914,0.0,False,"torch.Size([1, 1, 224, 224])"
case_00161,3,18.645286560058594,0.0,False,"torch.Size([1, 1, 224, 224])"
case_00161,500,20.041465759277344,0.0,False,"torch.Size([1, 1, 224, 224])"
case_00075,36,18.662691116333008,0.0,False,"torch.Size([1, 1, 224, 224])"
case_00033,139,28.34916114807129,0.0,False,"torch.Size([1, 1, 224, 224])"
case_00125,473,20.012378692626953,0.0,False,"torch.Size([1, 1, 224, 224])"
case_00033,446,19.16027069091797,0.0,False,"torch.Size([1, 1, 224, 224])"
case_00161,332,20.174741744995117,0.0,False,"torch.Size([1, 1, 224, 224])"
case_00161,195,19.54793930053711,0.0,False,"torch.Size([1, 1, 224, 224])"
case_00115,508,20.979642868041992,0.0,False,"torch.Size([1, 1, 224, 224])"
case_00203,146,19.3784236907959,0.0,False,"torch.Size([1, 1, 224, 224])"
case_00194,128,20.827531814575195,0.0,False,"torch.Size([1, 1, 224, 224])"
case_00075,444,19.065141677856445,0.0,False,"torch.Size([1, 1, 224, 224])"
case_00133,158,20.38407325744629,0.0,True,"torch.Size([1, 1, 224, 224])"
case_00033,44,28.42998504638672,0.0,False,"torch.Size([1, 1, 224, 224])"
case_00075,16,29.778003692626953,0.0,False,"torch.Size([1, 1, 224, 224])"
case_00075,99,19.44565773010254,0.0,False,"torch.Size([1, 1, 224, 224])"
case_00033,392,20.635366439819336,0.0,False,"torch.Size([1, 1, 224, 224])"
case_00075,262,27.22644805908203,0.0,False,"torch.Size([1, 1, 224, 224])"
case_00079,307,18.714189529418945,0.0,False,"torch.Size([1, 1, 224, 224])"
case_00102,390,18.11671257019043,0.0,True,"torch.Size([1, 1, 224, 224])"
case_00079,136,21.056413650512695,0.0,False,"torch.Size([1, 1, 224, 224])"
case_00086,302,20.762205123901367,0.0,False,"torch.Size([1, 1, 224, 224])"
case_00134,416,21.320581436157227,0.0,False,"torch.Size([1, 1, 224, 224])"
case_00115,329,20.124197006225586,0.0,True,"torch.Size([1, 1, 224, 224])"
case_00113,278,22.521257400512695,0.0,False,"torch.Size([1, 1, 224, 224])"
case_00125,491,21.277904510498047,0.0,False,"torch.Size([1, 1, 224, 224])"
case_00203,378,20.898103713989258,0.0,False,"torch.Size([1, 1, 224, 224])"
case_00161,177,21.234512329101562,0.0,False,"torch.Size([1, 1, 224, 224])"
case_00079,88,21.393775939941406,0.0,False,"torch.Size([1, 1, 224, 224])"
case_00086,121,24.05524253845215,0.0,False,"torch.Size([1, 1, 224, 224])"
case_00115,272,18.812894821166992,0.0,False,"torch.Size([1, 1, 224, 224])"
case_00194,454,20.092010498046875,0.0,False,"torch.Size([1, 1, 224, 224])"
case_00102,213,19.918441772460938,0.0,False,"torch.Size([1, 1, 224, 224])"
case_00133,4,24.27363395690918,0.0,False,"torch.Size([1, 1, 224, 224])"
case_00133,490,20.645618438720703,0.0,False,"torch.Size([1, 1, 224, 224])"
case_00203,322,19.589900970458984,0.0,False,"torch.Size([1, 1, 224, 224])"
case_00203,139,18.941640853881836,0.0,False,"torch.Size([1, 1, 224, 224])"
case_00079,302,20.291566848754883,0.0,False,"torch.Size([1, 1, 224, 224])"
case_00125,124,18.964529037475586,0.0,False,"torch.Size([1, 1, 224, 224])"
case_00134,274,20.489215850830078,0.0,False,"torch.Size([1, 1, 224, 224])"
case_00125,69,18.760204315185547,0.0,False,"torch.Size([1, 1, 224, 224])"
case_00134,27,20.490169525146484,0.0,False,"torch.Size([1, 1, 224, 224])"
case_00154,215,18.845319747924805,0.0,False,"torch.Size([1, 1, 224, 224])"
case_00075,137,22.361040115356445,0.0,False,"torch.Size([1, 1, 224, 224])"
case_00161,423,21.032333374023438,0.0,False,"torch.Size([1, 1, 224, 224])"
case_00115,243,20.955562591552734,0.0,False,"torch.Size([1, 1, 224, 224])"
case_00203,34,18.787145614624023,0.0,False,"torch.Size([1, 1, 224, 224])"
case_00154,79,21.994590759277344,0.0,False,"torch.Size([1, 1, 224, 224])"
case_00113,85,19.725322723388672,0.0,False,"torch.Size([1, 1, 224, 224])"
case_00075,49,21.93307876586914,0.0,False,"torch.Size([1, 1, 224, 224])"
case_00102,70,19.557952880859375,0.0,False,"torch.Size([1, 1, 224, 224])"
case_00203,209,21.590471267700195,0.0,False,"torch.Size([1, 1, 224, 224])"
case_00086,226,21.572589874267578,0.0,False,"torch.Size([1, 1, 224, 224])"
case_00203,238,18.758535385131836,0.0,False,"torch.Size([1, 1, 224, 224])"
case_00102,344,21.49796485900879,0.0,True,"torch.Size([1, 1, 224, 224])"
case_00133,306,24.915456771850586,0.0,False,"torch.Size([1, 1, 224, 224])"
case_00154,60,22.65787124633789,0.0,False,"torch.Size([1, 1, 224, 224])"
case_00079,261,24.409770965576172,0.0,False,"torch.Size([1, 1, 224, 224])"
case_00203,445,19.563674926757812,0.0,False,"torch.Size([1, 1, 224, 224])"
case_00194,223,21.882295608520508,0.0,False,"torch.Size([1, 1, 224, 224])"
case_00134,177,20.426034927368164,0.0,False,"torch.Size([1, 1, 224, 224])"
case_00102,402,19.728899002075195,0.0,True,"torch.Size([1, 1, 224, 224])"
case_00133,227,24.568796157836914,0.0,False,"torch.Size([1, 1, 224, 224])"
case_00194,66,21.62456512451172,0.0,False,"torch.Size([1, 1, 224, 224])"
case_00086,212,21.84128761291504,0.0,False,"torch.Size([1, 1, 224, 224])"
case_00154,114,19.423246383666992,0.0,False,"torch.Size([1, 1, 224, 224])"
case_00115,480,19.002914428710938,0.0,False,"torch.Size([1, 1, 224, 224])"
case_00125,42,19.305706024169922,0.0,False,"torch.Size([1, 1, 224, 224])"
case_00102,315,19.26589012145996,0.0,True,"torch.Size([1, 1, 224, 224])"
case_00154,169,27.256250381469727,0.0,False,"torch.Size([1, 1, 224, 224])"
case_00102,348,21.82912826538086,0.0,True,"torch.Size([1, 1, 224, 224])"
case_00086,144,24.55925941467285,0.0,False,"torch.Size([1, 1, 224, 224])"
case_00033,353,19.294261932373047,0.0,False,"torch.Size([1, 1, 224, 224])"
case_00125,76,21.811723709106445,0.0,False,"torch.Size([1, 1, 224, 224])"
case_00086,477,19.55580711364746,0.0,False,"torch.Size([1, 1, 224, 224])"
case_00033,272,19.35553550720215,0.0,False,"torch.Size([1, 1, 224, 224])"
case_00086,263,19.346952438354492,0.0,False,"torch.Size([1, 1, 224, 224])"
case_00154,144,18.752098083496094,0.0,False,"torch.Size([1, 1, 224, 224])"
case_00075,425,19.764423370361328,0.0,False,"torch.Size([1, 1, 224, 224])"
case_00086,292,18.970251083374023,0.0,False,"torch.Size([1, 1, 224, 224])"
case_00133,179,19.561052322387695,0.0,True,"torch.Size([1, 1, 224, 224])"
case_00134,430,19.756317138671875,0.0,False,"torch.Size([1, 1, 224, 224])"
case_00154,384,19.29926872253418,0.0,False,"torch.Size([1, 1, 224, 224])"
case_00086,106,21.746397018432617,0.0,False,"torch.Size([1, 1, 224, 224])"
case_00203,242,18.95427703857422,0.0,False,"torch.Size([1, 1, 224, 224])"
case_00102,481,20.122528076171875,0.0,False,"torch.Size([1, 1, 224, 224])"
case_00133,435,18.46933364868164,0.0,False,"torch.Size([1, 1, 224, 224])"
case_00133,111,19.771814346313477,0.0,False,"torch.Size([1, 1, 224, 224])"
case_00161,144,18.873214721679688,0.0,True,"torch.Size([1, 1, 224, 224])"
case_00125,484,20.577192306518555,0.0,False,"torch.Size([1, 1, 224, 224])"
case_00014,454,18.803834915161133,0.0,False,"torch.Size([1, 1, 224, 224])"
case_00075,180,20.326852798461914,0.0,False,"torch.Size([1, 1, 224, 224])"
case_00075,248,19.23203468322754,0.0,False,"torch.Size([1, 1, 224, 224])"
case_00079,24,19.626617431640625,0.0,False,"torch.Size([1, 1, 224, 224])"
case_00079,63,19.374847412109375,0.0,False,"torch.Size([1, 1, 224, 224])"
case_00075,119,20.407676696777344,0.0,False,"torch.Size([1, 1, 224, 224])"
case_00134,330,19.289493560791016,0.0,True,"torch.Size([1, 1, 224, 224])"
case_00115,314,19.876718521118164,0.0,True,"torch.Size([1, 1, 224, 224])"
case_00079,419,19.99187469482422,0.0,True,"torch.Size([1, 1, 224, 224])"
case_00161,92,22.98569679260254,0.0,False,"torch.Size([1, 1, 224, 224])"
case_00115,281,20.443439483642578,0.0,False,"torch.Size([1, 1, 224, 224])"
case_00133,362,19.90509033203125,0.0,False,"torch.Size([1, 1, 224, 224])"
case_00014,151,19.768953323364258,0.0,False,"torch.Size([1, 1, 224, 224])"
case_00203,411,19.7904109954834,0.0,True,"torch.Size([1, 1, 224, 224])"
case_00102,489,19.493818283081055,0.0,False,"torch.Size([1, 1, 224, 224])"
case_00102,461,20.186185836791992,0.0,False,"torch.Size([1, 1, 224, 224])"
case_00154,350,21.699905395507812,0.0,False,"torch.Size([1, 1, 224, 224])"
case_00033,128,19.171714782714844,0.0,False,"torch.Size([1, 1, 224, 224])"
case_00075,503,21.245241165161133,0.0,False,"torch.Size([1, 1, 224, 224])"
case_00194,264,18.894672393798828,0.0,False,"torch.Size([1, 1, 224, 224])"
case_00102,210,20.86639404296875,0.0,False,"torch.Size([1, 1, 224, 224])"
case_00115,504,19.09327507019043,0.0,False,"torch.Size([1, 1, 224, 224])"
case_00134,379,21.010875701904297,0.0,False,"torch.Size([1, 1, 224, 224])"
case_00115,265,18.958091735839844,0.0,False,"torch.Size([1, 1, 224, 224])"
case_00079,85,20.476102828979492,0.0,False,"torch.Size([1, 1, 224, 224])"
case_00125,39,18.883466720581055,0.0,False,"torch.Size([1, 1, 224, 224])"
case_00154,225,20.580768585205078,0.0,False,"torch.Size([1, 1, 224, 224])"
case_00079,101,21.04949951171875,0.0,False,"torch.Size([1, 1, 224, 224])"
case_00086,267,20.99442481994629,0.0,False,"torch.Size([1, 1, 224, 224])"
case_00102,509,19.812345504760742,0.0,False,"torch.Size([1, 1, 224, 224])"
case_00115,240,19.752025604248047,0.0,False,"torch.Size([1, 1, 224, 224])"
case_00079,432,19.858360290527344,0.0,True,"torch.Size([1, 1, 224, 224])"
case_00203,29,18.894672393798828,0.0,False,"torch.Size([1, 1, 224, 224])"
case_00086,160,20.450353622436523,0.0,False,"torch.Size([1, 1, 224, 224])"
case_00079,161,20.925283432006836,0.0,False,"torch.Size([1, 1, 224, 224])"
case_00161,264,21.603107452392578,0.0,False,"torch.Size([1, 1, 224, 224])"
case_00125,433,19.140243530273438,0.0,False,"torch.Size([1, 1, 224, 224])"
case_00014,368,19.417285919189453,0.0,False,"torch.Size([1, 1, 224, 224])"
case_00033,326,19.448041915893555,0.0,False,"torch.Size([1, 1, 224, 224])"
case_00113,489,21.018505096435547,0.0,False,"torch.Size([1, 1, 224, 224])"
case_00125,16,19.155502319335938,0.0,False,"torch.Size([1, 1, 224, 224])"
case_00115,353,18.87989044189453,0.0,True,"torch.Size([1, 1, 224, 224])"
case_00154,100,18.88132095336914,0.0,False,"torch.Size([1, 1, 224, 224])"
case_00115,448,19.182443618774414,0.0,False,"torch.Size([1, 1, 224, 224])"
case_00125,8,19.376754760742188,0.0,False,"torch.Size([1, 1, 224, 224])"
case_00014,243,18.86129379272461,0.0,False,"torch.Size([1, 1, 224, 224])"
case_00133,65,20.298242568969727,0.0,False,"torch.Size([1, 1, 224, 224])"
case_00125,346,21.728515625,0.0,False,"torch.Size([1, 1, 224, 224])"
case_00102,442,19.359588623046875,0.0,False,"torch.Size([1, 1, 224, 224])"
case_00014,382,19.490480422973633,0.0,False,"torch.Size([1, 1, 224, 224])"
case_00154,398,19.237756729125977,0.0,False,"torch.Size([1, 1, 224, 224])"
case_00113,160,20.78723907470703,0.0,False,"torch.Size([1, 1, 224, 224])"
case_00134,203,19.54507827758789,0.0,False,"torch.Size([1, 1, 224, 224])"
case_00115,61,18.857240676879883,0.0,False,"torch.Size([1, 1, 224, 224])"
case_00086,358,20.218610763549805,0.0,False,"torch.Size([1, 1, 224, 224])"
case_00134,511,18.86725425720215,0.0,False,"torch.Size([1, 1, 224, 224])"
case_00203,178,19.02461051940918,0.0,False,"torch.Size([1, 1, 224, 224])"
case_00154,17,20.704269409179688,0.0,False,"torch.Size([1, 1, 224, 224])"
case_00125,394,18.986225128173828,0.0,False,"torch.Size([1, 1, 224, 224])"
case_00154,417,19.268512725830078,0.0,False,"torch.Size([1, 1, 224, 224])"
case_00086,446,20.596742630004883,0.0,False,"torch.Size([1, 1, 224, 224])"
case_00079,134,20.09892463684082,0.0,False,"torch.Size([1, 1, 224, 224])"
case_00134,419,21.432161331176758,0.0,False,"torch.Size([1, 1, 224, 224])"
case_00079,49,21.726369857788086,0.0,False,"torch.Size([1, 1, 224, 224])"
case_00154,331,19.31905746459961,0.0,True,"torch.Size([1, 1, 224, 224])"
case_00161,239,19.108057022094727,0.0,False,"torch.Size([1, 1, 224, 224])"
case_00161,103,18.29218864440918,0.0,False,"torch.Size([1, 1, 224, 224])"
case_00113,2,19.609451293945312,0.0,False,"torch.Size([1, 1, 224, 224])"
case_00075,339,20.5843448638916,0.0,True,"torch.Size([1, 1, 224, 224])"
case_00014,352,21.27385139465332,0.0,False,"torch.Size([1, 1, 224, 224])"
case_00115,157,24.955034255981445,0.0,False,"torch.Size([1, 1, 224, 224])"
case_00194,196,20.843982696533203,0.0,False,"torch.Size([1, 1, 224, 224])"
case_00079,505,23.92745018005371,0.0,False,"torch.Size([1, 1, 224, 224])"
case_00194,33,19.38629150390625,0.0,False,"torch.Size([1, 1, 224, 224])"
case_00079,357,21.289825439453125,0.0,True,"torch.Size([1, 1, 224, 224])"
case_00125,234,20.898818969726562,0.0,False,"torch.Size([1, 1, 224, 224])"
case_00075,171,20.358562469482422,0.0,False,"torch.Size([1, 1, 224, 224])"
case_00133,505,19.96588706970215,0.0,False,"torch.Size([1, 1, 224, 224])"
case_00203,39,18.87679100036621,0.0,False,"torch.Size([1, 1, 224, 224])"
case_00033,138,18.687725067138672,0.0,False,"torch.Size([1, 1, 224, 224])"
case_00134,417,21.382570266723633,0.0,False,"torch.Size([1, 1, 224, 224])"
case_00133,390,19.085407257080078,0.0,False,"torch.Size([1, 1, 224, 224])"
case_00125,151,21.02804183959961,0.0,False,"torch.Size([1, 1, 224, 224])"
case_00194,251,19.0274715423584,0.0,False,"torch.Size([1, 1, 224, 224])"
case_00014,288,18.394947052001953,0.0,False,"torch.Size([1, 1, 224, 224])"
case_00134,486,21.26479148864746,0.0,False,"torch.Size([1, 1, 224, 224])"
case_00075,317,18.57733726501465,0.0,False,"torch.Size([1, 1, 224, 224])"
case_00134,163,19.725561141967773,0.0,False,"torch.Size([1, 1, 224, 224])"
case_00125,429,18.418073654174805,0.0,False,"torch.Size([1, 1, 224, 224])"
case_00113,362,19.720077514648438,0.0,True,"torch.Size([1, 1, 224, 224])"
case_00115,241,18.600940704345703,0.0,False,"torch.Size([1, 1, 224, 224])"
case_00194,41,20.448684692382812,0.0,False,"torch.Size([1, 1, 224, 224])"
case_00161,445,19.150257110595703,0.0,False,"torch.Size([1, 1, 224, 224])"
case_00125,441,22.950410842895508,0.0,False,"torch.Size([1, 1, 224, 224])"
case_00194,382,22.58586883544922,0.0,False,"torch.Size([1, 1, 224, 224])"
case_00203,246,19.254684448242188,0.0,False,"torch.Size([1, 1, 224, 224])"
case_00079,166,20.693063735961914,0.0,False,"torch.Size([1, 1, 224, 224])"
case_00075,416,18.995285034179688,0.0,False,"torch.Size([1, 1, 224, 224])"
case_00075,423,20.615816116333008,0.0,False,"torch.Size([1, 1, 224, 224])"
case_00115,104,18.931865692138672,0.0,False,"torch.Size([1, 1, 224, 224])"
case_00125,287,20.30181884765625,0.0,False,"torch.Size([1, 1, 224, 224])"
case_00125,74,18.71180534362793,0.0,False,"torch.Size([1, 1, 224, 224])"
case_00203,276,19.179344177246094,0.0,False,"torch.Size([1, 1, 224, 224])"
case_00086,424,21.32272720336914,0.0,False,"torch.Size([1, 1, 224, 224])"
case_00113,36,18.93305778503418,0.0,False,"torch.Size([1, 1, 224, 224])"
case_00086,462,18.630504608154297,0.0,False,"torch.Size([1, 1, 224, 224])"
case_00014,415,18.553972244262695,0.0,False,"torch.Size([1, 1, 224, 224])"
case_00113,62,20.271778106689453,0.0,False,"torch.Size([1, 1, 224, 224])"
case_00125,463,19.198179244995117,0.0,False,"torch.Size([1, 1, 224, 224])"
case_00161,180,20.88475227355957,0.0,False,"torch.Size([1, 1, 224, 224])"
case_00113,269,18.895864486694336,0.0,False,"torch.Size([1, 1, 224, 224])"
case_00079,489,20.737886428833008,0.0,False,"torch.Size([1, 1, 224, 224])"
case_00075,491,18.10002326965332,0.0,False,"torch.Size([1, 1, 224, 224])"
case_00102,267,22.03512191772461,0.0,False,"torch.Size([1, 1, 224, 224])"
case_00125,201,21.52562141418457,0.0,True,"torch.Size([1, 1, 224, 224])"
case_00075,278,19.989013671875,0.0,False,"torch.Size([1, 1, 224, 224])"
case_00033,394,18.886089324951172,0.0,False,"torch.Size([1, 1, 224, 224])"
case_00102,480,20.338058471679688,0.0,False,"torch.Size([1, 1, 224, 224])"
case_00134,477,18.752098083496094,0.0,False,"torch.Size([1, 1, 224, 224])"
case_00075,174,18.807172775268555,0.0,False,"torch.Size([1, 1, 224, 224])"
case_00161,435,18.68271827697754,0.0,False,"torch.Size([1, 1, 224, 224])"
case_00086,351,20.199298858642578,0.0,False,"torch.Size([1, 1, 224, 224])"
case_00134,313,19.438982009887695,0.0,False,"torch.Size([1, 1, 224, 224])"
case_00203,101,17.94910430908203,0.0,False,"torch.Size([1, 1, 224, 224])"
case_00079,480,19.839048385620117,0.0,False,"torch.Size([1, 1, 224, 224])"
case_00033,241,18.570899963378906,0.0,False,"torch.Size([1, 1, 224, 224])"
case_00125,147,19.690752029418945,0.0,False,"torch.Size([1, 1, 224, 224])"
case_00134,33,18.828392028808594,0.0,False,"torch.Size([1, 1, 224, 224])"
case_00033,374,19.527196884155273,0.0,False,"torch.Size([1, 1, 224, 224])"
case_00125,379,18.666744232177734,0.0,False,"torch.Size([1, 1, 224, 224])"
case_00194,511,19.119739532470703,0.0,False,"torch.Size([1, 1, 224, 224])"
case_00125,320,18.714189529418945,0.0,False,"torch.Size([1, 1, 224, 224])"
case_00133,257,19.16337013244629,0.0,False,"torch.Size([1, 1, 224, 224])"
case_00133,385,18.687009811401367,0.0,False,"torch.Size([1, 1, 224, 224])"
case_00115,499,18.613576889038086,0.0,False,"torch.Size([1, 1, 224, 224])"
case_00133,49,18.366098403930664,0.0,False,"torch.Size([1, 1, 224, 224])"
case_00075,213,18.497943878173828,0.0,False,"torch.Size([1, 1, 224, 224])"
case_00102,46,18.524885177612305,0.0,False,"torch.Size([1, 1, 224, 224])"
case_00014,41,19.48833465576172,0.0,False,"torch.Size([1, 1, 224, 224])"
case_00079,140,19.415855407714844,0.0,False,"torch.Size([1, 1, 224, 224])"
case_00079,193,18.541336059570312,0.0,False,"torch.Size([1, 1, 224, 224])"
case_00115,394,18.552064895629883,0.0,False,"torch.Size([1, 1, 224, 224])"
case_00133,341,19.78588104248047,0.0,False,"torch.Size([1, 1, 224, 224])"
case_00203,89,18.003463745117188,0.0,False,"torch.Size([1, 1, 224, 224])"
case_00075,236,20.028114318847656,0.0,False,"torch.Size([1, 1, 224, 224])"
case_00079,402,18.595218658447266,0.0,True,"torch.Size([1, 1, 224, 224])"
case_00134,359,25.627613067626953,0.0,True,"torch.Size([1, 1, 224, 224])"
case_00033,274,23.920297622680664,0.0,False,"torch.Size([1, 1, 224, 224])"
case_00014,342,22.17245101928711,0.0,False,"torch.Size([1, 1, 224, 224])"
case_00102,435,22.03059196472168,0.0,False,"torch.Size([1, 1, 224, 224])"
case_00154,491,20.61605453491211,0.0,False,"torch.Size([1, 1, 224, 224])"
case_00075,481,19.431352615356445,0.0,False,"torch.Size([1, 1, 224, 224])"
case_00133,8,21.53158187866211,0.0,False,"torch.Size([1, 1, 224, 224])"
case_00134,483,23.185014724731445,0.0,False,"torch.Size([1, 1, 224, 224])"
case_00014,89,17.912864685058594,0.0,False,"torch.Size([1, 1, 224, 224])"
case_00075,487,19.16360855102539,0.0,False,"torch.Size([1, 1, 224, 224])"
case_00102,121,18.100976943969727,0.0,False,"torch.Size([1, 1, 224, 224])"
case_00133,97,19.758224487304688,0.0,False,"torch.Size([1, 1, 224, 224])"
case_00079,143,20.087480545043945,0.0,False,"torch.Size([1, 1, 224, 224])"
case_00134,500,21.326780319213867,0.0,False,"torch.Size([1, 1, 224, 224])"
case_00102,438,19.406557083129883,0.0,False,"torch.Size([1, 1, 224, 224])"
case_00115,51,20.923137664794922,0.0,False,"torch.Size([1, 1, 224, 224])"
case_00125,7,19.16956901550293,0.0,False,"torch.Size([1, 1, 224, 224])"
case_00203,40,21.160125732421875,0.0,False,"torch.Size([1, 1, 224, 224])"
case_00154,222,18.815994262695312,0.0,False,"torch.Size([1, 1, 224, 224])"
case_00161,442,20.423412322998047,0.0,False,"torch.Size([1, 1, 224, 224])"
case_00194,249,19.301891326904297,0.0,False,"torch.Size([1, 1, 224, 224])"
case_00102,256,19.019365310668945,0.0,False,"torch.Size([1, 1, 224, 224])"
case_00134,245,21.258115768432617,0.0,False,"torch.Size([1, 1, 224, 224])"
case_00125,488,19.32549476623535,0.0,False,"torch.Size([1, 1, 224, 224])"
case_00133,145,20.717382431030273,0.0,True,"torch.Size([1, 1, 224, 224])"
case_00154,358,19.17123794555664,0.0,False,"torch.Size([1, 1, 224, 224])"
case_00033,465,20.63298225402832,0.0,False,"torch.Size([1, 1, 224, 224])"
case_00154,220,18.79143714904785,0.0,False,"torch.Size([1, 1, 224, 224])"
case_00033,70,19.616365432739258,0.0,False,"torch.Size([1, 1, 224, 224])"
case_00203,88,27.3284912109375,0.0,False,"torch.Size([1, 1, 224, 224])"
case_00133,401,26.67069435119629,0.0,False,"torch.Size([1, 1, 224, 224])"
case_00102,479,19.263029098510742,0.0,False,"torch.Size([1, 1, 224, 224])"
case_00115,41,20.043611526489258,0.0,False,"torch.Size([1, 1, 224, 224])"
case_00115,426,19.114255905151367,0.0,False,"torch.Size([1, 1, 224, 224])"
case_00086,495,20.035982131958008,0.0,False,"torch.Size([1, 1, 224, 224])"
case_00115,354,17.655134201049805,0.0,False,"torch.Size([1, 1, 224, 224])"
case_00014,232,20.900964736938477,0.0,False,"torch.Size([1, 1, 224, 224])"
case_00113,330,22.867679595947266,0.0,True,"torch.Size([1, 1, 224, 224])"
case_00125,27,21.955490112304688,0.0,False,"torch.Size([1, 1, 224, 224])"
case_00203,140,18.829345703125,0.0,False,"torch.Size([1, 1, 224, 224])"
case_00075,9,20.615100860595703,0.0,False,"torch.Size([1, 1, 224, 224])"
case_00113,15,19.813060760498047,0.0,False,"torch.Size([1, 1, 224, 224])"
case_00194,360,22.01676368713379,0.0,False,"torch.Size([1, 1, 224, 224])"
case_00203,188,20.12491226196289,0.0,False,"torch.Size([1, 1, 224, 224])"
case_00033,482,21.973133087158203,0.0,False,"torch.Size([1, 1, 224, 224])"
case_00113,427,20.055770874023438,0.0,True,"torch.Size([1, 1, 224, 224])"
case_00203,277,19.56343650817871,0.0,False,"torch.Size([1, 1, 224, 224])"
case_00075,440,23.992538452148438,0.0,False,"torch.Size([1, 1, 224, 224])"
case_00194,352,19.91891860961914,0.0,False,"torch.Size([1, 1, 224, 224])"
case_00075,4,21.26908302307129,0.0,False,"torch.Size([1, 1, 224, 224])"
case_00033,123,18.883705139160156,0.0,False,"torch.Size([1, 1, 224, 224])"
case_00079,287,20.885944366455078,0.0,False,"torch.Size([1, 1, 224, 224])"
case_00086,431,19.864320755004883,0.0,False,"torch.Size([1, 1, 224, 224])"
case_00161,58,20.904541015625,0.0,False,"torch.Size([1, 1, 224, 224])"
case_00161,324,21.3930606842041,0.0,False,"torch.Size([1, 1, 224, 224])"
case_00102,338,21.111249923706055,0.0,True,"torch.Size([1, 1, 224, 224])"
case_00194,397,23.29730987548828,0.0,False,"torch.Size([1, 1, 224, 224])"
case_00125,257,22.194862365722656,0.0,False,"torch.Size([1, 1, 224, 224])"
case_00125,241,23.202896118164062,0.0,False,"torch.Size([1, 1, 224, 224])"
case_00154,55,20.328283309936523,0.0,False,"torch.Size([1, 1, 224, 224])"
case_00133,30,21.264314651489258,0.0,False,"torch.Size([1, 1, 224, 224])"
case_00113,161,20.65277099609375,0.0,False,"torch.Size([1, 1, 224, 224])"
case_00075,178,22.15576171875,0.0,False,"torch.Size([1, 1, 224, 224])"
case_00075,10,22.25470542907715,0.0,False,"torch.Size([1, 1, 224, 224])"
case_00086,380,19.565343856811523,0.0,True,"torch.Size([1, 1, 224, 224])"
case_00133,501,21.799802780151367,0.0,False,"torch.Size([1, 1, 224, 224])"
case_00125,23,20.940780639648438,0.0,False,"torch.Size([1, 1, 224, 224])"
case_00134,303,22.629976272583008,0.0,False,"torch.Size([1, 1, 224, 224])"
case_00154,342,18.6154842376709,0.0,True,"torch.Size([1, 1, 224, 224])"
case_00113,503,21.954774856567383,0.0,False,"torch.Size([1, 1, 224, 224])"
case_00133,141,20.9043025970459,0.0,True,"torch.Size([1, 1, 224, 224])"
case_00113,443,26.15666389465332,0.0,True,"torch.Size([1, 1, 224, 224])"
case_00194,491,18.944978713989258,0.0,False,"torch.Size([1, 1, 224, 224])"
case_00133,36,19.330978393554688,0.0,False,"torch.Size([1, 1, 224, 224])"
case_00203,304,20.273923873901367,0.0,False,"torch.Size([1, 1, 224, 224])"
case_00075,259,21.79884910583496,0.0,False,"torch.Size([1, 1, 224, 224])"
case_00079,171,20.65420150756836,0.0,False,"torch.Size([1, 1, 224, 224])"
case_00115,28,20.380020141601562,0.0,False,"torch.Size([1, 1, 224, 224])"
case_00086,220,21.541118621826172,0.0,False,"torch.Size([1, 1, 224, 224])"
case_00125,233,20.207643508911133,0.0,False,"torch.Size([1, 1, 224, 224])"
case_00134,452,21.559476852416992,0.0,False,"torch.Size([1, 1, 224, 224])"
case_00154,106,19.09637451171875,0.0,False,"torch.Size([1, 1, 224, 224])"
case_00086,242,21.199464797973633,0.0,False,"torch.Size([1, 1, 224, 224])"
case_00033,136,22.838830947875977,0.0,False,"torch.Size([1, 1, 224, 224])"
case_00102,218,21.0721492767334,0.0,False,"torch.Size([1, 1, 224, 224])"
case_00014,319,20.61152458190918,0.0,False,"torch.Size([1, 1, 224, 224])"
case_00154,408,21.620512008666992,0.0,False,"torch.Size([1, 1, 224, 224])"
case_00086,245,20.446300506591797,0.0,False,"torch.Size([1, 1, 224, 224])"
case_00154,115,21.158695220947266,0.0,False,"torch.Size([1, 1, 224, 224])"
case_00075,28,20.549535751342773,0.0,False,"torch.Size([1, 1, 224, 224])"
case_00102,41,20.386457443237305,0.0,False,"torch.Size([1, 1, 224, 224])"
case_00102,511,20.821571350097656,0.0,False,"torch.Size([1, 1, 224, 224])"
case_00115,453,20.51401138305664,0.0,False,"torch.Size([1, 1, 224, 224])"
case_00014,493,20.45440673828125,0.0,False,"torch.Size([1, 1, 224, 224])"
case_00203,148,20.470142364501953,0.0,False,"torch.Size([1, 1, 224, 224])"
case_00154,9,20.46346664428711,0.0,False,"torch.Size([1, 1, 224, 224])"
case_00075,405,22.191524505615234,0.0,False,"torch.Size([1, 1, 224, 224])"
case_00203,325,20.217418670654297,0.0,False,"torch.Size([1, 1, 224, 224])"
case_00154,259,20.73359489440918,0.0,False,"torch.Size([1, 1, 224, 224])"
case_00079,61,21.8198299407959,0.0,False,"torch.Size([1, 1, 224, 224])"
case_00154,464,20.116806030273438,0.0,False,"torch.Size([1, 1, 224, 224])"
case_00113,472,22.377967834472656,0.0,False,"torch.Size([1, 1, 224, 224])"
case_00194,186,20.807504653930664,0.0,False,"torch.Size([1, 1, 224, 224])"
case_00125,464,20.145654678344727,0.0,False,"torch.Size([1, 1, 224, 224])"
case_00033,125,20.59769630432129,0.0,False,"torch.Size([1, 1, 224, 224])"
case_00154,440,20.477294921875,0.0,False,"torch.Size([1, 1, 224, 224])"
case_00113,29,20.86615562438965,0.0,False,"torch.Size([1, 1, 224, 224])"
case_00203,379,19.692182540893555,0.0,False,"torch.Size([1, 1, 224, 224])"
case_00079,183,20.996809005737305,0.0,False,"torch.Size([1, 1, 224, 224])"
case_00154,171,23.194551467895508,0.0,False,"torch.Size([1, 1, 224, 224])"
case_00079,48,22.14980125427246,0.0,False,"torch.Size([1, 1, 224, 224])"
case_00014,431,21.038293838500977,0.0,False,"torch.Size([1, 1, 224, 224])"
case_00154,0,21.841764450073242,0.0,False,"torch.Size([1, 1, 224, 224])"
case_00125,498,19.672393798828125,0.0,False,"torch.Size([1, 1, 224, 224])"
case_00154,256,21.04663848876953,0.0,False,"torch.Size([1, 1, 224, 224])"
case_00014,107,19.536495208740234,0.0,False,"torch.Size([1, 1, 224, 224])"
case_00075,359,20.394325256347656,0.0,True,"torch.Size([1, 1, 224, 224])"
case_00033,285,19.736051559448242,0.0,False,"torch.Size([1, 1, 224, 224])"
case_00113,436,21.172046661376953,0.0,True,"torch.Size([1, 1, 224, 224])"
case_00134,115,20.56574821472168,0.0,False,"torch.Size([1, 1, 224, 224])"
case_00125,383,20.088911056518555,0.0,False,"torch.Size([1, 1, 224, 224])"
case_00014,238,19.541025161743164,0.0,False,"torch.Size([1, 1, 224, 224])"
case_00194,493,21.537065505981445,0.0,False,"torch.Size([1, 1, 224, 224])"
case_00033,179,28.499841690063477,0.0,True,"torch.Size([1, 1, 224, 224])"
case_00134,447,20.726442337036133,0.0,False,"torch.Size([1, 1, 224, 224])"
case_00154,48,20.49851417541504,0.0,False,"torch.Size([1, 1, 224, 224])"
case_00194,161,21.149158477783203,0.0,True,"torch.Size([1, 1, 224, 224])"
case_00014,124,22.674560546875,0.0,False,"torch.Size([1, 1, 224, 224])"
case_00154,282,20.994901657104492,0.0,False,"torch.Size([1, 1, 224, 224])"
case_00154,328,22.86553382873535,0.0,True,"torch.Size([1, 1, 224, 224])"
case_00203,160,21.925926208496094,0.0,False,"torch.Size([1, 1, 224, 224])"
case_00161,491,20.065784454345703,0.0,False,"torch.Size([1, 1, 224, 224])"
case_00194,55,29.197216033935547,0.0,False,"torch.Size([1, 1, 224, 224])"
case_00033,211,18.993377685546875,0.0,False,"torch.Size([1, 1, 224, 224])"
case_00113,101,21.825551986694336,0.0,False,"torch.Size([1, 1, 224, 224])"
case_00079,374,18.979549407958984,0.0,True,"torch.Size([1, 1, 224, 224])"
case_00154,361,18.739938735961914,0.0,False,"torch.Size([1, 1, 224, 224])"
case_00086,100,18.323183059692383,0.0,False,"torch.Size([1, 1, 224, 224])"
case_00134,467,20.008087158203125,0.0,False,"torch.Size([1, 1, 224, 224])"
case_00161,254,19.1650390625,0.0,False,"torch.Size([1, 1, 224, 224])"
case_00194,282,19.58298683166504,0.0,False,"torch.Size([1, 1, 224, 224])"
case_00033,420,19.334793090820312,0.0,False,"torch.Size([1, 1, 224, 224])"
case_00133,82,20.002126693725586,0.0,False,"torch.Size([1, 1, 224, 224])"
case_00194,220,28.039932250976562,0.0,False,"torch.Size([1, 1, 224, 224])"
case_00033,337,19.322872161865234,0.0,False,"torch.Size([1, 1, 224, 224])"
case_00154,476,19.147396087646484,0.0,False,"torch.Size([1, 1, 224, 224])"
case_00014,175,19.428253173828125,0.0,True,"torch.Size([1, 1, 224, 224])"
case_00133,376,20.829439163208008,0.0,False,"torch.Size([1, 1, 224, 224])"
case_00075,160,20.673274993896484,0.0,False,"torch.Size([1, 1, 224, 224])"
case_00133,265,18.997669219970703,0.0,False,"torch.Size([1, 1, 224, 224])"
case_00014,364,19.273996353149414,0.0,False,"torch.Size([1, 1, 224, 224])"
case_00102,110,19.110679626464844,0.0,False,"torch.Size([1, 1, 224, 224])"
case_00194,224,19.19269561767578,0.0,False,"torch.Size([1, 1, 224, 224])"
case_00125,181,19.08278465270996,0.0,True,"torch.Size([1, 1, 224, 224])"
case_00194,285,27.461767196655273,0.0,False,"torch.Size([1, 1, 224, 224])"
case_00079,17,19.431352615356445,0.0,False,"torch.Size([1, 1, 224, 224])"
case_00113,433,20.758628845214844,0.0,True,"torch.Size([1, 1, 224, 224])"
case_00113,20,20.85137367248535,0.0,False,"torch.Size([1, 1, 224, 224])"
case_00014,193,20.534038543701172,0.0,False,"torch.Size([1, 1, 224, 224])"
case_00075,358,21.794795989990234,0.0,True,"torch.Size([1, 1, 224, 224])"
case_00075,32,21.227598190307617,0.0,False,"torch.Size([1, 1, 224, 224])"
case_00014,185,19.007444381713867,0.0,True,"torch.Size([1, 1, 224, 224])"
case_00161,343,20.10822296142578,0.0,False,"torch.Size([1, 1, 224, 224])"
case_00154,99,18.378019332885742,0.0,False,"torch.Size([1, 1, 224, 224])"
case_00161,163,20.437240600585938,0.0,True,"torch.Size([1, 1, 224, 224])"
case_00194,459,20.580291748046875,0.0,False,"torch.Size([1, 1, 224, 224])"
case_00161,440,19.631147384643555,0.0,False,"torch.Size([1, 1, 224, 224])"
case_00203,341,19.00458335876465,0.0,False,"torch.Size([1, 1, 224, 224])"
case_00125,267,21.982431411743164,0.0,False,"torch.Size([1, 1, 224, 224])"
case_00125,79,20.46370506286621,0.0,False,"torch.Size([1, 1, 224, 224])"
case_00154,44,23.1168270111084,0.0,False,"torch.Size([1, 1, 224, 224])"
case_00079,481,19.857406616210938,0.0,False,"torch.Size([1, 1, 224, 224])"
case_00133,194,20.803451538085938,0.0,False,"torch.Size([1, 1, 224, 224])"
case_00154,382,19.786596298217773,0.0,False,"torch.Size([1, 1, 224, 224])"
case_00115,245,20.253658294677734,0.0,False,"torch.Size([1, 1, 224, 224])"
case_00161,284,19.757986068725586,0.0,False,"torch.Size([1, 1, 224, 224])"
case_00014,311,19.80113983154297,0.0,False,"torch.Size([1, 1, 224, 224])"
case_00115,351,19.55890655517578,0.0,True,"torch.Size([1, 1, 224, 224])"
case_00154,294,19.533395767211914,0.0,False,"torch.Size([1, 1, 224, 224])"
case_00086,217,19.77992057800293,0.0,False,"torch.Size([1, 1, 224, 224])"
case_00079,42,19.122600555419922,0.0,False,"torch.Size([1, 1, 224, 224])"
case_00161,83,21.545886993408203,0.0,False,"torch.Size([1, 1, 224, 224])"
case_00203,131,18.439292907714844,0.0,False,"torch.Size([1, 1, 224, 224])"
case_00125,345,20.19357681274414,0.0,False,"torch.Size([1, 1, 224, 224])"
case_00194,111,18.49198341369629,0.0,False,"torch.Size([1, 1, 224, 224])"
case_00102,506,21.70538902282715,0.0,False,"torch.Size([1, 1, 224, 224])"
case_00133,297,18.936872482299805,0.0,False,"torch.Size([1, 1, 224, 224])"
case_00075,421,22.346019744873047,0.0,False,"torch.Size([1, 1, 224, 224])"
case_00161,113,19.679546356201172,0.0,False,"torch.Size([1, 1, 224, 224])"
case_00014,198,19.083023071289062,0.0,False,"torch.Size([1, 1, 224, 224])"
case_00194,77,20.7979679107666,0.0,False,"torch.Size([1, 1, 224, 224])"
case_00075,197,18.89657974243164,0.0,False,"torch.Size([1, 1, 224, 224])"
case_00079,33,19.910573959350586,0.0,False,"torch.Size([1, 1, 224, 224])"
case_00113,301,18.071651458740234,0.0,False,"torch.Size([1, 1, 224, 224])"
case_00113,169,19.457340240478516,0.0,False,"torch.Size([1, 1, 224, 224])"
case_00102,229,18.407821655273438,0.0,False,"torch.Size([1, 1, 224, 224])"
case_00113,111,19.796371459960938,0.0,False,"torch.Size([1, 1, 224, 224])"
case_00133,75,18.33319664001465,0.0,False,"torch.Size([1, 1, 224, 224])"
case_00086,210,19.857168197631836,0.0,False,"torch.Size([1, 1, 224, 224])"
case_00115,77,18.18227767944336,0.0,False,"torch.Size([1, 1, 224, 224])"
case_00133,217,20.331621170043945,0.0,False,"torch.Size([1, 1, 224, 224])"
case_00102,138,18.43428611755371,0.0,False,"torch.Size([1, 1, 224, 224])"
case_00125,270,20.354509353637695,0.0,False,"torch.Size([1, 1, 224, 224])"
case_00134,198,19.419431686401367,0.0,False,"torch.Size([1, 1, 224, 224])"
case_00133,212,20.253419876098633,0.0,False,"torch.Size([1, 1, 224, 224])"
case_00079,456,19.777297973632812,0.0,True,"torch.Size([1, 1, 224, 224])"
case_00134,437,20.160198211669922,0.0,False,"torch.Size([1, 1, 224, 224])"
case_00133,253,21.61574363708496,0.0,False,"torch.Size([1, 1, 224, 224])"
case_00194,479,18.659114837646484,0.0,False,"torch.Size([1, 1, 224, 224])"
case_00033,359,17.929553985595703,0.0,False,"torch.Size([1, 1, 224, 224])"
case_00086,133,20.05290985107422,0.0,False,"torch.Size([1, 1, 224, 224])"
case_00125,55,18.27263832092285,0.0,False,"torch.Size([1, 1, 224, 224])"
case_00134,36,19.88697052001953,0.0,False,"torch.Size([1, 1, 224, 224])"
case_00115,154,17.874956130981445,0.0,False,"torch.Size([1, 1, 224, 224])"
case_00194,24,19.670486450195312,0.0,False,"torch.Size([1, 1, 224, 224])"
case_00079,159,17.89999008178711,0.0,False,"torch.Size([1, 1, 224, 224])"
case_00075,399,19.25039291381836,0.0,False,"torch.Size([1, 1, 224, 224])"
case_00133,28,18.734455108642578,0.0,False,"torch.Size([1, 1, 224, 224])"
case_00102,372,19.660234451293945,0.0,True,"torch.Size([1, 1, 224, 224])"
case_00203,31,18.867969512939453,0.0,False,"torch.Size([1, 1, 224, 224])"
case_00075,148,19.884347915649414,0.0,False,"torch.Size([1, 1, 224, 224])"
case_00194,42,25.948762893676758,0.0,False,"torch.Size([1, 1, 224, 224])"
case_00115,392,20.055294036865234,0.0,False,"torch.Size([1, 1, 224, 224])"
case_00102,145,18.798112869262695,0.0,False,"torch.Size([1, 1, 224, 224])"
case_00194,394,20.03312110900879,0.0,False,"torch.Size([1, 1, 224, 224])"
case_00086,363,20.979642868041992,0.0,False,"torch.Size([1, 1, 224, 224])"
case_00079,169,22.933483123779297,0.0,False,"torch.Size([1, 1, 224, 224])"
case_00203,504,20.02692222595215,0.0,False,"torch.Size([1, 1, 224, 224])"
case_00154,448,26.1533260345459,0.0,False,"torch.Size([1, 1, 224, 224])"
case_00154,28,18.85700225830078,0.0,False,"torch.Size([1, 1, 224, 224])"
case_00033,473,21.512508392333984,0.0,False,"torch.Size([1, 1, 224, 224])"
case_00075,315,19.77682113647461,0.0,False,"torch.Size([1, 1, 224, 224])"
case_00086,381,22.37701416015625,0.0,True,"torch.Size([1, 1, 224, 224])"
case_00033,325,20.066022872924805,0.0,False,"torch.Size([1, 1, 224, 224])"
case_00033,405,20.11871337890625,0.0,False,"torch.Size([1, 1, 224, 224])"
case_00203,392,18.80621910095215,0.0,False,"torch.Size([1, 1, 224, 224])"
case_00079,423,20.02263069152832,0.0,True,"torch.Size([1, 1, 224, 224])"
case_00134,301,18.829822540283203,0.0,False,"torch.Size([1, 1, 224, 224])"
case_00075,488,17.890453338623047,0.0,False,"torch.Size([1, 1, 224, 224])"
case_00079,344,21.085023880004883,0.0,True,"torch.Size([1, 1, 224, 224])"
case_00086,307,20.941734313964844,0.0,False,"torch.Size([1, 1, 224, 224])"
case_00134,456,18.157005310058594,0.0,False,"torch.Size([1, 1, 224, 224])"
case_00075,244,23.207664489746094,0.0,False,"torch.Size([1, 1, 224, 224])"
case_00075,400,20.85709571838379,0.0,False,"torch.Size([1, 1, 224, 224])"
case_00194,393,21.128177642822266,0.0,False,"torch.Size([1, 1, 224, 224])"
case_00086,45,20.77484130859375,0.0,False,"torch.Size([1, 1, 224, 224])"
case_00125,202,20.550966262817383,0.0,True,"torch.Size([1, 1, 224, 224])"
case_00086,434,20.842790603637695,0.0,False,"torch.Size([1, 1, 224, 224])"
case_00033,332,19.63067054748535,0.0,False,"torch.Size([1, 1, 224, 224])"
case_00113,400,20.760536193847656,0.0,True,"torch.Size([1, 1, 224, 224])"
case_00194,400,29.633045196533203,0.0,False,"torch.Size([1, 1, 224, 224])"
case_00161,166,24.177074432373047,0.0,True,"torch.Size([1, 1, 224, 224])"
case_00194,14,23.168325424194336,0.0,False,"torch.Size([1, 1, 224, 224])"
case_00102,235,23.717164993286133,0.0,False,"torch.Size([1, 1, 224, 224])"
case_00134,183,21.26479148864746,0.0,False,"torch.Size([1, 1, 224, 224])"
case_00102,133,28.815507888793945,0.0,False,"torch.Size([1, 1, 224, 224])"
case_00102,6,20.57623863220215,0.0,False,"torch.Size([1, 1, 224, 224])"
case_00033,155,20.0350284576416,0.0,False,"torch.Size([1, 1, 224, 224])"
case_00079,170,21.216392517089844,0.0,False,"torch.Size([1, 1, 224, 224])"
case_00079,389,20.070552825927734,0.0,True,"torch.Size([1, 1, 224, 224])"
case_00154,419,26.262760162353516,0.0,False,"torch.Size([1, 1, 224, 224])"
case_00133,203,23.25153350830078,0.0,False,"torch.Size([1, 1, 224, 224])"
case_00133,359,20.021438598632812,0.0,False,"torch.Size([1, 1, 224, 224])"
case_00115,171,20.18427848815918,0.0,False,"torch.Size([1, 1, 224, 224])"
case_00154,192,17.772197723388672,0.0,False,"torch.Size([1, 1, 224, 224])"
case_00134,162,20.551681518554688,0.0,False,"torch.Size([1, 1, 224, 224])"
case_00113,476,18.81575584411621,0.0,False,"torch.Size([1, 1, 224, 224])"
case_00086,475,25.920867919921875,0.0,False,"torch.Size([1, 1, 224, 224])"
case_00075,218,19.330739974975586,0.0,False,"torch.Size([1, 1, 224, 224])"
case_00115,179,19.954919815063477,0.0,False,"torch.Size([1, 1, 224, 224])"
case_00194,96,21.389245986938477,0.0,False,"torch.Size([1, 1, 224, 224])"
case_00079,70,19.812345504760742,0.0,False,"torch.Size([1, 1, 224, 224])"
case_00075,473,23.785114288330078,0.0,False,"torch.Size([1, 1, 224, 224])"
case_00113,202,19.285202026367188,0.0,False,"torch.Size([1, 1, 224, 224])"
case_00194,35,20.93648910522461,0.0,False,"torch.Size([1, 1, 224, 224])"
case_00194,278,19.382238388061523,0.0,False,"torch.Size([1, 1, 224, 224])"
case_00102,414,19.062519073486328,0.0,True,"torch.Size([1, 1, 224, 224])"
case_00075,176,20.42365074157715,0.0,False,"torch.Size([1, 1, 224, 224])"
case_00194,302,20.070314407348633,0.0,False,"torch.Size([1, 1, 224, 224])"
case_00033,42,20.0498104095459,0.0,False,"torch.Size([1, 1, 224, 224])"
case_00079,144,20.82657814025879,0.0,False,"torch.Size([1, 1, 224, 224])"
case_00194,398,19.96469497680664,0.0,False,"torch.Size([1, 1, 224, 224])"
case_00014,389,19.765138626098633,0.0,False,"torch.Size([1, 1, 224, 224])"
case_00033,507,22.059917449951172,0.0,False,"torch.Size([1, 1, 224, 224])"
case_00194,94,24.838685989379883,0.0,False,"torch.Size([1, 1, 224, 224])"
case_00133,86,19.953012466430664,0.0,False,"torch.Size([1, 1, 224, 224])"
case_00161,70,21.634817123413086,0.0,False,"torch.Size([1, 1, 224, 224])"
case_00102,334,21.481752395629883,0.0,True,"torch.Size([1, 1, 224, 224])"
case_00079,142,21.721839904785156,0.0,False,"torch.Size([1, 1, 224, 224])"
case_00113,494,20.64347267150879,0.0,False,"torch.Size([1, 1, 224, 224])"
case_00115,219,20.10965347290039,0.0,False,"torch.Size([1, 1, 224, 224])"
case_00133,370,22.375106811523438,0.0,False,"torch.Size([1, 1, 224, 224])"
case_00033,141,25.47478675842285,0.0,False,"torch.Size([1, 1, 224, 224])"
case_00194,437,21.035194396972656,0.0,False,"torch.Size([1, 1, 224, 224])"
case_00014,142,19.551753997802734,0.0,False,"torch.Size([1, 1, 224, 224])"
case_00115,506,20.35045623779297,0.0,False,"torch.Size([1, 1, 224, 224])"
case_00125,262,19.892454147338867,0.0,False,"torch.Size([1, 1, 224, 224])"
case_00134,92,20.250797271728516,0.0,False,"torch.Size([1, 1, 224, 224])"
case_00194,279,21.15345001220703,0.0,False,"torch.Size([1, 1, 224, 224])"
case_00115,333,19.9434757232666,0.0,True,"torch.Size([1, 1, 224, 224])"
case_00134,104,25.37226676940918,0.0,False,"torch.Size([1, 1, 224, 224])"
case_00154,388,18.49961280822754,0.0,False,"torch.Size([1, 1, 224, 224])"
case_00102,265,20.261287689208984,0.0,False,"torch.Size([1, 1, 224, 224])"
case_00115,225,18.53346824645996,0.0,False,"torch.Size([1, 1, 224, 224])"
case_00113,355,20.338773727416992,0.0,True,"torch.Size([1, 1, 224, 224])"
case_00033,282,18.523454666137695,0.0,False,"torch.Size([1, 1, 224, 224])"
case_00079,200,19.759416580200195,0.0,False,"torch.Size([1, 1, 224, 224])"
case_00154,325,19.912242889404297,0.0,True,"torch.Size([1, 1, 224, 224])"
case_00194,509,24.080991744995117,0.0,False,"torch.Size([1, 1, 224, 224])"
case_00014,461,19.451379776000977,0.0,False,"torch.Size([1, 1, 224, 224])"
case_00161,60,21.401405334472656,0.0,False,"torch.Size([1, 1, 224, 224])"
case_00014,300,19.577980041503906,0.0,False,"torch.Size([1, 1, 224, 224])"
case_00113,471,21.756649017333984,0.0,False,"torch.Size([1, 1, 224, 224])"
case_00203,486,27.200698852539062,0.0,False,"torch.Size([1, 1, 224, 224])"
case_00115,103,20.801305770874023,0.0,False,"torch.Size([1, 1, 224, 224])"
case_00113,388,19.728660583496094,0.0,True,"torch.Size([1, 1, 224, 224])"
case_00194,89,23.8649845123291,0.0,False,"torch.Size([1, 1, 224, 224])"
case_00033,273,19.822359085083008,0.0,False,"torch.Size([1, 1, 224, 224])"
case_00115,15,20.735502243041992,0.0,False,"torch.Size([1, 1, 224, 224])"
case_00033,14,20.488977432250977,0.0,False,"torch.Size([1, 1, 224, 224])"
case_00203,138,27.65941619873047,0.0,False,"torch.Size([1, 1, 224, 224])"
case_00113,293,20.472049713134766,0.0,False,"torch.Size([1, 1, 224, 224])"
case_00014,153,20.002126693725586,0.0,False,"torch.Size([1, 1, 224, 224])"
case_00079,34,20.6453800201416,0.0,False,"torch.Size([1, 1, 224, 224])"
case_00154,254,19.545316696166992,0.0,False,"torch.Size([1, 1, 224, 224])"
case_00203,124,20.624876022338867,0.0,False,"torch.Size([1, 1, 224, 224])"
case_00075,477,20.08819580078125,0.0,False,"torch.Size([1, 1, 224, 224])"
case_00203,232,18.63861083984375,0.0,False,"torch.Size([1, 1, 224, 224])"
case_00134,79,20.122051239013672,0.0,False,"torch.Size([1, 1, 224, 224])"
case_00194,120,19.989728927612305,0.0,False,"torch.Size([1, 1, 224, 224])"
case_00161,108,23.186206817626953,0.0,False,"torch.Size([1, 1, 224, 224])"
case_00125,317,19.915103912353516,0.0,False,"torch.Size([1, 1, 224, 224])"
case_00033,313,19.305706024169922,0.0,False,"torch.Size([1, 1, 224, 224])"
case_00075,507,20.46346664428711,0.0,False,"torch.Size([1, 1, 224, 224])"
case_00014,129,19.350767135620117,0.0,False,"torch.Size([1, 1, 224, 224])"
case_00086,186,21.957874298095703,0.0,False,"torch.Size([1, 1, 224, 224])"
case_00086,47,18.280506134033203,0.0,False,"torch.Size([1, 1, 224, 224])"
case_00133,500,22.55558967590332,0.0,False,"torch.Size([1, 1, 224, 224])"
case_00033,388,19.49334144592285,0.0,False,"torch.Size([1, 1, 224, 224])"
case_00133,220,20.37215232849121,0.0,False,"torch.Size([1, 1, 224, 224])"
case_00075,351,20.572662353515625,0.0,True,"torch.Size([1, 1, 224, 224])"
case_00154,23,24.33180809020996,0.0,False,"torch.Size([1, 1, 224, 224])"
case_00125,365,22.865772247314453,0.0,False,"torch.Size([1, 1, 224, 224])"
case_00203,83,20.428895950317383,0.0,False,"torch.Size([1, 1, 224, 224])"
case_00014,97,24.351835250854492,0.0,False,"torch.Size([1, 1, 224, 224])"
case_00203,93,18.973350524902344,0.0,False,"torch.Size([1, 1, 224, 224])"
case_00086,49,21.47364616394043,0.0,False,"torch.Size([1, 1, 224, 224])"
case_00125,203,20.119428634643555,0.0,False,"torch.Size([1, 1, 224, 224])"
case_00033,281,21.174907684326172,0.0,False,"torch.Size([1, 1, 224, 224])"
case_00075,346,20.38097381591797,0.0,True,"torch.Size([1, 1, 224, 224])"
case_00014,272,23.49090576171875,0.0,False,"torch.Size([1, 1, 224, 224])"
case_00133,67,21.019697189331055,0.0,False,"torch.Size([1, 1, 224, 224])"
case_00086,313,20.555734634399414,0.0,False,"torch.Size([1, 1, 224, 224])"
case_00203,464,19.850492477416992,0.0,False,"torch.Size([1, 1, 224, 224])"
case_00075,388,21.210670471191406,0.0,False,"torch.Size([1, 1, 224, 224])"
case_00133,462,20.605087280273438,0.0,False,"torch.Size([1, 1, 224, 224])"
case_00113,288,24.68395233154297,0.0,False,"torch.Size([1, 1, 224, 224])"
case_00115,415,19.491910934448242,0.0,False,"torch.Size([1, 1, 224, 224])"
case_00086,85,20.844459533691406,0.0,False,"torch.Size([1, 1, 224, 224])"
case_00014,360,19.4394588470459,0.0,False,"torch.Size([1, 1, 224, 224])"
case_00194,115,20.862817764282227,0.0,False,"torch.Size([1, 1, 224, 224])"
case_00115,304,19.651412963867188,0.0,False,"torch.Size([1, 1, 224, 224])"
case_00086,246,20.679950714111328,0.0,False,"torch.Size([1, 1, 224, 224])"
case_00033,98,21.49510383605957,0.0,False,"torch.Size([1, 1, 224, 224])"
case_00133,232,21.761178970336914,0.0,False,"torch.Size([1, 1, 224, 224])"
case_00075,282,20.74599266052246,0.0,False,"torch.Size([1, 1, 224, 224])"
case_00033,432,21.5303897857666,0.0,False,"torch.Size([1, 1, 224, 224])"
case_00113,57,22.976160049438477,0.0,False,"torch.Size([1, 1, 224, 224])"
case_00102,469,20.677566528320312,0.0,False,"torch.Size([1, 1, 224, 224])"
case_00086,323,21.73137664794922,0.0,False,"torch.Size([1, 1, 224, 224])"
case_00161,10,22.927284240722656,0.0,False,"torch.Size([1, 1, 224, 224])"
case_00194,67,20.931482315063477,0.0,False,"torch.Size([1, 1, 224, 224])"
case_00115,17,20.482301712036133,0.0,False,"torch.Size([1, 1, 224, 224])"
case_00125,239,22.15099334716797,0.0,False,"torch.Size([1, 1, 224, 224])"
case_00133,269,20.282745361328125,0.0,False,"torch.Size([1, 1, 224, 224])"
case_00203,194,19.777536392211914,0.0,False,"torch.Size([1, 1, 224, 224])"
case_00115,410,21.66128158569336,0.0,False,"torch.Size([1, 1, 224, 224])"
case_00133,70,20.39170265197754,0.0,False,"torch.Size([1, 1, 224, 224])"
case_00115,63,21.120786666870117,0.0,False,"torch.Size([1, 1, 224, 224])"
case_00102,4,19.70052719116211,0.0,False,"torch.Size([1, 1, 224, 224])"
case_00125,466,21.810531616210938,0.0,False,"torch.Size([1, 1, 224, 224])"
case_00203,223,19.27947998046875,0.0,False,"torch.Size([1, 1, 224, 224])"
case_00113,35,20.03955841064453,0.0,False,"torch.Size([1, 1, 224, 224])"
case_00133,35,19.29616928100586,0.0,False,"torch.Size([1, 1, 224, 224])"
case_00014,135,20.762920379638672,0.0,False,"torch.Size([1, 1, 224, 224])"
case_00154,379,19.073009490966797,0.0,False,"torch.Size([1, 1, 224, 224])"
case_00075,264,20.30181884765625,0.0,False,"torch.Size([1, 1, 224, 224])"
case_00079,492,20.5686092376709,0.0,False,"torch.Size([1, 1, 224, 224])"
case_00161,287,22.18174934387207,0.0,False,"torch.Size([1, 1, 224, 224])"
case_00194,463,20.523786544799805,0.0,False,"torch.Size([1, 1, 224, 224])"
case_00102,194,20.505428314208984,0.0,False,"torch.Size([1, 1, 224, 224])"
case_00161,314,22.352218627929688,0.0,False,"torch.Size([1, 1, 224, 224])"
case_00075,82,20.490646362304688,0.0,False,"torch.Size([1, 1, 224, 224])"
case_00086,0,21.114349365234375,0.0,False,"torch.Size([1, 1, 224, 224])"
case_00161,26,21.900415420532227,0.0,False,"torch.Size([1, 1, 224, 224])"
case_00203,365,19.225597381591797,0.0,False,"torch.Size([1, 1, 224, 224])"
case_00125,100,20.97034454345703,0.0,False,"torch.Size([1, 1, 224, 224])"
case_00203,436,19.357681274414062,0.0,False,"torch.Size([1, 1, 224, 224])"
case_00125,184,21.479129791259766,0.0,True,"torch.Size([1, 1, 224, 224])"
case_00134,495,18.47529411315918,0.0,False,"torch.Size([1, 1, 224, 224])"
case_00125,355,18.91350746154785,0.0,False,"torch.Size([1, 1, 224, 224])"
case_00133,311,21.49343490600586,0.0,False,"torch.Size([1, 1, 224, 224])"
case_00079,301,22.141695022583008,0.0,False,"torch.Size([1, 1, 224, 224])"
case_00113,448,19.794225692749023,0.0,False,"torch.Size([1, 1, 224, 224])"
case_00033,171,19.591093063354492,0.0,True,"torch.Size([1, 1, 224, 224])"
case_00115,5,20.441770553588867,0.0,False,"torch.Size([1, 1, 224, 224])"
case_00203,180,18.596410751342773,0.0,False,"torch.Size([1, 1, 224, 224])"
case_00033,99,22.09329605102539,0.0,False,"torch.Size([1, 1, 224, 224])"
case_00033,333,31.64052963256836,0.0,False,"torch.Size([1, 1, 224, 224])"
case_00079,271,29.41751480102539,0.0,False,"torch.Size([1, 1, 224, 224])"
case_00134,220,28.909921646118164,0.0,False,"torch.Size([1, 1, 224, 224])"
case_00014,380,19.545555114746094,0.0,False,"torch.Size([1, 1, 224, 224])"
case_00194,288,28.01680564880371,0.0,False,"torch.Size([1, 1, 224, 224])"
case_00115,98,19.97828483581543,0.0,False,"torch.Size([1, 1, 224, 224])"
case_00102,191,19.594907760620117,0.0,False,"torch.Size([1, 1, 224, 224])"
case_00161,185,22.211074829101562,0.0,False,"torch.Size([1, 1, 224, 224])"
case_00203,48,18.477439880371094,0.0,False,"torch.Size([1, 1, 224, 224])"
case_00079,168,21.406888961791992,0.0,False,"torch.Size([1, 1, 224, 224])"
case_00075,281,18.5239315032959,0.0,False,"torch.Size([1, 1, 224, 224])"
case_00014,103,21.036863327026367,0.0,False,"torch.Size([1, 1, 224, 224])"
case_00079,306,18.496990203857422,0.0,False,"torch.Size([1, 1, 224, 224])"
case_00113,42,20.895957946777344,0.0,False,"torch.Size([1, 1, 224, 224])"
case_00115,121,18.72539520263672,0.0,False,"torch.Size([1, 1, 224, 224])"
case_00113,66,19.161462783813477,0.0,False,"torch.Size([1, 1, 224, 224])"
case_00086,369,19.547700881958008,0.0,False,"torch.Size([1, 1, 224, 224])"
case_00079,504,20.478487014770508,0.0,False,"torch.Size([1, 1, 224, 224])"
case_00134,381,19.678354263305664,0.0,False,"torch.Size([1, 1, 224, 224])"
case_00033,347,22.005796432495117,0.0,False,"torch.Size([1, 1, 224, 224])"
case_00154,143,18.002986907958984,0.0,False,"torch.Size([1, 1, 224, 224])"
case_00161,36,19.70195770263672,0.0,False,"torch.Size([1, 1, 224, 224])"
case_00079,282,18.570423126220703,0.0,False,"torch.Size([1, 1, 224, 224])"
case_00125,172,19.79231834411621,0.0,False,"torch.Size([1, 1, 224, 224])"
case_00133,336,18.504619598388672,0.0,False,"torch.Size([1, 1, 224, 224])"
case_00134,286,19.93727684020996,0.0,False,"torch.Size([1, 1, 224, 224])"
case_00203,168,18.51820945739746,0.0,False,"torch.Size([1, 1, 224, 224])"
case_00113,93,27.032136917114258,0.0,False,"torch.Size([1, 1, 224, 224])"
case_00079,425,18.33057403564453,0.0,True,"torch.Size([1, 1, 224, 224])"
case_00161,176,18.555641174316406,0.0,False,"torch.Size([1, 1, 224, 224])"
case_00086,196,19.522905349731445,0.0,False,"torch.Size([1, 1, 224, 224])"
case_00161,235,20.3244686126709,0.0,False,"torch.Size([1, 1, 224, 224])"
case_00113,409,19.70672607421875,0.0,True,"torch.Size([1, 1, 224, 224])"
case_00014,303,19.693851470947266,0.0,False,"torch.Size([1, 1, 224, 224])"
case_00125,440,21.175146102905273,0.0,False,"torch.Size([1, 1, 224, 224])"
case_00125,216,20.343303680419922,0.0,False,"torch.Size([1, 1, 224, 224])"
case_00134,341,21.42333984375,0.0,True,"torch.Size([1, 1, 224, 224])"
case_00086,281,19.225358963012695,0.0,False,"torch.Size([1, 1, 224, 224])"
case_00133,175,20.819664001464844,0.0,True,"torch.Size([1, 1, 224, 224])"
case_00203,265,19.572019577026367,0.0,False,"torch.Size([1, 1, 224, 224])"
case_00115,135,24.992704391479492,0.0,False,"torch.Size([1, 1, 224, 224])"
case_00102,227,19.30832862854004,0.0,False,"torch.Size([1, 1, 224, 224])"
case_00113,177,20.812511444091797,0.0,False,"torch.Size([1, 1, 224, 224])"
case_00113,341,19.788742065429688,0.0,True,"torch.Size([1, 1, 224, 224])"
case_00075,92,20.734786987304688,0.0,False,"torch.Size([1, 1, 224, 224])"
case_00133,114,19.783735275268555,0.0,False,"torch.Size([1, 1, 224, 224])"
case_00075,186,20.44844627380371,0.0,False,"torch.Size([1, 1, 224, 224])"
case_00014,376,19.070863723754883,0.0,False,"torch.Size([1, 1, 224, 224])"
case_00134,299,26.520252227783203,0.0,False,"torch.Size([1, 1, 224, 224])"
case_00161,44,19.57416534423828,0.0,False,"torch.Size([1, 1, 224, 224])"
case_00075,333,19.75560188293457,0.0,True,"torch.Size([1, 1, 224, 224])"
case_00194,309,20.31230926513672,0.0,False,"torch.Size([1, 1, 224, 224])"
case_00014,88,19.829273223876953,0.0,False,"torch.Size([1, 1, 224, 224])"
case_00134,38,21.036148071289062,0.0,False,"torch.Size([1, 1, 224, 224])"
case_00102,288,20.15089988708496,0.0,False,"torch.Size([1, 1, 224, 224])"
case_00115,361,19.972801208496094,0.0,False,"torch.Size([1, 1, 224, 224])"
case_00014,443,20.42841911315918,0.0,False,"torch.Size([1, 1, 224, 224])"
case_00014,273,20.138025283813477,0.0,False,"torch.Size([1, 1, 224, 224])"
case_00086,328,19.816160202026367,0.0,False,"torch.Size([1, 1, 224, 224])"
case_00033,357,19.858121871948242,0.0,False,"torch.Size([1, 1, 224, 224])"
case_00194,448,21.157503128051758,0.0,False,"torch.Size([1, 1, 224, 224])"
case_00033,481,21.667003631591797,0.0,False,"torch.Size([1, 1, 224, 224])"
case_00134,460,26.9927978515625,0.0,False,"torch.Size([1, 1, 224, 224])"
case_00102,432,20.63775062561035,0.0,False,"torch.Size([1, 1, 224, 224])"
case_00014,378,23.175477981567383,0.0,False,"torch.Size([1, 1, 224, 224])"
case_00125,166,27.81057357788086,0.0,False,"torch.Size([1, 1, 224, 224])"
case_00115,19,28.995752334594727,0.0,False,"torch.Size([1, 1, 224, 224])"
case_00203,247,19.085168838500977,0.0,False,"torch.Size([1, 1, 224, 224])"
case_00033,488,24.591445922851562,0.0,False,"torch.Size([1, 1, 224, 224])"
case_00086,373,19.512653350830078,0.0,True,"torch.Size([1, 1, 224, 224])"
case_00125,480,18.596172332763672,0.0,False,"torch.Size([1, 1, 224, 224])"
case_00161,462,18.670082092285156,0.0,False,"torch.Size([1, 1, 224, 224])"
case_00075,364,18.956661224365234,0.0,False,"torch.Size([1, 1, 224, 224])"
case_00075,356,19.084453582763672,0.0,True,"torch.Size([1, 1, 224, 224])"
case_00033,199,19.747257232666016,0.0,True,"torch.Size([1, 1, 224, 224])"
case_00102,30,21.77262306213379,0.0,False,"torch.Size([1, 1, 224, 224])"
case_00014,478,19.706010818481445,0.0,False,"torch.Size([1, 1, 224, 224])"
case_00086,51,22.13144302368164,0.0,False,"torch.Size([1, 1, 224, 224])"
case_00079,98,19.197702407836914,0.0,False,"torch.Size([1, 1, 224, 224])"
case_00113,228,23.68903160095215,0.0,False,"torch.Size([1, 1, 224, 224])"
case_00079,367,19.638538360595703,0.0,True,"torch.Size([1, 1, 224, 224])"
case_00194,303,22.373676300048828,0.0,False,"torch.Size([1, 1, 224, 224])"
case_00194,131,19.743919372558594,0.0,False,"torch.Size([1, 1, 224, 224])"
case_00203,86,19.513607025146484,0.0,False,"torch.Size([1, 1, 224, 224])"
case_00115,129,20.613670349121094,0.0,False,"torch.Size([1, 1, 224, 224])"
case_00133,316,20.493745803833008,0.0,False,"torch.Size([1, 1, 224, 224])"
case_00134,193,22.36008644104004,0.0,False,"torch.Size([1, 1, 224, 224])"
case_00079,55,20.075559616088867,0.0,False,"torch.Size([1, 1, 224, 224])"
case_00086,333,22.028446197509766,0.0,False,"torch.Size([1, 1, 224, 224])"
case_00134,496,19.125938415527344,0.0,False,"torch.Size([1, 1, 224, 224])"
case_00154,268,19.367456436157227,0.0,False,"torch.Size([1, 1, 224, 224])"
case_00203,192,19.977569580078125,0.0,False,"torch.Size([1, 1, 224, 224])"
case_00154,418,19.472122192382812,0.0,False,"torch.Size([1, 1, 224, 224])"
case_00125,323,19.202232360839844,0.0,False,"torch.Size([1, 1, 224, 224])"
case_00133,263,19.382953643798828,0.0,False,"torch.Size([1, 1, 224, 224])"
case_00125,175,19.295215606689453,0.0,False,"torch.Size([1, 1, 224, 224])"
case_00115,238,19.387006759643555,0.0,False,"torch.Size([1, 1, 224, 224])"
case_00075,324,22.279024124145508,0.0,False,"torch.Size([1, 1, 224, 224])"
case_00033,209,18.787860870361328,0.0,False,"torch.Size([1, 1, 224, 224])"
case_00115,86,21.230220794677734,0.0,False,"torch.Size([1, 1, 224, 224])"
case_00113,116,20.22528648376465,0.0,False,"torch.Size([1, 1, 224, 224])"
case_00161,97,21.62957191467285,0.0,False,"torch.Size([1, 1, 224, 224])"
case_00133,268,19.383668899536133,0.0,False,"torch.Size([1, 1, 224, 224])"
case_00075,206,20.48635482788086,0.0,False,"torch.Size([1, 1, 224, 224])"
case_00102,152,19.65618133544922,0.0,False,"torch.Size([1, 1, 224, 224])"
case_00033,318,19.667625427246094,0.0,False,"torch.Size([1, 1, 224, 224])"
case_00194,411,19.43039894104004,0.0,False,"torch.Size([1, 1, 224, 224])"
case_00115,221,18.87989044189453,0.0,False,"torch.Size([1, 1, 224, 224])"
case_00075,318,20.612716674804688,0.0,False,"torch.Size([1, 1, 224, 224])"
case_00134,472,19.94037628173828,0.0,False,"torch.Size([1, 1, 224, 224])"
case_00113,297,19.6990966796875,0.0,False,"torch.Size([1, 1, 224, 224])"
case_00133,120,19.262075424194336,0.0,True,"torch.Size([1, 1, 224, 224])"
case_00075,95,26.12018585205078,0.0,False,"torch.Size([1, 1, 224, 224])"
case_00194,164,19.25826072692871,0.0,True,"torch.Size([1, 1, 224, 224])"
case_00113,105,21.645069122314453,0.0,False,"torch.Size([1, 1, 224, 224])"
case_00113,500,28.25760841369629,0.0,False,"torch.Size([1, 1, 224, 224])"
case_00033,419,18.67055892944336,0.0,False,"torch.Size([1, 1, 224, 224])"
case_00115,207,20.515918731689453,0.0,False,"torch.Size([1, 1, 224, 224])"
case_00194,508,19.743919372558594,0.0,False,"torch.Size([1, 1, 224, 224])"
case_00075,449,22.9647159576416,0.0,False,"torch.Size([1, 1, 224, 224])"
case_00075,131,19.804000854492188,0.0,False,"torch.Size([1, 1, 224, 224])"
case_00102,388,19.76299285888672,0.0,True,"torch.Size([1, 1, 224, 224])"
case_00014,346,21.058082580566406,0.0,False,"torch.Size([1, 1, 224, 224])"
case_00194,310,21.203279495239258,0.0,False,"torch.Size([1, 1, 224, 224])"
case_00154,346,19.794464111328125,0.0,True,"torch.Size([1, 1, 224, 224])"
case_00134,156,22.427082061767578,0.0,False,"torch.Size([1, 1, 224, 224])"
case_00086,406,19.862651824951172,0.0,True,"torch.Size([1, 1, 224, 224])"
case_00014,136,20.752906799316406,0.0,False,"torch.Size([1, 1, 224, 224])"
case_00115,416,19.949674606323242,0.0,False,"torch.Size([1, 1, 224, 224])"
case_00075,494,20.1113224029541,0.0,False,"torch.Size([1, 1, 224, 224])"
case_00154,1,19.394397735595703,0.0,False,"torch.Size([1, 1, 224, 224])"
case_00134,129,19.948482513427734,0.0,False,"torch.Size([1, 1, 224, 224])"
case_00102,182,19.245624542236328,0.0,False,"torch.Size([1, 1, 224, 224])"
case_00194,25,20.093202590942383,0.0,False,"torch.Size([1, 1, 224, 224])"
case_00102,440,19.074678421020508,0.0,False,"torch.Size([1, 1, 224, 224])"
case_00113,185,19.954681396484375,0.0,False,"torch.Size([1, 1, 224, 224])"
case_00014,293,23.402929306030273,0.0,False,"torch.Size([1, 1, 224, 224])"
case_00194,22,20.97177505493164,0.0,False,"torch.Size([1, 1, 224, 224])"
case_00102,58,19.4704532623291,0.0,False,"torch.Size([1, 1, 224, 224])"
case_00033,192,23.15974235534668,0.0,True,"torch.Size([1, 1, 224, 224])"
case_00033,485,21.90685272216797,0.0,False,"torch.Size([1, 1, 224, 224])"
case_00161,74,20.145654678344727,0.0,False,"torch.Size([1, 1, 224, 224])"
case_00079,174,20.208120346069336,0.0,False,"torch.Size([1, 1, 224, 224])"
case_00033,372,19.85311508178711,0.0,False,"torch.Size([1, 1, 224, 224])"
case_00133,207,19.930124282836914,0.0,False,"torch.Size([1, 1, 224, 224])"
case_00102,48,19.3631649017334,0.0,False,"torch.Size([1, 1, 224, 224])"
case_00194,421,20.861387252807617,0.0,False,"torch.Size([1, 1, 224, 224])"
case_00113,378,27.96149253845215,0.0,True,"torch.Size([1, 1, 224, 224])"
case_00161,96,22.13740348815918,0.0,False,"torch.Size([1, 1, 224, 224])"
case_00203,82,20.9503173828125,0.0,False,"torch.Size([1, 1, 224, 224])"
case_00203,58,21.49820327758789,0.0,False,"torch.Size([1, 1, 224, 224])"
case_00075,355,20.714521408081055,0.0,True,"torch.Size([1, 1, 224, 224])"
case_00086,39,20.535945892333984,0.0,False,"torch.Size([1, 1, 224, 224])"
case_00102,19,21.8963623046875,0.0,False,"torch.Size([1, 1, 224, 224])"
case_00075,300,22.222280502319336,0.0,False,"torch.Size([1, 1, 224, 224])"
case_00125,360,20.51520347595215,0.0,False,"torch.Size([1, 1, 224, 224])"
case_00079,146,21.86298370361328,0.0,False,"torch.Size([1, 1, 224, 224])"
case_00075,214,20.454883575439453,0.0,False,"torch.Size([1, 1, 224, 224])"
case_00115,162,20.876169204711914,0.0,False,"torch.Size([1, 1, 224, 224])"
case_00102,337,20.657777786254883,0.0,True,"torch.Size([1, 1, 224, 224])"
case_00161,150,32.31096267700195,0.0,True,"torch.Size([1, 1, 224, 224])"
case_00194,306,22.27330207824707,0.0,False,"torch.Size([1, 1, 224, 224])"
case_00079,397,20.241975784301758,0.0,True,"torch.Size([1, 1, 224, 224])"
case_00125,374,18.411636352539062,0.0,False,"torch.Size([1, 1, 224, 224])"
case_00033,452,19.223451614379883,0.0,False,"torch.Size([1, 1, 224, 224])"
case_00079,353,20.157337188720703,0.0,True,"torch.Size([1, 1, 224, 224])"
case_00113,417,20.111083984375,0.0,True,"torch.Size([1, 1, 224, 224])"
case_00125,191,21.142005920410156,0.0,True,"torch.Size([1, 1, 224, 224])"
case_00079,196,27.809858322143555,0.0,False,"torch.Size([1, 1, 224, 224])"
case_00203,266,20.974397659301758,0.0,False,"torch.Size([1, 1, 224, 224])"
case_00161,68,19.70529556274414,0.0,False,"torch.Size([1, 1, 224, 224])"
case_00079,280,21.16990089416504,0.0,False,"torch.Size([1, 1, 224, 224])"
case_00033,390,20.687103271484375,0.0,False,"torch.Size([1, 1, 224, 224])"
case_00134,458,20.870208740234375,0.0,False,"torch.Size([1, 1, 224, 224])"
case_00203,268,19.014358520507812,0.0,False,"torch.Size([1, 1, 224, 224])"
case_00194,88,20.84946632385254,0.0,False,"torch.Size([1, 1, 224, 224])"
case_00102,494,19.0584659576416,0.0,False,"torch.Size([1, 1, 224, 224])"
case_00154,319,20.299434661865234,0.0,True,"torch.Size([1, 1, 224, 224])"
case_00086,324,19.838571548461914,0.0,False,"torch.Size([1, 1, 224, 224])"
case_00079,270,22.25971221923828,0.0,False,"torch.Size([1, 1, 224, 224])"
case_00194,366,21.06761932373047,0.0,False,"torch.Size([1, 1, 224, 224])"
case_00161,111,20.51091194152832,0.0,False,"torch.Size([1, 1, 224, 224])"
case_00102,237,18.863201141357422,0.0,False,"torch.Size([1, 1, 224, 224])"
case_00203,295,18.619298934936523,0.0,False,"torch.Size([1, 1, 224, 224])"
case_00154,407,19.728660583496094,0.0,False,"torch.Size([1, 1, 224, 224])"
case_00102,291,19.136428833007812,0.0,False,"torch.Size([1, 1, 224, 224])"
case_00133,17,21.929264068603516,0.0,False,"torch.Size([1, 1, 224, 224])"
case_00134,7,18.713712692260742,0.0,False,"torch.Size([1, 1, 224, 224])"
case_00203,236,18.808364868164062,0.0,False,"torch.Size([1, 1, 224, 224])"
case_00115,123,19.699811935424805,0.0,False,"torch.Size([1, 1, 224, 224])"
case_00086,374,19.551992416381836,0.0,True,"torch.Size([1, 1, 224, 224])"
case_00154,495,21.4693546295166,0.0,False,"torch.Size([1, 1, 224, 224])"
case_00102,296,19.12713050842285,0.0,True,"torch.Size([1, 1, 224, 224])"
case_00125,372,26.71957015991211,0.0,False,"torch.Size([1, 1, 224, 224])"
case_00113,445,18.22948455810547,0.0,False,"torch.Size([1, 1, 224, 224])"
case_00134,295,20.717382431030273,0.0,False,"torch.Size([1, 1, 224, 224])"
case_00134,263,20.20430564880371,0.0,False,"torch.Size([1, 1, 224, 224])"
case_00014,206,20.031452178955078,0.0,False,"torch.Size([1, 1, 224, 224])"
case_00033,416,21.336078643798828,0.0,False,"torch.Size([1, 1, 224, 224])"
case_00086,11,22.74346351623535,0.0,False,"torch.Size([1, 1, 224, 224])"
case_00161,274,21.20804786682129,0.0,False,"torch.Size([1, 1, 224, 224])"
case_00154,246,19.998550415039062,0.0,False,"torch.Size([1, 1, 224, 224])"
case_00115,202,19.842863082885742,0.0,False,"torch.Size([1, 1, 224, 224])"
case_00014,64,26.660680770874023,0.0,False,"torch.Size([1, 1, 224, 224])"
case_00134,94,20.420074462890625,0.0,False,"torch.Size([1, 1, 224, 224])"
case_00194,423,20.65873146057129,0.0,False,"torch.Size([1, 1, 224, 224])"
case_00075,163,22.30691909790039,0.0,False,"torch.Size([1, 1, 224, 224])"
case_00014,425,18.234968185424805,0.0,False,"torch.Size([1, 1, 224, 224])"
case_00133,360,20.3092098236084,0.0,False,"torch.Size([1, 1, 224, 224])"
case_00115,138,18.465757369995117,0.0,False,"torch.Size([1, 1, 224, 224])"
case_00125,451,20.229578018188477,0.0,False,"torch.Size([1, 1, 224, 224])"
case_00154,236,18.712997436523438,0.0,False,"torch.Size([1, 1, 224, 224])"
case_00075,31,20.596742630004883,0.0,False,"torch.Size([1, 1, 224, 224])"
case_00079,395,20.18594741821289,0.0,True,"torch.Size([1, 1, 224, 224])"
case_00115,273,20.39933204650879,0.0,False,"torch.Size([1, 1, 224, 224])"
case_00075,398,20.402908325195312,0.0,False,"torch.Size([1, 1, 224, 224])"
case_00194,406,22.667407989501953,0.0,False,"torch.Size([1, 1, 224, 224])"
case_00203,103,21.60930633544922,0.0,False,"torch.Size([1, 1, 224, 224])"
case_00102,56,21.637439727783203,0.0,False,"torch.Size([1, 1, 224, 224])"
case_00113,31,20.37954330444336,0.0,False,"torch.Size([1, 1, 224, 224])"
case_00125,177,20.408153533935547,0.0,True,"torch.Size([1, 1, 224, 224])"
case_00203,271,20.354270935058594,0.0,False,"torch.Size([1, 1, 224, 224])"
case_00033,167,22.011518478393555,0.0,False,"torch.Size([1, 1, 224, 224])"
case_00161,169,20.328283309936523,0.0,False,"torch.Size([1, 1, 224, 224])"
case_00154,243,19.005775451660156,0.0,False,"torch.Size([1, 1, 224, 224])"
case_00203,80,19.064903259277344,0.0,False,"torch.Size([1, 1, 224, 224])"
case_00014,317,20.33376693725586,0.0,False,"torch.Size([1, 1, 224, 224])"
case_00014,421,21.255970001220703,0.0,False,"torch.Size([1, 1, 224, 224])"
case_00113,305,21.004199981689453,0.0,False,"torch.Size([1, 1, 224, 224])"
case_00161,17,19.339323043823242,0.0,False,"torch.Size([1, 1, 224, 224])"
case_00154,126,20.962953567504883,0.0,False,"torch.Size([1, 1, 224, 224])"
case_00075,14,22.13287353515625,0.0,False,"torch.Size([1, 1, 224, 224])"
case_00125,497,20.816326141357422,0.0,False,"torch.Size([1, 1, 224, 224])"
case_00075,297,20.684480667114258,0.0,False,"torch.Size([1, 1, 224, 224])"
case_00154,470,19.451379776000977,0.0,False,"torch.Size([1, 1, 224, 224])"
case_00133,46,22.546052932739258,0.0,False,"torch.Size([1, 1, 224, 224])"
case_00161,323,20.39313316345215,0.0,False,"torch.Size([1, 1, 224, 224])"
case_00113,504,22.314786911010742,0.0,False,"torch.Size([1, 1, 224, 224])"
case_00033,511,20.20096778869629,0.0,False,"torch.Size([1, 1, 224, 224])"
case_00203,33,20.90597152709961,0.0,False,"torch.Size([1, 1, 224, 224])"
case_00115,420,20.579814910888672,0.0,False,"torch.Size([1, 1, 224, 224])"
case_00115,42,20.84493637084961,0.0,False,"torch.Size([1, 1, 224, 224])"
case_00115,64,20.60413360595703,0.0,False,"torch.Size([1, 1, 224, 224])"
case_00203,143,29.531478881835938,0.0,False,"torch.Size([1, 1, 224, 224])"
case_00086,221,25.74944496154785,0.0,False,"torch.Size([1, 1, 224, 224])"
case_00079,386,20.711660385131836,0.0,True,"torch.Size([1, 1, 224, 224])"
case_00014,507,21.132469177246094,0.0,False,"torch.Size([1, 1, 224, 224])"
case_00125,211,20.467758178710938,0.0,False,"torch.Size([1, 1, 224, 224])"
case_00194,218,21.2094783782959,0.0,False,"torch.Size([1, 1, 224, 224])"
case_00014,121,20.53380012512207,0.0,False,"torch.Size([1, 1, 224, 224])"
case_00161,412,24.155139923095703,0.0,False,"torch.Size([1, 1, 224, 224])"
case_00203,44,19.430160522460938,0.0,False,"torch.Size([1, 1, 224, 224])"
case_00115,82,20.436763763427734,0.0,False,"torch.Size([1, 1, 224, 224])"
case_00115,152,20.688533782958984,0.0,False,"torch.Size([1, 1, 224, 224])"
case_00133,32,21.5299129486084,0.0,False,"torch.Size([1, 1, 224, 224])"
case_00134,77,20.822525024414062,0.0,False,"torch.Size([1, 1, 224, 224])"
case_00086,65,21.13199234008789,0.0,False,"torch.Size([1, 1, 224, 224])"
case_00125,220,20.954132080078125,0.0,False,"torch.Size([1, 1, 224, 224])"
case_00133,433,21.253108978271484,0.0,False,"torch.Size([1, 1, 224, 224])"
case_00134,98,21.953582763671875,0.0,False,"torch.Size([1, 1, 224, 224])"
case_00014,126,20.517587661743164,0.0,False,"torch.Size([1, 1, 224, 224])"
case_00102,310,20.864248275756836,0.0,True,"torch.Size([1, 1, 224, 224])"
case_00079,129,21.459341049194336,0.0,False,"torch.Size([1, 1, 224, 224])"
case_00203,469,19.803285598754883,0.0,False,"torch.Size([1, 1, 224, 224])"
case_00203,435,20.219087600708008,0.0,False,"torch.Size([1, 1, 224, 224])"
case_00125,483,19.794225692749023,0.0,False,"torch.Size([1, 1, 224, 224])"
case_00134,312,21.065235137939453,0.0,False,"torch.Size([1, 1, 224, 224])"
case_00154,363,20.302534103393555,0.0,False,"torch.Size([1, 1, 224, 224])"
case_00161,129,22.3386287689209,0.0,True,"torch.Size([1, 1, 224, 224])"
case_00194,192,20.762205123901367,0.0,False,"torch.Size([1, 1, 224, 224])"
case_00133,459,20.11728286743164,0.0,False,"torch.Size([1, 1, 224, 224])"
case_00115,400,18.89657974243164,0.0,False,"torch.Size([1, 1, 224, 224])"
case_00125,322,22.045612335205078,0.0,False,"torch.Size([1, 1, 224, 224])"
case_00133,399,18.981218338012695,0.0,False,"torch.Size([1, 1, 224, 224])"
case_00113,259,21.535634994506836,0.0,False,"torch.Size([1, 1, 224, 224])"
case_00102,453,19.060134887695312,0.0,False,"torch.Size([1, 1, 224, 224])"
case_00075,185,21.065950393676758,0.0,False,"torch.Size([1, 1, 224, 224])"
case_00133,80,21.367788314819336,0.0,False,"torch.Size([1, 1, 224, 224])"
case_00194,356,22.296667098999023,0.0,False,"torch.Size([1, 1, 224, 224])"
case_00125,357,19.20914649963379,0.0,False,"torch.Size([1, 1, 224, 224])"
case_00086,130,21.665096282958984,0.0,False,"torch.Size([1, 1, 224, 224])"
case_00014,487,19.07515525817871,0.0,False,"torch.Size([1, 1, 224, 224])"
case_00113,197,21.240949630737305,0.0,False,"torch.Size([1, 1, 224, 224])"
case_00113,323,19.750118255615234,0.0,True,"torch.Size([1, 1, 224, 224])"
case_00115,1,20.179271697998047,0.0,False,"torch.Size([1, 1, 224, 224])"
case_00115,413,19.267559051513672,0.0,False,"torch.Size([1, 1, 224, 224])"
case_00134,81,20.44987678527832,0.0,False,"torch.Size([1, 1, 224, 224])"
case_00134,35,19.26422119140625,0.0,False,"torch.Size([1, 1, 224, 224])"
case_00079,427,19.098520278930664,0.0,True,"torch.Size([1, 1, 224, 224])"
case_00194,235,18.007516860961914,0.0,False,"torch.Size([1, 1, 224, 224])"
case_00161,503,19.012928009033203,0.0,False,"torch.Size([1, 1, 224, 224])"
case_00161,350,19.47760581970215,0.0,False,"torch.Size([1, 1, 224, 224])"
case_00194,231,19.075870513916016,0.0,False,"torch.Size([1, 1, 224, 224])"
case_00161,98,19.42133903503418,0.0,False,"torch.Size([1, 1, 224, 224])"
case_00194,379,19.115924835205078,0.0,False,"torch.Size([1, 1, 224, 224])"
case_00203,234,19.556522369384766,0.0,False,"torch.Size([1, 1, 224, 224])"
case_00203,279,19.106626510620117,0.0,False,"torch.Size([1, 1, 224, 224])"
case_00194,50,18.929243087768555,0.0,False,"torch.Size([1, 1, 224, 224])"
case_00125,439,19.087791442871094,0.0,False,"torch.Size([1, 1, 224, 224])"
case_00113,263,22.456645965576172,0.0,False,"torch.Size([1, 1, 224, 224])"
case_00102,471,18.91303062438965,0.0,False,"torch.Size([1, 1, 224, 224])"
case_00113,249,19.77849006652832,0.0,False,"torch.Size([1, 1, 224, 224])"
case_00075,175,19.154787063598633,0.0,False,"torch.Size([1, 1, 224, 224])"
case_00033,459,19.318819046020508,0.0,False,"torch.Size([1, 1, 224, 224])"
case_00134,323,19.94633674621582,0.0,True,"torch.Size([1, 1, 224, 224])"
case_00194,125,20.75934410095215,0.0,False,"torch.Size([1, 1, 224, 224])"
case_00194,339,20.09892463684082,0.0,False,"torch.Size([1, 1, 224, 224])"
case_00194,113,19.483327865600586,0.0,False,"torch.Size([1, 1, 224, 224])"
case_00033,110,18.917322158813477,0.0,False,"torch.Size([1, 1, 224, 224])"
case_00014,15,19.049882888793945,0.0,False,"torch.Size([1, 1, 224, 224])"
case_00161,278,20.955801010131836,0.0,False,"torch.Size([1, 1, 224, 224])"
case_00113,6,19.238710403442383,0.0,False,"torch.Size([1, 1, 224, 224])"
case_00033,25,19.07968521118164,0.0,False,"torch.Size([1, 1, 224, 224])"
case_00086,403,20.37334442138672,0.0,True,"torch.Size([1, 1, 224, 224])"
case_00203,288,19.52385902404785,0.0,False,"torch.Size([1, 1, 224, 224])"
case_00075,302,21.277666091918945,0.0,False,"torch.Size([1, 1, 224, 224])"
case_00113,37,19.58322525024414,0.0,False,"torch.Size([1, 1, 224, 224])"
case_00079,201,21.062135696411133,0.0,False,"torch.Size([1, 1, 224, 224])"
case_00134,360,19.69146728515625,0.0,True,"torch.Size([1, 1, 224, 224])"
case_00161,155,18.26953887939453,0.0,True,"torch.Size([1, 1, 224, 224])"
case_00133,254,18.237590789794922,0.0,False,"torch.Size([1, 1, 224, 224])"
case_00102,98,19.27781105041504,0.0,False,"torch.Size([1, 1, 224, 224])"
case_00125,288,19.908666610717773,0.0,False,"torch.Size([1, 1, 224, 224])"
case_00125,195,18.990516662597656,0.0,True,"torch.Size([1, 1, 224, 224])"
case_00113,481,20.177841186523438,0.0,False,"torch.Size([1, 1, 224, 224])"
case_00014,125,19.43182945251465,0.0,False,"torch.Size([1, 1, 224, 224])"
case_00079,52,20.575284957885742,0.0,False,"torch.Size([1, 1, 224, 224])"
case_00033,77,16.831398010253906,0.0,False,"torch.Size([1, 1, 224, 224])"
case_00079,91,19.911766052246094,0.0,False,"torch.Size([1, 1, 224, 224])"
case_00194,384,19.07825469970703,0.0,False,"torch.Size([1, 1, 224, 224])"
case_00102,38,20.372867584228516,0.0,False,"torch.Size([1, 1, 224, 224])"
case_00113,142,19.286155700683594,0.0,False,"torch.Size([1, 1, 224, 224])"
case_00102,341,19.73867416381836,0.0,True,"torch.Size([1, 1, 224, 224])"
case_00086,285,31.575441360473633,0.0,False,"torch.Size([1, 1, 224, 224])"
case_00125,43,28.0454158782959,0.0,False,"torch.Size([1, 1, 224, 224])"
case_00154,493,19.585609436035156,0.0,False,"torch.Size([1, 1, 224, 224])"
case_00014,475,20.447969436645508,0.0,False,"torch.Size([1, 1, 224, 224])"
case_00113,457,21.468400955200195,0.0,False,"torch.Size([1, 1, 224, 224])"
case_00203,174,19.402742385864258,0.0,False,"torch.Size([1, 1, 224, 224])"
case_00033,444,22.5372314453125,0.0,False,"torch.Size([1, 1, 224, 224])"
case_00079,156,20.42865753173828,0.0,False,"torch.Size([1, 1, 224, 224])"
case_00125,10,21.924734115600586,0.0,False,"torch.Size([1, 1, 224, 224])"
case_00086,265,20.401954650878906,0.0,False,"torch.Size([1, 1, 224, 224])"
case_00086,342,20.769834518432617,0.0,False,"torch.Size([1, 1, 224, 224])"
case_00133,121,20.45130729675293,0.0,True,"torch.Size([1, 1, 224, 224])"
case_00194,1,21.161317825317383,0.0,False,"torch.Size([1, 1, 224, 224])"
case_00086,64,20.750045776367188,0.0,False,"torch.Size([1, 1, 224, 224])"
case_00125,328,36.61990165710449,0.0,False,"torch.Size([1, 1, 224, 224])"
case_00194,183,20.091772079467773,0.0,False,"torch.Size([1, 1, 224, 224])"
case_00079,112,21.450519561767578,0.0,False,"torch.Size([1, 1, 224, 224])"
case_00115,158,18.579721450805664,0.0,False,"torch.Size([1, 1, 224, 224])"
case_00161,424,21.91948890686035,0.0,False,"torch.Size([1, 1, 224, 224])"
case_00115,107,18.78213882446289,0.0,False,"torch.Size([1, 1, 224, 224])"
case_00194,259,21.835803985595703,0.0,False,"torch.Size([1, 1, 224, 224])"
case_00203,145,18.323898315429688,0.0,False,"torch.Size([1, 1, 224, 224])"
case_00134,232,21.512985229492188,0.0,False,"torch.Size([1, 1, 224, 224])"
case_00194,370,18.44477653503418,0.0,False,"torch.Size([1, 1, 224, 224])"
case_00033,370,19.730567932128906,0.0,False,"torch.Size([1, 1, 224, 224])"
case_00203,346,18.527507781982422,0.0,False,"torch.Size([1, 1, 224, 224])"
case_00134,402,23.642539978027344,0.0,False,"torch.Size([1, 1, 224, 224])"
case_00125,395,19.673585891723633,0.0,False,"torch.Size([1, 1, 224, 224])"
case_00075,490,21.553993225097656,0.0,False,"torch.Size([1, 1, 224, 224])"
case_00134,410,19.591093063354492,0.0,False,"torch.Size([1, 1, 224, 224])"
case_00014,162,19.765615463256836,0.0,False,"torch.Size([1, 1, 224, 224])"
case_00102,103,19.889354705810547,0.0,False,"torch.Size([1, 1, 224, 224])"
case_00079,449,19.835472106933594,0.0,True,"torch.Size([1, 1, 224, 224])"
case_00033,13,19.7601318359375,0.0,False,"torch.Size([1, 1, 224, 224])"
case_00194,475,20.546913146972656,0.0,False,"torch.Size([1, 1, 224, 224])"
case_00033,404,20.31230926513672,0.0,False,"torch.Size([1, 1, 224, 224])"
case_00194,431,20.879507064819336,0.0,False,"torch.Size([1, 1, 224, 224])"
case_00075,142,20.240068435668945,0.0,False,"torch.Size([1, 1, 224, 224])"
case_00014,339,20.624876022338867,0.0,False,"torch.Size([1, 1, 224, 224])"
case_00133,117,19.63639259338379,0.0,False,"torch.Size([1, 1, 224, 224])"
case_00115,462,19.644498825073242,0.0,False,"torch.Size([1, 1, 224, 224])"
case_00134,225,20.38264274597168,0.0,False,"torch.Size([1, 1, 224, 224])"
case_00115,483,28.008222579956055,0.0,False,"torch.Size([1, 1, 224, 224])"
case_00115,440,29.76822853088379,0.0,False,"torch.Size([1, 1, 224, 224])"
case_00079,437,19.85788345336914,0.0,True,"torch.Size([1, 1, 224, 224])"
case_00075,239,22.80592918395996,0.0,False,"torch.Size([1, 1, 224, 224])"
case_00154,132,19.614219665527344,0.0,False,"torch.Size([1, 1, 224, 224])"
case_00154,473,20.064830780029297,0.0,False,"torch.Size([1, 1, 224, 224])"
case_00194,70,30.853748321533203,0.0,False,"torch.Size([1, 1, 224, 224])"
case_00125,114,21.651029586791992,0.0,False,"torch.Size([1, 1, 224, 224])"
case_00161,215,21.10433578491211,0.0,False,"torch.Size([1, 1, 224, 224])"
case_00125,362,20.962953567504883,0.0,False,"torch.Size([1, 1, 224, 224])"
case_00033,113,21.429777145385742,0.0,False,"torch.Size([1, 1, 224, 224])"
case_00125,206,23.800134658813477,0.0,False,"torch.Size([1, 1, 224, 224])"
case_00133,284,21.736621856689453,0.0,False,"torch.Size([1, 1, 224, 224])"
case_00154,25,21.204471588134766,0.0,False,"torch.Size([1, 1, 224, 224])"
case_00033,1,19.710302352905273,0.0,False,"torch.Size([1, 1, 224, 224])"
case_00194,210,20.846128463745117,0.0,False,"torch.Size([1, 1, 224, 224])"
case_00079,276,21.15917205810547,0.0,False,"torch.Size([1, 1, 224, 224])"
case_00014,235,20.43437957763672,0.0,False,"torch.Size([1, 1, 224, 224])"
case_00125,274,20.503997802734375,0.0,False,"torch.Size([1, 1, 224, 224])"
case_00125,342,19.81043815612793,0.0,False,"torch.Size([1, 1, 224, 224])"
case_00194,214,21.91948890686035,0.0,False,"torch.Size([1, 1, 224, 224])"
case_00075,242,19.791603088378906,0.0,False,"torch.Size([1, 1, 224, 224])"
case_00014,403,20.384788513183594,0.0,False,"torch.Size([1, 1, 224, 224])"
case_00102,80,22.470951080322266,0.0,False,"torch.Size([1, 1, 224, 224])"
case_00113,446,19.81186866760254,0.0,False,"torch.Size([1, 1, 224, 224])"
case_00161,232,20.748138427734375,0.0,False,"torch.Size([1, 1, 224, 224])"
case_00086,136,19.535541534423828,0.0,False,"torch.Size([1, 1, 224, 224])"
case_00203,1,18.73159408569336,0.0,False,"torch.Size([1, 1, 224, 224])"
case_00125,295,20.058393478393555,0.0,False,"torch.Size([1, 1, 224, 224])"
case_00125,456,18.546342849731445,0.0,False,"torch.Size([1, 1, 224, 224])"
case_00133,466,20.33376693725586,0.0,False,"torch.Size([1, 1, 224, 224])"
case_00125,493,18.58997344970703,0.0,False,"torch.Size([1, 1, 224, 224])"
case_00075,442,20.65873146057129,0.0,False,"torch.Size([1, 1, 224, 224])"
case_00154,112,19.243478775024414,0.0,False,"torch.Size([1, 1, 224, 224])"
case_00079,351,20.097970962524414,0.0,True,"torch.Size([1, 1, 224, 224])"
case_00014,367,22.72510528564453,0.0,False,"torch.Size([1, 1, 224, 224])"
case_00102,305,19.588470458984375,0.0,True,"torch.Size([1, 1, 224, 224])"
case_00134,481,19.500255584716797,0.0,False,"torch.Size([1, 1, 224, 224])"
case_00115,450,18.884658813476562,0.0,False,"torch.Size([1, 1, 224, 224])"
case_00125,432,20.479440689086914,0.0,False,"torch.Size([1, 1, 224, 224])"
case_00115,449,18.695592880249023,0.0,False,"torch.Size([1, 1, 224, 224])"
case_00125,268,18.93472671508789,0.0,False,"torch.Size([1, 1, 224, 224])"
case_00102,250,18.073081970214844,0.0,False,"torch.Size([1, 1, 224, 224])"
case_00113,291,20.190715789794922,0.0,False,"torch.Size([1, 1, 224, 224])"
case_00079,124,20.10202407836914,0.0,False,"torch.Size([1, 1, 224, 224])"
case_00161,35,20.14017105102539,0.0,False,"torch.Size([1, 1, 224, 224])"
case_00203,328,18.541336059570312,0.0,False,"torch.Size([1, 1, 224, 224])"
case_00086,10,19.977331161499023,0.0,False,"torch.Size([1, 1, 224, 224])"
case_00134,353,18.72563362121582,0.0,True,"torch.Size([1, 1, 224, 224])"
case_00014,158,19.072771072387695,0.0,False,"torch.Size([1, 1, 224, 224])"
case_00075,269,18.893957138061523,0.0,False,"torch.Size([1, 1, 224, 224])"
case_00014,482,18.91469955444336,0.0,False,"torch.Size([1, 1, 224, 224])"
case_00079,364,19.466638565063477,0.0,True,"torch.Size([1, 1, 224, 224])"
case_00161,57,19.39702033996582,0.0,False,"torch.Size([1, 1, 224, 224])"
case_00079,347,18.601655960083008,0.0,True,"torch.Size([1, 1, 224, 224])"
case_00079,126,22.28999137878418,0.0,False,"torch.Size([1, 1, 224, 224])"
case_00203,150,18.548250198364258,0.0,False,"torch.Size([1, 1, 224, 224])"
case_00133,309,20.071983337402344,0.0,False,"torch.Size([1, 1, 224, 224])"
case_00102,398,21.759033203125,0.0,True,"torch.Size([1, 1, 224, 224])"
case_00154,304,19.93250846862793,0.0,False,"torch.Size([1, 1, 224, 224])"
case_00102,181,18.410444259643555,0.0,False,"torch.Size([1, 1, 224, 224])"
case_00014,149,18.616914749145508,0.0,False,"torch.Size([1, 1, 224, 224])"
case_00115,279,18.54848861694336,0.0,False,"torch.Size([1, 1, 224, 224])"
case_00203,53,18.614768981933594,0.0,False,"torch.Size([1, 1, 224, 224])"
case_00033,402,21.069049835205078,0.0,False,"torch.Size([1, 1, 224, 224])"
case_00086,95,18.605947494506836,0.0,False,"torch.Size([1, 1, 224, 224])"
case_00079,482,18.919706344604492,0.0,False,"torch.Size([1, 1, 224, 224])"
case_00079,232,19.75703239440918,0.0,False,"torch.Size([1, 1, 224, 224])"
case_00075,230,20.674467086791992,0.0,False,"torch.Size([1, 1, 224, 224])"
case_00115,435,19.020795822143555,0.0,False,"torch.Size([1, 1, 224, 224])"
case_00079,195,21.061420440673828,0.0,False,"torch.Size([1, 1, 224, 224])"
case_00014,26,18.895864486694336,0.0,False,"torch.Size([1, 1, 224, 224])"
case_00086,418,20.01333236694336,0.0,False,"torch.Size([1, 1, 224, 224])"
case_00134,209,19.677162170410156,0.0,False,"torch.Size([1, 1, 224, 224])"
case_00086,299,20.218849182128906,0.0,False,"torch.Size([1, 1, 224, 224])"
case_00033,418,19.515275955200195,0.0,False,"torch.Size([1, 1, 224, 224])"
case_00086,52,23.349285125732422,0.0,False,"torch.Size([1, 1, 224, 224])"
case_00079,320,19.618511199951172,0.0,False,"torch.Size([1, 1, 224, 224])"
case_00102,33,20.489215850830078,0.0,False,"torch.Size([1, 1, 224, 224])"
case_00086,108,28.59807014465332,0.0,False,"torch.Size([1, 1, 224, 224])"
case_00033,320,22.248029708862305,0.0,False,"torch.Size([1, 1, 224, 224])"
case_00125,200,19.588470458984375,0.0,True,"torch.Size([1, 1, 224, 224])"
case_00125,437,20.17688751220703,0.0,False,"torch.Size([1, 1, 224, 224])"
case_00134,394,19.83809471130371,0.0,False,"torch.Size([1, 1, 224, 224])"
case_00102,436,19.581079483032227,0.0,False,"torch.Size([1, 1, 224, 224])"
case_00125,384,20.72739601135254,0.0,False,"torch.Size([1, 1, 224, 224])"
case_00154,119,21.023035049438477,0.0,False,"torch.Size([1, 1, 224, 224])"
case_00203,281,19.14238929748535,0.0,False,"torch.Size([1, 1, 224, 224])"
case_00161,325,19.1495418548584,0.0,False,"torch.Size([1, 1, 224, 224])"
case_00125,236,19.38319206237793,0.0,False,"torch.Size([1, 1, 224, 224])"
case_00115,223,19.1800594329834,0.0,False,"torch.Size([1, 1, 224, 224])"
case_00079,340,21.491527557373047,0.0,True,"torch.Size([1, 1, 224, 224])"
case_00194,326,21.87967300415039,0.0,False,"torch.Size([1, 1, 224, 224])"
case_00033,399,19.372940063476562,0.0,False,"torch.Size([1, 1, 224, 224])"
case_00203,112,19.275903701782227,0.0,False,"torch.Size([1, 1, 224, 224])"
case_00203,318,19.327163696289062,0.0,False,"torch.Size([1, 1, 224, 224])"
case_00203,433,19.827842712402344,0.0,False,"torch.Size([1, 1, 224, 224])"
case_00014,406,21.16227149963379,0.0,False,"torch.Size([1, 1, 224, 224])"
case_00203,299,28.46837043762207,0.0,False,"torch.Size([1, 1, 224, 224])"
case_00102,410,30.127525329589844,0.0,True,"torch.Size([1, 1, 224, 224])"
case_00125,368,19.95706558227539,0.0,False,"torch.Size([1, 1, 224, 224])"
case_00033,358,19.481658935546875,0.0,False,"torch.Size([1, 1, 224, 224])"
case_00033,497,20.653963088989258,0.0,False,"torch.Size([1, 1, 224, 224])"
case_00086,503,20.601749420166016,0.0,False,"torch.Size([1, 1, 224, 224])"
case_00086,122,19.527912139892578,0.0,False,"torch.Size([1, 1, 224, 224])"
case_00115,479,21.927595138549805,0.0,False,"torch.Size([1, 1, 224, 224])"
case_00086,105,19.48261260986328,0.0,False,"torch.Size([1, 1, 224, 224])"
case_00033,158,18.850326538085938,0.0,False,"torch.Size([1, 1, 224, 224])"
case_00102,347,18.73040199279785,0.0,True,"torch.Size([1, 1, 224, 224])"
case_00134,86,24.09195899963379,0.0,False,"torch.Size([1, 1, 224, 224])"
case_00154,183,17.77029037475586,0.0,False,"torch.Size([1, 1, 224, 224])"
case_00161,116,19.942522048950195,0.0,False,"torch.Size([1, 1, 224, 224])"
case_00033,207,19.946813583374023,0.0,False,"torch.Size([1, 1, 224, 224])"
case_00079,267,26.129484176635742,0.0,False,"torch.Size([1, 1, 224, 224])"
case_00125,214,19.09613609313965,0.0,False,"torch.Size([1, 1, 224, 224])"
case_00033,151,20.298004150390625,0.0,False,"torch.Size([1, 1, 224, 224])"
case_00075,382,19.674301147460938,0.0,False,"torch.Size([1, 1, 224, 224])"
case_00115,466,19.725561141967773,0.0,False,"torch.Size([1, 1, 224, 224])"
case_00115,254,20.62225341796875,0.0,False,"torch.Size([1, 1, 224, 224])"
case_00194,399,22.273778915405273,0.0,False,"torch.Size([1, 1, 224, 224])"
case_00079,380,18.398284912109375,0.0,True,"torch.Size([1, 1, 224, 224])"
case_00079,484,21.24643325805664,0.0,False,"torch.Size([1, 1, 224, 224])"
case_00134,128,27.631521224975586,0.0,False,"torch.Size([1, 1, 224, 224])"
case_00134,436,22.72629737854004,0.0,False,"torch.Size([1, 1, 224, 224])"
case_00075,365,23.552656173706055,0.0,False,"torch.Size([1, 1, 224, 224])"
case_00194,102,22.155284881591797,0.0,False,"torch.Size([1, 1, 224, 224])"
case_00115,437,17.187833786010742,0.0,False,"torch.Size([1, 1, 224, 224])"
case_00161,372,19.777536392211914,0.0,False,"torch.Size([1, 1, 224, 224])"
case_00113,299,19.152164459228516,0.0,False,"torch.Size([1, 1, 224, 224])"
case_00161,298,20.730257034301758,0.0,False,"torch.Size([1, 1, 224, 224])"
case_00125,54,19.423246383666992,0.0,False,"torch.Size([1, 1, 224, 224])"
case_00154,68,19.454479217529297,0.0,False,"torch.Size([1, 1, 224, 224])"
case_00115,122,19.36936378479004,0.0,False,"torch.Size([1, 1, 224, 224])"
case_00133,94,19.470930099487305,0.0,False,"torch.Size([1, 1, 224, 224])"
case_00033,41,18.62335205078125,0.0,False,"torch.Size([1, 1, 224, 224])"
case_00161,5,19.735097885131836,0.0,False,"torch.Size([1, 1, 224, 224])"
case_00134,186,18.657207489013672,0.0,False,"torch.Size([1, 1, 224, 224])"
case_00075,39,19.593238830566406,0.0,False,"torch.Size([1, 1, 224, 224])"
case_00203,221,18.87345314025879,0.0,False,"torch.Size([1, 1, 224, 224])"
case_00154,441,20.99752426147461,0.0,False,"torch.Size([1, 1, 224, 224])"
case_00113,97,19.230127334594727,0.0,False,"torch.Size([1, 1, 224, 224])"
case_00154,172,19.649744033813477,0.0,False,"torch.Size([1, 1, 224, 224])"
case_00033,11,19.463539123535156,0.0,False,"torch.Size([1, 1, 224, 224])"
case_00086,325,21.209716796875,0.0,False,"torch.Size([1, 1, 224, 224])"
case_00086,22,28.409719467163086,0.0,False,"torch.Size([1, 1, 224, 224])"
case_00115,303,19.50812339782715,0.0,False,"torch.Size([1, 1, 224, 224])"
case_00014,86,19.506454467773438,0.0,False,"torch.Size([1, 1, 224, 224])"
case_00203,327,19.598007202148438,0.0,False,"torch.Size([1, 1, 224, 224])"
case_00086,80,21.70419692993164,0.0,False,"torch.Size([1, 1, 224, 224])"
case_00102,206,19.038677215576172,0.0,False,"torch.Size([1, 1, 224, 224])"
case_00194,377,20.95770835876465,0.0,False,"torch.Size([1, 1, 224, 224])"
case_00086,269,19.34814453125,0.0,False,"torch.Size([1, 1, 224, 224])"
case_00075,138,22.038698196411133,0.0,False,"torch.Size([1, 1, 224, 224])"
case_00113,419,19.595861434936523,0.0,True,"torch.Size([1, 1, 224, 224])"
case_00102,86,23.14901351928711,0.0,False,"torch.Size([1, 1, 224, 224])"
case_00154,394,21.747827529907227,0.0,False,"torch.Size([1, 1, 224, 224])"
case_00133,152,24.271488189697266,0.0,True,"torch.Size([1, 1, 224, 224])"
case_00014,394,19.609451293945312,0.0,False,"torch.Size([1, 1, 224, 224])"
case_00079,219,21.819353103637695,0.0,False,"torch.Size([1, 1, 224, 224])"
case_00102,363,19.95229721069336,0.0,True,"torch.Size([1, 1, 224, 224])"
case_00133,292,18.6460018157959,0.0,False,"torch.Size([1, 1, 224, 224])"
case_00075,304,18.234968185424805,0.0,False,"torch.Size([1, 1, 224, 224])"
case_00154,439,19.840478897094727,0.0,False,"torch.Size([1, 1, 224, 224])"
case_00161,471,21.201372146606445,0.0,False,"torch.Size([1, 1, 224, 224])"
case_00134,374,26.150226593017578,0.0,True,"torch.Size([1, 1, 224, 224])"
case_00102,195,31.760454177856445,0.0,False,"torch.Size([1, 1, 224, 224])"
case_00086,224,21.7893123626709,0.0,False,"torch.Size([1, 1, 224, 224])"
case_00154,62,17.72284507751465,0.0,False,"torch.Size([1, 1, 224, 224])"
case_00125,336,20.25008201599121,0.0,False,"torch.Size([1, 1, 224, 224])"
case_00113,360,18.432140350341797,0.0,True,"torch.Size([1, 1, 224, 224])"
case_00134,482,25.21371841430664,0.0,False,"torch.Size([1, 1, 224, 224])"
case_00014,83,19.028425216674805,0.0,False,"torch.Size([1, 1, 224, 224])"
case_00113,363,21.844148635864258,0.0,True,"torch.Size([1, 1, 224, 224])"
case_00014,409,21.586179733276367,0.0,False,"torch.Size([1, 1, 224, 224])"
case_00134,28,21.9879150390625,0.0,False,"torch.Size([1, 1, 224, 224])"
case_00134,228,20.54619789123535,0.0,False,"torch.Size([1, 1, 224, 224])"
case_00154,146,21.416902542114258,0.0,False,"torch.Size([1, 1, 224, 224])"
case_00161,309,22.72510528564453,0.0,False,"torch.Size([1, 1, 224, 224])"
case_00113,56,25.413036346435547,0.0,False,"torch.Size([1, 1, 224, 224])"
case_00113,180,20.044326782226562,0.0,False,"torch.Size([1, 1, 224, 224])"
case_00203,69,19.57869529724121,0.0,False,"torch.Size([1, 1, 224, 224])"
case_00154,420,21.136999130249023,0.0,False,"torch.Size([1, 1, 224, 224])"
case_00203,347,19.888877868652344,0.0,False,"torch.Size([1, 1, 224, 224])"
case_00079,194,21.374940872192383,0.0,False,"torch.Size([1, 1, 224, 224])"
case_00075,42,24.431705474853516,0.0,False,"torch.Size([1, 1, 224, 224])"
case_00102,141,22.419452667236328,0.0,False,"torch.Size([1, 1, 224, 224])"
case_00102,57,19.380807876586914,0.0,False,"torch.Size([1, 1, 224, 224])"
case_00086,481,20.68948745727539,0.0,False,"torch.Size([1, 1, 224, 224])"
case_00079,116,19.588470458984375,0.0,False,"torch.Size([1, 1, 224, 224])"
case_00194,4,21.17466926574707,0.0,False,"torch.Size([1, 1, 224, 224])"
case_00075,272,20.1718807220459,0.0,False,"torch.Size([1, 1, 224, 224])"
case_00203,273,19.976139068603516,0.0,False,"torch.Size([1, 1, 224, 224])"
case_00014,11,22.393465042114258,0.0,False,"torch.Size([1, 1, 224, 224])"
case_00033,440,18.979310989379883,0.0,False,"torch.Size([1, 1, 224, 224])"
case_00134,352,19.297122955322266,0.0,True,"torch.Size([1, 1, 224, 224])"
case_00086,493,22.2318172454834,0.0,False,"torch.Size([1, 1, 224, 224])"
case_00086,437,21.269798278808594,0.0,False,"torch.Size([1, 1, 224, 224])"
case_00115,231,17.907381057739258,0.0,False,"torch.Size([1, 1, 224, 224])"
case_00134,306,19.37127113342285,0.0,False,"torch.Size([1, 1, 224, 224])"
case_00134,399,19.405603408813477,0.0,False,"torch.Size([1, 1, 224, 224])"
case_00086,341,20.06816864013672,0.0,False,"torch.Size([1, 1, 224, 224])"
case_00086,433,19.76490020751953,0.0,False,"torch.Size([1, 1, 224, 224])"
case_00134,388,20.716428756713867,0.0,False,"torch.Size([1, 1, 224, 224])"
case_00125,294,23.259878158569336,0.0,False,"torch.Size([1, 1, 224, 224])"
case_00033,506,21.077632904052734,0.0,False,"torch.Size([1, 1, 224, 224])"
case_00154,280,19.930601119995117,0.0,False,"torch.Size([1, 1, 224, 224])"
case_00033,502,19.794702529907227,0.0,False,"torch.Size([1, 1, 224, 224])"
case_00161,104,22.598981857299805,0.0,False,"torch.Size([1, 1, 224, 224])"
case_00113,78,19.5159912109375,0.0,False,"torch.Size([1, 1, 224, 224])"
case_00161,197,22.39680290222168,0.0,False,"torch.Size([1, 1, 224, 224])"
case_00154,151,17.41337776184082,0.0,False,"torch.Size([1, 1, 224, 224])"
case_00115,201,21.619558334350586,0.0,False,"torch.Size([1, 1, 224, 224])"
case_00203,19,19.706010818481445,0.0,False,"torch.Size([1, 1, 224, 224])"
case_00194,230,22.463560104370117,0.0,False,"torch.Size([1, 1, 224, 224])"
case_00014,33,19.992589950561523,0.0,False,"torch.Size([1, 1, 224, 224])"
case_00161,306,21.74663543701172,0.0,False,"torch.Size([1, 1, 224, 224])"
case_00075,224,19.971370697021484,0.0,False,"torch.Size([1, 1, 224, 224])"
case_00033,425,21.364450454711914,0.0,False,"torch.Size([1, 1, 224, 224])"
case_00014,379,18.75782012939453,0.0,False,"torch.Size([1, 1, 224, 224])"
case_00194,57,19.865036010742188,0.0,False,"torch.Size([1, 1, 224, 224])"
case_00194,188,18.669605255126953,0.0,False,"torch.Size([1, 1, 224, 224])"
case_00113,218,20.3094482421875,0.0,False,"torch.Size([1, 1, 224, 224])"
case_00133,407,20.079851150512695,0.0,False,"torch.Size([1, 1, 224, 224])"
case_00113,267,22.72820472717285,0.0,False,"torch.Size([1, 1, 224, 224])"
case_00154,75,18.50414276123047,0.0,False,"torch.Size([1, 1, 224, 224])"
case_00014,27,20.509958267211914,0.0,False,"torch.Size([1, 1, 224, 224])"
case_00033,56,19.094467163085938,0.0,False,"torch.Size([1, 1, 224, 224])"
case_00194,275,23.688077926635742,0.0,False,"torch.Size([1, 1, 224, 224])"
case_00134,366,21.959543228149414,0.0,True,"torch.Size([1, 1, 224, 224])"
case_00161,344,30.022859573364258,0.0,False,"torch.Size([1, 1, 224, 224])"
case_00133,487,21.608829498291016,0.0,False,"torch.Size([1, 1, 224, 224])"
case_00115,160,21.933794021606445,0.0,False,"torch.Size([1, 1, 224, 224])"
case_00154,213,19.556045532226562,0.0,False,"torch.Size([1, 1, 224, 224])"
case_00079,387,20.762205123901367,0.0,True,"torch.Size([1, 1, 224, 224])"
case_00203,2,18.374204635620117,0.0,False,"torch.Size([1, 1, 224, 224])"
case_00154,110,20.90144157409668,0.0,False,"torch.Size([1, 1, 224, 224])"
case_00079,321,19.410371780395508,0.0,False,"torch.Size([1, 1, 224, 224])"
case_00161,318,21.268367767333984,0.0,False,"torch.Size([1, 1, 224, 224])"
case_00203,417,19.59848403930664,0.0,True,"torch.Size([1, 1, 224, 224])"
case_00079,278,30.091047286987305,0.0,False,"torch.Size([1, 1, 224, 224])"
case_00154,453,19.819259643554688,0.0,False,"torch.Size([1, 1, 224, 224])"
case_00014,130,21.529674530029297,0.0,False,"torch.Size([1, 1, 224, 224])"
case_00133,48,19.181489944458008,0.0,False,"torch.Size([1, 1, 224, 224])"
case_00133,400,22.482633590698242,0.0,False,"torch.Size([1, 1, 224, 224])"
case_00125,250,26.20863914489746,0.0,False,"torch.Size([1, 1, 224, 224])"
case_00125,447,22.937774658203125,0.0,False,"torch.Size([1, 1, 224, 224])"
case_00102,457,19.026994705200195,0.0,False,"torch.Size([1, 1, 224, 224])"
case_00203,344,19.89436149597168,0.0,False,"torch.Size([1, 1, 224, 224])"
case_00115,195,19.06609535217285,0.0,False,"torch.Size([1, 1, 224, 224])"
case_00194,198,21.04949951171875,0.0,False,"torch.Size([1, 1, 224, 224])"
case_00203,70,18.97740364074707,0.0,False,"torch.Size([1, 1, 224, 224])"
case_00079,473,20.443439483642578,0.0,False,"torch.Size([1, 1, 224, 224])"
case_00014,328,18.938302993774414,0.0,False,"torch.Size([1, 1, 224, 224])"
case_00113,241,20.151138305664062,0.0,False,"torch.Size([1, 1, 224, 224])"
case_00161,82,19.028425216674805,0.0,False,"torch.Size([1, 1, 224, 224])"
case_00086,21,19.912242889404297,0.0,False,"torch.Size([1, 1, 224, 224])"
case_00079,199,19.62137222290039,0.0,False,"torch.Size([1, 1, 224, 224])"
case_00125,138,18.98646354675293,0.0,False,"torch.Size([1, 1, 224, 224])"
case_00133,419,19.405126571655273,0.0,False,"torch.Size([1, 1, 224, 224])"
case_00203,122,18.494129180908203,0.0,False,"torch.Size([1, 1, 224, 224])"
case_00115,184,19.678354263305664,0.0,False,"torch.Size([1, 1, 224, 224])"
case_00079,390,19.54030990600586,0.0,True,"torch.Size([1, 1, 224, 224])"
case_00075,37,19.896984100341797,0.0,False,"torch.Size([1, 1, 224, 224])"
case_00033,457,19.955158233642578,0.0,False,"torch.Size([1, 1, 224, 224])"
case_00115,429,21.270275115966797,0.0,False,"torch.Size([1, 1, 224, 224])"
case_00125,149,19.069433212280273,0.0,False,"torch.Size([1, 1, 224, 224])"
case_00194,147,20.41172981262207,0.0,False,"torch.Size([1, 1, 224, 224])"
case_00079,286,19.324779510498047,0.0,False,"torch.Size([1, 1, 224, 224])"
case_00125,115,21.21281623840332,0.0,False,"torch.Size([1, 1, 224, 224])"
case_00086,508,21.523714065551758,0.0,False,"torch.Size([1, 1, 224, 224])"
case_00115,209,19.797563552856445,0.0,False,"torch.Size([1, 1, 224, 224])"
case_00154,315,18.908023834228516,0.0,True,"torch.Size([1, 1, 224, 224])"
case_00194,281,20.87855339050293,0.0,False,"torch.Size([1, 1, 224, 224])"
case_00134,412,19.496679306030273,0.0,False,"torch.Size([1, 1, 224, 224])"
case_00113,487,20.40266990661621,0.0,False,"torch.Size([1, 1, 224, 224])"
case_00154,51,20.149946212768555,0.0,False,"torch.Size([1, 1, 224, 224])"
case_00075,368,20.906686782836914,0.0,False,"torch.Size([1, 1, 224, 224])"
case_00086,395,19.98138427734375,0.0,True,"torch.Size([1, 1, 224, 224])"
case_00154,86,21.40665054321289,0.0,False,"torch.Size([1, 1, 224, 224])"
case_00086,501,19.97065544128418,0.0,False,"torch.Size([1, 1, 224, 224])"
case_00203,511,19.1652774810791,0.0,False,"torch.Size([1, 1, 224, 224])"
case_00203,62,27.63676643371582,0.0,False,"torch.Size([1, 1, 224, 224])"
case_00079,289,20.372629165649414,0.0,False,"torch.Size([1, 1, 224, 224])"
case_00134,164,22.86529541015625,0.0,False,"torch.Size([1, 1, 224, 224])"
case_00134,103,22.742033004760742,0.0,False,"torch.Size([1, 1, 224, 224])"
case_00115,434,20.66183090209961,0.0,False,"torch.Size([1, 1, 224, 224])"
case_00079,53,23.055553436279297,0.0,False,"torch.Size([1, 1, 224, 224])"
case_00115,464,20.005464553833008,0.0,False,"torch.Size([1, 1, 224, 224])"
case_00102,225,21.25835418701172,0.0,False,"torch.Size([1, 1, 224, 224])"
case_00115,452,20.13850212097168,0.0,False,"torch.Size([1, 1, 224, 224])"
case_00154,321,19.971132278442383,0.0,True,"torch.Size([1, 1, 224, 224])"
case_00033,95,20.419836044311523,0.0,False,"torch.Size([1, 1, 224, 224])"
case_00115,224,22.941112518310547,0.0,False,"torch.Size([1, 1, 224, 224])"
case_00203,465,18.967628479003906,0.0,False,"torch.Size([1, 1, 224, 224])"
case_00079,440,20.326852798461914,0.0,True,"torch.Size([1, 1, 224, 224])"
case_00134,219,30.437707901000977,0.0,False,"torch.Size([1, 1, 224, 224])"
case_00086,92,24.483203887939453,0.0,False,"torch.Size([1, 1, 224, 224])"
case_00154,438,18.62049102783203,0.0,False,"torch.Size([1, 1, 224, 224])"
case_00134,246,22.16339111328125,0.0,False,"torch.Size([1, 1, 224, 224])"
case_00115,478,18.8143253326416,0.0,False,"torch.Size([1, 1, 224, 224])"
case_00134,427,21.609783172607422,0.0,False,"torch.Size([1, 1, 224, 224])"
case_00194,197,18.751144409179688,0.0,False,"torch.Size([1, 1, 224, 224])"
case_00086,110,20.149946212768555,0.0,False,"torch.Size([1, 1, 224, 224])"
case_00134,367,19.002199172973633,0.0,True,"torch.Size([1, 1, 224, 224])"
case_00134,44,19.51432228088379,0.0,False,"torch.Size([1, 1, 224, 224])"
case_00125,469,19.825458526611328,0.0,False,"torch.Size([1, 1, 224, 224])"
case_00161,396,18.933534622192383,0.0,False,"torch.Size([1, 1, 224, 224])"
case_00161,251,19.09351348876953,0.0,False,"torch.Size([1, 1, 224, 224])"
case_00086,180,19.136905670166016,0.0,False,"torch.Size([1, 1, 224, 224])"
case_00079,125,20.33710479736328,0.0,False,"torch.Size([1, 1, 224, 224])"
case_00115,116,18.883466720581055,0.0,False,"torch.Size([1, 1, 224, 224])"
case_00075,371,19.806861877441406,0.0,False,"torch.Size([1, 1, 224, 224])"
case_00102,209,19.15597915649414,0.0,False,"torch.Size([1, 1, 224, 224])"
case_00154,102,20.615100860595703,0.0,False,"torch.Size([1, 1, 224, 224])"
case_00161,200,18.983125686645508,0.0,False,"torch.Size([1, 1, 224, 224])"
case_00154,227,19.42276954650879,0.0,False,"torch.Size([1, 1, 224, 224])"
case_00125,255,20.7521915435791,0.0,False,"torch.Size([1, 1, 224, 224])"
case_00203,4,18.954753875732422,0.0,False,"torch.Size([1, 1, 224, 224])"
case_00203,213,21.085262298583984,0.0,False,"torch.Size([1, 1, 224, 224])"
case_00075,249,19.7296142578125,0.0,False,"torch.Size([1, 1, 224, 224])"
case_00134,40,20.845890045166016,0.0,False,"torch.Size([1, 1, 224, 224])"
case_00194,407,19.486427307128906,0.0,False,"torch.Size([1, 1, 224, 224])"
case_00203,64,21.417856216430664,0.0,False,"torch.Size([1, 1, 224, 224])"
case_00134,9,20.760536193847656,0.0,False,"torch.Size([1, 1, 224, 224])"
case_00014,432,19.047021865844727,0.0,False,"torch.Size([1, 1, 224, 224])"
case_00014,194,20.735502243041992,0.0,False,"torch.Size([1, 1, 224, 224])"
case_00014,279,19.713163375854492,0.0,False,"torch.Size([1, 1, 224, 224])"
case_00133,15,22.914409637451172,0.0,False,"torch.Size([1, 1, 224, 224])"
case_00134,170,19.55389976501465,0.0,False,"torch.Size([1, 1, 224, 224])"
case_00115,428,21.192073822021484,0.0,False,"torch.Size([1, 1, 224, 224])"
case_00086,405,19.368886947631836,0.0,True,"torch.Size([1, 1, 224, 224])"
case_00033,368,22.503376007080078,0.0,False,"torch.Size([1, 1, 224, 224])"
case_00134,255,21.662473678588867,0.0,False,"torch.Size([1, 1, 224, 224])"
case_00134,318,21.29054069519043,0.0,False,"torch.Size([1, 1, 224, 224])"
case_00014,70,23.537158966064453,0.0,False,"torch.Size([1, 1, 224, 224])"
case_00113,425,20.767927169799805,0.0,True,"torch.Size([1, 1, 224, 224])"
case_00075,273,21.57115936279297,0.0,False,"torch.Size([1, 1, 224, 224])"
case_00014,325,19.729137420654297,0.0,False,"torch.Size([1, 1, 224, 224])"
case_00134,249,21.755695343017578,0.0,False,"torch.Size([1, 1, 224, 224])"
case_00014,420,19.73724365234375,0.0,False,"torch.Size([1, 1, 224, 224])"
case_00086,195,20.38884162902832,0.0,False,"torch.Size([1, 1, 224, 224])"
case_00133,299,19.217491149902344,0.0,False,"torch.Size([1, 1, 224, 224])"
case_00161,421,21.211862564086914,0.0,False,"torch.Size([1, 1, 224, 224])"
case_00133,128,19.860029220581055,0.0,True,"torch.Size([1, 1, 224, 224])"
case_00079,152,24.30558204650879,0.0,False,"torch.Size([1, 1, 224, 224])"
case_00115,43,20.360469818115234,0.0,False,"torch.Size([1, 1, 224, 224])"
case_00203,46,19.80113983154297,0.0,False,"torch.Size([1, 1, 224, 224])"
case_00113,138,20.700454711914062,0.0,False,"torch.Size([1, 1, 224, 224])"
case_00161,29,19.243955612182617,0.0,False,"torch.Size([1, 1, 224, 224])"
case_00133,237,21.2862491607666,0.0,False,"torch.Size([1, 1, 224, 224])"
case_00115,197,19.330501556396484,0.0,False,"torch.Size([1, 1, 224, 224])"
case_00194,78,21.00968360900879,0.0,False,"torch.Size([1, 1, 224, 224])"
case_00014,296,19.086599349975586,0.0,False,"torch.Size([1, 1, 224, 224])"
case_00125,315,21.275043487548828,0.0,False,"torch.Size([1, 1, 224, 224])"
case_00079,308,20.114898681640625,0.0,False,"torch.Size([1, 1, 224, 224])"
case_00113,114,22.051095962524414,0.0,False,"torch.Size([1, 1, 224, 224])"
case_00161,248,20.23768424987793,0.0,False,"torch.Size([1, 1, 224, 224])"
case_00133,136,20.021915435791016,0.0,True,"torch.Size([1, 1, 224, 224])"
case_00134,240,24.686574935913086,0.0,False,"torch.Size([1, 1, 224, 224])"
case_00115,232,20.328760147094727,0.0,False,"torch.Size([1, 1, 224, 224])"
case_00134,173,22.177457809448242,0.0,False,"torch.Size([1, 1, 224, 224])"
case_00115,397,27.942180633544922,0.0,False,"torch.Size([1, 1, 224, 224])"
case_00203,340,19.784927368164062,0.0,False,"torch.Size([1, 1, 224, 224])"
case_00161,380,22.136688232421875,0.0,False,"torch.Size([1, 1, 224, 224])"
case_00133,403,19.463539123535156,0.0,False,"torch.Size([1, 1, 224, 224])"
case_00154,472,21.020174026489258,0.0,False,"torch.Size([1, 1, 224, 224])"
case_00113,286,21.66914939880371,0.0,False,"torch.Size([1, 1, 224, 224])"
case_00161,436,20.59483528137207,0.0,False,"torch.Size([1, 1, 224, 224])"
case_00113,181,20.450115203857422,0.0,False,"torch.Size([1, 1, 224, 224])"
case_00161,114,19.491910934448242,0.0,False,"torch.Size([1, 1, 224, 224])"
case_00113,287,19.58751678466797,0.0,False,"torch.Size([1, 1, 224, 224])"
case_00161,136,19.452810287475586,0.0,True,"torch.Size([1, 1, 224, 224])"
case_00086,5,26.651382446289062,0.0,False,"torch.Size([1, 1, 224, 224])"
case_00014,450,19.375085830688477,0.0,False,"torch.Size([1, 1, 224, 224])"
case_00203,95,19.437551498413086,0.0,False,"torch.Size([1, 1, 224, 224])"
case_00203,463,19.550800323486328,0.0,False,"torch.Size([1, 1, 224, 224])"
case_00102,5,20.002126693725586,0.0,False,"torch.Size([1, 1, 224, 224])"
case_00033,82,18.710613250732422,0.0,False,"torch.Size([1, 1, 224, 224])"
case_00133,412,22.85599708557129,0.0,False,"torch.Size([1, 1, 224, 224])"
case_00086,404,18.56827735900879,0.0,True,"torch.Size([1, 1, 224, 224])"
case_00086,126,23.053884506225586,0.0,False,"torch.Size([1, 1, 224, 224])"
case_00125,420,21.924972534179688,0.0,False,"torch.Size([1, 1, 224, 224])"
case_00161,73,21.97742462158203,0.0,False,"torch.Size([1, 1, 224, 224])"
case_00115,164,19.412994384765625,0.0,False,"torch.Size([1, 1, 224, 224])"
case_00086,16,26.81136131286621,0.0,False,"torch.Size([1, 1, 224, 224])"
case_00014,338,19.3331241607666,0.0,False,"torch.Size([1, 1, 224, 224])"
case_00203,12,19.59991455078125,0.0,False,"torch.Size([1, 1, 224, 224])"
case_00075,11,22.61042594909668,0.0,False,"torch.Size([1, 1, 224, 224])"
case_00203,13,19.466638565063477,0.0,False,"torch.Size([1, 1, 224, 224])"
case_00203,405,21.18706703186035,0.0,True,"torch.Size([1, 1, 224, 224])"
case_00115,66,20.196914672851562,0.0,False,"torch.Size([1, 1, 224, 224])"
case_00033,468,19.887685775756836,0.0,False,"torch.Size([1, 1, 224, 224])"
case_00075,51,19.707202911376953,0.0,False,"torch.Size([1, 1, 224, 224])"
case_00079,181,19.340038299560547,0.0,False,"torch.Size([1, 1, 224, 224])"
case_00115,342,20.345211029052734,0.0,True,"torch.Size([1, 1, 224, 224])"
case_00194,268,19.764423370361328,0.0,False,"torch.Size([1, 1, 224, 224])"
case_00134,179,19.802331924438477,0.0,False,"torch.Size([1, 1, 224, 224])"
case_00086,334,20.598649978637695,0.0,False,"torch.Size([1, 1, 224, 224])"
case_00125,137,19.10567283630371,0.0,False,"torch.Size([1, 1, 224, 224])"
case_00014,370,19.849538803100586,0.0,False,"torch.Size([1, 1, 224, 224])"
case_00134,244,22.558927536010742,0.0,False,"torch.Size([1, 1, 224, 224])"
case_00033,443,18.246173858642578,0.0,False,"torch.Size([1, 1, 224, 224])"
case_00014,423,21.600008010864258,0.0,False,"torch.Size([1, 1, 224, 224])"
case_00113,172,19.031524658203125,0.0,False,"torch.Size([1, 1, 224, 224])"
case_00075,147,21.65842056274414,0.0,False,"torch.Size([1, 1, 224, 224])"
case_00102,97,18.1729793548584,0.0,False,"torch.Size([1, 1, 224, 224])"
case_00079,96,19.306182861328125,0.0,False,"torch.Size([1, 1, 224, 224])"
case_00086,266,19.261837005615234,0.0,False,"torch.Size([1, 1, 224, 224])"
case_00154,176,18.852710723876953,0.0,False,"torch.Size([1, 1, 224, 224])"
case_00014,201,18.660306930541992,0.0,False,"torch.Size([1, 1, 224, 224])"
case_00115,34,20.818710327148438,0.0,False,"torch.Size([1, 1, 224, 224])"
case_00194,106,18.814563751220703,0.0,False,"torch.Size([1, 1, 224, 224])"
case_00075,101,20.12157440185547,0.0,False,"torch.Size([1, 1, 224, 224])"
case_00133,461,18.301010131835938,0.0,False,"torch.Size([1, 1, 224, 224])"
case_00134,468,20.047426223754883,0.0,False,"torch.Size([1, 1, 224, 224])"
case_00102,324,18.362998962402344,0.0,True,"torch.Size([1, 1, 224, 224])"
case_00102,34,21.048545837402344,0.0,False,"torch.Size([1, 1, 224, 224])"
case_00033,55,18.40996742248535,0.0,False,"torch.Size([1, 1, 224, 224])"
case_00115,459,20.814895629882812,0.0,False,"torch.Size([1, 1, 224, 224])"
case_00161,85,18.440723419189453,0.0,False,"torch.Size([1, 1, 224, 224])"
case_00102,105,18.95928382873535,0.0,False,"torch.Size([1, 1, 224, 224])"
case_00134,73,19.986629486083984,0.0,False,"torch.Size([1, 1, 224, 224])"
case_00134,280,18.867015838623047,0.0,False,"torch.Size([1, 1, 224, 224])"
case_00102,100,19.166231155395508,0.0,False,"torch.Size([1, 1, 224, 224])"
case_00134,423,20.464181900024414,0.0,False,"torch.Size([1, 1, 224, 224])"
case_00125,22,19.568204879760742,0.0,False,"torch.Size([1, 1, 224, 224])"
case_00154,190,19.219398498535156,0.0,False,"torch.Size([1, 1, 224, 224])"
case_00154,203,19.91438865661621,0.0,False,"torch.Size([1, 1, 224, 224])"
case_00102,476,19.210100173950195,0.0,False,"torch.Size([1, 1, 224, 224])"
case_00113,156,20.973920822143555,0.0,False,"torch.Size([1, 1, 224, 224])"
case_00115,105,19.492149353027344,0.0,False,"torch.Size([1, 1, 224, 224])"
case_00113,274,21.453142166137695,0.0,False,"torch.Size([1, 1, 224, 224])"
case_00134,378,19.53864097595215,0.0,True,"torch.Size([1, 1, 224, 224])"
case_00154,310,24.78766441345215,0.0,True,"torch.Size([1, 1, 224, 224])"
case_00079,407,26.39627456665039,0.0,True,"torch.Size([1, 1, 224, 224])"
case_00203,157,24.286508560180664,0.0,False,"torch.Size([1, 1, 224, 224])"
case_00113,492,23.13232421875,0.0,False,"torch.Size([1, 1, 224, 224])"
case_00203,121,19.14238929748535,0.0,False,"torch.Size([1, 1, 224, 224])"
case_00075,322,21.55900001525879,0.0,False,"torch.Size([1, 1, 224, 224])"
case_00115,258,28.486967086791992,0.0,False,"torch.Size([1, 1, 224, 224])"
case_00075,33,20.917654037475586,0.0,False,"torch.Size([1, 1, 224, 224])"
case_00133,281,19.59705352783203,0.0,False,"torch.Size([1, 1, 224, 224])"
case_00102,245,20.966053009033203,0.0,False,"torch.Size([1, 1, 224, 224])"
case_00203,459,19.135713577270508,0.0,False,"torch.Size([1, 1, 224, 224])"
case_00115,412,22.90821075439453,0.0,False,"torch.Size([1, 1, 224, 224])"
case_00075,277,19.664287567138672,0.0,False,"torch.Size([1, 1, 224, 224])"
case_00125,256,21.539688110351562,0.0,False,"torch.Size([1, 1, 224, 224])"
case_00115,226,19.1342830657959,0.0,False,"torch.Size([1, 1, 224, 224])"
case_00203,391,19.362688064575195,0.0,False,"torch.Size([1, 1, 224, 224])"
case_00203,20,21.09217643737793,0.0,False,"torch.Size([1, 1, 224, 224])"
case_00033,439,19.554615020751953,0.0,False,"torch.Size([1, 1, 224, 224])"
case_00133,157,20.459413528442383,0.0,True,"torch.Size([1, 1, 224, 224])"
case_00134,201,18.61715316772461,0.0,False,"torch.Size([1, 1, 224, 224])"
case_00113,132,18.885135650634766,0.0,False,"torch.Size([1, 1, 224, 224])"
case_00033,225,19.017934799194336,0.0,False,"torch.Size([1, 1, 224, 224])"
case_00086,29,19.114017486572266,0.0,False,"torch.Size([1, 1, 224, 224])"
case_00033,303,18.331289291381836,0.0,False,"torch.Size([1, 1, 224, 224])"
case_00113,490,19.153833389282227,0.0,False,"torch.Size([1, 1, 224, 224])"
case_00134,16,19.16050910949707,0.0,False,"torch.Size([1, 1, 224, 224])"
case_00115,131,19.91438865661621,0.0,False,"torch.Size([1, 1, 224, 224])"
case_00033,194,19.12832260131836,0.0,True,"torch.Size([1, 1, 224, 224])"
case_00075,469,19.701480865478516,0.0,False,"torch.Size([1, 1, 224, 224])"
case_00133,301,18.951416015625,0.0,False,"torch.Size([1, 1, 224, 224])"
case_00014,13,19.87767219543457,0.0,False,"torch.Size([1, 1, 224, 224])"
case_00014,318,19.13905143737793,0.0,False,"torch.Size([1, 1, 224, 224])"
case_00113,112,20.066261291503906,0.0,False,"torch.Size([1, 1, 224, 224])"
case_00194,225,18.88298988342285,0.0,False,"torch.Size([1, 1, 224, 224])"
case_00079,213,20.395994186401367,0.0,False,"torch.Size([1, 1, 224, 224])"
case_00134,72,18.95308494567871,0.0,False,"torch.Size([1, 1, 224, 224])"
case_00075,67,20.168542861938477,0.0,False,"torch.Size([1, 1, 224, 224])"
case_00125,73,19.367694854736328,0.0,False,"torch.Size([1, 1, 224, 224])"
case_00134,256,19.678354263305664,0.0,False,"torch.Size([1, 1, 224, 224])"
case_00203,386,19.231796264648438,0.0,False,"torch.Size([1, 1, 224, 224])"
case_00203,241,20.354509353637695,0.0,False,"torch.Size([1, 1, 224, 224])"
case_00203,123,22.29475975036621,0.0,False,"torch.Size([1, 1, 224, 224])"
case_00154,354,21.158933639526367,0.0,False,"torch.Size([1, 1, 224, 224])"
case_00161,100,19.048213958740234,0.0,False,"torch.Size([1, 1, 224, 224])"
case_00102,485,19.840478897094727,0.0,False,"torch.Size([1, 1, 224, 224])"
case_00203,240,18.450021743774414,0.0,False,"torch.Size([1, 1, 224, 224])"
case_00194,157,20.179033279418945,0.0,True,"torch.Size([1, 1, 224, 224])"
case_00115,198,18.353700637817383,0.0,False,"torch.Size([1, 1, 224, 224])"
case_00033,504,20.163297653198242,0.0,False,"torch.Size([1, 1, 224, 224])"
case_00203,217,18.447399139404297,0.0,False,"torch.Size([1, 1, 224, 224])"
case_00079,135,20.292997360229492,0.0,False,"torch.Size([1, 1, 224, 224])"
case_00102,403,19.299745559692383,0.0,True,"torch.Size([1, 1, 224, 224])"
case_00115,124,20.663976669311523,0.0,False,"torch.Size([1, 1, 224, 224])"
case_00161,467,18.671512603759766,0.0,False,"torch.Size([1, 1, 224, 224])"
case_00102,92,22.05514907836914,0.0,False,"torch.Size([1, 1, 224, 224])"
case_00125,3,19.154787063598633,0.0,False,"torch.Size([1, 1, 224, 224])"
case_00075,251,18.993854522705078,0.0,False,"torch.Size([1, 1, 224, 224])"
case_00033,142,18.517255783081055,0.0,False,"torch.Size([1, 1, 224, 224])"
case_00102,349,20.052194595336914,0.0,True,"torch.Size([1, 1, 224, 224])"
case_00102,297,20.22838592529297,0.0,True,"torch.Size([1, 1, 224, 224])"
case_00079,32,18.845081329345703,0.0,False,"torch.Size([1, 1, 224, 224])"
case_00075,195,17.846345901489258,0.0,False,"torch.Size([1, 1, 224, 224])"
case_00125,142,18.9974308013916,0.0,False,"torch.Size([1, 1, 224, 224])"
case_00125,403,18.606185913085938,0.0,False,"torch.Size([1, 1, 224, 224])"
case_00113,279,19.03700828552246,0.0,False,"torch.Size([1, 1, 224, 224])"
case_00125,408,18.824338912963867,0.0,False,"torch.Size([1, 1, 224, 224])"
case_00161,383,29.09564971923828,0.0,False,"torch.Size([1, 1, 224, 224])"
case_00086,70,18.761873245239258,0.0,False,"torch.Size([1, 1, 224, 224])"
case_00113,98,21.233320236206055,0.0,False,"torch.Size([1, 1, 224, 224])"
case_00113,189,19.005298614501953,0.0,False,"torch.Size([1, 1, 224, 224])"
case_00102,84,19.03820037841797,0.0,False,"torch.Size([1, 1, 224, 224])"
case_00033,102,18.49508285522461,0.0,False,"torch.Size([1, 1, 224, 224])"
case_00133,465,20.107269287109375,0.0,False,"torch.Size([1, 1, 224, 224])"
case_00102,170,20.032167434692383,0.0,False,"torch.Size([1, 1, 224, 224])"
case_00161,450,22.90511131286621,0.0,False,"torch.Size([1, 1, 224, 224])"
case_00161,16,20.570993423461914,0.0,False,"torch.Size([1, 1, 224, 224])"
case_00154,16,19.848346710205078,0.0,False,"torch.Size([1, 1, 224, 224])"
case_00133,443,19.758224487304688,0.0,False,"torch.Size([1, 1, 224, 224])"
case_00079,180,20.073413848876953,0.0,False,"torch.Size([1, 1, 224, 224])"
case_00115,408,19.229412078857422,0.0,False,"torch.Size([1, 1, 224, 224])"
case_00125,35,22.207260131835938,0.0,False,"torch.Size([1, 1, 224, 224])"
case_00113,151,18.700361251831055,0.0,False,"torch.Size([1, 1, 224, 224])"
case_00125,419,19.558191299438477,0.0,False,"torch.Size([1, 1, 224, 224])"
case_00086,190,20.128250122070312,0.0,False,"torch.Size([1, 1, 224, 224])"
case_00161,222,21.14725112915039,0.0,False,"torch.Size([1, 1, 224, 224])"
case_00079,464,20.544052124023438,0.0,True,"torch.Size([1, 1, 224, 224])"
case_00033,297,19.808292388916016,0.0,False,"torch.Size([1, 1, 224, 224])"
case_00125,405,19.60611343383789,0.0,False,"torch.Size([1, 1, 224, 224])"
case_00086,117,19.27042007446289,0.0,False,"torch.Size([1, 1, 224, 224])"
case_00033,381,18.763065338134766,0.0,False,"torch.Size([1, 1, 224, 224])"
case_00102,234,18.729209899902344,0.0,False,"torch.Size([1, 1, 224, 224])"
case_00161,286,23.09274673461914,0.0,False,"torch.Size([1, 1, 224, 224])"
case_00134,208,20.723819732666016,0.0,False,"torch.Size([1, 1, 224, 224])"
case_00125,119,22.263765335083008,0.0,False,"torch.Size([1, 1, 224, 224])"
case_00203,501,18.855810165405273,0.0,False,"torch.Size([1, 1, 224, 224])"
case_00154,509,20.49994468688965,0.0,False,"torch.Size([1, 1, 224, 224])"
case_00203,422,18.561363220214844,0.0,True,"torch.Size([1, 1, 224, 224])"
case_00134,259,19.031524658203125,0.0,False,"torch.Size([1, 1, 224, 224])"
case_00133,415,20.534276962280273,0.0,False,"torch.Size([1, 1, 224, 224])"
case_00075,448,21.616220474243164,0.0,False,"torch.Size([1, 1, 224, 224])"
case_00125,133,21.249055862426758,0.0,False,"torch.Size([1, 1, 224, 224])"
case_00161,271,20.251989364624023,0.0,False,"torch.Size([1, 1, 224, 224])"
case_00125,319,19.974470138549805,0.0,False,"torch.Size([1, 1, 224, 224])"
case_00134,197,22.095203399658203,0.0,False,"torch.Size([1, 1, 224, 224])"
case_00161,190,21.67201042175293,0.0,False,"torch.Size([1, 1, 224, 224])"
case_00086,482,20.465373992919922,0.0,False,"torch.Size([1, 1, 224, 224])"
case_00203,164,27.746915817260742,0.0,False,"torch.Size([1, 1, 224, 224])"
case_00113,117,29.223918914794922,0.0,False,"torch.Size([1, 1, 224, 224])"
case_00161,352,19.237518310546875,0.0,False,"torch.Size([1, 1, 224, 224])"
case_00014,399,20.923852920532227,0.0,False,"torch.Size([1, 1, 224, 224])"
case_00014,208,19.878625869750977,0.0,False,"torch.Size([1, 1, 224, 224])"
case_00033,215,23.612260818481445,0.0,False,"torch.Size([1, 1, 224, 224])"
case_00125,130,20.656108856201172,0.0,False,"torch.Size([1, 1, 224, 224])"
case_00115,443,19.946813583374023,0.0,False,"torch.Size([1, 1, 224, 224])"
case_00102,332,18.86463165283203,0.0,True,"torch.Size([1, 1, 224, 224])"
case_00125,285,27.432918548583984,0.0,False,"torch.Size([1, 1, 224, 224])"
case_00115,149,19.051313400268555,0.0,False,"torch.Size([1, 1, 224, 224])"
case_00113,368,20.3397274017334,0.0,True,"torch.Size([1, 1, 224, 224])"
case_00125,303,23.92864227294922,0.0,False,"torch.Size([1, 1, 224, 224])"
case_00194,211,21.27361297607422,0.0,False,"torch.Size([1, 1, 224, 224])"
case_00102,101,21.18396759033203,0.0,False,"torch.Size([1, 1, 224, 224])"
case_00033,19,20.47872543334961,0.0,False,"torch.Size([1, 1, 224, 224])"
case_00161,307,31.80241584777832,0.0,False,"torch.Size([1, 1, 224, 224])"
case_00133,267,18.88132095336914,0.0,False,"torch.Size([1, 1, 224, 224])"
case_00194,248,19.857168197631836,0.0,False,"torch.Size([1, 1, 224, 224])"
case_00113,349,18.876075744628906,0.0,True,"torch.Size([1, 1, 224, 224])"
case_00133,214,23.58865737915039,0.0,False,"torch.Size([1, 1, 224, 224])"
case_00161,115,21.544456481933594,0.0,False,"torch.Size([1, 1, 224, 224])"
case_00203,400,18.577098846435547,0.0,True,"torch.Size([1, 1, 224, 224])"
case_00194,62,20.609140396118164,0.0,False,"torch.Size([1, 1, 224, 224])"
case_00113,435,20.154714584350586,0.0,True,"torch.Size([1, 1, 224, 224])"
case_00075,375,18.791675567626953,0.0,False,"torch.Size([1, 1, 224, 224])"
case_00079,335,18.310070037841797,0.0,True,"torch.Size([1, 1, 224, 224])"
case_00125,46,24.133920669555664,0.0,False,"torch.Size([1, 1, 224, 224])"
case_00194,289,23.022174835205078,0.0,False,"torch.Size([1, 1, 224, 224])"
case_00203,371,19.75083351135254,0.0,False,"torch.Size([1, 1, 224, 224])"
case_00014,277,20.109176635742188,0.0,False,"torch.Size([1, 1, 224, 224])"
case_00125,505,18.987417221069336,0.0,False,"torch.Size([1, 1, 224, 224])"
case_00161,490,20.479440689086914,0.0,False,"torch.Size([1, 1, 224, 224])"
case_00102,124,20.503997802734375,0.0,False,"torch.Size([1, 1, 224, 224])"
case_00125,427,21.039485931396484,0.0,False,"torch.Size([1, 1, 224, 224])"
case_00161,501,22.820472717285156,0.0,False,"torch.Size([1, 1, 224, 224])"
case_00115,170,22.34172821044922,0.0,False,"torch.Size([1, 1, 224, 224])"
case_00154,286,19.15717124938965,0.0,False,"torch.Size([1, 1, 224, 224])"
case_00161,257,20.42698860168457,0.0,False,"torch.Size([1, 1, 224, 224])"
case_00125,486,19.358158111572266,0.0,False,"torch.Size([1, 1, 224, 224])"
case_00075,91,20.5690860748291,0.0,False,"torch.Size([1, 1, 224, 224])"
case_00033,205,19.144296646118164,0.0,False,"torch.Size([1, 1, 224, 224])"
case_00125,243,20.270586013793945,0.0,False,"torch.Size([1, 1, 224, 224])"
case_00161,313,20.117759704589844,0.0,False,"torch.Size([1, 1, 224, 224])"
case_00161,218,20.023345947265625,0.0,False,"torch.Size([1, 1, 224, 224])"
case_00075,493,20.17664909362793,0.0,False,"torch.Size([1, 1, 224, 224])"
case_00134,168,20.511865615844727,0.0,False,"torch.Size([1, 1, 224, 224])"
case_00194,485,19.762277603149414,0.0,False,"torch.Size([1, 1, 224, 224])"
case_00194,378,20.70450782775879,0.0,False,"torch.Size([1, 1, 224, 224])"
case_00014,398,19.395828247070312,0.0,False,"torch.Size([1, 1, 224, 224])"
case_00086,327,20.622730255126953,0.0,False,"torch.Size([1, 1, 224, 224])"
case_00125,399,19.635438919067383,0.0,False,"torch.Size([1, 1, 224, 224])"
case_00075,313,20.232439041137695,0.0,False,"torch.Size([1, 1, 224, 224])"
case_00102,380,19.437074661254883,0.0,True,"torch.Size([1, 1, 224, 224])"
case_00154,2,23.491382598876953,0.0,False,"torch.Size([1, 1, 224, 224])"
case_00194,417,21.877288818359375,0.0,False,"torch.Size([1, 1, 224, 224])"
case_00086,361,22.04585075378418,0.0,False,"torch.Size([1, 1, 224, 224])"
case_00125,168,20.36738395690918,0.0,False,"torch.Size([1, 1, 224, 224])"
case_00113,369,21.00992202758789,0.0,True,"torch.Size([1, 1, 224, 224])"
case_00014,54,19.057512283325195,0.0,False,"torch.Size([1, 1, 224, 224])"
case_00079,459,21.578311920166016,0.0,True,"torch.Size([1, 1, 224, 224])"
case_00075,50,24.212121963500977,0.0,False,"torch.Size([1, 1, 224, 224])"
case_00133,425,23.204565048217773,0.0,False,"torch.Size([1, 1, 224, 224])"
case_00102,226,19.367456436157227,0.0,False,"torch.Size([1, 1, 224, 224])"
case_00014,331,19.702434539794922,0.0,False,"torch.Size([1, 1, 224, 224])"
case_00113,196,20.124197006225586,0.0,False,"torch.Size([1, 1, 224, 224])"
case_00134,499,18.607616424560547,0.0,False,"torch.Size([1, 1, 224, 224])"
case_00194,364,20.86043357849121,0.0,False,"torch.Size([1, 1, 224, 224])"
case_00113,193,19.676685333251953,0.0,False,"torch.Size([1, 1, 224, 224])"
case_00161,171,20.103931427001953,0.0,False,"torch.Size([1, 1, 224, 224])"
case_00161,61,19.734621047973633,0.0,False,"torch.Size([1, 1, 224, 224])"
case_00086,148,19.61350440979004,0.0,False,"torch.Size([1, 1, 224, 224])"
case_00154,265,19.10877227783203,0.0,False,"torch.Size([1, 1, 224, 224])"
case_00075,227,21.44455909729004,0.0,False,"torch.Size([1, 1, 224, 224])"
case_00075,319,19.934415817260742,0.0,False,"torch.Size([1, 1, 224, 224])"
case_00075,107,22.760391235351562,0.0,False,"torch.Size([1, 1, 224, 224])"
case_00133,333,19.655704498291016,0.0,False,"torch.Size([1, 1, 224, 224])"
case_00203,495,21.539688110351562,0.0,False,"torch.Size([1, 1, 224, 224])"
case_00079,441,23.6663818359375,0.0,True,"torch.Size([1, 1, 224, 224])"
case_00194,314,26.293516159057617,0.0,False,"torch.Size([1, 1, 224, 224])"
case_00102,462,25.413990020751953,0.0,False,"torch.Size([1, 1, 224, 224])"
case_00086,202,25.009632110595703,0.0,False,"torch.Size([1, 1, 224, 224])"
case_00102,311,19.717693328857422,0.0,True,"torch.Size([1, 1, 224, 224])"
case_00134,76,22.356033325195312,0.0,False,"torch.Size([1, 1, 224, 224])"
case_00033,213,22.472858428955078,0.0,False,"torch.Size([1, 1, 224, 224])"
case_00079,467,24.583816528320312,0.0,False,"torch.Size([1, 1, 224, 224])"
case_00125,269,19.3631649017334,0.0,False,"torch.Size([1, 1, 224, 224])"
case_00079,71,21.833419799804688,0.0,False,"torch.Size([1, 1, 224, 224])"
case_00134,363,19.253253936767578,0.0,True,"torch.Size([1, 1, 224, 224])"
case_00115,192,27.113676071166992,0.0,False,"torch.Size([1, 1, 224, 224])"
case_00133,451,23.728132247924805,0.0,False,"torch.Size([1, 1, 224, 224])"
case_00079,256,21.152257919311523,0.0,False,"torch.Size([1, 1, 224, 224])"
case_00033,500,19.890546798706055,0.0,False,"torch.Size([1, 1, 224, 224])"
case_00014,120,20.015478134155273,0.0,False,"torch.Size([1, 1, 224, 224])"
case_00014,154,19.343852996826172,0.0,False,"torch.Size([1, 1, 224, 224])"
case_00113,59,20.15066146850586,0.0,False,"torch.Size([1, 1, 224, 224])"
case_00161,84,18.53656768798828,0.0,False,"torch.Size([1, 1, 224, 224])"
case_00161,4,19.989013671875,0.0,False,"torch.Size([1, 1, 224, 224])"
case_00113,103,19.834518432617188,0.0,False,"torch.Size([1, 1, 224, 224])"
case_00125,313,19.869565963745117,0.0,False,"torch.Size([1, 1, 224, 224])"
case_00014,133,19.793272018432617,0.0,False,"torch.Size([1, 1, 224, 224])"
case_00125,93,21.007537841796875,0.0,False,"torch.Size([1, 1, 224, 224])"
case_00134,281,19.969940185546875,0.0,False,"torch.Size([1, 1, 224, 224])"
case_00203,418,19.500017166137695,0.0,True,"torch.Size([1, 1, 224, 224])"
case_00113,251,21.458864212036133,0.0,False,"torch.Size([1, 1, 224, 224])"
case_00014,254,18.251657485961914,0.0,False,"torch.Size([1, 1, 224, 224])"
case_00161,59,26.90744400024414,0.0,False,"torch.Size([1, 1, 224, 224])"
case_00161,157,20.237207412719727,0.0,True,"torch.Size([1, 1, 224, 224])"
case_00161,289,28.186798095703125,0.0,False,"torch.Size([1, 1, 224, 224])"
case_00102,496,22.790193557739258,0.0,False,"torch.Size([1, 1, 224, 224])"
case_00115,12,22.919654846191406,0.0,False,"torch.Size([1, 1, 224, 224])"
case_00134,157,20.200490951538086,0.0,False,"torch.Size([1, 1, 224, 224])"
case_00161,319,21.396398544311523,0.0,False,"torch.Size([1, 1, 224, 224])"
case_00125,392,19.869089126586914,0.0,False,"torch.Size([1, 1, 224, 224])"
case_00134,478,20.745038986206055,0.0,False,"torch.Size([1, 1, 224, 224])"
case_00203,249,19.611597061157227,0.0,False,"torch.Size([1, 1, 224, 224])"
case_00133,190,20.68018913269043,0.0,False,"torch.Size([1, 1, 224, 224])"
case_00161,238,20.422935485839844,0.0,False,"torch.Size([1, 1, 224, 224])"
case_00113,310,21.166086196899414,0.0,False,"torch.Size([1, 1, 224, 224])"
case_00161,237,20.497560501098633,0.0,False,"torch.Size([1, 1, 224, 224])"
case_00014,2,18.33033561706543,0.0,False,"torch.Size([1, 1, 224, 224])"
case_00133,423,21.32558822631836,0.0,False,"torch.Size([1, 1, 224, 224])"
case_00075,486,18.945932388305664,0.0,False,"torch.Size([1, 1, 224, 224])"
case_00161,34,20.867586135864258,0.0,False,"torch.Size([1, 1, 224, 224])"
case_00133,481,18.939971923828125,0.0,False,"torch.Size([1, 1, 224, 224])"
case_00133,497,26.823043823242188,0.0,False,"torch.Size([1, 1, 224, 224])"
case_00154,36,18.942594528198242,0.0,False,"torch.Size([1, 1, 224, 224])"
case_00115,502,21.905183792114258,0.0,False,"torch.Size([1, 1, 224, 224])"
case_00161,331,19.18315887451172,0.0,False,"torch.Size([1, 1, 224, 224])"
case_00115,407,19.21677589416504,0.0,False,"torch.Size([1, 1, 224, 224])"
case_00113,82,21.837711334228516,0.0,False,"torch.Size([1, 1, 224, 224])"
case_00154,395,19.291162490844727,0.0,False,"torch.Size([1, 1, 224, 224])"
case_00014,340,20.80845832824707,0.0,False,"torch.Size([1, 1, 224, 224])"
case_00133,351,19.178152084350586,0.0,False,"torch.Size([1, 1, 224, 224])"
case_00154,61,19.071102142333984,0.0,False,"torch.Size([1, 1, 224, 224])"
case_00014,218,18.883943557739258,0.0,False,"torch.Size([1, 1, 224, 224])"
case_00033,8,17.750024795532227,0.0,False,"torch.Size([1, 1, 224, 224])"
case_00075,504,20.5230712890625,0.0,False,"torch.Size([1, 1, 224, 224])"
case_00133,262,19.262313842773438,0.0,False,"torch.Size([1, 1, 224, 224])"
case_00194,124,22.05491065979004,0.0,False,"torch.Size([1, 1, 224, 224])"
case_00161,375,28.206586837768555,0.0,False,"torch.Size([1, 1, 224, 224])"
case_00125,361,21.341323852539062,0.0,False,"torch.Size([1, 1, 224, 224])"
case_00079,354,19.649028778076172,0.0,True,"torch.Size([1, 1, 224, 224])"
case_00102,346,22.972583770751953,0.0,True,"torch.Size([1, 1, 224, 224])"
case_00102,273,18.2037353515625,0.0,False,"torch.Size([1, 1, 224, 224])"
case_00134,21,22.145748138427734,0.0,False,"torch.Size([1, 1, 224, 224])"
case_00075,309,19.497394561767578,0.0,False,"torch.Size([1, 1, 224, 224])"
case_00161,66,21.412134170532227,0.0,False,"torch.Size([1, 1, 224, 224])"
case_00125,102,22.393465042114258,0.0,False,"torch.Size([1, 1, 224, 224])"
case_00154,290,19.64545249938965,0.0,False,"torch.Size([1, 1, 224, 224])"
case_00033,306,19.418954849243164,0.0,False,"torch.Size([1, 1, 224, 224])"
case_00102,16,20.5078125,0.0,False,"torch.Size([1, 1, 224, 224])"
case_00203,195,21.72398567199707,0.0,False,"torch.Size([1, 1, 224, 224])"
case_00133,147,25.91562271118164,0.0,True,"torch.Size([1, 1, 224, 224])"
case_00014,418,18.700599670410156,0.0,False,"torch.Size([1, 1, 224, 224])"
case_00102,163,21.67677879333496,0.0,False,"torch.Size([1, 1, 224, 224])"
case_00203,454,19.1802978515625,0.0,False,"torch.Size([1, 1, 224, 224])"
case_00194,213,20.041942596435547,0.0,False,"torch.Size([1, 1, 224, 224])"
case_00102,228,18.596172332763672,0.0,False,"torch.Size([1, 1, 224, 224])"
case_00113,366,19.97661590576172,0.0,True,"torch.Size([1, 1, 224, 224])"
case_00194,464,19.29950714111328,0.0,False,"torch.Size([1, 1, 224, 224])"
case_00033,442,18.621206283569336,0.0,False,"torch.Size([1, 1, 224, 224])"
case_00134,37,19.24729347229004,0.0,False,"torch.Size([1, 1, 224, 224])"
case_00154,340,18.500566482543945,0.0,True,"torch.Size([1, 1, 224, 224])"
case_00134,61,27.440547943115234,0.0,False,"torch.Size([1, 1, 224, 224])"
case_00154,424,18.622636795043945,0.0,False,"torch.Size([1, 1, 224, 224])"
case_00079,292,19.935131072998047,0.0,False,"torch.Size([1, 1, 224, 224])"
case_00115,113,18.545150756835938,0.0,False,"torch.Size([1, 1, 224, 224])"
case_00161,265,19.762516021728516,0.0,False,"torch.Size([1, 1, 224, 224])"
case_00033,118,28.362035751342773,0.0,False,"torch.Size([1, 1, 224, 224])"
case_00113,113,19.777297973632812,0.0,False,"torch.Size([1, 1, 224, 224])"
case_00133,100,19.460678100585938,0.0,False,"torch.Size([1, 1, 224, 224])"
case_00133,187,20.69830894470215,0.0,False,"torch.Size([1, 1, 224, 224])"
case_00014,494,19.303560256958008,0.0,False,"torch.Size([1, 1, 224, 224])"
case_00134,485,20.463943481445312,0.0,False,"torch.Size([1, 1, 224, 224])"
case_00115,378,20.1418399810791,0.0,False,"torch.Size([1, 1, 224, 224])"
case_00075,397,21.40641212463379,0.0,False,"torch.Size([1, 1, 224, 224])"
case_00161,317,19.506454467773438,0.0,False,"torch.Size([1, 1, 224, 224])"
case_00115,222,21.2709903717041,0.0,False,"torch.Size([1, 1, 224, 224])"
case_00203,498,18.932104110717773,0.0,False,"torch.Size([1, 1, 224, 224])"
case_00033,315,20.129680633544922,0.0,False,"torch.Size([1, 1, 224, 224])"
case_00194,311,18.845796585083008,0.0,False,"torch.Size([1, 1, 224, 224])"
case_00133,258,20.15089988708496,0.0,False,"torch.Size([1, 1, 224, 224])"
case_00125,247,19.27971839904785,0.0,False,"torch.Size([1, 1, 224, 224])"
case_00161,62,20.906686782836914,0.0,False,"torch.Size([1, 1, 224, 224])"
case_00033,314,19.930124282836914,0.0,False,"torch.Size([1, 1, 224, 224])"
case_00113,148,20.597219467163086,0.0,False,"torch.Size([1, 1, 224, 224])"
case_00113,376,19.99831199645996,0.0,True,"torch.Size([1, 1, 224, 224])"
case_00203,473,24.20210838317871,0.0,False,"torch.Size([1, 1, 224, 224])"
case_00033,464,19.942045211791992,0.0,False,"torch.Size([1, 1, 224, 224])"
case_00194,83,21.088838577270508,0.0,False,"torch.Size([1, 1, 224, 224])"
case_00133,127,19.75703239440918,0.0,True,"torch.Size([1, 1, 224, 224])"
case_00154,93,24.88231658935547,0.0,False,"torch.Size([1, 1, 224, 224])"
case_00115,282,20.574569702148438,0.0,False,"torch.Size([1, 1, 224, 224])"
case_00125,510,19.826650619506836,0.0,False,"torch.Size([1, 1, 224, 224])"
case_00154,67,18.969297409057617,0.0,False,"torch.Size([1, 1, 224, 224])"
case_00161,55,21.272659301757812,0.0,False,"torch.Size([1, 1, 224, 224])"
case_00154,152,19.48094367980957,0.0,False,"torch.Size([1, 1, 224, 224])"
case_00079,236,20.40863037109375,0.0,False,"torch.Size([1, 1, 224, 224])"
case_00203,475,27.820825576782227,0.0,False,"torch.Size([1, 1, 224, 224])"
case_00203,22,29.45232391357422,0.0,False,"torch.Size([1, 1, 224, 224])"
case_00133,174,18.94688606262207,0.0,True,"torch.Size([1, 1, 224, 224])"
case_00086,468,21.372079849243164,0.0,False,"torch.Size([1, 1, 224, 224])"
case_00194,447,20.313262939453125,0.0,False,"torch.Size([1, 1, 224, 224])"
case_00203,243,19.539356231689453,0.0,False,"torch.Size([1, 1, 224, 224])"
case_00014,76,20.417213439941406,0.0,False,"torch.Size([1, 1, 224, 224])"
case_00113,240,21.954059600830078,0.0,False,"torch.Size([1, 1, 224, 224])"
case_00014,12,19.04296875,0.0,False,"torch.Size([1, 1, 224, 224])"
case_00133,131,21.338224411010742,0.0,True,"torch.Size([1, 1, 224, 224])"
case_00113,442,20.069599151611328,0.0,True,"torch.Size([1, 1, 224, 224])"
case_00134,319,26.983261108398438,0.0,False,"torch.Size([1, 1, 224, 224])"
case_00161,475,20.47872543334961,0.0,False,"torch.Size([1, 1, 224, 224])"
case_00134,75,19.919395446777344,0.0,False,"torch.Size([1, 1, 224, 224])"
case_00161,315,20.661592483520508,0.0,False,"torch.Size([1, 1, 224, 224])"
case_00033,184,20.125865936279297,0.0,True,"torch.Size([1, 1, 224, 224])"
case_00154,180,23.577451705932617,0.0,False,"torch.Size([1, 1, 224, 224])"
case_00033,366,19.687652587890625,0.0,False,"torch.Size([1, 1, 224, 224])"
case_00113,469,22.01247215270996,0.0,False,"torch.Size([1, 1, 224, 224])"
case_00194,43,19.27495002746582,0.0,False,"torch.Size([1, 1, 224, 224])"
case_00154,120,19.417524337768555,0.0,False,"torch.Size([1, 1, 224, 224])"
case_00203,153,19.67787742614746,0.0,False,"torch.Size([1, 1, 224, 224])"
case_00086,34,29.33216094970703,0.0,False,"torch.Size([1, 1, 224, 224])"
case_00113,420,27.93598175048828,0.0,True,"torch.Size([1, 1, 224, 224])"
case_00203,437,19.58608627319336,0.0,False,"torch.Size([1, 1, 224, 224])"
case_00079,295,20.93195915222168,0.0,False,"torch.Size([1, 1, 224, 224])"
case_00134,487,19.79231834411621,0.0,False,"torch.Size([1, 1, 224, 224])"
case_00134,153,20.615100860595703,0.0,False,"torch.Size([1, 1, 224, 224])"
case_00033,280,18.512248992919922,0.0,False,"torch.Size([1, 1, 224, 224])"
case_00086,389,19.9887752532959,0.0,True,"torch.Size([1, 1, 224, 224])"
case_00102,26,26.64470672607422,0.0,False,"torch.Size([1, 1, 224, 224])"
case_00161,297,20.45607566833496,0.0,False,"torch.Size([1, 1, 224, 224])"
case_00086,193,19.531726837158203,0.0,False,"torch.Size([1, 1, 224, 224])"
case_00161,296,22.133827209472656,0.0,False,"torch.Size([1, 1, 224, 224])"
case_00154,283,19.446134567260742,0.0,False,"torch.Size([1, 1, 224, 224])"
case_00154,205,20.203113555908203,0.0,False,"torch.Size([1, 1, 224, 224])"
case_00134,152,19.71268653869629,0.0,False,"torch.Size([1, 1, 224, 224])"
case_00203,494,18.835783004760742,0.0,False,"torch.Size([1, 1, 224, 224])"
case_00075,506,21.957874298095703,0.0,False,"torch.Size([1, 1, 224, 224])"
case_00086,399,19.34361457824707,0.0,True,"torch.Size([1, 1, 224, 224])"
case_00086,504,20.50495147705078,0.0,False,"torch.Size([1, 1, 224, 224])"
case_00113,411,18.056869506835938,0.0,True,"torch.Size([1, 1, 224, 224])"
case_00075,407,18.122196197509766,0.0,False,"torch.Size([1, 1, 224, 224])"
case_00086,2,17.945289611816406,0.0,False,"torch.Size([1, 1, 224, 224])"
case_00194,322,20.359516143798828,0.0,False,"torch.Size([1, 1, 224, 224])"
case_00134,171,19.688844680786133,0.0,False,"torch.Size([1, 1, 224, 224])"
case_00161,118,29.22201156616211,0.0,False,"torch.Size([1, 1, 224, 224])"
case_00079,154,28.778791427612305,0.0,False,"torch.Size([1, 1, 224, 224])"
case_00086,26,29.58059310913086,0.0,False,"torch.Size([1, 1, 224, 224])"
case_00161,77,28.409719467163086,0.0,False,"torch.Size([1, 1, 224, 224])"
case_00161,49,28.658390045166016,0.0,False,"torch.Size([1, 1, 224, 224])"
case_00075,52,19.744157791137695,0.0,False,"torch.Size([1, 1, 224, 224])"
case_00194,355,19.37270164489746,0.0,False,"torch.Size([1, 1, 224, 224])"
case_00125,326,19.59228515625,0.0,False,"torch.Size([1, 1, 224, 224])"
case_00115,276,19.605398178100586,0.0,False,"torch.Size([1, 1, 224, 224])"
case_00161,209,21.061420440673828,0.0,False,"torch.Size([1, 1, 224, 224])"
case_00203,248,19.324064254760742,0.0,False,"torch.Size([1, 1, 224, 224])"
case_00033,32,20.842790603637695,0.0,False,"torch.Size([1, 1, 224, 224])"
case_00133,130,19.199848175048828,0.0,True,"torch.Size([1, 1, 224, 224])"
case_00161,139,28.020381927490234,0.0,True,"torch.Size([1, 1, 224, 224])"
case_00203,289,19.076108932495117,0.0,False,"torch.Size([1, 1, 224, 224])"
case_00194,52,21.152257919311523,0.0,False,"torch.Size([1, 1, 224, 224])"
case_00161,370,19.243955612182617,0.0,False,"torch.Size([1, 1, 224, 224])"
case_00125,193,21.44479751586914,0.0,True,"torch.Size([1, 1, 224, 224])"
case_00134,497,22.000789642333984,0.0,False,"torch.Size([1, 1, 224, 224])"
case_00102,164,20.174264907836914,0.0,False,"torch.Size([1, 1, 224, 224])"
case_00154,181,18.866300582885742,0.0,False,"torch.Size([1, 1, 224, 224])"
case_00113,397,21.288633346557617,0.0,True,"torch.Size([1, 1, 224, 224])"
case_00115,454,19.56343650817871,0.0,False,"torch.Size([1, 1, 224, 224])"
case_00161,364,20.88022232055664,0.0,False,"torch.Size([1, 1, 224, 224])"
case_00014,94,19.067764282226562,0.0,False,"torch.Size([1, 1, 224, 224])"
case_00125,280,20.662546157836914,0.0,False,"torch.Size([1, 1, 224, 224])"
case_00033,477,19.273042678833008,0.0,False,"torch.Size([1, 1, 224, 224])"
case_00113,401,20.400524139404297,0.0,True,"torch.Size([1, 1, 224, 224])"
case_00102,400,19.67597007751465,0.0,True,"torch.Size([1, 1, 224, 224])"
case_00134,328,20.437240600585938,0.0,True,"torch.Size([1, 1, 224, 224])"
case_00014,252,18.48745346069336,0.0,False,"torch.Size([1, 1, 224, 224])"
case_00194,480,18.452167510986328,0.0,False,"torch.Size([1, 1, 224, 224])"
case_00133,335,20.1871395111084,0.0,False,"torch.Size([1, 1, 224, 224])"
case_00014,139,20.68328857421875,0.0,False,"torch.Size([1, 1, 224, 224])"
case_00113,53,19.533634185791016,0.0,False,"torch.Size([1, 1, 224, 224])"
case_00086,25,19.55413818359375,0.0,False,"torch.Size([1, 1, 224, 224])"
case_00079,508,22.17555046081543,0.0,False,"torch.Size([1, 1, 224, 224])"
case_00086,483,19.641637802124023,0.0,False,"torch.Size([1, 1, 224, 224])"
case_00113,25,21.319866180419922,0.0,False,"torch.Size([1, 1, 224, 224])"
case_00113,212,19.108295440673828,0.0,False,"torch.Size([1, 1, 224, 224])"
case_00113,173,23.212194442749023,0.0,False,"torch.Size([1, 1, 224, 224])"
case_00115,80,20.008087158203125,0.0,False,"torch.Size([1, 1, 224, 224])"
case_00194,148,21.250247955322266,0.0,False,"torch.Size([1, 1, 224, 224])"
case_00079,155,19.313573837280273,0.0,False,"torch.Size([1, 1, 224, 224])"
case_00203,375,19.269227981567383,0.0,False,"torch.Size([1, 1, 224, 224])"
case_00154,378,19.25802230834961,0.0,False,"torch.Size([1, 1, 224, 224])"
case_00033,270,19.423484802246094,0.0,False,"torch.Size([1, 1, 224, 224])"
case_00086,499,21.149396896362305,0.0,False,"torch.Size([1, 1, 224, 224])"
case_00203,438,19.234180450439453,0.0,False,"torch.Size([1, 1, 224, 224])"
case_00154,128,20.685434341430664,0.0,False,"torch.Size([1, 1, 224, 224])"
case_00115,178,18.76544952392578,0.0,False,"torch.Size([1, 1, 224, 224])"
case_00154,218,20.957469940185547,0.0,False,"torch.Size([1, 1, 224, 224])"
case_00134,431,19.06585693359375,0.0,False,"torch.Size([1, 1, 224, 224])"
case_00113,13,20.359516143798828,0.0,False,"torch.Size([1, 1, 224, 224])"
case_00113,61,19.238710403442383,0.0,False,"torch.Size([1, 1, 224, 224])"
case_00194,260,19.19078826904297,0.0,False,"torch.Size([1, 1, 224, 224])"
case_00115,286,29.0834903717041,0.0,False,"torch.Size([1, 1, 224, 224])"
case_00079,8,20.99299430847168,0.0,False,"torch.Size([1, 1, 224, 224])"
case_00154,12,19.421100616455078,0.0,False,"torch.Size([1, 1, 224, 224])"
case_00033,469,21.154403686523438,0.0,False,"torch.Size([1, 1, 224, 224])"
case_00194,46,29.271602630615234,0.0,False,"torch.Size([1, 1, 224, 224])"
case_00113,255,38.24138641357422,0.0,False,"torch.Size([1, 1, 224, 224])"
case_00033,414,18.857240676879883,0.0,False,"torch.Size([1, 1, 224, 224])"
case_00134,65,23.219823837280273,0.0,False,"torch.Size([1, 1, 224, 224])"
case_00115,505,19.096851348876953,0.0,False,"torch.Size([1, 1, 224, 224])"
case_00075,478,21.057844161987305,0.0,False,"torch.Size([1, 1, 224, 224])"
case_00133,25,18.96524429321289,0.0,False,"torch.Size([1, 1, 224, 224])"
case_00161,41,20.592689514160156,0.0,False,"torch.Size([1, 1, 224, 224])"
case_00194,482,21.781444549560547,0.0,False,"torch.Size([1, 1, 224, 224])"
case_00194,504,21.4388370513916,0.0,False,"torch.Size([1, 1, 224, 224])"
case_00194,132,19.71292495727539,0.0,False,"torch.Size([1, 1, 224, 224])"
case_00079,210,21.611928939819336,0.0,False,"torch.Size([1, 1, 224, 224])"
case_00161,378,19.470691680908203,0.0,False,"torch.Size([1, 1, 224, 224])"
case_00075,326,21.60477638244629,0.0,False,"torch.Size([1, 1, 224, 224])"
case_00086,426,21.043062210083008,0.0,False,"torch.Size([1, 1, 224, 224])"
case_00134,58,22.173404693603516,0.0,False,"torch.Size([1, 1, 224, 224])"
case_00113,455,19.309282302856445,0.0,False,"torch.Size([1, 1, 224, 224])"
case_00125,145,21.401166915893555,0.0,False,"torch.Size([1, 1, 224, 224])"
case_00203,11,21.13199234008789,0.0,False,"torch.Size([1, 1, 224, 224])"
case_00134,288,21.695613861083984,0.0,False,"torch.Size([1, 1, 224, 224])"
case_00102,155,19.568443298339844,0.0,False,"torch.Size([1, 1, 224, 224])"
case_00161,179,21.840572357177734,0.0,False,"torch.Size([1, 1, 224, 224])"
case_00154,311,19.489049911499023,0.0,True,"torch.Size([1, 1, 224, 224])"
case_00134,384,22.142410278320312,0.0,False,"torch.Size([1, 1, 224, 224])"
case_00161,231,20.285367965698242,0.0,False,"torch.Size([1, 1, 224, 224])"
case_00161,18,20.27106285095215,0.0,False,"torch.Size([1, 1, 224, 224])"
case_00102,269,19.825220108032227,0.0,False,"torch.Size([1, 1, 224, 224])"
case_00086,48,19.673824310302734,0.0,False,"torch.Size([1, 1, 224, 224])"
case_00133,364,19.876956939697266,0.0,False,"torch.Size([1, 1, 224, 224])"
case_00125,423,19.51289176940918,0.0,False,"torch.Size([1, 1, 224, 224])"
case_00133,3,18.69988441467285,0.0,False,"torch.Size([1, 1, 224, 224])"
case_00115,297,18.599271774291992,0.0,False,"torch.Size([1, 1, 224, 224])"
case_00161,189,19.32549476623535,0.0,False,"torch.Size([1, 1, 224, 224])"
case_00154,454,18.419981002807617,0.0,False,"torch.Size([1, 1, 224, 224])"
case_00079,272,19.54936981201172,0.0,False,"torch.Size([1, 1, 224, 224])"
case_00075,301,18.495559692382812,0.0,False,"torch.Size([1, 1, 224, 224])"
case_00194,136,19.62137222290039,0.0,False,"torch.Size([1, 1, 224, 224])"
case_00014,348,18.40949058532715,0.0,False,"torch.Size([1, 1, 224, 224])"
case_00161,210,19.829511642456055,0.0,False,"torch.Size([1, 1, 224, 224])"
case_00075,341,19.423246383666992,0.0,True,"torch.Size([1, 1, 224, 224])"
case_00133,133,23.459434509277344,0.0,True,"torch.Size([1, 1, 224, 224])"
case_00014,73,22.46236801147461,0.0,False,"torch.Size([1, 1, 224, 224])"
case_00125,188,20.655393600463867,0.0,True,"torch.Size([1, 1, 224, 224])"
case_00154,214,23.42844009399414,0.0,False,"torch.Size([1, 1, 224, 224])"
case_00194,305,20.686626434326172,0.0,False,"torch.Size([1, 1, 224, 224])"
case_00161,194,20.111083984375,0.0,False,"torch.Size([1, 1, 224, 224])"
case_00086,339,21.66008949279785,0.0,False,"torch.Size([1, 1, 224, 224])"
case_00079,486,20.063161849975586,0.0,False,"torch.Size([1, 1, 224, 224])"
case_00102,415,19.536256790161133,0.0,True,"torch.Size([1, 1, 224, 224])"
case_00102,302,20.853281021118164,0.0,True,"torch.Size([1, 1, 224, 224])"
case_00134,29,20.92909812927246,0.0,False,"torch.Size([1, 1, 224, 224])"
case_00079,191,19.6533203125,0.0,False,"torch.Size([1, 1, 224, 224])"
case_00086,398,21.4540958404541,0.0,True,"torch.Size([1, 1, 224, 224])"
case_00134,190,20.241975784301758,0.0,False,"torch.Size([1, 1, 224, 224])"
case_00113,69,18.223047256469727,0.0,False,"torch.Size([1, 1, 224, 224])"
case_00075,502,19.588232040405273,0.0,False,"torch.Size([1, 1, 224, 224])"
case_00079,359,21.555423736572266,0.0,True,"torch.Size([1, 1, 224, 224])"
case_00115,24,19.075632095336914,0.0,False,"torch.Size([1, 1, 224, 224])"
case_00079,177,19.847869873046875,0.0,False,"torch.Size([1, 1, 224, 224])"
case_00033,157,19.79374885559082,0.0,False,"torch.Size([1, 1, 224, 224])"
case_00079,356,24.204730987548828,0.0,True,"torch.Size([1, 1, 224, 224])"
case_00115,315,19.637346267700195,0.0,True,"torch.Size([1, 1, 224, 224])"
case_00203,472,20.22695541381836,0.0,False,"torch.Size([1, 1, 224, 224])"
case_00113,120,19.776582717895508,0.0,False,"torch.Size([1, 1, 224, 224])"
case_00079,229,20.252227783203125,0.0,False,"torch.Size([1, 1, 224, 224])"
case_00033,193,20.11275291442871,0.0,True,"torch.Size([1, 1, 224, 224])"
case_00102,431,24.41263198852539,0.0,False,"torch.Size([1, 1, 224, 224])"
case_00033,176,20.21050453186035,0.0,True,"torch.Size([1, 1, 224, 224])"
case_00203,349,20.08509635925293,0.0,False,"torch.Size([1, 1, 224, 224])"
case_00113,26,23.305416107177734,0.0,False,"torch.Size([1, 1, 224, 224])"
case_00161,305,20.164012908935547,0.0,False,"torch.Size([1, 1, 224, 224])"
case_00154,251,19.58918571472168,0.0,False,"torch.Size([1, 1, 224, 224])"
case_00154,274,19.500017166137695,0.0,False,"torch.Size([1, 1, 224, 224])"
case_00203,154,19.368886947631836,0.0,False,"torch.Size([1, 1, 224, 224])"
case_00086,239,20.67279815673828,0.0,False,"torch.Size([1, 1, 224, 224])"
case_00125,279,19.582033157348633,0.0,False,"torch.Size([1, 1, 224, 224])"
case_00115,262,19.556283950805664,0.0,False,"torch.Size([1, 1, 224, 224])"
case_00115,128,19.43516731262207,0.0,False,"torch.Size([1, 1, 224, 224])"
case_00134,491,21.35014533996582,0.0,False,"torch.Size([1, 1, 224, 224])"
case_00125,212,18.889904022216797,0.0,False,"torch.Size([1, 1, 224, 224])"
case_00125,97,21.509647369384766,0.0,False,"torch.Size([1, 1, 224, 224])"
case_00075,78,19.28114891052246,0.0,False,"torch.Size([1, 1, 224, 224])"
case_00113,72,20.76244354248047,0.0,False,"torch.Size([1, 1, 224, 224])"
case_00033,238,27.974843978881836,0.0,False,"torch.Size([1, 1, 224, 224])"
case_00033,78,18.913984298706055,0.0,False,"torch.Size([1, 1, 224, 224])"
case_00203,190,18.52273941040039,0.0,False,"torch.Size([1, 1, 224, 224])"
case_00154,301,19.96302604675293,0.0,False,"torch.Size([1, 1, 224, 224])"
case_00079,66,18.84293556213379,0.0,False,"torch.Size([1, 1, 224, 224])"
case_00154,458,19.010543823242188,0.0,False,"torch.Size([1, 1, 224, 224])"
case_00161,470,19.484519958496094,0.0,False,"torch.Size([1, 1, 224, 224])"
case_00133,61,19.350051879882812,0.0,False,"torch.Size([1, 1, 224, 224])"
case_00125,393,19.919157028198242,0.0,False,"torch.Size([1, 1, 224, 224])"
case_00102,379,27.967453002929688,0.0,True,"torch.Size([1, 1, 224, 224])"
case_00134,46,20.54619789123535,0.0,False,"torch.Size([1, 1, 224, 224])"
case_00154,490,19.657135009765625,0.0,False,"torch.Size([1, 1, 224, 224])"
case_00079,105,20.195722579956055,0.0,False,"torch.Size([1, 1, 224, 224])"
case_00014,108,18.842697143554688,0.0,False,"torch.Size([1, 1, 224, 224])"
case_00125,87,20.518779754638672,0.0,False,"torch.Size([1, 1, 224, 224])"
case_00203,172,18.76354217529297,0.0,False,"torch.Size([1, 1, 224, 224])"
case_00086,409,20.46823501586914,0.0,True,"torch.Size([1, 1, 224, 224])"
case_00115,349,19.107341766357422,0.0,True,"torch.Size([1, 1, 224, 224])"
case_00033,307,21.63243293762207,0.0,False,"torch.Size([1, 1, 224, 224])"
case_00161,123,18.53775978088379,0.0,False,"torch.Size([1, 1, 224, 224])"
case_00033,222,20.81918716430664,0.0,False,"torch.Size([1, 1, 224, 224])"
case_00113,338,20.830392837524414,0.0,True,"torch.Size([1, 1, 224, 224])"
case_00102,287,20.244121551513672,0.0,False,"torch.Size([1, 1, 224, 224])"
case_00075,145,21.49057388305664,0.0,False,"torch.Size([1, 1, 224, 224])"
case_00033,66,19.069671630859375,0.0,False,"torch.Size([1, 1, 224, 224])"
case_00014,402,20.304441452026367,0.0,False,"torch.Size([1, 1, 224, 224])"
case_00075,377,19.444704055786133,0.0,False,"torch.Size([1, 1, 224, 224])"
case_00203,490,19.434690475463867,0.0,False,"torch.Size([1, 1, 224, 224])"
case_00125,49,20.732641220092773,0.0,False,"torch.Size([1, 1, 224, 224])"
case_00154,82,19.333362579345703,0.0,False,"torch.Size([1, 1, 224, 224])"
case_00154,149,21.204710006713867,0.0,False,"torch.Size([1, 1, 224, 224])"
case_00033,130,17.781496047973633,0.0,False,"torch.Size([1, 1, 224, 224])"
case_00102,488,20.36309242248535,0.0,False,"torch.Size([1, 1, 224, 224])"
case_00161,24,20.053863525390625,0.0,False,"torch.Size([1, 1, 224, 224])"
case_00079,108,21.495819091796875,0.0,False,"torch.Size([1, 1, 224, 224])"
case_00079,120,19.620895385742188,0.0,False,"torch.Size([1, 1, 224, 224])"
case_00033,310,18.657684326171875,0.0,False,"torch.Size([1, 1, 224, 224])"
case_00154,10,21.001577377319336,0.0,False,"torch.Size([1, 1, 224, 224])"
case_00125,157,19.655704498291016,0.0,False,"torch.Size([1, 1, 224, 224])"
case_00014,61,18.08643341064453,0.0,False,"torch.Size([1, 1, 224, 224])"
case_00079,16,19.25182342529297,0.0,False,"torch.Size([1, 1, 224, 224])"
case_00075,418,18.61858367919922,0.0,False,"torch.Size([1, 1, 224, 224])"
case_00079,241,19.83356475830078,0.0,False,"torch.Size([1, 1, 224, 224])"
case_00079,338,19.100666046142578,0.0,True,"torch.Size([1, 1, 224, 224])"
case_00033,298,22.10259437561035,0.0,False,"torch.Size([1, 1, 224, 224])"
case_00075,75,20.11275291442871,0.0,False,"torch.Size([1, 1, 224, 224])"
case_00125,116,20.831823348999023,0.0,False,"torch.Size([1, 1, 224, 224])"
case_00115,387,20.01357078552246,0.0,False,"torch.Size([1, 1, 224, 224])"
case_00125,465,19.717693328857422,0.0,False,"torch.Size([1, 1, 224, 224])"
case_00033,37,19.451379776000977,0.0,False,"torch.Size([1, 1, 224, 224])"
case_00134,222,21.917104721069336,0.0,False,"torch.Size([1, 1, 224, 224])"
case_00079,207,19.89579200744629,0.0,False,"torch.Size([1, 1, 224, 224])"
case_00086,253,21.7437744140625,0.0,False,"torch.Size([1, 1, 224, 224])"
case_00125,339,19.9739933013916,0.0,False,"torch.Size([1, 1, 224, 224])"
case_00086,222,21.086931228637695,0.0,False,"torch.Size([1, 1, 224, 224])"
case_00102,222,19.724369049072266,0.0,False,"torch.Size([1, 1, 224, 224])"
case_00115,309,20.982027053833008,0.0,False,"torch.Size([1, 1, 224, 224])"
case_00079,372,19.726991653442383,0.0,True,"torch.Size([1, 1, 224, 224])"
case_00134,466,20.78533172607422,0.0,False,"torch.Size([1, 1, 224, 224])"
case_00079,29,21.459341049194336,0.0,False,"torch.Size([1, 1, 224, 224])"
case_00113,359,20.697832107543945,0.0,True,"torch.Size([1, 1, 224, 224])"
case_00014,115,20.970582962036133,0.0,False,"torch.Size([1, 1, 224, 224])"
case_00125,359,20.07460594177246,0.0,False,"torch.Size([1, 1, 224, 224])"
case_00125,506,19.903898239135742,0.0,False,"torch.Size([1, 1, 224, 224])"
case_00086,254,20.552873611450195,0.0,False,"torch.Size([1, 1, 224, 224])"
case_00113,246,20.19810676574707,0.0,False,"torch.Size([1, 1, 224, 224])"
case_00203,432,19.764184951782227,0.0,False,"torch.Size([1, 1, 224, 224])"
case_00033,409,21.203994750976562,0.0,False,"torch.Size([1, 1, 224, 224])"
case_00102,458,18.528461456298828,0.0,False,"torch.Size([1, 1, 224, 224])"
case_00102,368,19.8209285736084,0.0,True,"torch.Size([1, 1, 224, 224])"
case_00115,300,18.89801025390625,0.0,False,"torch.Size([1, 1, 224, 224])"
case_00113,102,19.902706146240234,0.0,False,"torch.Size([1, 1, 224, 224])"
case_00133,271,20.027875900268555,0.0,False,"torch.Size([1, 1, 224, 224])"
case_00194,133,21.019697189331055,0.0,False,"torch.Size([1, 1, 224, 224])"
case_00102,492,19.26422119140625,0.0,False,"torch.Size([1, 1, 224, 224])"
case_00115,119,22.36008644104004,0.0,False,"torch.Size([1, 1, 224, 224])"
case_00194,345,19.867420196533203,0.0,False,"torch.Size([1, 1, 224, 224])"
case_00102,114,26.76558494567871,0.0,False,"torch.Size([1, 1, 224, 224])"
case_00134,78,21.8961238861084,0.0,False,"torch.Size([1, 1, 224, 224])"
case_00113,329,19.90675926208496,0.0,True,"torch.Size([1, 1, 224, 224])"
case_00014,53,19.09494400024414,0.0,False,"torch.Size([1, 1, 224, 224])"
case_00102,261,20.851850509643555,0.0,False,"torch.Size([1, 1, 224, 224])"
case_00014,405,19.313573837280273,0.0,False,"torch.Size([1, 1, 224, 224])"
case_00014,294,21.409034729003906,0.0,False,"torch.Size([1, 1, 224, 224])"
case_00086,414,18.822669982910156,0.0,True,"torch.Size([1, 1, 224, 224])"
case_00133,37,22.273540496826172,0.0,False,"torch.Size([1, 1, 224, 224])"
case_00079,138,19.931793212890625,0.0,False,"torch.Size([1, 1, 224, 224])"
case_00115,319,19.27804946899414,0.0,True,"torch.Size([1, 1, 224, 224])"
case_00075,294,22.58443832397461,0.0,False,"torch.Size([1, 1, 224, 224])"
case_00194,385,20.80082893371582,0.0,False,"torch.Size([1, 1, 224, 224])"
case_00102,279,19.18339729309082,0.0,False,"torch.Size([1, 1, 224, 224])"
case_00194,85,20.77484130859375,0.0,False,"torch.Size([1, 1, 224, 224])"
case_00134,169,19.749879837036133,0.0,False,"torch.Size([1, 1, 224, 224])"
case_00115,379,19.838333129882812,0.0,False,"torch.Size([1, 1, 224, 224])"
case_00113,159,21.105527877807617,0.0,False,"torch.Size([1, 1, 224, 224])"
case_00102,255,19.863128662109375,0.0,False,"torch.Size([1, 1, 224, 224])"
case_00086,59,21.606922149658203,0.0,False,"torch.Size([1, 1, 224, 224])"
case_00075,305,24.356842041015625,0.0,False,"torch.Size([1, 1, 224, 224])"
case_00014,464,22.760391235351562,0.0,False,"torch.Size([1, 1, 224, 224])"
case_00134,100,23.174524307250977,0.0,False,"torch.Size([1, 1, 224, 224])"
case_00125,63,19.77229118347168,0.0,False,"torch.Size([1, 1, 224, 224])"
case_00134,167,24.671554565429688,0.0,False,"torch.Size([1, 1, 224, 224])"
case_00134,185,19.989013671875,0.0,False,"torch.Size([1, 1, 224, 224])"
case_00086,250,20.333051681518555,0.0,False,"torch.Size([1, 1, 224, 224])"
case_00075,201,21.164655685424805,0.0,False,"torch.Size([1, 1, 224, 224])"
case_00134,349,20.131826400756836,0.0,True,"torch.Size([1, 1, 224, 224])"
case_00075,454,25.677204132080078,0.0,False,"torch.Size([1, 1, 224, 224])"
case_00014,42,19.799470901489258,0.0,False,"torch.Size([1, 1, 224, 224])"
case_00203,182,19.56939697265625,0.0,False,"torch.Size([1, 1, 224, 224])"
case_00102,104,19.663333892822266,0.0,False,"torch.Size([1, 1, 224, 224])"
case_00075,124,20.41769027709961,0.0,False,"torch.Size([1, 1, 224, 224])"
case_00134,391,19.898653030395508,0.0,False,"torch.Size([1, 1, 224, 224])"
case_00113,54,20.92456817626953,0.0,False,"torch.Size([1, 1, 224, 224])"
case_00154,206,25.220632553100586,0.0,False,"torch.Size([1, 1, 224, 224])"
case_00134,15,27.106046676635742,0.0,False,"torch.Size([1, 1, 224, 224])"
case_00154,66,19.305944442749023,0.0,False,"torch.Size([1, 1, 224, 224])"
case_00014,236,35.07709503173828,0.0,False,"torch.Size([1, 1, 224, 224])"
case_00194,84,20.577430725097656,0.0,False,"torch.Size([1, 1, 224, 224])"
case_00113,371,30.11465072631836,0.0,True,"torch.Size([1, 1, 224, 224])"
case_00113,470,23.668766021728516,0.0,False,"torch.Size([1, 1, 224, 224])"
case_00033,20,19.819259643554688,0.0,False,"torch.Size([1, 1, 224, 224])"
case_00086,321,21.37613296508789,0.0,False,"torch.Size([1, 1, 224, 224])"
case_00154,40,19.526004791259766,0.0,False,"torch.Size([1, 1, 224, 224])"
case_00203,290,28.312206268310547,0.0,False,"torch.Size([1, 1, 224, 224])"
case_00194,373,21.532058715820312,0.0,False,"torch.Size([1, 1, 224, 224])"
case_00075,104,20.712614059448242,0.0,False,"torch.Size([1, 1, 224, 224])"
case_00133,510,19.657611846923828,0.0,False,"torch.Size([1, 1, 224, 224])"
case_00134,93,24.72233772277832,0.0,False,"torch.Size([1, 1, 224, 224])"
case_00115,79,19.146442413330078,0.0,False,"torch.Size([1, 1, 224, 224])"
case_00113,176,22.74799346923828,0.0,False,"torch.Size([1, 1, 224, 224])"
case_00014,132,19.390344619750977,0.0,False,"torch.Size([1, 1, 224, 224])"
case_00134,443,20.648479461669922,0.0,False,"torch.Size([1, 1, 224, 224])"
case_00133,234,18.9666748046875,0.0,False,"torch.Size([1, 1, 224, 224])"
case_00194,286,19.893884658813477,0.0,False,"torch.Size([1, 1, 224, 224])"
case_00125,179,18.749713897705078,0.0,True,"torch.Size([1, 1, 224, 224])"
case_00154,238,27.431964874267578,0.0,False,"torch.Size([1, 1, 224, 224])"
case_00115,256,19.846439361572266,0.0,False,"torch.Size([1, 1, 224, 224])"
case_00154,279,19.156932830810547,0.0,False,"torch.Size([1, 1, 224, 224])"
case_00079,12,21.876096725463867,0.0,False,"torch.Size([1, 1, 224, 224])"
case_00113,505,19.381999969482422,0.0,False,"torch.Size([1, 1, 224, 224])"
case_00154,71,19.36197280883789,0.0,False,"torch.Size([1, 1, 224, 224])"
case_00079,377,22.155046463012695,0.0,True,"torch.Size([1, 1, 224, 224])"
case_00154,109,18.758296966552734,0.0,False,"torch.Size([1, 1, 224, 224])"
case_00102,126,20.72453498840332,0.0,False,"torch.Size([1, 1, 224, 224])"
case_00079,44,22.244930267333984,0.0,False,"torch.Size([1, 1, 224, 224])"
case_00079,38,20.307064056396484,0.0,False,"torch.Size([1, 1, 224, 224])"
case_00194,65,19.018173217773438,0.0,False,"torch.Size([1, 1, 224, 224])"
case_00079,258,20.44057846069336,0.0,False,"torch.Size([1, 1, 224, 224])"
case_00154,443,18.581628799438477,0.0,False,"torch.Size([1, 1, 224, 224])"
case_00125,448,19.632816314697266,0.0,False,"torch.Size([1, 1, 224, 224])"
case_00194,11,19.560575485229492,0.0,False,"torch.Size([1, 1, 224, 224])"
case_00102,176,20.487308502197266,0.0,False,"torch.Size([1, 1, 224, 224])"
case_00115,465,19.0279483795166,0.0,False,"torch.Size([1, 1, 224, 224])"
case_00125,259,21.082162857055664,0.0,False,"torch.Size([1, 1, 224, 224])"
case_00154,39,19.92487907409668,0.0,False,"torch.Size([1, 1, 224, 224])"
case_00154,72,21.413803100585938,0.0,False,"torch.Size([1, 1, 224, 224])"
case_00115,81,19.093036651611328,0.0,False,"torch.Size([1, 1, 224, 224])"
case_00113,233,23.85568618774414,0.0,False,"torch.Size([1, 1, 224, 224])"
case_00086,306,21.268367767333984,0.0,False,"torch.Size([1, 1, 224, 224])"
case_00102,53,22.466421127319336,0.0,False,"torch.Size([1, 1, 224, 224])"
case_00133,259,19.26875114440918,0.0,False,"torch.Size([1, 1, 224, 224])"
case_00086,510,19.34027671813965,0.0,False,"torch.Size([1, 1, 224, 224])"
case_00086,109,18.69988441467285,0.0,False,"torch.Size([1, 1, 224, 224])"
case_00134,345,20.714759826660156,0.0,True,"torch.Size([1, 1, 224, 224])"
case_00203,374,19.182443618774414,0.0,False,"torch.Size([1, 1, 224, 224])"
case_00113,149,20.620107650756836,0.0,False,"torch.Size([1, 1, 224, 224])"
case_00161,439,19.032001495361328,0.0,False,"torch.Size([1, 1, 224, 224])"
case_00086,272,20.700931549072266,0.0,False,"torch.Size([1, 1, 224, 224])"
case_00133,124,18.74542236328125,0.0,True,"torch.Size([1, 1, 224, 224])"
case_00113,182,23.07748794555664,0.0,False,"torch.Size([1, 1, 224, 224])"
case_00203,471,19.23084259033203,0.0,False,"torch.Size([1, 1, 224, 224])"
case_00075,166,20.541906356811523,0.0,False,"torch.Size([1, 1, 224, 224])"
case_00161,87,19.185781478881836,0.0,False,"torch.Size([1, 1, 224, 224])"
case_00194,15,20.392417907714844,0.0,False,"torch.Size([1, 1, 224, 224])"
case_00102,71,17.509937286376953,0.0,False,"torch.Size([1, 1, 224, 224])"
case_00133,206,20.23148536682129,0.0,False,"torch.Size([1, 1, 224, 224])"
case_00075,3,20.056724548339844,0.0,False,"torch.Size([1, 1, 224, 224])"
case_00133,103,30.086040496826172,0.0,False,"torch.Size([1, 1, 224, 224])"
case_00014,395,18.767356872558594,0.0,False,"torch.Size([1, 1, 224, 224])"
case_00125,474,20.03192901611328,0.0,False,"torch.Size([1, 1, 224, 224])"
case_00086,412,19.30856704711914,0.0,True,"torch.Size([1, 1, 224, 224])"
case_00102,500,23.061037063598633,0.0,False,"torch.Size([1, 1, 224, 224])"
case_00125,348,21.981477737426758,0.0,False,"torch.Size([1, 1, 224, 224])"
case_00033,88,19.892454147338867,0.0,False,"torch.Size([1, 1, 224, 224])"
case_00154,56,19.016265869140625,0.0,False,"torch.Size([1, 1, 224, 224])"
case_00014,166,19.084930419921875,0.0,False,"torch.Size([1, 1, 224, 224])"
case_00113,127,21.589279174804688,0.0,False,"torch.Size([1, 1, 224, 224])"
case_00115,230,20.024538040161133,0.0,False,"torch.Size([1, 1, 224, 224])"
case_00033,145,21.700143814086914,0.0,False,"torch.Size([1, 1, 224, 224])"
case_00033,112,18.02349090576172,0.0,False,"torch.Size([1, 1, 224, 224])"
case_00125,205,20.092487335205078,0.0,False,"torch.Size([1, 1, 224, 224])"
case_00154,347,18.380403518676758,0.0,False,"torch.Size([1, 1, 224, 224])"
case_00086,115,20.330429077148438,0.0,False,"torch.Size([1, 1, 224, 224])"
case_00134,84,18.23735237121582,0.0,False,"torch.Size([1, 1, 224, 224])"
case_00125,316,20.51401138305664,0.0,False,"torch.Size([1, 1, 224, 224])"
case_00033,12,18.26024055480957,0.0,False,"torch.Size([1, 1, 224, 224])"
case_00161,494,20.68161964416504,0.0,False,"torch.Size([1, 1, 224, 224])"
case_00194,346,20.413875579833984,0.0,False,"torch.Size([1, 1, 224, 224])"
case_00102,146,22.50504493713379,0.0,False,"torch.Size([1, 1, 224, 224])"
case_00014,222,22.76897430419922,0.0,False,"torch.Size([1, 1, 224, 224])"
case_00203,415,20.936965942382812,0.0,True,"torch.Size([1, 1, 224, 224])"
case_00194,156,23.342609405517578,0.0,True,"torch.Size([1, 1, 224, 224])"
case_00194,221,19.22607421875,0.0,False,"torch.Size([1, 1, 224, 224])"
case_00133,201,18.526315689086914,0.0,False,"torch.Size([1, 1, 224, 224])"
case_00115,423,22.30095863342285,0.0,False,"torch.Size([1, 1, 224, 224])"
case_00115,13,21.270751953125,0.0,False,"torch.Size([1, 1, 224, 224])"
case_00086,371,20.585298538208008,0.0,False,"torch.Size([1, 1, 224, 224])"
case_00033,174,20.981311798095703,0.0,True,"torch.Size([1, 1, 224, 224])"
case_00102,502,19.30975914001465,0.0,False,"torch.Size([1, 1, 224, 224])"
case_00154,463,19.840478897094727,0.0,False,"torch.Size([1, 1, 224, 224])"
case_00113,16,20.453929901123047,0.0,False,"torch.Size([1, 1, 224, 224])"
case_00194,374,20.7521915435791,0.0,False,"torch.Size([1, 1, 224, 224])"
case_00102,387,19.47021484375,0.0,True,"torch.Size([1, 1, 224, 224])"
case_00086,93,21.640777587890625,0.0,False,"torch.Size([1, 1, 224, 224])"
case_00125,321,19.58608627319336,0.0,False,"torch.Size([1, 1, 224, 224])"
case_00203,331,19.3636417388916,0.0,False,"torch.Size([1, 1, 224, 224])"
case_00079,23,27.28891372680664,0.0,False,"torch.Size([1, 1, 224, 224])"
case_00161,408,20.34783363342285,0.0,False,"torch.Size([1, 1, 224, 224])"
case_00033,393,19.3483829498291,0.0,False,"torch.Size([1, 1, 224, 224])"
case_00102,239,19.608020782470703,0.0,False,"torch.Size([1, 1, 224, 224])"
case_00033,251,19.558191299438477,0.0,False,"torch.Size([1, 1, 224, 224])"
case_00033,349,21.640539169311523,0.0,False,"torch.Size([1, 1, 224, 224])"
case_00033,360,19.493818283081055,0.0,False,"torch.Size([1, 1, 224, 224])"
case_00133,290,26.87549591064453,0.0,False,"torch.Size([1, 1, 224, 224])"
case_00079,274,19.85478401184082,0.0,False,"torch.Size([1, 1, 224, 224])"
case_00115,473,19.318103790283203,0.0,False,"torch.Size([1, 1, 224, 224])"
case_00125,238,20.217180252075195,0.0,False,"torch.Size([1, 1, 224, 224])"
case_00161,419,19.736528396606445,0.0,False,"torch.Size([1, 1, 224, 224])"
case_00125,56,20.937442779541016,0.0,False,"torch.Size([1, 1, 224, 224])"
case_00161,174,18.98050308227539,0.0,False,"torch.Size([1, 1, 224, 224])"
case_00194,358,19.247055053710938,0.0,False,"torch.Size([1, 1, 224, 224])"
case_00161,333,20.396709442138672,0.0,False,"torch.Size([1, 1, 224, 224])"
case_00079,317,19.07801628112793,0.0,False,"torch.Size([1, 1, 224, 224])"
case_00194,151,21.36826515197754,0.0,False,"torch.Size([1, 1, 224, 224])"
case_00075,321,19.913196563720703,0.0,False,"torch.Size([1, 1, 224, 224])"
case_00161,308,20.785808563232422,0.0,False,"torch.Size([1, 1, 224, 224])"
case_00075,133,20.04837989807129,0.0,False,"torch.Size([1, 1, 224, 224])"
case_00133,363,22.208690643310547,0.0,False,"torch.Size([1, 1, 224, 224])"
case_00014,441,18.947362899780273,0.0,False,"torch.Size([1, 1, 224, 224])"
case_00134,125,20.079851150512695,0.0,False,"torch.Size([1, 1, 224, 224])"
case_00115,432,18.875598907470703,0.0,False,"torch.Size([1, 1, 224, 224])"
case_00133,163,19.87934112548828,0.0,True,"torch.Size([1, 1, 224, 224])"
case_00079,103,22.239208221435547,0.0,False,"torch.Size([1, 1, 224, 224])"
case_00203,216,19.160985946655273,0.0,False,"torch.Size([1, 1, 224, 224])"
case_00014,156,19.052743911743164,0.0,False,"torch.Size([1, 1, 224, 224])"
case_00134,172,21.349668502807617,0.0,False,"torch.Size([1, 1, 224, 224])"
case_00113,326,18.877267837524414,0.0,True,"torch.Size([1, 1, 224, 224])"
case_00075,460,19.882917404174805,0.0,False,"torch.Size([1, 1, 224, 224])"
case_00014,196,19.596099853515625,0.0,False,"torch.Size([1, 1, 224, 224])"
case_00203,343,19.1190242767334,0.0,False,"torch.Size([1, 1, 224, 224])"
case_00113,381,20.234107971191406,0.0,True,"torch.Size([1, 1, 224, 224])"
case_00154,329,19.874095916748047,0.0,True,"torch.Size([1, 1, 224, 224])"
case_00014,45,29.242753982543945,0.0,False,"torch.Size([1, 1, 224, 224])"
case_00154,11,19.156455993652344,0.0,False,"torch.Size([1, 1, 224, 224])"
case_00102,293,22.03059196472168,0.0,True,"torch.Size([1, 1, 224, 224])"
case_00113,312,20.304203033447266,0.0,False,"torch.Size([1, 1, 224, 224])"
case_00194,293,18.92876625061035,0.0,False,"torch.Size([1, 1, 224, 224])"
case_00133,343,22.434711456298828,0.0,False,"torch.Size([1, 1, 224, 224])"
case_00194,368,19.452333450317383,0.0,False,"torch.Size([1, 1, 224, 224])"
case_00115,382,19.2108154296875,0.0,False,"torch.Size([1, 1, 224, 224])"
case_00154,117,19.127845764160156,0.0,False,"torch.Size([1, 1, 224, 224])"
case_00102,29,19.070148468017578,0.0,False,"torch.Size([1, 1, 224, 224])"
case_00014,231,19.10710334777832,0.0,False,"torch.Size([1, 1, 224, 224])"
case_00161,282,20.332813262939453,0.0,False,"torch.Size([1, 1, 224, 224])"
case_00125,335,19.103527069091797,0.0,False,"torch.Size([1, 1, 224, 224])"
case_00115,288,21.18682861328125,0.0,False,"torch.Size([1, 1, 224, 224])"
case_00079,491,20.444393157958984,0.0,False,"torch.Size([1, 1, 224, 224])"
case_00133,1,20.0498104095459,0.0,False,"torch.Size([1, 1, 224, 224])"
case_00014,460,19.182205200195312,0.0,False,"torch.Size([1, 1, 224, 224])"
case_00086,411,20.305156707763672,0.0,True,"torch.Size([1, 1, 224, 224])"
case_00115,193,19.025564193725586,0.0,False,"torch.Size([1, 1, 224, 224])"
case_00086,506,20.39027214050293,0.0,False,"torch.Size([1, 1, 224, 224])"
case_00102,340,19.498586654663086,0.0,True,"torch.Size([1, 1, 224, 224])"
case_00125,301,20.23911476135254,0.0,False,"torch.Size([1, 1, 224, 224])"
case_00102,441,19.70696449279785,0.0,False,"torch.Size([1, 1, 224, 224])"
case_00102,443,20.621299743652344,0.0,False,"torch.Size([1, 1, 224, 224])"
case_00194,295,20.169973373413086,0.0,False,"torch.Size([1, 1, 224, 224])"
case_00203,230,27.843475341796875,0.0,False,"torch.Size([1, 1, 224, 224])"
case_00102,389,29.04987335205078,0.0,True,"torch.Size([1, 1, 224, 224])"
case_00161,220,20.044326782226562,0.0,False,"torch.Size([1, 1, 224, 224])"
case_00194,412,19.508838653564453,0.0,False,"torch.Size([1, 1, 224, 224])"
case_00133,250,21.47364616394043,0.0,False,"torch.Size([1, 1, 224, 224])"
case_00102,423,21.317481994628906,0.0,True,"torch.Size([1, 1, 224, 224])"
case_00113,8,18.67961883544922,0.0,False,"torch.Size([1, 1, 224, 224])"
case_00134,20,17.99607276916504,0.0,False,"torch.Size([1, 1, 224, 224])"
case_00125,495,20.772218704223633,0.0,False,"torch.Size([1, 1, 224, 224])"
case_00102,128,19.84715461730957,0.0,False,"torch.Size([1, 1, 224, 224])"
case_00113,389,20.006179809570312,0.0,True,"torch.Size([1, 1, 224, 224])"
case_00125,99,19.589900970458984,0.0,False,"torch.Size([1, 1, 224, 224])"
case_00133,389,19.18339729309082,0.0,False,"torch.Size([1, 1, 224, 224])"
case_00161,21,20.277738571166992,0.0,False,"torch.Size([1, 1, 224, 224])"
case_00115,438,18.962621688842773,0.0,False,"torch.Size([1, 1, 224, 224])"
case_00194,438,19.857168197631836,0.0,False,"torch.Size([1, 1, 224, 224])"
case_00033,7,19.054174423217773,0.0,False,"torch.Size([1, 1, 224, 224])"
case_00115,310,20.319223403930664,0.0,False,"torch.Size([1, 1, 224, 224])"
case_00134,325,19.04463768005371,0.0,True,"torch.Size([1, 1, 224, 224])"
case_00133,332,22.643566131591797,0.0,False,"torch.Size([1, 1, 224, 224])"
case_00014,400,19.721508026123047,0.0,False,"torch.Size([1, 1, 224, 224])"
case_00154,289,20.331382751464844,0.0,False,"torch.Size([1, 1, 224, 224])"
case_00134,424,20.12348175048828,0.0,False,"torch.Size([1, 1, 224, 224])"
case_00075,105,20.477294921875,0.0,False,"torch.Size([1, 1, 224, 224])"
case_00113,107,20.024538040161133,0.0,False,"torch.Size([1, 1, 224, 224])"
case_00113,295,20.201683044433594,0.0,False,"torch.Size([1, 1, 224, 224])"
case_00113,223,22.998332977294922,0.0,False,"torch.Size([1, 1, 224, 224])"
case_00194,422,19.242048263549805,0.0,False,"torch.Size([1, 1, 224, 224])"
case_00086,370,19.069910049438477,0.0,False,"torch.Size([1, 1, 224, 224])"
case_00115,248,18.520355224609375,0.0,False,"torch.Size([1, 1, 224, 224])"
case_00075,87,20.4923152923584,0.0,False,"torch.Size([1, 1, 224, 224])"
case_00033,40,18.518447875976562,0.0,False,"torch.Size([1, 1, 224, 224])"
case_00161,311,20.72453498840332,0.0,False,"torch.Size([1, 1, 224, 224])"
case_00113,377,18.504619598388672,0.0,True,"torch.Size([1, 1, 224, 224])"
case_00125,57,20.62535285949707,0.0,False,"torch.Size([1, 1, 224, 224])"
case_00014,172,19.18935775756836,0.0,True,"torch.Size([1, 1, 224, 224])"
case_00134,188,19.6988582611084,0.0,False,"torch.Size([1, 1, 224, 224])"
case_00115,470,19.44899559020996,0.0,False,"torch.Size([1, 1, 224, 224])"
case_00014,440,20.824432373046875,0.0,False,"torch.Size([1, 1, 224, 224])"
case_00133,198,18.490314483642578,0.0,False,"torch.Size([1, 1, 224, 224])"
case_00014,477,18.810272216796875,0.0,False,"torch.Size([1, 1, 224, 224])"
case_00161,275,20.458221435546875,0.0,False,"torch.Size([1, 1, 224, 224])"
case_00133,452,18.63861083984375,0.0,False,"torch.Size([1, 1, 224, 224])"
case_00014,24,18.50271224975586,0.0,False,"torch.Size([1, 1, 224, 224])"
case_00075,207,19.47951316833496,0.0,False,"torch.Size([1, 1, 224, 224])"
case_00014,17,18.001556396484375,0.0,False,"torch.Size([1, 1, 224, 224])"
case_00161,219,19.22774314880371,0.0,False,"torch.Size([1, 1, 224, 224])"
case_00086,151,18.789052963256836,0.0,False,"torch.Size([1, 1, 224, 224])"
case_00079,319,19.376516342163086,0.0,False,"torch.Size([1, 1, 224, 224])"
case_00203,482,18.137216567993164,0.0,False,"torch.Size([1, 1, 224, 224])"
case_00194,135,19.248247146606445,0.0,False,"torch.Size([1, 1, 224, 224])"
case_00033,229,18.595457077026367,0.0,False,"torch.Size([1, 1, 224, 224])"
case_00133,391,21.53801918029785,0.0,False,"torch.Size([1, 1, 224, 224])"
case_00079,86,18.853187561035156,0.0,False,"torch.Size([1, 1, 224, 224])"
case_00033,348,19.61827278137207,0.0,False,"torch.Size([1, 1, 224, 224])"
case_00203,357,20.615339279174805,0.0,False,"torch.Size([1, 1, 224, 224])"
case_00014,188,20.975828170776367,0.0,True,"torch.Size([1, 1, 224, 224])"
case_00075,238,18.76091957092285,0.0,False,"torch.Size([1, 1, 224, 224])"
case_00102,159,20.088672637939453,0.0,False,"torch.Size([1, 1, 224, 224])"
case_00014,77,19.03247833251953,0.0,False,"torch.Size([1, 1, 224, 224])"
case_00133,215,24.5819091796875,0.0,False,"torch.Size([1, 1, 224, 224])"
case_00102,212,19.32835578918457,0.0,False,"torch.Size([1, 1, 224, 224])"
case_00115,30,20.502090454101562,0.0,False,"torch.Size([1, 1, 224, 224])"
case_00125,38,19.033432006835938,0.0,False,"torch.Size([1, 1, 224, 224])"
case_00086,28,20.394563674926758,0.0,False,"torch.Size([1, 1, 224, 224])"
case_00194,426,19.16790008544922,0.0,False,"torch.Size([1, 1, 224, 224])"
case_00075,44,20.294904708862305,0.0,False,"torch.Size([1, 1, 224, 224])"
case_00133,469,19.23370361328125,0.0,False,"torch.Size([1, 1, 224, 224])"
case_00102,120,19.09661293029785,0.0,False,"torch.Size([1, 1, 224, 224])"
case_00113,147,20.4927921295166,0.0,False,"torch.Size([1, 1, 224, 224])"
case_00033,237,17.774343490600586,0.0,False,"torch.Size([1, 1, 224, 224])"
case_00102,221,20.922183990478516,0.0,False,"torch.Size([1, 1, 224, 224])"
case_00086,54,18.422365188598633,0.0,False,"torch.Size([1, 1, 224, 224])"
case_00133,413,22.311925888061523,0.0,False,"torch.Size([1, 1, 224, 224])"
case_00161,112,29.554367065429688,0.0,False,"torch.Size([1, 1, 224, 224])"
case_00194,250,22.955656051635742,0.0,False,"torch.Size([1, 1, 224, 224])"
case_00161,181,20.581960678100586,0.0,False,"torch.Size([1, 1, 224, 224])"
case_00033,83,19.602537155151367,0.0,False,"torch.Size([1, 1, 224, 224])"
case_00194,185,22.02749252319336,0.0,False,"torch.Size([1, 1, 224, 224])"
case_00133,398,19.840002059936523,0.0,False,"torch.Size([1, 1, 224, 224])"
case_00113,50,23.61321449279785,0.0,False,"torch.Size([1, 1, 224, 224])"
case_00203,251,19.423246383666992,0.0,False,"torch.Size([1, 1, 224, 224])"
case_00125,330,22.95660972595215,0.0,False,"torch.Size([1, 1, 224, 224])"
case_00161,158,19.917964935302734,0.0,True,"torch.Size([1, 1, 224, 224])"
case_00194,254,26.377201080322266,0.0,False,"torch.Size([1, 1, 224, 224])"
case_00125,292,21.434307098388672,0.0,False,"torch.Size([1, 1, 224, 224])"
case_00134,54,21.466493606567383,0.0,False,"torch.Size([1, 1, 224, 224])"
case_00194,471,21.542787551879883,0.0,False,"torch.Size([1, 1, 224, 224])"
case_00079,375,19.960403442382812,0.0,True,"torch.Size([1, 1, 224, 224])"
case_00194,483,20.54595947265625,0.0,False,"torch.Size([1, 1, 224, 224])"
case_00075,284,23.183345794677734,0.0,False,"torch.Size([1, 1, 224, 224])"
case_00194,403,22.820234298706055,0.0,False,"torch.Size([1, 1, 224, 224])"
case_00079,36,22.809267044067383,0.0,False,"torch.Size([1, 1, 224, 224])"
case_00033,294,18.700838088989258,0.0,False,"torch.Size([1, 1, 224, 224])"
case_00194,40,20.397663116455078,0.0,False,"torch.Size([1, 1, 224, 224])"
case_00134,310,19.61517333984375,0.0,False,"torch.Size([1, 1, 224, 224])"
case_00075,331,20.47562599182129,0.0,True,"torch.Size([1, 1, 224, 224])"
case_00203,479,19.106388092041016,0.0,False,"torch.Size([1, 1, 224, 224])"
case_00134,140,20.94244956970215,0.0,False,"torch.Size([1, 1, 224, 224])"
case_00134,30,19.211769104003906,0.0,False,"torch.Size([1, 1, 224, 224])"
case_00102,319,23.68450164794922,0.0,True,"torch.Size([1, 1, 224, 224])"
case_00203,485,20.711183547973633,0.0,False,"torch.Size([1, 1, 224, 224])"
case_00194,173,20.287036895751953,0.0,True,"torch.Size([1, 1, 224, 224])"
case_00014,28,18.742799758911133,0.0,False,"torch.Size([1, 1, 224, 224])"
case_00113,129,19.93703842163086,0.0,False,"torch.Size([1, 1, 224, 224])"
case_00203,169,18.850326538085938,0.0,False,"torch.Size([1, 1, 224, 224])"
case_00125,299,20.29585838317871,0.0,False,"torch.Size([1, 1, 224, 224])"
case_00125,227,19.58632469177246,0.0,False,"torch.Size([1, 1, 224, 224])"
case_00113,316,23.27132225036621,0.0,True,"torch.Size([1, 1, 224, 224])"
case_00075,329,19.236326217651367,0.0,False,"torch.Size([1, 1, 224, 224])"
case_00125,128,20.06220817565918,0.0,False,"torch.Size([1, 1, 224, 224])"
case_00115,482,19.56033706665039,0.0,False,"torch.Size([1, 1, 224, 224])"
case_00133,446,22.629261016845703,0.0,False,"torch.Size([1, 1, 224, 224])"
case_00113,468,19.37103271484375,0.0,False,"torch.Size([1, 1, 224, 224])"
case_00115,386,19.120454788208008,0.0,False,"torch.Size([1, 1, 224, 224])"
case_00203,348,19.978046417236328,0.0,False,"torch.Size([1, 1, 224, 224])"
case_00113,210,21.754741668701172,0.0,False,"torch.Size([1, 1, 224, 224])"
case_00113,499,20.34735679626465,0.0,False,"torch.Size([1, 1, 224, 224])"
case_00033,131,19.179821014404297,0.0,False,"torch.Size([1, 1, 224, 224])"
case_00133,417,19.6382999420166,0.0,False,"torch.Size([1, 1, 224, 224])"
case_00086,199,22.707462310791016,0.0,False,"torch.Size([1, 1, 224, 224])"
case_00086,83,23.480653762817383,0.0,False,"torch.Size([1, 1, 224, 224])"
case_00161,456,22.60756492614746,0.0,False,"torch.Size([1, 1, 224, 224])"
case_00134,501,21.606922149658203,0.0,False,"torch.Size([1, 1, 224, 224])"
case_00075,226,19.429683685302734,0.0,False,"torch.Size([1, 1, 224, 224])"
case_00194,207,19.485950469970703,0.0,False,"torch.Size([1, 1, 224, 224])"
case_00014,384,19.3789005279541,0.0,False,"torch.Size([1, 1, 224, 224])"
case_00086,383,22.817373275756836,0.0,True,"torch.Size([1, 1, 224, 224])"
case_00014,407,18.9816951751709,0.0,False,"torch.Size([1, 1, 224, 224])"
case_00102,274,20.751953125,0.0,False,"torch.Size([1, 1, 224, 224])"
case_00075,184,20.923614501953125,0.0,False,"torch.Size([1, 1, 224, 224])"
case_00154,478,18.631935119628906,0.0,False,"torch.Size([1, 1, 224, 224])"
case_00134,211,20.2789306640625,0.0,False,"torch.Size([1, 1, 224, 224])"
case_00203,398,19.92630958557129,0.0,True,"torch.Size([1, 1, 224, 224])"
case_00115,65,22.363901138305664,0.0,False,"torch.Size([1, 1, 224, 224])"
case_00079,64,22.221088409423828,0.0,False,"torch.Size([1, 1, 224, 224])"
case_00033,175,20.473241806030273,0.0,True,"torch.Size([1, 1, 224, 224])"
case_00113,488,23.76079559326172,0.0,False,"torch.Size([1, 1, 224, 224])"
case_00102,377,19.980192184448242,0.0,True,"torch.Size([1, 1, 224, 224])"
case_00194,301,24.425745010375977,0.0,False,"torch.Size([1, 1, 224, 224])"
case_00014,365,18.027305603027344,0.0,False,"torch.Size([1, 1, 224, 224])"
case_00079,221,26.69548988342285,0.0,False,"torch.Size([1, 1, 224, 224])"
case_00033,146,19.443273544311523,0.0,False,"torch.Size([1, 1, 224, 224])"
case_00194,206,20.28369903564453,0.0,False,"torch.Size([1, 1, 224, 224])"
case_00125,190,19.879579544067383,0.0,True,"torch.Size([1, 1, 224, 224])"
case_00086,46,23.124217987060547,0.0,False,"torch.Size([1, 1, 224, 224])"
case_00134,439,22.841691970825195,0.0,False,"torch.Size([1, 1, 224, 224])"
case_00154,295,22.75228500366211,0.0,False,"torch.Size([1, 1, 224, 224])"
case_00134,292,22.149324417114258,0.0,False,"torch.Size([1, 1, 224, 224])"
case_00079,264,20.000696182250977,0.0,False,"torch.Size([1, 1, 224, 224])"
case_00134,441,25.45475959777832,0.0,False,"torch.Size([1, 1, 224, 224])"
case_00194,462,24.625301361083984,0.0,False,"torch.Size([1, 1, 224, 224])"
case_00102,177,21.230697631835938,0.0,False,"torch.Size([1, 1, 224, 224])"
case_00086,123,19.355058670043945,0.0,False,"torch.Size([1, 1, 224, 224])"
case_00154,313,18.50414276123047,0.0,True,"torch.Size([1, 1, 224, 224])"
case_00075,106,20.22385597229004,0.0,False,"torch.Size([1, 1, 224, 224])"
case_00134,2,17.71092414855957,0.0,False,"torch.Size([1, 1, 224, 224])"
case_00113,243,19.65785026550293,0.0,False,"torch.Size([1, 1, 224, 224])"
case_00161,385,20.007610321044922,0.0,False,"torch.Size([1, 1, 224, 224])"
case_00154,189,18.976688385009766,0.0,False,"torch.Size([1, 1, 224, 224])"
case_00133,23,32.78684616088867,0.0,False,"torch.Size([1, 1, 224, 224])"
case_00161,425,19.96588706970215,0.0,False,"torch.Size([1, 1, 224, 224])"
case_00079,250,21.579980850219727,0.0,False,"torch.Size([1, 1, 224, 224])"
case_00115,68,19.22011375427246,0.0,False,"torch.Size([1, 1, 224, 224])"
case_00125,33,20.874500274658203,0.0,False,"torch.Size([1, 1, 224, 224])"
case_00133,107,19.406557083129883,0.0,False,"torch.Size([1, 1, 224, 224])"
case_00102,40,19.373178482055664,0.0,False,"torch.Size([1, 1, 224, 224])"
case_00161,472,19.400596618652344,0.0,False,"torch.Size([1, 1, 224, 224])"
case_00033,114,18.799304962158203,0.0,False,"torch.Size([1, 1, 224, 224])"
case_00086,225,22.28999137878418,0.0,False,"torch.Size([1, 1, 224, 224])"
case_00079,117,18.99862289428711,0.0,False,"torch.Size([1, 1, 224, 224])"
case_00113,467,19.74964141845703,0.0,False,"torch.Size([1, 1, 224, 224])"
case_00133,20,19.47331428527832,0.0,False,"torch.Size([1, 1, 224, 224])"
case_00194,294,20.46966552734375,0.0,False,"torch.Size([1, 1, 224, 224])"
case_00079,118,22.177696228027344,0.0,False,"torch.Size([1, 1, 224, 224])"
case_00115,371,19.379138946533203,0.0,False,"torch.Size([1, 1, 224, 224])"
case_00033,51,19.885540008544922,0.0,False,"torch.Size([1, 1, 224, 224])"
case_00079,348,20.839214324951172,0.0,True,"torch.Size([1, 1, 224, 224])"
case_00134,415,23.652315139770508,0.0,False,"torch.Size([1, 1, 224, 224])"
case_00014,14,20.946502685546875,0.0,False,"torch.Size([1, 1, 224, 224])"
case_00133,29,23.32758903503418,0.0,False,"torch.Size([1, 1, 224, 224])"
case_00125,219,20.807504653930664,0.0,False,"torch.Size([1, 1, 224, 224])"
case_00161,101,22.404909133911133,0.0,False,"torch.Size([1, 1, 224, 224])"
case_00102,190,19.34194564819336,0.0,False,"torch.Size([1, 1, 224, 224])"
case_00079,312,21.095991134643555,0.0,False,"torch.Size([1, 1, 224, 224])"
case_00113,501,19.252300262451172,0.0,False,"torch.Size([1, 1, 224, 224])"
case_00075,275,20.53356170654297,0.0,False,"torch.Size([1, 1, 224, 224])"
case_00079,214,18.929004669189453,0.0,False,"torch.Size([1, 1, 224, 224])"
case_00154,447,18.33200454711914,0.0,False,"torch.Size([1, 1, 224, 224])"
case_00133,51,19.621610641479492,0.0,False,"torch.Size([1, 1, 224, 224])"
case_00086,502,17.077922821044922,0.0,False,"torch.Size([1, 1, 224, 224])"
case_00113,509,19.02008056640625,0.0,False,"torch.Size([1, 1, 224, 224])"
case_00102,231,17.759084701538086,0.0,False,"torch.Size([1, 1, 224, 224])"
case_00079,1,19.380569458007812,0.0,False,"torch.Size([1, 1, 224, 224])"
case_00075,394,16.965627670288086,0.0,False,"torch.Size([1, 1, 224, 224])"
case_00079,438,18.838882446289062,0.0,True,"torch.Size([1, 1, 224, 224])"
case_00133,242,21.81839942932129,0.0,False,"torch.Size([1, 1, 224, 224])"
case_00161,347,20.990848541259766,0.0,False,"torch.Size([1, 1, 224, 224])"
case_00133,328,19.099950790405273,0.0,False,"torch.Size([1, 1, 224, 224])"
case_00134,42,20.41149139404297,0.0,False,"torch.Size([1, 1, 224, 224])"
case_00075,441,19.00458335876465,0.0,False,"torch.Size([1, 1, 224, 224])"
case_00033,343,18.902063369750977,0.0,False,"torch.Size([1, 1, 224, 224])"
case_00203,76,17.79770851135254,0.0,False,"torch.Size([1, 1, 224, 224])"
case_00113,307,20.19524574279785,0.0,False,"torch.Size([1, 1, 224, 224])"
case_00154,209,19.33884620666504,0.0,False,"torch.Size([1, 1, 224, 224])"
case_00075,58,21.22330665588379,0.0,False,"torch.Size([1, 1, 224, 224])"
case_00102,127,17.720460891723633,0.0,False,"torch.Size([1, 1, 224, 224])"
case_00203,421,20.068645477294922,0.0,True,"torch.Size([1, 1, 224, 224])"
case_00113,106,19.162654876708984,0.0,False,"torch.Size([1, 1, 224, 224])"
case_00134,302,18.453359603881836,0.0,False,"torch.Size([1, 1, 224, 224])"
case_00075,177,24.448871612548828,0.0,False,"torch.Size([1, 1, 224, 224])"
case_00125,104,22.780179977416992,0.0,False,"torch.Size([1, 1, 224, 224])"
case_00014,85,20.800352096557617,0.0,False,"torch.Size([1, 1, 224, 224])"
case_00154,360,22.165298461914062,0.0,False,"torch.Size([1, 1, 224, 224])"
case_00133,78,20.116806030273438,0.0,False,"torch.Size([1, 1, 224, 224])"
case_00161,488,21.377086639404297,0.0,False,"torch.Size([1, 1, 224, 224])"
case_00115,384,20.174026489257812,0.0,False,"torch.Size([1, 1, 224, 224])"
case_00203,269,19.824504852294922,0.0,False,"torch.Size([1, 1, 224, 224])"
case_00154,87,27.6644229888916,0.0,False,"torch.Size([1, 1, 224, 224])"
case_00014,490,19.786834716796875,0.0,False,"torch.Size([1, 1, 224, 224])"
case_00133,186,24.63507652282715,0.0,False,"torch.Size([1, 1, 224, 224])"
case_00079,244,19.97685432434082,0.0,False,"torch.Size([1, 1, 224, 224])"
case_00161,79,21.32701873779297,0.0,False,"torch.Size([1, 1, 224, 224])"
case_00086,359,20.459890365600586,0.0,False,"torch.Size([1, 1, 224, 224])"
case_00079,218,21.864652633666992,0.0,False,"torch.Size([1, 1, 224, 224])"
case_00203,359,19.651412963867188,0.0,False,"torch.Size([1, 1, 224, 224])"
case_00014,205,20.122528076171875,0.0,False,"torch.Size([1, 1, 224, 224])"
case_00115,455,19.405603408813477,0.0,False,"torch.Size([1, 1, 224, 224])"
case_00161,89,20.11251449584961,0.0,False,"torch.Size([1, 1, 224, 224])"
case_00033,217,23.226499557495117,0.0,False,"torch.Size([1, 1, 224, 224])"
case_00133,235,22.64690399169922,0.0,False,"torch.Size([1, 1, 224, 224])"
case_00014,445,19.32811737060547,0.0,False,"torch.Size([1, 1, 224, 224])"
case_00154,159,20.241260528564453,0.0,False,"torch.Size([1, 1, 224, 224])"
case_00014,202,20.336151123046875,0.0,False,"torch.Size([1, 1, 224, 224])"
case_00133,98,20.83134651184082,0.0,False,"torch.Size([1, 1, 224, 224])"
case_00102,342,19.416093826293945,0.0,True,"torch.Size([1, 1, 224, 224])"
case_00086,491,19.4699764251709,0.0,False,"torch.Size([1, 1, 224, 224])"
case_00102,149,21.172046661376953,0.0,False,"torch.Size([1, 1, 224, 224])"
case_00133,108,21.221160888671875,0.0,False,"torch.Size([1, 1, 224, 224])"
case_00102,295,20.348310470581055,0.0,True,"torch.Size([1, 1, 224, 224])"
case_00154,194,19.186973571777344,0.0,False,"torch.Size([1, 1, 224, 224])"
case_00033,503,20.35689353942871,0.0,False,"torch.Size([1, 1, 224, 224])"
case_00194,68,20.82991600036621,0.0,False,"torch.Size([1, 1, 224, 224])"
case_00134,221,20.01190185546875,0.0,False,"torch.Size([1, 1, 224, 224])"
case_00115,336,22.89867401123047,0.0,True,"torch.Size([1, 1, 224, 224])"
case_00115,71,20.0350284576416,0.0,False,"torch.Size([1, 1, 224, 224])"
case_00125,352,18.587827682495117,0.0,False,"torch.Size([1, 1, 224, 224])"
case_00086,505,21.72708511352539,0.0,False,"torch.Size([1, 1, 224, 224])"
case_00161,39,21.648645401000977,0.0,False,"torch.Size([1, 1, 224, 224])"
case_00086,14,20.594358444213867,0.0,False,"torch.Size([1, 1, 224, 224])"
case_00086,228,19.09351348876953,0.0,False,"torch.Size([1, 1, 224, 224])"
case_00161,67,19.269704818725586,0.0,False,"torch.Size([1, 1, 224, 224])"
case_00161,261,19.09780502319336,0.0,False,"torch.Size([1, 1, 224, 224])"
case_00125,96,19.57559585571289,0.0,False,"torch.Size([1, 1, 224, 224])"
case_00125,343,18.67079734802246,0.0,False,"torch.Size([1, 1, 224, 224])"
case_00194,390,18.3718204498291,0.0,False,"torch.Size([1, 1, 224, 224])"
case_00014,224,18.647193908691406,0.0,False,"torch.Size([1, 1, 224, 224])"
case_00079,310,20.117759704589844,0.0,False,"torch.Size([1, 1, 224, 224])"
case_00194,413,18.535852432250977,0.0,False,"torch.Size([1, 1, 224, 224])"
case_00033,71,18.88418197631836,0.0,False,"torch.Size([1, 1, 224, 224])"
case_00033,258,18.913745880126953,0.0,False,"torch.Size([1, 1, 224, 224])"
case_00079,435,22.0339298248291,0.0,True,"torch.Size([1, 1, 224, 224])"
case_00194,419,20.344257354736328,0.0,False,"torch.Size([1, 1, 224, 224])"
case_00194,103,19.383907318115234,0.0,False,"torch.Size([1, 1, 224, 224])"
case_00125,75,24.20210838317871,0.0,False,"torch.Size([1, 1, 224, 224])"
case_00102,55,19.215822219848633,0.0,False,"torch.Size([1, 1, 224, 224])"
case_00161,13,19.182682037353516,0.0,False,"torch.Size([1, 1, 224, 224])"
case_00194,237,19.036531448364258,0.0,False,"torch.Size([1, 1, 224, 224])"
case_00014,264,19.124984741210938,0.0,False,"torch.Size([1, 1, 224, 224])"
case_00113,227,20.93029022216797,0.0,False,"torch.Size([1, 1, 224, 224])"
case_00113,226,20.653724670410156,0.0,False,"torch.Size([1, 1, 224, 224])"
case_00203,200,19.245624542236328,0.0,False,"torch.Size([1, 1, 224, 224])"
case_00115,324,20.61605453491211,0.0,True,"torch.Size([1, 1, 224, 224])"
case_00033,46,17.733335494995117,0.0,False,"torch.Size([1, 1, 224, 224])"
case_00134,335,19.39845085144043,0.0,True,"torch.Size([1, 1, 224, 224])"
case_00154,481,18.628358840942383,0.0,False,"torch.Size([1, 1, 224, 224])"
case_00134,253,19.587039947509766,0.0,False,"torch.Size([1, 1, 224, 224])"
case_00033,103,18.295764923095703,0.0,False,"torch.Size([1, 1, 224, 224])"
case_00133,375,19.41967010498047,0.0,False,"torch.Size([1, 1, 224, 224])"
case_00154,7,19.781827926635742,0.0,False,"torch.Size([1, 1, 224, 224])"
case_00079,305,20.261287689208984,0.0,False,"torch.Size([1, 1, 224, 224])"
case_00075,27,18.983125686645508,0.0,False,"torch.Size([1, 1, 224, 224])"
case_00203,333,18.62335205078125,0.0,False,"torch.Size([1, 1, 224, 224])"
case_00194,363,20.67852020263672,0.0,False,"torch.Size([1, 1, 224, 224])"
case_00086,213,19.79207992553711,0.0,False,"torch.Size([1, 1, 224, 224])"
case_00086,96,20.224332809448242,0.0,False,"torch.Size([1, 1, 224, 224])"
case_00079,68,18.650531768798828,0.0,False,"torch.Size([1, 1, 224, 224])"
case_00115,328,18.678665161132812,0.0,True,"torch.Size([1, 1, 224, 224])"
case_00115,133,22.089719772338867,0.0,False,"torch.Size([1, 1, 224, 224])"
case_00115,20,19.08588409423828,0.0,False,"torch.Size([1, 1, 224, 224])"
case_00161,211,20.02882957458496,0.0,False,"torch.Size([1, 1, 224, 224])"
case_00014,509,19.57416534423828,0.0,False,"torch.Size([1, 1, 224, 224])"
case_00102,413,20.043373107910156,0.0,True,"torch.Size([1, 1, 224, 224])"
case_00086,287,20.666122436523438,0.0,False,"torch.Size([1, 1, 224, 224])"
case_00133,56,19.42133903503418,0.0,False,"torch.Size([1, 1, 224, 224])"
case_00134,32,19.748210906982422,0.0,False,"torch.Size([1, 1, 224, 224])"
case_00102,483,19.078493118286133,0.0,False,"torch.Size([1, 1, 224, 224])"
case_00113,88,19.630908966064453,0.0,False,"torch.Size([1, 1, 224, 224])"
case_00115,204,18.454313278198242,0.0,False,"torch.Size([1, 1, 224, 224])"
case_00161,2,19.8209285736084,0.0,False,"torch.Size([1, 1, 224, 224])"
case_00203,211,18.260955810546875,0.0,False,"torch.Size([1, 1, 224, 224])"
case_00014,455,18.89204978942871,0.0,False,"torch.Size([1, 1, 224, 224])"
case_00079,326,18.361568450927734,0.0,True,"torch.Size([1, 1, 224, 224])"
case_00125,273,20.218849182128906,0.0,False,"torch.Size([1, 1, 224, 224])"
case_00014,468,18.86439323425293,0.0,False,"torch.Size([1, 1, 224, 224])"
case_00033,342,19.449710845947266,0.0,False,"torch.Size([1, 1, 224, 224])"
case_00033,345,18.809080123901367,0.0,False,"torch.Size([1, 1, 224, 224])"
case_00125,146,19.791364669799805,0.0,False,"torch.Size([1, 1, 224, 224])"
case_00194,473,19.005775451660156,0.0,False,"torch.Size([1, 1, 224, 224])"
case_00033,403,28.191089630126953,0.0,False,"torch.Size([1, 1, 224, 224])"
case_00075,360,29.09374237060547,0.0,True,"torch.Size([1, 1, 224, 224])"
case_00133,22,22.109508514404297,0.0,False,"torch.Size([1, 1, 224, 224])"
case_00115,389,18.91183853149414,0.0,False,"torch.Size([1, 1, 224, 224])"
case_00079,69,18.98479461669922,0.0,False,"torch.Size([1, 1, 224, 224])"
case_00102,205,18.506288528442383,0.0,False,"torch.Size([1, 1, 224, 224])"
case_00203,97,19.31166648864746,0.0,False,"torch.Size([1, 1, 224, 224])"
case_00203,321,19.049882888793945,0.0,False,"torch.Size([1, 1, 224, 224])"
case_00079,30,20.229339599609375,0.0,False,"torch.Size([1, 1, 224, 224])"
case_00086,338,19.53601837158203,0.0,False,"torch.Size([1, 1, 224, 224])"
case_00033,197,19.115924835205078,0.0,True,"torch.Size([1, 1, 224, 224])"
case_00203,446,20.283937454223633,0.0,False,"torch.Size([1, 1, 224, 224])"
case_00203,21,19.199848175048828,0.0,False,"torch.Size([1, 1, 224, 224])"
case_00115,45,20.017623901367188,0.0,False,"torch.Size([1, 1, 224, 224])"
case_00102,87,21.468162536621094,0.0,False,"torch.Size([1, 1, 224, 224])"
case_00203,42,18.934249877929688,0.0,False,"torch.Size([1, 1, 224, 224])"
case_00075,168,20.621776580810547,0.0,False,"torch.Size([1, 1, 224, 224])"
case_00161,394,19.079923629760742,0.0,False,"torch.Size([1, 1, 224, 224])"
case_00125,276,21.825075149536133,0.0,False,"torch.Size([1, 1, 224, 224])"
case_00203,376,18.82147789001465,0.0,False,"torch.Size([1, 1, 224, 224])"
case_00125,501,22.08256721496582,0.0,False,"torch.Size([1, 1, 224, 224])"
case_00194,19,19.867897033691406,0.0,False,"torch.Size([1, 1, 224, 224])"
case_00154,488,19.960641860961914,0.0,False,"torch.Size([1, 1, 224, 224])"
case_00133,24,18.794536590576172,0.0,False,"torch.Size([1, 1, 224, 224])"
case_00086,86,27.719974517822266,0.0,False,"torch.Size([1, 1, 224, 224])"
case_00014,271,20.157337188720703,0.0,False,"torch.Size([1, 1, 224, 224])"
case_00161,430,24.363040924072266,0.0,False,"torch.Size([1, 1, 224, 224])"
case_00086,372,20.118236541748047,0.0,False,"torch.Size([1, 1, 224, 224])"
case_00154,245,29.762983322143555,0.0,False,"torch.Size([1, 1, 224, 224])"
case_00133,199,19.879579544067383,0.0,False,"torch.Size([1, 1, 224, 224])"
case_00033,63,19.27804946899414,0.0,False,"torch.Size([1, 1, 224, 224])"
case_00194,145,22.721529006958008,0.0,False,"torch.Size([1, 1, 224, 224])"
case_00133,310,21.506547927856445,0.0,False,"torch.Size([1, 1, 224, 224])"
case_00194,143,21.973848342895508,0.0,False,"torch.Size([1, 1, 224, 224])"
case_00033,264,18.280506134033203,0.0,False,"torch.Size([1, 1, 224, 224])"
case_00075,53,19.5770263671875,0.0,False,"torch.Size([1, 1, 224, 224])"
case_00203,508,18.12124252319336,0.0,False,"torch.Size([1, 1, 224, 224])"
case_00086,24,19.641399383544922,0.0,False,"torch.Size([1, 1, 224, 224])"
case_00115,250,18.71776580810547,0.0,False,"torch.Size([1, 1, 224, 224])"
case_00075,55,20.55668830871582,0.0,False,"torch.Size([1, 1, 224, 224])"
case_00014,8,18.500804901123047,0.0,False,"torch.Size([1, 1, 224, 224])"
case_00102,240,21.635770797729492,0.0,False,"torch.Size([1, 1, 224, 224])"
case_00014,357,18.535614013671875,0.0,False,"torch.Size([1, 1, 224, 224])"
case_00194,456,20.524263381958008,0.0,False,"torch.Size([1, 1, 224, 224])"
case_00075,498,19.27018165588379,0.0,False,"torch.Size([1, 1, 224, 224])"
case_00079,80,21.409034729003906,0.0,False,"torch.Size([1, 1, 224, 224])"
case_00194,325,19.77396011352539,0.0,False,"torch.Size([1, 1, 224, 224])"
case_00154,452,18.810749053955078,0.0,False,"torch.Size([1, 1, 224, 224])"
case_00134,350,20.676136016845703,0.0,True,"torch.Size([1, 1, 224, 224])"
case_00125,174,19.345760345458984,0.0,False,"torch.Size([1, 1, 224, 224])"
case_00133,165,18.812894821166992,0.0,True,"torch.Size([1, 1, 224, 224])"
case_00194,101,21.181821823120117,0.0,False,"torch.Size([1, 1, 224, 224])"
case_00079,187,27.884244918823242,0.0,False,"torch.Size([1, 1, 224, 224])"
case_00203,51,18.60356330871582,0.0,False,"torch.Size([1, 1, 224, 224])"
case_00075,499,21.209716796875,0.0,False,"torch.Size([1, 1, 224, 224])"
case_00115,270,18.537044525146484,0.0,False,"torch.Size([1, 1, 224, 224])"
case_00113,199,19.954681396484375,0.0,False,"torch.Size([1, 1, 224, 224])"
case_00102,52,18.683195114135742,0.0,False,"torch.Size([1, 1, 224, 224])"
case_00086,164,19.90795135498047,0.0,False,"torch.Size([1, 1, 224, 224])"
case_00113,234,20.491838455200195,0.0,False,"torch.Size([1, 1, 224, 224])"
case_00161,376,20.748615264892578,0.0,False,"torch.Size([1, 1, 224, 224])"
case_00161,8,20.10035514831543,0.0,False,"torch.Size([1, 1, 224, 224])"
case_00014,34,20.10321617126465,0.0,False,"torch.Size([1, 1, 224, 224])"
case_00102,272,20.72596549987793,0.0,False,"torch.Size([1, 1, 224, 224])"
case_00125,136,19.93107795715332,0.0,False,"torch.Size([1, 1, 224, 224])"
case_00086,396,20.88165283203125,0.0,True,"torch.Size([1, 1, 224, 224])"
case_00033,467,20.103931427001953,0.0,False,"torch.Size([1, 1, 224, 224])"
case_00115,150,21.12865447998047,0.0,False,"torch.Size([1, 1, 224, 224])"
case_00161,279,19.16050910949707,0.0,False,"torch.Size([1, 1, 224, 224])"
case_00014,111,19.168376922607422,0.0,False,"torch.Size([1, 1, 224, 224])"
case_00086,175,20.217180252075195,0.0,False,"torch.Size([1, 1, 224, 224])"
case_00033,389,18.587112426757812,0.0,False,"torch.Size([1, 1, 224, 224])"
case_00133,43,20.238876342773438,0.0,False,"torch.Size([1, 1, 224, 224])"
case_00133,426,18.70250701904297,0.0,False,"torch.Size([1, 1, 224, 224])"
case_00115,325,20.904064178466797,0.0,True,"torch.Size([1, 1, 224, 224])"
case_00079,127,18.58234405517578,0.0,False,"torch.Size([1, 1, 224, 224])"
case_00113,298,18.04208755493164,0.0,False,"torch.Size([1, 1, 224, 224])"
case_00134,287,19.433021545410156,0.0,False,"torch.Size([1, 1, 224, 224])"
case_00113,356,21.166563034057617,0.0,True,"torch.Size([1, 1, 224, 224])"
case_00154,241,27.2519588470459,0.0,False,"torch.Size([1, 1, 224, 224])"
case_00154,210,20.990848541259766,0.0,False,"torch.Size([1, 1, 224, 224])"
case_00154,107,26.534557342529297,0.0,False,"torch.Size([1, 1, 224, 224])"
case_00161,320,19.983291625976562,0.0,False,"torch.Size([1, 1, 224, 224])"
case_00014,95,18.776655197143555,0.0,False,"torch.Size([1, 1, 224, 224])"
case_00161,316,20.543336868286133,0.0,False,"torch.Size([1, 1, 224, 224])"
case_00203,447,18.90850067138672,0.0,False,"torch.Size([1, 1, 224, 224])"
case_00161,202,21.128416061401367,0.0,False,"torch.Size([1, 1, 224, 224])"
case_00115,275,18.602848052978516,0.0,False,"torch.Size([1, 1, 224, 224])"
case_00115,234,20.871877670288086,0.0,False,"torch.Size([1, 1, 224, 224])"
case_00203,385,18.75162124633789,0.0,False,"torch.Size([1, 1, 224, 224])"
case_00086,317,21.98624610900879,0.0,False,"torch.Size([1, 1, 224, 224])"
case_00033,220,16.54672622680664,0.0,False,"torch.Size([1, 1, 224, 224])"
case_00086,279,19.845008850097656,0.0,False,"torch.Size([1, 1, 224, 224])"
case_00125,90,19.34027671813965,0.0,False,"torch.Size([1, 1, 224, 224])"
case_00102,54,20.043134689331055,0.0,False,"torch.Size([1, 1, 224, 224])"
case_00133,395,19.0274715423584,0.0,False,"torch.Size([1, 1, 224, 224])"
case_00014,390,19.1347599029541,0.0,False,"torch.Size([1, 1, 224, 224])"
case_00161,141,20.5228328704834,0.0,True,"torch.Size([1, 1, 224, 224])"
case_00133,477,21.84271812438965,0.0,False,"torch.Size([1, 1, 224, 224])"
case_00154,475,19.934654235839844,0.0,False,"torch.Size([1, 1, 224, 224])"
case_00154,150,19.213438034057617,0.0,False,"torch.Size([1, 1, 224, 224])"
case_00125,25,20.785808563232422,0.0,False,"torch.Size([1, 1, 224, 224])"
case_00194,263,19.115686416625977,0.0,False,"torch.Size([1, 1, 224, 224])"
case_00014,422,18.131494522094727,0.0,False,"torch.Size([1, 1, 224, 224])"
case_00161,443,19.60468292236328,0.0,False,"torch.Size([1, 1, 224, 224])"
case_00086,192,18.13983917236328,0.0,False,"torch.Size([1, 1, 224, 224])"
case_00134,229,19.9429988861084,0.0,False,"torch.Size([1, 1, 224, 224])"
case_00154,257,18.004179000854492,0.0,False,"torch.Size([1, 1, 224, 224])"
case_00079,418,20.139217376708984,0.0,True,"torch.Size([1, 1, 224, 224])"
case_00075,161,25.542259216308594,0.0,False,"torch.Size([1, 1, 224, 224])"
case_00134,337,22.914409637451172,0.0,True,"torch.Size([1, 1, 224, 224])"
case_00014,345,33.59556198120117,0.0,False,"torch.Size([1, 1, 224, 224])"
case_00115,166,26.65090560913086,0.0,False,"torch.Size([1, 1, 224, 224])"
case_00102,367,19.975900650024414,0.0,True,"torch.Size([1, 1, 224, 224])"
case_00194,457,25.300264358520508,0.0,False,"torch.Size([1, 1, 224, 224])"
case_00194,34,25.319814682006836,0.0,False,"torch.Size([1, 1, 224, 224])"
case_00033,250,19.633054733276367,0.0,False,"torch.Size([1, 1, 224, 224])"
case_00203,120,18.76211166381836,0.0,False,"torch.Size([1, 1, 224, 224])"
case_00134,282,26.345491409301758,0.0,False,"torch.Size([1, 1, 224, 224])"
case_00102,454,22.022008895874023,0.0,False,"torch.Size([1, 1, 224, 224])"
case_00194,361,20.832300186157227,0.0,False,"torch.Size([1, 1, 224, 224])"
case_00102,343,19.022703170776367,0.0,True,"torch.Size([1, 1, 224, 224])"
case_00102,50,22.841930389404297,0.0,False,"torch.Size([1, 1, 224, 224])"
case_00133,91,21.162033081054688,0.0,False,"torch.Size([1, 1, 224, 224])"
case_00075,129,21.893739700317383,0.0,False,"torch.Size([1, 1, 224, 224])"
case_00075,289,21.52419090270996,0.0,False,"torch.Size([1, 1, 224, 224])"
case_00075,146,19.649267196655273,0.0,False,"torch.Size([1, 1, 224, 224])"
case_00075,432,20.991802215576172,0.0,False,"torch.Size([1, 1, 224, 224])"
case_00075,54,19.328594207763672,0.0,False,"torch.Size([1, 1, 224, 224])"
case_00075,63,19.43492889404297,0.0,False,"torch.Size([1, 1, 224, 224])"
case_00086,303,19.273996353149414,0.0,False,"torch.Size([1, 1, 224, 224])"
case_00154,263,19.359350204467773,0.0,False,"torch.Size([1, 1, 224, 224])"
case_00154,19,19.409894943237305,0.0,False,"torch.Size([1, 1, 224, 224])"
case_00033,426,18.811702728271484,0.0,False,"torch.Size([1, 1, 224, 224])"
case_00134,275,21.210908889770508,0.0,False,"torch.Size([1, 1, 224, 224])"
case_00161,135,20.099639892578125,0.0,True,"torch.Size([1, 1, 224, 224])"
case_00134,250,23.213863372802734,0.0,False,"torch.Size([1, 1, 224, 224])"
case_00134,160,20.32470703125,0.0,False,"torch.Size([1, 1, 224, 224])"
case_00161,224,21.369457244873047,0.0,False,"torch.Size([1, 1, 224, 224])"
case_00154,479,19.136905670166016,0.0,False,"torch.Size([1, 1, 224, 224])"
case_00203,8,19.225358963012695,0.0,False,"torch.Size([1, 1, 224, 224])"
case_00102,66,26.203393936157227,0.0,False,"torch.Size([1, 1, 224, 224])"
case_00115,200,19.423723220825195,0.0,False,"torch.Size([1, 1, 224, 224])"
case_00033,49,21.612882614135742,0.0,False,"torch.Size([1, 1, 224, 224])"
case_00102,91,18.693208694458008,0.0,False,"torch.Size([1, 1, 224, 224])"
case_00075,476,20.064115524291992,0.0,False,"torch.Size([1, 1, 224, 224])"
case_00113,17,27.41217613220215,0.0,False,"torch.Size([1, 1, 224, 224])"
case_00075,433,20.259380340576172,0.0,False,"torch.Size([1, 1, 224, 224])"
case_00154,300,18.990516662597656,0.0,False,"torch.Size([1, 1, 224, 224])"
case_00033,367,21.112918853759766,0.0,False,"torch.Size([1, 1, 224, 224])"
case_00086,289,18.99099349975586,0.0,False,"torch.Size([1, 1, 224, 224])"
case_00079,7,33.07461738586426,0.0,False,"torch.Size([1, 1, 224, 224])"
case_00154,499,18.8295841217041,0.0,False,"torch.Size([1, 1, 224, 224])"
case_00086,350,21.196842193603516,0.0,False,"torch.Size([1, 1, 224, 224])"
case_00203,500,18.90397071838379,0.0,False,"torch.Size([1, 1, 224, 224])"
case_00115,486,20.580291748046875,0.0,False,"torch.Size([1, 1, 224, 224])"
case_00161,397,19.246339797973633,0.0,False,"torch.Size([1, 1, 224, 224])"
case_00134,134,20.88165283203125,0.0,False,"torch.Size([1, 1, 224, 224])"
case_00194,329,19.86861228942871,0.0,False,"torch.Size([1, 1, 224, 224])"
case_00133,308,19.17099952697754,0.0,False,"torch.Size([1, 1, 224, 224])"
case_00134,331,20.055770874023438,0.0,True,"torch.Size([1, 1, 224, 224])"
case_00203,499,19.036293029785156,0.0,False,"torch.Size([1, 1, 224, 224])"
case_00115,313,19.847393035888672,0.0,True,"torch.Size([1, 1, 224, 224])"
case_00134,192,25.957345962524414,0.0,False,"torch.Size([1, 1, 224, 224])"
case_00079,472,23.715496063232422,0.0,False,"torch.Size([1, 1, 224, 224])"
case_00125,507,23.897886276245117,0.0,False,"torch.Size([1, 1, 224, 224])"
case_00014,10,19.88697052001953,0.0,False,"torch.Size([1, 1, 224, 224])"
case_00194,150,23.62060546875,0.0,False,"torch.Size([1, 1, 224, 224])"
case_00086,132,20.007848739624023,0.0,False,"torch.Size([1, 1, 224, 224])"
case_00079,385,22.272109985351562,0.0,True,"torch.Size([1, 1, 224, 224])"
case_00194,165,26.68285369873047,0.0,True,"torch.Size([1, 1, 224, 224])"
case_00033,363,19.706249237060547,0.0,False,"torch.Size([1, 1, 224, 224])"
case_00086,15,18.364906311035156,0.0,False,"torch.Size([1, 1, 224, 224])"
case_00113,387,20.421743392944336,0.0,True,"torch.Size([1, 1, 224, 224])"
case_00134,136,21.799564361572266,0.0,False,"torch.Size([1, 1, 224, 224])"
case_00079,483,21.715879440307617,0.0,False,"torch.Size([1, 1, 224, 224])"
case_00014,118,19.037961959838867,0.0,False,"torch.Size([1, 1, 224, 224])"
case_00086,107,20.63465118408203,0.0,False,"torch.Size([1, 1, 224, 224])"
case_00075,152,19.727706909179688,0.0,False,"torch.Size([1, 1, 224, 224])"
case_00134,161,21.607160568237305,0.0,False,"torch.Size([1, 1, 224, 224])"
case_00125,340,20.318269729614258,0.0,False,"torch.Size([1, 1, 224, 224])"
case_00102,263,18.84174346923828,0.0,False,"torch.Size([1, 1, 224, 224])"
case_00102,107,18.918991088867188,0.0,False,"torch.Size([1, 1, 224, 224])"
case_00133,429,19.93536949157715,0.0,False,"torch.Size([1, 1, 224, 224])"
case_00154,392,19.092082977294922,0.0,False,"torch.Size([1, 1, 224, 224])"
case_00154,129,21.532535552978516,0.0,False,"torch.Size([1, 1, 224, 224])"
case_00134,309,19.376754760742188,0.0,False,"torch.Size([1, 1, 224, 224])"
case_00194,53,21.680593490600586,0.0,False,"torch.Size([1, 1, 224, 224])"
case_00079,137,18.918752670288086,0.0,False,"torch.Size([1, 1, 224, 224])"
case_00086,91,19.855499267578125,0.0,False,"torch.Size([1, 1, 224, 224])"
case_00102,425,20.43008804321289,0.0,False,"torch.Size([1, 1, 224, 224])"
case_00102,373,20.551204681396484,0.0,True,"torch.Size([1, 1, 224, 224])"
case_00133,135,18.80502700805664,0.0,True,"torch.Size([1, 1, 224, 224])"
case_00014,295,19.598960876464844,0.0,False,"torch.Size([1, 1, 224, 224])"
case_00086,137,20.80702781677246,0.0,False,"torch.Size([1, 1, 224, 224])"
case_00161,198,21.065473556518555,0.0,False,"torch.Size([1, 1, 224, 224])"
case_00115,247,20.680665969848633,0.0,False,"torch.Size([1, 1, 224, 224])"
case_00102,320,18.08905601501465,0.0,True,"torch.Size([1, 1, 224, 224])"
case_00075,170,20.95651626586914,0.0,False,"torch.Size([1, 1, 224, 224])"
case_00115,277,19.209623336791992,0.0,False,"torch.Size([1, 1, 224, 224])"
case_00194,114,20.769357681274414,0.0,False,"torch.Size([1, 1, 224, 224])"
case_00125,26,21.982669830322266,0.0,False,"torch.Size([1, 1, 224, 224])"
case_00086,478,22.31740951538086,0.0,False,"torch.Size([1, 1, 224, 224])"
case_00203,106,19.190311431884766,0.0,False,"torch.Size([1, 1, 224, 224])"
case_00113,19,21.029949188232422,0.0,False,"torch.Size([1, 1, 224, 224])"
case_00086,240,19.520282745361328,0.0,False,"torch.Size([1, 1, 224, 224])"
case_00086,407,20.424365997314453,0.0,True,"torch.Size([1, 1, 224, 224])"
case_00154,427,20.050764083862305,0.0,False,"torch.Size([1, 1, 224, 224])"
case_00194,212,21.411418914794922,0.0,False,"torch.Size([1, 1, 224, 224])"
case_00014,430,19.35577392578125,0.0,False,"torch.Size([1, 1, 224, 224])"
case_00033,86,20.725727081298828,0.0,False,"torch.Size([1, 1, 224, 224])"
case_00102,362,19.75274085998535,0.0,True,"torch.Size([1, 1, 224, 224])"
case_00086,509,22.56155014038086,0.0,False,"torch.Size([1, 1, 224, 224])"
case_00014,78,19.4242000579834,0.0,False,"torch.Size([1, 1, 224, 224])"
case_00154,211,21.760940551757812,0.0,False,"torch.Size([1, 1, 224, 224])"
case_00075,97,20.97344398498535,0.0,False,"torch.Size([1, 1, 224, 224])"
case_00102,439,19.932270050048828,0.0,False,"torch.Size([1, 1, 224, 224])"
case_00125,354,20.04551887512207,0.0,False,"torch.Size([1, 1, 224, 224])"
case_00134,216,20.987987518310547,0.0,False,"torch.Size([1, 1, 224, 224])"
case_00075,113,19.97661590576172,0.0,False,"torch.Size([1, 1, 224, 224])"
case_00086,291,19.849300384521484,0.0,False,"torch.Size([1, 1, 224, 224])"
case_00203,439,19.604921340942383,0.0,False,"torch.Size([1, 1, 224, 224])"
case_00014,38,20.774364471435547,0.0,False,"torch.Size([1, 1, 224, 224])"
case_00194,39,19.534826278686523,0.0,False,"torch.Size([1, 1, 224, 224])"
case_00115,185,19.90962028503418,0.0,False,"torch.Size([1, 1, 224, 224])"
case_00134,217,20.34306526184082,0.0,False,"torch.Size([1, 1, 224, 224])"
case_00134,144,22.4916934967041,0.0,False,"torch.Size([1, 1, 224, 224])"
case_00134,227,21.273136138916016,0.0,False,"torch.Size([1, 1, 224, 224])"
case_00133,21,19.960641860961914,0.0,False,"torch.Size([1, 1, 224, 224])"
case_00079,87,21.152973175048828,0.0,False,"torch.Size([1, 1, 224, 224])"
case_00133,105,28.465747833251953,0.0,False,"torch.Size([1, 1, 224, 224])"
case_00161,121,23.241281509399414,0.0,False,"torch.Size([1, 1, 224, 224])"
case_00086,1,21.010160446166992,0.0,False,"torch.Size([1, 1, 224, 224])"
case_00014,99,20.04241943359375,0.0,False,"torch.Size([1, 1, 224, 224])"
case_00102,504,20.598649978637695,0.0,False,"torch.Size([1, 1, 224, 224])"
case_00033,107,19.400358200073242,0.0,False,"torch.Size([1, 1, 224, 224])"
case_00125,68,20.552396774291992,0.0,False,"torch.Size([1, 1, 224, 224])"
case_00194,229,19.464492797851562,0.0,False,"torch.Size([1, 1, 224, 224])"
case_00194,247,21.278858184814453,0.0,False,"torch.Size([1, 1, 224, 224])"
case_00113,273,19.437551498413086,0.0,False,"torch.Size([1, 1, 224, 224])"
case_00014,59,19.6230411529541,0.0,False,"torch.Size([1, 1, 224, 224])"
case_00033,181,20.25604248046875,0.0,True,"torch.Size([1, 1, 224, 224])"
case_00113,398,22.129058837890625,0.0,True,"torch.Size([1, 1, 224, 224])"
case_00203,202,21.764278411865234,0.0,False,"torch.Size([1, 1, 224, 224])"
case_00154,76,20.604372024536133,0.0,False,"torch.Size([1, 1, 224, 224])"
case_00113,45,20.104646682739258,0.0,False,"torch.Size([1, 1, 224, 224])"
case_00154,184,20.3249454498291,0.0,False,"torch.Size([1, 1, 224, 224])"
case_00194,381,21.859407424926758,0.0,False,"torch.Size([1, 1, 224, 224])"
case_00086,135,19.930601119995117,0.0,False,"torch.Size([1, 1, 224, 224])"
case_00125,349,22.93872833251953,0.0,False,"torch.Size([1, 1, 224, 224])"
case_00194,10,20.940780639648438,0.0,False,"torch.Size([1, 1, 224, 224])"
case_00086,127,30.408859252929688,0.0,False,"torch.Size([1, 1, 224, 224])"
case_00133,380,19.785165786743164,0.0,False,"torch.Size([1, 1, 224, 224])"
case_00115,251,20.334959030151367,0.0,False,"torch.Size([1, 1, 224, 224])"
case_00086,8,20.35045623779297,0.0,False,"torch.Size([1, 1, 224, 224])"
case_00161,46,19.42586898803711,0.0,False,"torch.Size([1, 1, 224, 224])"
case_00125,482,19.62566375732422,0.0,False,"torch.Size([1, 1, 224, 224])"
case_00102,196,19.602060317993164,0.0,False,"torch.Size([1, 1, 224, 224])"
case_00102,136,19.54507827758789,0.0,False,"torch.Size([1, 1, 224, 224])"
case_00194,182,20.013093948364258,0.0,True,"torch.Size([1, 1, 224, 224])"
case_00075,434,24.4600772857666,0.0,False,"torch.Size([1, 1, 224, 224])"
case_00086,139,24.135589599609375,0.0,False,"torch.Size([1, 1, 224, 224])"
case_00134,454,20.72882652282715,0.0,False,"torch.Size([1, 1, 224, 224])"
case_00154,231,19.145727157592773,0.0,False,"torch.Size([1, 1, 224, 224])"
case_00125,108,20.682096481323242,0.0,False,"torch.Size([1, 1, 224, 224])"
case_00203,462,19.090652465820312,0.0,False,"torch.Size([1, 1, 224, 224])"
case_00194,153,21.991729736328125,0.0,False,"torch.Size([1, 1, 224, 224])"
case_00154,369,18.868684768676758,0.0,False,"torch.Size([1, 1, 224, 224])"
case_00033,505,22.417068481445312,0.0,False,"torch.Size([1, 1, 224, 224])"
case_00086,172,19.279003143310547,0.0,False,"torch.Size([1, 1, 224, 224])"
case_00161,133,22.85933494567871,0.0,True,"torch.Size([1, 1, 224, 224])"
case_00102,12,19.809722900390625,0.0,False,"torch.Size([1, 1, 224, 224])"
case_00133,81,21.587848663330078,0.0,False,"torch.Size([1, 1, 224, 224])"
case_00102,464,18.97406578063965,0.0,False,"torch.Size([1, 1, 224, 224])"
case_00075,350,21.01731300354004,0.0,True,"torch.Size([1, 1, 224, 224])"
case_00115,411,22.403717041015625,0.0,False,"torch.Size([1, 1, 224, 224])"
case_00033,302,20.860910415649414,0.0,False,"torch.Size([1, 1, 224, 224])"
case_00113,84,19.841670989990234,0.0,False,"torch.Size([1, 1, 224, 224])"
case_00154,278,19.984960556030273,0.0,False,"torch.Size([1, 1, 224, 224])"
case_00033,52,19.94037628173828,0.0,False,"torch.Size([1, 1, 224, 224])"
case_00033,5,19.486427307128906,0.0,False,"torch.Size([1, 1, 224, 224])"
case_00134,356,20.53666114807129,0.0,True,"torch.Size([1, 1, 224, 224])"
case_00033,461,19.159555435180664,0.0,False,"torch.Size([1, 1, 224, 224])"
case_00086,165,20.75505256652832,0.0,False,"torch.Size([1, 1, 224, 224])"
case_00079,327,19.426584243774414,0.0,True,"torch.Size([1, 1, 224, 224])"
case_00134,143,22.759199142456055,0.0,False,"torch.Size([1, 1, 224, 224])"
case_00203,235,20.298004150390625,0.0,False,"torch.Size([1, 1, 224, 224])"
case_00033,458,22.678613662719727,0.0,False,"torch.Size([1, 1, 224, 224])"
case_00125,338,19.78325843811035,0.0,False,"torch.Size([1, 1, 224, 224])"
case_00014,199,19.74630355834961,0.0,False,"torch.Size([1, 1, 224, 224])"
case_00086,179,19.928693771362305,0.0,False,"torch.Size([1, 1, 224, 224])"
case_00134,110,20.89095115661621,0.0,False,"torch.Size([1, 1, 224, 224])"
case_00113,73,19.85645294189453,0.0,False,"torch.Size([1, 1, 224, 224])"
case_00014,492,19.05369758605957,0.0,False,"torch.Size([1, 1, 224, 224])"
case_00075,12,20.39051055908203,0.0,False,"torch.Size([1, 1, 224, 224])"
case_00134,234,18.96357536315918,0.0,False,"torch.Size([1, 1, 224, 224])"
case_00194,48,19.910812377929688,0.0,False,"torch.Size([1, 1, 224, 224])"
case_00113,40,19.144773483276367,0.0,False,"torch.Size([1, 1, 224, 224])"
case_00086,448,18.642425537109375,0.0,False,"torch.Size([1, 1, 224, 224])"
case_00125,282,18.989086151123047,0.0,False,"torch.Size([1, 1, 224, 224])"
case_00203,175,20.70474624633789,0.0,False,"torch.Size([1, 1, 224, 224])"
case_00203,460,20.095109939575195,0.0,False,"torch.Size([1, 1, 224, 224])"
case_00134,254,20.52927017211914,0.0,False,"torch.Size([1, 1, 224, 224])"
case_00014,361,18.928050994873047,0.0,False,"torch.Size([1, 1, 224, 224])"
case_00134,438,19.980907440185547,0.0,False,"torch.Size([1, 1, 224, 224])"
case_00161,204,19.024133682250977,0.0,False,"torch.Size([1, 1, 224, 224])"
case_00203,115,18.629789352416992,0.0,False,"torch.Size([1, 1, 224, 224])"
case_00102,25,27.350187301635742,0.0,False,"torch.Size([1, 1, 224, 224])"
case_00102,330,19.02627944946289,0.0,True,"torch.Size([1, 1, 224, 224])"
case_00133,449,21.346330642700195,0.0,False,"torch.Size([1, 1, 224, 224])"
case_00102,214,19.31309700012207,0.0,False,"torch.Size([1, 1, 224, 224])"
case_00033,316,19.706010818481445,0.0,False,"torch.Size([1, 1, 224, 224])"
case_00102,135,18.705129623413086,0.0,False,"torch.Size([1, 1, 224, 224])"
case_00113,198,20.064592361450195,0.0,False,"torch.Size([1, 1, 224, 224])"
case_00079,57,20.741939544677734,0.0,False,"torch.Size([1, 1, 224, 224])"
case_00075,254,22.670984268188477,0.0,False,"torch.Size([1, 1, 224, 224])"
case_00154,91,19.057512283325195,0.0,False,"torch.Size([1, 1, 224, 224])"
case_00113,477,20.231246948242188,0.0,False,"torch.Size([1, 1, 224, 224])"
case_00133,54,19.817113876342773,0.0,False,"torch.Size([1, 1, 224, 224])"
case_00134,294,20.77174186706543,0.0,False,"torch.Size([1, 1, 224, 224])"
case_00154,130,19.5770263671875,0.0,False,"torch.Size([1, 1, 224, 224])"
case_00154,157,21.18849754333496,0.0,False,"torch.Size([1, 1, 224, 224])"
case_00133,476,18.887042999267578,0.0,False,"torch.Size([1, 1, 224, 224])"
case_00079,378,21.24762535095215,0.0,True,"torch.Size([1, 1, 224, 224])"
case_00134,332,23.0257511138916,0.0,True,"torch.Size([1, 1, 224, 224])"
case_00194,391,20.268917083740234,0.0,False,"torch.Size([1, 1, 224, 224])"
case_00133,493,18.811702728271484,0.0,False,"torch.Size([1, 1, 224, 224])"
case_00086,447,19.12689208984375,0.0,False,"torch.Size([1, 1, 224, 224])"
case_00033,183,19.649744033813477,0.0,True,"torch.Size([1, 1, 224, 224])"
case_00115,217,20.580053329467773,0.0,False,"torch.Size([1, 1, 224, 224])"
case_00086,104,18.611907958984375,0.0,False,"torch.Size([1, 1, 224, 224])"
case_00113,497,23.46944808959961,0.0,False,"torch.Size([1, 1, 224, 224])"
case_00033,202,19.764423370361328,0.0,False,"torch.Size([1, 1, 224, 224])"
case_00014,102,20.025253295898438,0.0,False,"torch.Size([1, 1, 224, 224])"
case_00115,205,19.83165740966797,0.0,False,"torch.Size([1, 1, 224, 224])"
case_00115,6,20.576953887939453,0.0,False,"torch.Size([1, 1, 224, 224])"
case_00079,206,21.47817611694336,0.0,False,"torch.Size([1, 1, 224, 224])"
case_00134,132,20.038843154907227,0.0,False,"torch.Size([1, 1, 224, 224])"
case_00113,423,21.52252197265625,0.0,True,"torch.Size([1, 1, 224, 224])"
case_00115,216,20.581483840942383,0.0,False,"torch.Size([1, 1, 224, 224])"
case_00125,2,23.392200469970703,0.0,False,"torch.Size([1, 1, 224, 224])"
case_00161,52,28.477907180786133,0.0,False,"torch.Size([1, 1, 224, 224])"
case_00033,466,19.801616668701172,0.0,False,"torch.Size([1, 1, 224, 224])"
case_00033,97,20.017147064208984,0.0,False,"torch.Size([1, 1, 224, 224])"
case_00075,268,22.61662483215332,0.0,False,"torch.Size([1, 1, 224, 224])"
case_00134,214,19.94609832763672,0.0,False,"torch.Size([1, 1, 224, 224])"
case_00014,35,17.872333526611328,0.0,False,"torch.Size([1, 1, 224, 224])"
case_00113,408,20.220518112182617,0.0,True,"torch.Size([1, 1, 224, 224])"
case_00079,205,19.5620059967041,0.0,False,"torch.Size([1, 1, 224, 224])"
case_00075,237,19.112348556518555,0.0,False,"torch.Size([1, 1, 224, 224])"
case_00115,186,19.84381675720215,0.0,False,"torch.Size([1, 1, 224, 224])"
case_00033,224,19.073009490966797,0.0,False,"torch.Size([1, 1, 224, 224])"
case_00194,497,18.766403198242188,0.0,False,"torch.Size([1, 1, 224, 224])"
case_00133,99,19.655227661132812,0.0,False,"torch.Size([1, 1, 224, 224])"
case_00115,169,19.295215606689453,0.0,False,"torch.Size([1, 1, 224, 224])"
case_00134,389,20.279645919799805,0.0,False,"torch.Size([1, 1, 224, 224])"
case_00102,102,19.17719841003418,0.0,False,"torch.Size([1, 1, 224, 224])"
case_00203,159,19.231796264648438,0.0,False,"torch.Size([1, 1, 224, 224])"
case_00115,476,19.715547561645508,0.0,False,"torch.Size([1, 1, 224, 224])"
case_00086,467,20.631074905395508,0.0,False,"torch.Size([1, 1, 224, 224])"
case_00033,232,19.34075355529785,0.0,False,"torch.Size([1, 1, 224, 224])"
case_00134,326,20.69878578186035,0.0,True,"torch.Size([1, 1, 224, 224])"
case_00194,444,19.073486328125,0.0,False,"torch.Size([1, 1, 224, 224])"
case_00154,357,18.50438117980957,0.0,False,"torch.Size([1, 1, 224, 224])"
case_00033,31,18.293380737304688,0.0,False,"torch.Size([1, 1, 224, 224])"
case_00079,462,19.9129581451416,0.0,True,"torch.Size([1, 1, 224, 224])"
case_00086,72,18.97597312927246,0.0,False,"torch.Size([1, 1, 224, 224])"
case_00133,167,19.260406494140625,0.0,True,"torch.Size([1, 1, 224, 224])"
case_00203,468,23.047208786010742,0.0,False,"torch.Size([1, 1, 224, 224])"
case_00113,474,23.49400520324707,0.0,False,"torch.Size([1, 1, 224, 224])"
case_00133,41,20.687580108642578,0.0,False,"torch.Size([1, 1, 224, 224])"
case_00154,451,22.88055419921875,0.0,False,"torch.Size([1, 1, 224, 224])"
case_00079,178,23.030757904052734,0.0,False,"torch.Size([1, 1, 224, 224])"
case_00102,316,20.353078842163086,0.0,True,"torch.Size([1, 1, 224, 224])"
case_00102,148,25.52008628845215,0.0,False,"torch.Size([1, 1, 224, 224])"
case_00115,312,21.319150924682617,0.0,True,"torch.Size([1, 1, 224, 224])"
case_00086,252,22.415876388549805,0.0,False,"torch.Size([1, 1, 224, 224])"
case_00113,242,20.647287368774414,0.0,False,"torch.Size([1, 1, 224, 224])"
case_00014,292,19.297361373901367,0.0,False,"torch.Size([1, 1, 224, 224])"
case_00102,335,20.29871940612793,0.0,True,"torch.Size([1, 1, 224, 224])"
case_00161,303,21.444320678710938,0.0,False,"torch.Size([1, 1, 224, 224])"
case_00161,253,18.87226104736328,0.0,False,"torch.Size([1, 1, 224, 224])"
case_00075,69,19.361257553100586,0.0,False,"torch.Size([1, 1, 224, 224])"
case_00033,185,19.46282386779785,0.0,True,"torch.Size([1, 1, 224, 224])"
case_00079,393,21.05712890625,0.0,True,"torch.Size([1, 1, 224, 224])"
case_00161,120,18.526792526245117,0.0,False,"torch.Size([1, 1, 224, 224])"
case_00194,205,17.92120933532715,0.0,False,"torch.Size([1, 1, 224, 224])"
case_00102,333,20.612716674804688,0.0,True,"torch.Size([1, 1, 224, 224])"
case_00194,420,20.125150680541992,0.0,False,"torch.Size([1, 1, 224, 224])"
case_00033,189,20.194292068481445,0.0,True,"torch.Size([1, 1, 224, 224])"
case_00154,136,25.94280242919922,0.0,False,"torch.Size([1, 1, 224, 224])"
case_00115,352,30.091047286987305,0.0,True,"torch.Size([1, 1, 224, 224])"
case_00113,32,22.824525833129883,0.0,False,"torch.Size([1, 1, 224, 224])"
case_00102,268,20.67422866821289,0.0,False,"torch.Size([1, 1, 224, 224])"
case_00086,364,24.028301239013672,0.0,False,"torch.Size([1, 1, 224, 224])"
case_00133,503,21.02947235107422,0.0,False,"torch.Size([1, 1, 224, 224])"
case_00134,135,24.54543113708496,0.0,False,"torch.Size([1, 1, 224, 224])"
case_00115,136,19.991159439086914,0.0,False,"torch.Size([1, 1, 224, 224])"
case_00014,412,20.96414566040039,0.0,False,"torch.Size([1, 1, 224, 224])"
case_00086,98,20.8132266998291,0.0,False,"torch.Size([1, 1, 224, 224])"
case_00161,427,20.992040634155273,0.0,False,"torch.Size([1, 1, 224, 224])"
case_00102,498,20.383358001708984,0.0,False,"torch.Size([1, 1, 224, 224])"
case_00154,435,21.286725997924805,0.0,False,"torch.Size([1, 1, 224, 224])"
case_00102,219,19.83332633972168,0.0,False,"torch.Size([1, 1, 224, 224])"
case_00079,434,21.231889724731445,0.0,True,"torch.Size([1, 1, 224, 224])"
case_00075,156,19.78921890258789,0.0,False,"torch.Size([1, 1, 224, 224])"
case_00161,266,20.905256271362305,0.0,False,"torch.Size([1, 1, 224, 224])"
case_00194,507,25.90012550354004,0.0,False,"torch.Size([1, 1, 224, 224])"
case_00102,44,20.405292510986328,0.0,False,"torch.Size([1, 1, 224, 224])"
case_00086,75,20.486831665039062,0.0,False,"torch.Size([1, 1, 224, 224])"
case_00014,195,20.57504653930664,0.0,False,"torch.Size([1, 1, 224, 224])"
case_00086,140,19.366025924682617,0.0,False,"torch.Size([1, 1, 224, 224])"
case_00115,332,18.501758575439453,0.0,True,"torch.Size([1, 1, 224, 224])"
case_00086,430,19.30522918701172,0.0,False,"torch.Size([1, 1, 224, 224])"
case_00203,105,18.66316795349121,0.0,False,"torch.Size([1, 1, 224, 224])"
case_00161,153,19.634246826171875,0.0,True,"torch.Size([1, 1, 224, 224])"
case_00134,120,18.785953521728516,0.0,False,"torch.Size([1, 1, 224, 224])"
case_00086,452,18.809080123901367,0.0,False,"torch.Size([1, 1, 224, 224])"
case_00125,208,21.10886573791504,0.0,False,"torch.Size([1, 1, 224, 224])"
case_00161,227,21.949291229248047,0.0,False,"torch.Size([1, 1, 224, 224])"
case_00133,439,21.950721740722656,0.0,False,"torch.Size([1, 1, 224, 224])"
case_00154,88,19.329547882080078,0.0,False,"torch.Size([1, 1, 224, 224])"
case_00079,160,20.72286605834961,0.0,False,"torch.Size([1, 1, 224, 224])"
case_00075,387,20.88165283203125,0.0,False,"torch.Size([1, 1, 224, 224])"
case_00134,506,21.403074264526367,0.0,False,"torch.Size([1, 1, 224, 224])"
case_00133,330,20.313262939453125,0.0,False,"torch.Size([1, 1, 224, 224])"
case_00194,255,21.254777908325195,0.0,False,"torch.Size([1, 1, 224, 224])"
case_00133,221,20.218372344970703,0.0,False,"torch.Size([1, 1, 224, 224])"
case_00154,80,18.260955810546875,0.0,False,"torch.Size([1, 1, 224, 224])"
case_00113,432,20.158052444458008,0.0,True,"torch.Size([1, 1, 224, 224])"
case_00033,486,18.44024658203125,0.0,False,"torch.Size([1, 1, 224, 224])"
case_00075,374,24.01566505432129,0.0,False,"torch.Size([1, 1, 224, 224])"
case_00133,319,19.941329956054688,0.0,False,"torch.Size([1, 1, 224, 224])"
case_00102,447,20.871400833129883,0.0,False,"torch.Size([1, 1, 224, 224])"
case_00113,493,20.04241943359375,0.0,False,"torch.Size([1, 1, 224, 224])"
case_00154,165,20.447492599487305,0.0,False,"torch.Size([1, 1, 224, 224])"
case_00033,245,20.242929458618164,0.0,False,"torch.Size([1, 1, 224, 224])"
case_00079,369,20.891666412353516,0.0,True,"torch.Size([1, 1, 224, 224])"
case_00113,364,23.408889770507812,0.0,True,"torch.Size([1, 1, 224, 224])"
case_00115,78,19.95110511779785,0.0,False,"torch.Size([1, 1, 224, 224])"
case_00102,76,19.689083099365234,0.0,False,"torch.Size([1, 1, 224, 224])"
case_00194,274,19.643783569335938,0.0,False,"torch.Size([1, 1, 224, 224])"
case_00102,392,19.61827278137207,0.0,True,"torch.Size([1, 1, 224, 224])"
case_00134,70,21.485567092895508,0.0,False,"torch.Size([1, 1, 224, 224])"
case_00161,461,19.34027671813965,0.0,False,"torch.Size([1, 1, 224, 224])"
case_00133,305,20.776748657226562,0.0,False,"torch.Size([1, 1, 224, 224])"
case_00154,160,20.264863967895508,0.0,False,"torch.Size([1, 1, 224, 224])"
case_00033,81,21.33631706237793,0.0,False,"torch.Size([1, 1, 224, 224])"
case_00086,129,21.75736427307129,0.0,False,"torch.Size([1, 1, 224, 224])"
case_00125,92,20.911216735839844,0.0,False,"torch.Size([1, 1, 224, 224])"
case_00115,203,19.576549530029297,0.0,False,"torch.Size([1, 1, 224, 224])"
case_00102,201,18.95308494567871,0.0,False,"torch.Size([1, 1, 224, 224])"
case_00125,382,20.363330841064453,0.0,False,"torch.Size([1, 1, 224, 224])"
case_00194,2,18.72086524963379,0.0,False,"torch.Size([1, 1, 224, 224])"
case_00079,315,19.626379013061523,0.0,False,"torch.Size([1, 1, 224, 224])"
case_00033,421,19.1195011138916,0.0,False,"torch.Size([1, 1, 224, 224])"
case_00134,297,21.43716812133789,0.0,False,"torch.Size([1, 1, 224, 224])"
case_00134,138,19.222497940063477,0.0,False,"torch.Size([1, 1, 224, 224])"
case_00102,142,21.28314971923828,0.0,False,"torch.Size([1, 1, 224, 224])"
case_00115,75,18.66912841796875,0.0,False,"torch.Size([1, 1, 224, 224])"
case_00194,386,21.62456512451172,0.0,False,"torch.Size([1, 1, 224, 224])"
case_00154,428,18.7075138092041,0.0,False,"torch.Size([1, 1, 224, 224])"
case_00133,352,21.256446838378906,0.0,False,"torch.Size([1, 1, 224, 224])"
case_00154,65,19.577741622924805,0.0,False,"torch.Size([1, 1, 224, 224])"
case_00102,162,21.923303604125977,0.0,False,"torch.Size([1, 1, 224, 224])"
case_00134,130,19.088268280029297,0.0,False,"torch.Size([1, 1, 224, 224])"
case_00014,386,21.377086639404297,0.0,False,"torch.Size([1, 1, 224, 224])"
case_00154,335,18.566370010375977,0.0,True,"torch.Size([1, 1, 224, 224])"
case_00115,142,19.93083953857422,0.0,False,"torch.Size([1, 1, 224, 224])"
case_00194,362,18.76521110534668,0.0,False,"torch.Size([1, 1, 224, 224])"
case_00113,166,20.214557647705078,0.0,False,"torch.Size([1, 1, 224, 224])"
case_00154,429,19.29450035095215,0.0,False,"torch.Size([1, 1, 224, 224])"
case_00194,32,20.470619201660156,0.0,False,"torch.Size([1, 1, 224, 224])"
case_00134,268,19.245624542236328,0.0,False,"torch.Size([1, 1, 224, 224])"
case_00014,510,19.066333770751953,0.0,False,"torch.Size([1, 1, 224, 224])"
case_00133,322,20.186424255371094,0.0,False,"torch.Size([1, 1, 224, 224])"
case_00154,229,19.187211990356445,0.0,False,"torch.Size([1, 1, 224, 224])"
case_00161,354,20.931005477905273,0.0,False,"torch.Size([1, 1, 224, 224])"
case_00075,402,19.0732479095459,0.0,False,"torch.Size([1, 1, 224, 224])"
case_00102,113,20.792007446289062,0.0,False,"torch.Size([1, 1, 224, 224])"
case_00154,389,18.54848861694336,0.0,False,"torch.Size([1, 1, 224, 224])"
case_00113,333,20.366907119750977,0.0,True,"torch.Size([1, 1, 224, 224])"
case_00079,275,27.86707878112793,0.0,False,"torch.Size([1, 1, 224, 224])"
case_00079,343,27.750730514526367,0.0,True,"torch.Size([1, 1, 224, 224])"
case_00113,5,20.74146270751953,0.0,False,"torch.Size([1, 1, 224, 224])"
case_00125,454,20.15972137451172,0.0,False,"torch.Size([1, 1, 224, 224])"
case_00203,37,19.0579891204834,0.0,False,"torch.Size([1, 1, 224, 224])"
case_00113,281,20.728349685668945,0.0,False,"torch.Size([1, 1, 224, 224])"
case_00075,475,20.08652687072754,0.0,False,"torch.Size([1, 1, 224, 224])"
case_00194,369,23.51975440979004,0.0,False,"torch.Size([1, 1, 224, 224])"
case_00014,131,18.863439559936523,0.0,False,"torch.Size([1, 1, 224, 224])"
case_00079,510,22.45950698852539,0.0,False,"torch.Size([1, 1, 224, 224])"
case_00115,111,19.490480422973633,0.0,False,"torch.Size([1, 1, 224, 224])"
case_00194,336,20.800113677978516,0.0,False,"torch.Size([1, 1, 224, 224])"
case_00102,280,19.07515525817871,0.0,False,"torch.Size([1, 1, 224, 224])"
case_00134,67,21.220922470092773,0.0,False,"torch.Size([1, 1, 224, 224])"
case_00102,493,19.23823356628418,0.0,False,"torch.Size([1, 1, 224, 224])"
case_00113,100,20.932674407958984,0.0,False,"torch.Size([1, 1, 224, 224])"
case_00102,37,19.060134887695312,0.0,False,"torch.Size([1, 1, 224, 224])"
case_00014,373,21.335124969482422,0.0,False,"torch.Size([1, 1, 224, 224])"
case_00075,59,19.35863494873047,0.0,False,"torch.Size([1, 1, 224, 224])"
case_00014,286,20.127058029174805,0.0,False,"torch.Size([1, 1, 224, 224])"
case_00154,208,27.92191505432129,0.0,False,"torch.Size([1, 1, 224, 224])"
case_00133,349,23.15235137939453,0.0,False,"torch.Size([1, 1, 224, 224])"
case_00133,442,19.515275955200195,0.0,False,"torch.Size([1, 1, 224, 224])"
case_00086,237,20.968198776245117,0.0,False,"torch.Size([1, 1, 224, 224])"
case_00113,459,19.446134567260742,0.0,False,"torch.Size([1, 1, 224, 224])"
case_00203,207,19.347667694091797,0.0,False,"torch.Size([1, 1, 224, 224])"
case_00134,150,20.540714263916016,0.0,False,"torch.Size([1, 1, 224, 224])"
case_00113,373,20.102500915527344,0.0,True,"torch.Size([1, 1, 224, 224])"
case_00125,194,24.756193161010742,0.0,True,"torch.Size([1, 1, 224, 224])"
case_00194,137,19.913196563720703,0.0,False,"torch.Size([1, 1, 224, 224])"
case_00113,292,20.224809646606445,0.0,False,"torch.Size([1, 1, 224, 224])"
case_00102,365,21.722793579101562,0.0,True,"torch.Size([1, 1, 224, 224])"
case_00079,99,24.693965911865234,0.0,False,"torch.Size([1, 1, 224, 224])"
case_00125,120,21.976709365844727,0.0,False,"torch.Size([1, 1, 224, 224])"
case_00113,447,23.047208786010742,0.0,False,"torch.Size([1, 1, 224, 224])"
case_00033,254,20.172595977783203,0.0,False,"torch.Size([1, 1, 224, 224])"
case_00133,348,22.17411994934082,0.0,False,"torch.Size([1, 1, 224, 224])"
case_00134,271,19.907712936401367,0.0,False,"torch.Size([1, 1, 224, 224])"
case_00014,377,19.720077514648438,0.0,False,"torch.Size([1, 1, 224, 224])"
case_00102,417,19.52958106994629,0.0,True,"torch.Size([1, 1, 224, 224])"
case_00115,72,20.176410675048828,0.0,False,"torch.Size([1, 1, 224, 224])"
case_00113,328,21.846294403076172,0.0,True,"torch.Size([1, 1, 224, 224])"
case_00014,200,29.635906219482422,0.0,False,"torch.Size([1, 1, 224, 224])"
case_00154,207,22.489547729492188,0.0,False,"torch.Size([1, 1, 224, 224])"
case_00014,344,19.529104232788086,0.0,False,"torch.Size([1, 1, 224, 224])"
case_00115,457,20.94435691833496,0.0,False,"torch.Size([1, 1, 224, 224])"
case_00134,382,19.826889038085938,0.0,False,"torch.Size([1, 1, 224, 224])"
case_00033,249,19.649267196655273,0.0,False,"torch.Size([1, 1, 224, 224])"
case_00125,183,19.054889678955078,0.0,True,"torch.Size([1, 1, 224, 224])"
case_00113,139,18.65673065185547,0.0,False,"torch.Size([1, 1, 224, 224])"
case_00079,436,18.079519271850586,0.0,True,"torch.Size([1, 1, 224, 224])"
case_00086,12,18.687725067138672,0.0,False,"torch.Size([1, 1, 224, 224])"
case_00075,340,17.64059066772461,0.0,True,"torch.Size([1, 1, 224, 224])"
case_00194,405,23.158550262451172,0.0,False,"torch.Size([1, 1, 224, 224])"
case_00133,472,21.500110626220703,0.0,False,"torch.Size([1, 1, 224, 224])"
case_00086,4,22.65787124633789,0.0,False,"torch.Size([1, 1, 224, 224])"
case_00033,293,19.906997680664062,0.0,False,"torch.Size([1, 1, 224, 224])"
case_00075,412,21.57878875732422,0.0,False,"torch.Size([1, 1, 224, 224])"
case_00133,288,19.47307586669922,0.0,False,"torch.Size([1, 1, 224, 224])"
case_00075,7,22.0034122467041,0.0,False,"torch.Size([1, 1, 224, 224])"
case_00115,175,19.068479537963867,0.0,False,"torch.Size([1, 1, 224, 224])"
case_00079,13,21.29530906677246,0.0,False,"torch.Size([1, 1, 224, 224])"
case_00079,21,18.868684768676758,0.0,False,"torch.Size([1, 1, 224, 224])"
case_00125,407,21.058082580566406,0.0,False,"torch.Size([1, 1, 224, 224])"
case_00154,59,17.793893814086914,0.0,False,"torch.Size([1, 1, 224, 224])"
case_00113,184,20.180463790893555,0.0,False,"torch.Size([1, 1, 224, 224])"
case_00086,316,18.280982971191406,0.0,False,"torch.Size([1, 1, 224, 224])"
case_00161,246,19.85311508178711,0.0,False,"torch.Size([1, 1, 224, 224])"
case_00086,392,18.405437469482422,0.0,True,"torch.Size([1, 1, 224, 224])"
case_00133,454,23.2393741607666,0.0,False,"torch.Size([1, 1, 224, 224])"
case_00154,344,18.771648406982422,0.0,True,"torch.Size([1, 1, 224, 224])"
case_00115,318,18.169164657592773,0.0,True,"torch.Size([1, 1, 224, 224])"
case_00133,272,18.303394317626953,0.0,False,"torch.Size([1, 1, 224, 224])"
case_00075,483,18.6920166015625,0.0,False,"torch.Size([1, 1, 224, 224])"
case_00113,230,19.373655319213867,0.0,False,"torch.Size([1, 1, 224, 224])"
case_00133,486,19.62566375732422,0.0,False,"torch.Size([1, 1, 224, 224])"
case_00113,28,19.728899002075195,0.0,False,"torch.Size([1, 1, 224, 224])"
case_00161,122,21.0878849029541,0.0,False,"torch.Size([1, 1, 224, 224])"
case_00194,256,19.75870132446289,0.0,False,"torch.Size([1, 1, 224, 224])"
case_00033,27,19.57225799560547,0.0,False,"torch.Size([1, 1, 224, 224])"
case_00194,71,20.92909812927246,0.0,False,"torch.Size([1, 1, 224, 224])"
case_00113,178,22.966384887695312,0.0,False,"torch.Size([1, 1, 224, 224])"
case_00075,66,21.864891052246094,0.0,False,"torch.Size([1, 1, 224, 224])"
case_00075,38,19.876956939697266,0.0,False,"torch.Size([1, 1, 224, 224])"
case_00115,299,18.803834915161133,0.0,False,"torch.Size([1, 1, 224, 224])"
case_00075,223,21.05259895324707,0.0,False,"torch.Size([1, 1, 224, 224])"
case_00102,18,18.818140029907227,0.0,False,"torch.Size([1, 1, 224, 224])"
case_00075,35,20.967960357666016,0.0,False,"torch.Size([1, 1, 224, 224])"
case_00161,126,19.78278160095215,0.0,True,"torch.Size([1, 1, 224, 224])"
case_00075,378,18.769264221191406,0.0,False,"torch.Size([1, 1, 224, 224])"
case_00086,35,18.51963996887207,0.0,False,"torch.Size([1, 1, 224, 224])"
case_00079,217,19.71292495727539,0.0,False,"torch.Size([1, 1, 224, 224])"
case_00161,451,20.461320877075195,0.0,False,"torch.Size([1, 1, 224, 224])"
case_00075,392,19.9429988861084,0.0,False,"torch.Size([1, 1, 224, 224])"
case_00125,307,20.079612731933594,0.0,False,"torch.Size([1, 1, 224, 224])"
case_00194,383,30.735492706298828,0.0,False,"torch.Size([1, 1, 224, 224])"
case_00161,63,22.586822509765625,0.0,False,"torch.Size([1, 1, 224, 224])"
case_00203,141,19.010305404663086,0.0,False,"torch.Size([1, 1, 224, 224])"
case_00079,198,19.87910270690918,0.0,False,"torch.Size([1, 1, 224, 224])"
case_00033,133,18.43857765197754,0.0,False,"torch.Size([1, 1, 224, 224])"
case_00115,362,19.593477249145508,0.0,False,"torch.Size([1, 1, 224, 224])"
case_00194,414,21.001100540161133,0.0,False,"torch.Size([1, 1, 224, 224])"
case_00075,172,23.084163665771484,0.0,False,"torch.Size([1, 1, 224, 224])"
case_00133,73,19.517898559570312,0.0,False,"torch.Size([1, 1, 224, 224])"
case_00125,40,21.44145965576172,0.0,False,"torch.Size([1, 1, 224, 224])"
case_00086,90,19.38652992248535,0.0,False,"torch.Size([1, 1, 224, 224])"
case_00203,214,19.58155632019043,0.0,False,"torch.Size([1, 1, 224, 224])"
case_00075,192,22.353410720825195,0.0,False,"torch.Size([1, 1, 224, 224])"
case_00115,191,20.251989364624023,0.0,False,"torch.Size([1, 1, 224, 224])"
case_00203,395,24.950504302978516,0.0,False,"torch.Size([1, 1, 224, 224])"
case_00086,301,22.218704223632812,0.0,False,"torch.Size([1, 1, 224, 224])"
case_00125,329,22.5830078125,0.0,False,"torch.Size([1, 1, 224, 224])"
case_00079,46,19.486427307128906,0.0,False,"torch.Size([1, 1, 224, 224])"
case_00086,56,19.81210708618164,0.0,False,"torch.Size([1, 1, 224, 224])"
case_00033,487,18.538951873779297,0.0,False,"torch.Size([1, 1, 224, 224])"
case_00113,175,21.5151309967041,0.0,False,"torch.Size([1, 1, 224, 224])"
case_00134,362,19.643783569335938,0.0,True,"torch.Size([1, 1, 224, 224])"
case_00125,199,22.9952335357666,0.0,True,"torch.Size([1, 1, 224, 224])"
case_00161,474,21.346569061279297,0.0,False,"torch.Size([1, 1, 224, 224])"
case_00102,161,18.640995025634766,0.0,False,"torch.Size([1, 1, 224, 224])"
case_00079,190,20.6301212310791,0.0,False,"torch.Size([1, 1, 224, 224])"
case_00075,414,19.92964744567871,0.0,False,"torch.Size([1, 1, 224, 224])"
case_00203,151,21.613597869873047,0.0,False,"torch.Size([1, 1, 224, 224])"
case_00086,360,21.378278732299805,0.0,False,"torch.Size([1, 1, 224, 224])"
case_00194,276,19.872665405273438,0.0,False,"torch.Size([1, 1, 224, 224])"
case_00033,140,21.19302749633789,0.0,False,"torch.Size([1, 1, 224, 224])"
case_00086,112,20.21479606628418,0.0,False,"torch.Size([1, 1, 224, 224])"
case_00125,334,21.663665771484375,0.0,False,"torch.Size([1, 1, 224, 224])"
case_00133,416,19.098520278930664,0.0,False,"torch.Size([1, 1, 224, 224])"
case_00133,488,26.029348373413086,0.0,False,"torch.Size([1, 1, 224, 224])"
case_00115,112,20.003080368041992,0.0,False,"torch.Size([1, 1, 224, 224])"
case_00113,370,20.353078842163086,0.0,True,"torch.Size([1, 1, 224, 224])"
case_00134,62,23.988723754882812,0.0,False,"torch.Size([1, 1, 224, 224])"
case_00125,12,21.511316299438477,0.0,False,"torch.Size([1, 1, 224, 224])"
case_00033,499,20.36261558532715,0.0,False,"torch.Size([1, 1, 224, 224])"
case_00134,385,21.5604305267334,0.0,False,"torch.Size([1, 1, 224, 224])"
case_00102,77,19.344568252563477,0.0,False,"torch.Size([1, 1, 224, 224])"
case_00014,486,22.855043411254883,0.0,False,"torch.Size([1, 1, 224, 224])"
case_00033,362,19.739389419555664,0.0,False,"torch.Size([1, 1, 224, 224])"
case_00154,224,30.4718017578125,0.0,False,"torch.Size([1, 1, 224, 224])"
case_00133,386,20.81751823425293,0.0,False,"torch.Size([1, 1, 224, 224])"
case_00079,495,21.715402603149414,0.0,False,"torch.Size([1, 1, 224, 224])"
case_00075,431,19.61374282836914,0.0,False,"torch.Size([1, 1, 224, 224])"
case_00194,487,19.44589614868164,0.0,False,"torch.Size([1, 1, 224, 224])"
case_00086,183,19.911527633666992,0.0,False,"torch.Size([1, 1, 224, 224])"
case_00133,90,19.534587860107422,0.0,False,"torch.Size([1, 1, 224, 224])"
case_00086,427,19.417762756347656,0.0,False,"torch.Size([1, 1, 224, 224])"
case_00079,172,20.8737850189209,0.0,False,"torch.Size([1, 1, 224, 224])"
case_00154,264,19.25826072692871,0.0,False,"torch.Size([1, 1, 224, 224])"
case_00125,364,29.15215492248535,0.0,False,"torch.Size([1, 1, 224, 224])"
case_00086,204,20.81775665283203,0.0,False,"torch.Size([1, 1, 224, 224])"
case_00125,436,23.326635360717773,0.0,False,"torch.Size([1, 1, 224, 224])"
case_00014,374,21.211624145507812,0.0,False,"torch.Size([1, 1, 224, 224])"
case_00033,260,22.01533317565918,0.0,False,"torch.Size([1, 1, 224, 224])"
case_00161,495,20.040035247802734,0.0,False,"torch.Size([1, 1, 224, 224])"
case_00125,192,23.434877395629883,0.0,True,"torch.Size([1, 1, 224, 224])"
case_00113,422,26.08633041381836,0.0,True,"torch.Size([1, 1, 224, 224])"
case_00154,405,24.9021053314209,0.0,False,"torch.Size([1, 1, 224, 224])"
case_00014,141,22.480487823486328,0.0,False,"torch.Size([1, 1, 224, 224])"
case_00033,490,18.27383041381836,0.0,False,"torch.Size([1, 1, 224, 224])"
case_00079,2,19.67763900756836,0.0,False,"torch.Size([1, 1, 224, 224])"
case_00115,106,18.506288528442383,0.0,False,"torch.Size([1, 1, 224, 224])"
case_00134,357,20.283222198486328,0.0,True,"torch.Size([1, 1, 224, 224])"
case_00079,296,18.929004669189453,0.0,False,"torch.Size([1, 1, 224, 224])"
case_00125,500,18.046855926513672,0.0,False,"torch.Size([1, 1, 224, 224])"
case_00194,277,19.7451114654541,0.0,False,"torch.Size([1, 1, 224, 224])"
case_00161,259,20.278453826904297,0.0,False,"torch.Size([1, 1, 224, 224])"
case_00203,383,18.874406814575195,0.0,False,"torch.Size([1, 1, 224, 224])"
case_00014,396,20.0192928314209,0.0,False,"torch.Size([1, 1, 224, 224])"
case_00125,278,20.257949829101562,0.0,False,"torch.Size([1, 1, 224, 224])"
case_00134,469,19.718647003173828,0.0,False,"torch.Size([1, 1, 224, 224])"
case_00075,204,19.69289779663086,0.0,False,"torch.Size([1, 1, 224, 224])"
case_00079,431,21.335601806640625,0.0,True,"torch.Size([1, 1, 224, 224])"
case_00086,147,20.75028419494629,0.0,False,"torch.Size([1, 1, 224, 224])"
case_00125,401,20.145177841186523,0.0,False,"torch.Size([1, 1, 224, 224])"
case_00203,84,18.447160720825195,0.0,False,"torch.Size([1, 1, 224, 224])"
case_00154,317,20.67875862121582,0.0,True,"torch.Size([1, 1, 224, 224])"
case_00014,23,19.546031951904297,0.0,False,"torch.Size([1, 1, 224, 224])"
case_00125,487,20.685911178588867,0.0,False,"torch.Size([1, 1, 224, 224])"
case_00194,146,18.236637115478516,0.0,False,"torch.Size([1, 1, 224, 224])"
case_00014,55,19.9277400970459,0.0,False,"torch.Size([1, 1, 224, 224])"
case_00194,45,19.025325775146484,0.0,False,"torch.Size([1, 1, 224, 224])"
case_00134,446,20.235776901245117,0.0,False,"torch.Size([1, 1, 224, 224])"
case_00079,243,28.29599380493164,0.0,False,"torch.Size([1, 1, 224, 224])"
case_00125,327,30.18021583557129,0.0,False,"torch.Size([1, 1, 224, 224])"
case_00133,323,19.742488861083984,0.0,False,"torch.Size([1, 1, 224, 224])"
case_00134,158,21.53301239013672,0.0,False,"torch.Size([1, 1, 224, 224])"
case_00161,154,20.134687423706055,0.0,True,"torch.Size([1, 1, 224, 224])"
case_00133,251,27.48894691467285,0.0,False,"torch.Size([1, 1, 224, 224])"
case_00033,93,19.219398498535156,0.0,False,"torch.Size([1, 1, 224, 224])"
case_00115,54,20.51830291748047,0.0,False,"torch.Size([1, 1, 224, 224])"
case_00161,292,19.0277099609375,0.0,False,"torch.Size([1, 1, 224, 224])"
case_00115,346,19.09804344177246,0.0,True,"torch.Size([1, 1, 224, 224])"
case_00113,22,21.49510383605957,0.0,False,"torch.Size([1, 1, 224, 224])"
case_00075,344,19.204139709472656,0.0,True,"torch.Size([1, 1, 224, 224])"
case_00133,287,20.993709564208984,0.0,False,"torch.Size([1, 1, 224, 224])"
case_00115,96,20.954608917236328,0.0,False,"torch.Size([1, 1, 224, 224])"
case_00115,293,19.22130584716797,0.0,False,"torch.Size([1, 1, 224, 224])"
case_00133,427,20.34306526184082,0.0,False,"torch.Size([1, 1, 224, 224])"
case_00133,182,18.703699111938477,0.0,True,"torch.Size([1, 1, 224, 224])"
case_00134,23,20.086288452148438,0.0,False,"torch.Size([1, 1, 224, 224])"
case_00014,186,18.512248992919922,0.0,True,"torch.Size([1, 1, 224, 224])"
case_00113,331,33.47659111022949,0.0,True,"torch.Size([1, 1, 224, 224])"
case_00102,329,23.151397705078125,0.0,True,"torch.Size([1, 1, 224, 224])"
case_00194,396,18.2955265045166,0.0,False,"torch.Size([1, 1, 224, 224])"
case_00014,240,19.054651260375977,0.0,False,"torch.Size([1, 1, 224, 224])"
case_00154,58,19.651412963867188,0.0,False,"torch.Size([1, 1, 224, 224])"
case_00134,289,19.873857498168945,0.0,False,"torch.Size([1, 1, 224, 224])"
case_00014,310,19.275426864624023,0.0,False,"torch.Size([1, 1, 224, 224])"
case_00154,507,21.851539611816406,0.0,False,"torch.Size([1, 1, 224, 224])"
case_00115,306,19.63210105895996,0.0,False,"torch.Size([1, 1, 224, 224])"
case_00113,403,22.164344787597656,0.0,True,"torch.Size([1, 1, 224, 224])"
case_00086,394,21.75283432006836,0.0,True,"torch.Size([1, 1, 224, 224])"
case_00102,62,24.71756935119629,0.0,False,"torch.Size([1, 1, 224, 224])"
case_00014,354,19.443035125732422,0.0,False,"torch.Size([1, 1, 224, 224])"
case_00125,264,21.93164825439453,0.0,False,"torch.Size([1, 1, 224, 224])"
case_00075,128,19.133806228637695,0.0,False,"torch.Size([1, 1, 224, 224])"
case_00014,287,26.329755783081055,0.0,False,"torch.Size([1, 1, 224, 224])"
case_00125,58,20.632505416870117,0.0,False,"torch.Size([1, 1, 224, 224])"
case_00014,168,22.649049758911133,0.0,False,"torch.Size([1, 1, 224, 224])"
case_00115,235,21.21424674987793,0.0,False,"torch.Size([1, 1, 224, 224])"
case_00203,467,19.154787063598633,0.0,False,"torch.Size([1, 1, 224, 224])"
case_00102,106,19.852638244628906,0.0,False,"torch.Size([1, 1, 224, 224])"
case_00113,270,19.887208938598633,0.0,False,"torch.Size([1, 1, 224, 224])"
case_00014,261,20.64967155456543,0.0,False,"torch.Size([1, 1, 224, 224])"
case_00113,353,19.713401794433594,0.0,True,"torch.Size([1, 1, 224, 224])"
case_00115,446,27.779817581176758,0.0,False,"torch.Size([1, 1, 224, 224])"
case_00115,472,23.71692657470703,0.0,False,"torch.Size([1, 1, 224, 224])"
case_00154,425,20.038127899169922,0.0,False,"torch.Size([1, 1, 224, 224])"
case_00075,191,19.40441131591797,0.0,False,"torch.Size([1, 1, 224, 224])"
case_00086,473,19.097328186035156,0.0,False,"torch.Size([1, 1, 224, 224])"
case_00161,267,21.364927291870117,0.0,False,"torch.Size([1, 1, 224, 224])"
case_00079,268,19.741535186767578,0.0,False,"torch.Size([1, 1, 224, 224])"
case_00125,453,19.083261489868164,0.0,False,"torch.Size([1, 1, 224, 224])"
case_00033,228,19.94776725769043,0.0,False,"torch.Size([1, 1, 224, 224])"
case_00033,371,19.9282169342041,0.0,False,"torch.Size([1, 1, 224, 224])"
case_00079,147,21.975278854370117,0.0,False,"torch.Size([1, 1, 224, 224])"
case_00203,99,18.935203552246094,0.0,False,"torch.Size([1, 1, 224, 224])"
case_00079,238,22.06563949584961,0.0,False,"torch.Size([1, 1, 224, 224])"
case_00133,13,18.10765266418457,0.0,False,"torch.Size([1, 1, 224, 224])"
case_00133,327,20.94268798828125,0.0,False,"torch.Size([1, 1, 224, 224])"
case_00075,158,19.0126895904541,0.0,False,"torch.Size([1, 1, 224, 224])"
case_00075,384,19.571781158447266,0.0,False,"torch.Size([1, 1, 224, 224])"
case_00154,401,19.747495651245117,0.0,False,"torch.Size([1, 1, 224, 224])"
case_00033,201,21.234750747680664,0.0,False,"torch.Size([1, 1, 224, 224])"
case_00133,83,19.7601318359375,0.0,False,"torch.Size([1, 1, 224, 224])"
case_00086,182,20.84803581237793,0.0,False,"torch.Size([1, 1, 224, 224])"
case_00014,459,18.883705139160156,0.0,False,"torch.Size([1, 1, 224, 224])"
case_00125,110,20.095109939575195,0.0,False,"torch.Size([1, 1, 224, 224])"
case_00014,485,19.19865608215332,0.0,False,"torch.Size([1, 1, 224, 224])"
case_00194,95,20.470380783081055,0.0,False,"torch.Size([1, 1, 224, 224])"
case_00086,3,20.110130310058594,0.0,False,"torch.Size([1, 1, 224, 224])"
case_00102,260,21.156787872314453,0.0,False,"torch.Size([1, 1, 224, 224])"
case_00079,90,20.55525779724121,0.0,False,"torch.Size([1, 1, 224, 224])"
case_00102,184,20.371198654174805,0.0,False,"torch.Size([1, 1, 224, 224])"
case_00113,294,20.308971405029297,0.0,False,"torch.Size([1, 1, 224, 224])"
case_00161,335,19.849538803100586,0.0,False,"torch.Size([1, 1, 224, 224])"
case_00075,373,19.53911781311035,0.0,False,"torch.Size([1, 1, 224, 224])"
case_00113,206,22.57561683654785,0.0,False,"torch.Size([1, 1, 224, 224])"
case_00133,191,25.549650192260742,0.0,False,"torch.Size([1, 1, 224, 224])"
case_00033,221,19.745588302612305,0.0,False,"torch.Size([1, 1, 224, 224])"
case_00115,393,21.66128158569336,0.0,False,"torch.Size([1, 1, 224, 224])"
case_00154,228,19.800901412963867,0.0,False,"torch.Size([1, 1, 224, 224])"
case_00194,402,21.692514419555664,0.0,False,"torch.Size([1, 1, 224, 224])"
case_00115,481,19.34075355529785,0.0,False,"torch.Size([1, 1, 224, 224])"
case_00133,18,20.920753479003906,0.0,False,"torch.Size([1, 1, 224, 224])"
case_00161,206,19.84119415283203,0.0,False,"torch.Size([1, 1, 224, 224])"
case_00125,53,21.167755126953125,0.0,False,"torch.Size([1, 1, 224, 224])"
case_00133,224,19.50526237487793,0.0,False,"torch.Size([1, 1, 224, 224])"
case_00203,78,30.98607063293457,0.0,False,"torch.Size([1, 1, 224, 224])"
case_00079,164,23.23317527770996,0.0,False,"torch.Size([1, 1, 224, 224])"
case_00075,140,19.509553909301758,0.0,False,"torch.Size([1, 1, 224, 224])"
case_00115,115,21.05712890625,0.0,False,"torch.Size([1, 1, 224, 224])"
case_00203,113,18.308639526367188,0.0,False,"torch.Size([1, 1, 224, 224])"
case_00115,338,20.373821258544922,0.0,True,"torch.Size([1, 1, 224, 224])"
case_00125,446,20.17068862915039,0.0,False,"torch.Size([1, 1, 224, 224])"
case_00125,98,19.3023681640625,0.0,False,"torch.Size([1, 1, 224, 224])"
case_00161,71,20.097017288208008,0.0,False,"torch.Size([1, 1, 224, 224])"
case_00079,122,20.331859588623047,0.0,False,"torch.Size([1, 1, 224, 224])"
case_00161,225,21.422863006591797,0.0,False,"torch.Size([1, 1, 224, 224])"
case_00134,0,19.786357879638672,0.0,False,"torch.Size([1, 1, 224, 224])"
case_00134,87,21.605491638183594,0.0,False,"torch.Size([1, 1, 224, 224])"
case_00203,193,19.427061080932617,0.0,False,"torch.Size([1, 1, 224, 224])"
case_00102,264,23.111343383789062,0.0,False,"torch.Size([1, 1, 224, 224])"
case_00203,43,19.378662109375,0.0,False,"torch.Size([1, 1, 224, 224])"
case_00203,253,20.720243453979492,0.0,False,"torch.Size([1, 1, 224, 224])"
case_00079,179,19.552946090698242,0.0,False,"torch.Size([1, 1, 224, 224])"
case_00075,258,21.989822387695312,0.0,False,"torch.Size([1, 1, 224, 224])"
case_00086,156,19.416093826293945,0.0,False,"torch.Size([1, 1, 224, 224])"
case_00161,65,22.04608917236328,0.0,False,"torch.Size([1, 1, 224, 224])"
case_00113,415,19.869089126586914,0.0,True,"torch.Size([1, 1, 224, 224])"
case_00113,372,23.064136505126953,0.0,True,"torch.Size([1, 1, 224, 224])"
case_00115,436,22.604942321777344,0.0,False,"torch.Size([1, 1, 224, 224])"
case_00033,150,20.833730697631836,0.0,False,"torch.Size([1, 1, 224, 224])"
case_00134,196,31.67438507080078,0.0,False,"torch.Size([1, 1, 224, 224])"
case_00133,225,23.0710506439209,0.0,False,"torch.Size([1, 1, 224, 224])"
case_00115,26,19.270896911621094,0.0,False,"torch.Size([1, 1, 224, 224])"
case_00113,347,21.16847038269043,0.0,True,"torch.Size([1, 1, 224, 224])"
case_00102,111,18.49079132080078,0.0,False,"torch.Size([1, 1, 224, 224])"
case_00113,384,20.39790153503418,0.0,True,"torch.Size([1, 1, 224, 224])"
case_00033,15,18.884897232055664,0.0,False,"torch.Size([1, 1, 224, 224])"
case_00125,197,20.206689834594727,0.0,True,"torch.Size([1, 1, 224, 224])"
case_00154,85,20.004987716674805,0.0,False,"torch.Size([1, 1, 224, 224])"
case_00161,356,21.234750747680664,0.0,False,"torch.Size([1, 1, 224, 224])"
case_00203,23,19.427061080932617,0.0,False,"torch.Size([1, 1, 224, 224])"
case_00203,25,21.29054069519043,0.0,False,"torch.Size([1, 1, 224, 224])"
case_00113,453,19.95539665222168,0.0,False,"torch.Size([1, 1, 224, 224])"
case_00194,327,20.823001861572266,0.0,False,"torch.Size([1, 1, 224, 224])"
case_00161,214,19.34027671813965,0.0,False,"torch.Size([1, 1, 224, 224])"
case_00033,190,18.683910369873047,0.0,True,"torch.Size([1, 1, 224, 224])"
case_00113,426,23.50449562072754,0.0,True,"torch.Size([1, 1, 224, 224])"
case_00115,343,19.59991455078125,0.0,True,"torch.Size([1, 1, 224, 224])"
case_00133,126,18.23592185974121,0.0,True,"torch.Size([1, 1, 224, 224])"
case_00134,465,22.231578826904297,0.0,False,"torch.Size([1, 1, 224, 224])"
case_00102,63,17.992258071899414,0.0,False,"torch.Size([1, 1, 224, 224])"
case_00075,151,19.69766616821289,0.0,False,"torch.Size([1, 1, 224, 224])"
case_00203,130,19.164085388183594,0.0,False,"torch.Size([1, 1, 224, 224])"
case_00133,326,19.75393295288086,0.0,False,"torch.Size([1, 1, 224, 224])"
case_00154,318,19.240140914916992,0.0,True,"torch.Size([1, 1, 224, 224])"
case_00154,178,22.108793258666992,0.0,False,"torch.Size([1, 1, 224, 224])"
case_00133,50,19.801616668701172,0.0,False,"torch.Size([1, 1, 224, 224])"
case_00154,31,20.76125144958496,0.0,False,"torch.Size([1, 1, 224, 224])"
case_00203,285,19.09780502319336,0.0,False,"torch.Size([1, 1, 224, 224])"
case_00086,255,20.496606826782227,0.0,False,"torch.Size([1, 1, 224, 224])"
case_00133,346,19.14668083190918,0.0,False,"torch.Size([1, 1, 224, 224])"
case_00203,231,19.50216293334961,0.0,False,"torch.Size([1, 1, 224, 224])"
case_00033,148,27.93598175048828,0.0,False,"torch.Size([1, 1, 224, 224])"
case_00133,58,29.173612594604492,0.0,False,"torch.Size([1, 1, 224, 224])"
case_00033,431,18.998146057128906,0.0,False,"torch.Size([1, 1, 224, 224])"
case_00161,138,24.90687370300293,0.0,True,"torch.Size([1, 1, 224, 224])"
case_00154,193,28.14793586730957,0.0,False,"torch.Size([1, 1, 224, 224])"
case_00125,170,27.63962745666504,0.0,False,"torch.Size([1, 1, 224, 224])"
case_00161,165,20.108461380004883,0.0,True,"torch.Size([1, 1, 224, 224])"
case_00161,223,20.42531967163086,0.0,False,"torch.Size([1, 1, 224, 224])"
case_00086,32,20.2939510345459,0.0,False,"torch.Size([1, 1, 224, 224])"
case_00075,386,21.33941650390625,0.0,False,"torch.Size([1, 1, 224, 224])"
case_00115,49,19.91868019104004,0.0,False,"torch.Size([1, 1, 224, 224])"
case_00133,189,21.278858184814453,0.0,False,"torch.Size([1, 1, 224, 224])"
case_00134,489,19.917726516723633,0.0,False,"torch.Size([1, 1, 224, 224])"
case_00102,173,19.90532875061035,0.0,False,"torch.Size([1, 1, 224, 224])"
case_00014,499,19.49787139892578,0.0,False,"torch.Size([1, 1, 224, 224])"
case_00113,463,21.296024322509766,0.0,False,"torch.Size([1, 1, 224, 224])"
case_00133,241,20.000696182250977,0.0,False,"torch.Size([1, 1, 224, 224])"
case_00079,262,21.53778076171875,0.0,False,"torch.Size([1, 1, 224, 224])"
case_00102,327,19.437551498413086,0.0,True,"torch.Size([1, 1, 224, 224])"
case_00033,463,20.41912078857422,0.0,False,"torch.Size([1, 1, 224, 224])"
case_00102,499,19.858121871948242,0.0,False,"torch.Size([1, 1, 224, 224])"
case_00194,298,20.5841064453125,0.0,False,"torch.Size([1, 1, 224, 224])"
case_00079,145,19.533634185791016,0.0,False,"torch.Size([1, 1, 224, 224])"
case_00115,88,19.584178924560547,0.0,False,"torch.Size([1, 1, 224, 224])"
case_00086,230,20.912885665893555,0.0,False,"torch.Size([1, 1, 224, 224])"
case_00203,114,19.763946533203125,0.0,False,"torch.Size([1, 1, 224, 224])"
case_00134,266,21.47817611694336,0.0,False,"torch.Size([1, 1, 224, 224])"
case_00133,249,20.408153533935547,0.0,False,"torch.Size([1, 1, 224, 224])"
case_00014,21,21.731853485107422,0.0,False,"torch.Size([1, 1, 224, 224])"
case_00161,441,20.43771743774414,0.0,False,"torch.Size([1, 1, 224, 224])"
case_00102,383,20.063400268554688,0.0,True,"torch.Size([1, 1, 224, 224])"
case_00154,432,28.51390838623047,0.0,False,"torch.Size([1, 1, 224, 224])"
case_00079,506,38.81025314331055,0.0,False,"torch.Size([1, 1, 224, 224])"
case_00075,188,19.46425437927246,0.0,False,"torch.Size([1, 1, 224, 224])"
case_00134,451,20.206689834594727,0.0,False,"torch.Size([1, 1, 224, 224])"
case_00154,312,20.425796508789062,0.0,True,"torch.Size([1, 1, 224, 224])"
case_00134,47,29.29544448852539,0.0,False,"torch.Size([1, 1, 224, 224])"
case_00033,491,20.75958251953125,0.0,False,"torch.Size([1, 1, 224, 224])"
case_00033,64,20.962953567504883,0.0,False,"torch.Size([1, 1, 224, 224])"
case_00154,94,19.70815658569336,0.0,False,"torch.Size([1, 1, 224, 224])"
case_00133,411,20.377397537231445,0.0,False,"torch.Size([1, 1, 224, 224])"
case_00134,14,19.955873489379883,0.0,False,"torch.Size([1, 1, 224, 224])"
case_00102,284,20.961999893188477,0.0,False,"torch.Size([1, 1, 224, 224])"
case_00134,85,22.261619567871094,0.0,False,"torch.Size([1, 1, 224, 224])"
case_00154,47,19.622087478637695,0.0,False,"torch.Size([1, 1, 224, 224])"
case_00079,242,21.016836166381836,0.0,False,"torch.Size([1, 1, 224, 224])"
case_00086,247,19.73867416381836,0.0,False,"torch.Size([1, 1, 224, 224])"
case_00102,94,20.99323272705078,0.0,False,"torch.Size([1, 1, 224, 224])"
case_00113,290,20.395994186401367,0.0,False,"torch.Size([1, 1, 224, 224])"
case_00133,339,19.711732864379883,0.0,False,"torch.Size([1, 1, 224, 224])"
case_00133,150,19.63019371032715,0.0,True,"torch.Size([1, 1, 224, 224])"
case_00033,242,28.020620346069336,0.0,False,"torch.Size([1, 1, 224, 224])"
case_00079,208,28.43642234802246,0.0,False,"torch.Size([1, 1, 224, 224])"
case_00086,268,23.666858673095703,0.0,False,"torch.Size([1, 1, 224, 224])"
case_00102,446,21.349430084228516,0.0,False,"torch.Size([1, 1, 224, 224])"
case_00079,496,20.28346061706543,0.0,False,"torch.Size([1, 1, 224, 224])"
case_00125,207,21.641969680786133,0.0,False,"torch.Size([1, 1, 224, 224])"
case_00102,405,19.907474517822266,0.0,True,"torch.Size([1, 1, 224, 224])"
case_00133,509,30.52043914794922,0.0,False,"torch.Size([1, 1, 224, 224])"
case_00133,470,19.17290687561035,0.0,False,"torch.Size([1, 1, 224, 224])"
case_00203,98,19.829750061035156,0.0,False,"torch.Size([1, 1, 224, 224])"
case_00125,217,20.792007446289062,0.0,False,"torch.Size([1, 1, 224, 224])"
case_00115,490,19.893169403076172,0.0,False,"torch.Size([1, 1, 224, 224])"
case_00033,94,21.70538902282715,0.0,False,"torch.Size([1, 1, 224, 224])"
case_00125,271,19.878864288330078,0.0,False,"torch.Size([1, 1, 224, 224])"
case_00194,262,21.07715606689453,0.0,False,"torch.Size([1, 1, 224, 224])"
case_00161,390,19.800901412963867,0.0,False,"torch.Size([1, 1, 224, 224])"
case_00033,160,20.08199691772461,0.0,False,"torch.Size([1, 1, 224, 224])"
case_00203,470,19.994735717773438,0.0,False,"torch.Size([1, 1, 224, 224])"
case_00154,26,20.729780197143555,0.0,False,"torch.Size([1, 1, 224, 224])"
case_00033,182,19.65618133544922,0.0,True,"torch.Size([1, 1, 224, 224])"
case_00134,112,19.44875717163086,0.0,False,"torch.Size([1, 1, 224, 224])"
case_00203,368,18.36562156677246,0.0,False,"torch.Size([1, 1, 224, 224])"
case_00033,456,19.66118812561035,0.0,False,"torch.Size([1, 1, 224, 224])"
case_00194,59,20.54762840270996,0.0,False,"torch.Size([1, 1, 224, 224])"
case_00133,216,22.049427032470703,0.0,False,"torch.Size([1, 1, 224, 224])"
case_00075,102,20.668745040893555,0.0,False,"torch.Size([1, 1, 224, 224])"
case_00133,173,22.08232879638672,0.0,True,"torch.Size([1, 1, 224, 224])"
case_00125,477,22.49622344970703,0.0,False,"torch.Size([1, 1, 224, 224])"
case_00102,412,21.068572998046875,0.0,True,"torch.Size([1, 1, 224, 224])"
case_00194,175,23.803234100341797,0.0,True,"torch.Size([1, 1, 224, 224])"
case_00194,436,19.02461051940918,0.0,False,"torch.Size([1, 1, 224, 224])"
case_00194,200,18.481016159057617,0.0,False,"torch.Size([1, 1, 224, 224])"
case_00115,456,21.3315486907959,0.0,False,"torch.Size([1, 1, 224, 224])"
case_00194,194,20.38121223449707,0.0,False,"torch.Size([1, 1, 224, 224])"
case_00014,262,20.29109001159668,0.0,False,"torch.Size([1, 1, 224, 224])"
case_00125,187,23.813247680664062,0.0,True,"torch.Size([1, 1, 224, 224])"
case_00203,225,20.932912826538086,0.0,False,"torch.Size([1, 1, 224, 224])"
case_00033,510,21.640300750732422,0.0,False,"torch.Size([1, 1, 224, 224])"
case_00194,375,19.405126571655273,0.0,False,"torch.Size([1, 1, 224, 224])"
case_00014,416,20.948171615600586,0.0,False,"torch.Size([1, 1, 224, 224])"
case_00079,249,20.601749420166016,0.0,False,"torch.Size([1, 1, 224, 224])"
case_00134,101,21.3470458984375,0.0,False,"torch.Size([1, 1, 224, 224])"
case_00154,483,21.355628967285156,0.0,False,"torch.Size([1, 1, 224, 224])"
case_00033,73,21.36969566345215,0.0,False,"torch.Size([1, 1, 224, 224])"
case_00161,242,20.6449031829834,0.0,False,"torch.Size([1, 1, 224, 224])"
case_00079,157,21.31032943725586,0.0,False,"torch.Size([1, 1, 224, 224])"
case_00134,473,20.731210708618164,0.0,False,"torch.Size([1, 1, 224, 224])"
case_00014,266,20.10798454284668,0.0,False,"torch.Size([1, 1, 224, 224])"
case_00194,308,21.874427795410156,0.0,False,"torch.Size([1, 1, 224, 224])"
case_00102,223,19.209861755371094,0.0,False,"torch.Size([1, 1, 224, 224])"
case_00014,497,20.540237426757812,0.0,False,"torch.Size([1, 1, 224, 224])"
case_00086,326,19.24300193786621,0.0,False,"torch.Size([1, 1, 224, 224])"
case_00134,212,23.565053939819336,0.0,False,"torch.Size([1, 1, 224, 224])"
case_00194,93,18.901586532592773,0.0,False,"torch.Size([1, 1, 224, 224])"
case_00079,83,19.812583923339844,0.0,False,"torch.Size([1, 1, 224, 224])"
case_00014,80,18.02349090576172,0.0,False,"torch.Size([1, 1, 224, 224])"
case_00086,492,19.785165786743164,0.0,False,"torch.Size([1, 1, 224, 224])"
case_00115,366,18.574237823486328,0.0,False,"torch.Size([1, 1, 224, 224])"
case_00194,376,19.849538803100586,0.0,False,"torch.Size([1, 1, 224, 224])"
case_00154,154,18.594980239868164,0.0,False,"torch.Size([1, 1, 224, 224])"
case_00102,36,19.928455352783203,0.0,False,"torch.Size([1, 1, 224, 224])"
case_00033,4,18.428802490234375,0.0,False,"torch.Size([1, 1, 224, 224])"
case_00102,241,27.688980102539062,0.0,False,"torch.Size([1, 1, 224, 224])"
case_00014,414,18.98336410522461,0.0,False,"torch.Size([1, 1, 224, 224])"
case_00075,466,20.583152770996094,0.0,False,"torch.Size([1, 1, 224, 224])"
case_00154,223,17.85874366760254,0.0,False,"torch.Size([1, 1, 224, 224])"
case_00102,484,19.325733184814453,0.0,False,"torch.Size([1, 1, 224, 224])"
case_00102,22,17.88187026977539,0.0,False,"torch.Size([1, 1, 224, 224])"
case_00086,261,19.383907318115234,0.0,False,"torch.Size([1, 1, 224, 224])"
case_00014,424,17.947673797607422,0.0,False,"torch.Size([1, 1, 224, 224])"
case_00161,255,20.85280418395996,0.0,False,"torch.Size([1, 1, 224, 224])"
case_00194,502,19.013166427612305,0.0,False,"torch.Size([1, 1, 224, 224])"
case_00102,371,22.171974182128906,0.0,True,"torch.Size([1, 1, 224, 224])"
case_00075,347,21.371841430664062,0.0,True,"torch.Size([1, 1, 224, 224])"
case_00033,214,21.83842658996582,0.0,False,"torch.Size([1, 1, 224, 224])"
case_00079,309,20.305395126342773,0.0,False,"torch.Size([1, 1, 224, 224])"
case_00161,506,21.00658416748047,0.0,False,"torch.Size([1, 1, 224, 224])"
case_00014,29,20.79463005065918,0.0,False,"torch.Size([1, 1, 224, 224])"
case_00079,396,21.224021911621094,0.0,True,"torch.Size([1, 1, 224, 224])"
case_00102,325,19.554853439331055,0.0,True,"torch.Size([1, 1, 224, 224])"
case_00014,282,21.512269973754883,0.0,False,"torch.Size([1, 1, 224, 224])"
case_00125,479,20.477771759033203,0.0,False,"torch.Size([1, 1, 224, 224])"
case_00203,303,20.870208740234375,0.0,False,"torch.Size([1, 1, 224, 224])"
case_00102,11,21.223783493041992,0.0,False,"torch.Size([1, 1, 224, 224])"
case_00203,362,19.547700881958008,0.0,False,"torch.Size([1, 1, 224, 224])"
case_00161,33,21.432876586914062,0.0,False,"torch.Size([1, 1, 224, 224])"
case_00102,404,19.468069076538086,0.0,True,"torch.Size([1, 1, 224, 224])"
case_00115,46,21.296262741088867,0.0,False,"torch.Size([1, 1, 224, 224])"
case_00014,349,19.71745491027832,0.0,False,"torch.Size([1, 1, 224, 224])"
case_00086,343,20.418167114257812,0.0,False,"torch.Size([1, 1, 224, 224])"
case_00079,43,19.93727684020996,0.0,False,"torch.Size([1, 1, 224, 224])"
case_00033,265,20.1416015625,0.0,False,"torch.Size([1, 1, 224, 224])"
case_00125,160,22.10235595703125,0.0,False,"torch.Size([1, 1, 224, 224])"
case_00014,289,27.606487274169922,0.0,False,"torch.Size([1, 1, 224, 224])"
case_00154,13,30.39264678955078,0.0,False,"torch.Size([1, 1, 224, 224])"
case_00115,237,18.79143714904785,0.0,False,"torch.Size([1, 1, 224, 224])"
case_00134,252,23.01192283630371,0.0,False,"torch.Size([1, 1, 224, 224])"
case_00102,426,19.358158111572266,0.0,False,"torch.Size([1, 1, 224, 224])"
case_00086,264,20.107746124267578,0.0,False,"torch.Size([1, 1, 224, 224])"
case_00133,337,19.342899322509766,0.0,False,"torch.Size([1, 1, 224, 224])"
case_00154,486,22.568941116333008,0.0,False,"torch.Size([1, 1, 224, 224])"
case_00203,492,18.843889236450195,0.0,False,"torch.Size([1, 1, 224, 224])"
case_00154,216,21.83365821838379,0.0,False,"torch.Size([1, 1, 224, 224])"
case_00115,134,19.794940948486328,0.0,False,"torch.Size([1, 1, 224, 224])"
case_00113,170,21.62933349609375,0.0,False,"torch.Size([1, 1, 224, 224])"
case_00075,15,19.684553146362305,0.0,False,"torch.Size([1, 1, 224, 224])"
case_00115,320,21.062135696411133,0.0,True,"torch.Size([1, 1, 224, 224])"
case_00014,447,18.80621910095215,0.0,False,"torch.Size([1, 1, 224, 224])"
case_00115,339,19.94490623474121,0.0,True,"torch.Size([1, 1, 224, 224])"
case_00113,473,21.02804183959961,0.0,False,"torch.Size([1, 1, 224, 224])"
case_00113,165,19.220352172851562,0.0,False,"torch.Size([1, 1, 224, 224])"
case_00113,76,21.30889892578125,0.0,False,"torch.Size([1, 1, 224, 224])"
case_00115,155,28.14173698425293,0.0,False,"torch.Size([1, 1, 224, 224])"
case_00161,346,21.800518035888672,0.0,False,"torch.Size([1, 1, 224, 224])"
case_00133,183,20.503759384155273,0.0,False,"torch.Size([1, 1, 224, 224])"
case_00133,63,20.23005485534668,0.0,False,"torch.Size([1, 1, 224, 224])"
case_00161,322,20.479440689086914,0.0,False,"torch.Size([1, 1, 224, 224])"
case_00079,82,20.104169845581055,0.0,False,"torch.Size([1, 1, 224, 224])"
case_00133,285,21.565914154052734,0.0,False,"torch.Size([1, 1, 224, 224])"
case_00161,339,23.77033233642578,0.0,False,"torch.Size([1, 1, 224, 224])"
case_00086,19,19.126176834106445,0.0,False,"torch.Size([1, 1, 224, 224])"
case_00161,161,22.208452224731445,0.0,True,"torch.Size([1, 1, 224, 224])"
case_00075,216,18.758773803710938,0.0,False,"torch.Size([1, 1, 224, 224])"
case_00113,315,19.84882354736328,0.0,True,"torch.Size([1, 1, 224, 224])"
case_00133,248,24.25670623779297,0.0,False,"torch.Size([1, 1, 224, 224])"
case_00125,176,22.43781089782715,0.0,True,"torch.Size([1, 1, 224, 224])"
case_00203,356,23.01788330078125,0.0,False,"torch.Size([1, 1, 224, 224])"
case_00203,79,20.157337188720703,0.0,False,"torch.Size([1, 1, 224, 224])"
case_00113,11,22.436141967773438,0.0,False,"torch.Size([1, 1, 224, 224])"
case_00133,406,19.679784774780273,0.0,False,"torch.Size([1, 1, 224, 224])"
case_00161,208,21.221399307250977,0.0,False,"torch.Size([1, 1, 224, 224])"
case_00079,294,19.59991455078125,0.0,False,"torch.Size([1, 1, 224, 224])"
case_00133,313,24.351835250854492,0.0,False,"torch.Size([1, 1, 224, 224])"
case_00033,321,19.288301467895508,0.0,False,"torch.Size([1, 1, 224, 224])"
case_00133,74,20.983219146728516,0.0,False,"torch.Size([1, 1, 224, 224])"
case_00133,47,20.281076431274414,0.0,False,"torch.Size([1, 1, 224, 224])"
case_00086,479,21.597623825073242,0.0,False,"torch.Size([1, 1, 224, 224])"
case_00086,449,19.09351348876953,0.0,False,"torch.Size([1, 1, 224, 224])"
case_00086,178,22.236347198486328,0.0,False,"torch.Size([1, 1, 224, 224])"
case_00033,234,19.130229949951172,0.0,False,"torch.Size([1, 1, 224, 224])"
case_00079,324,20.969629287719727,0.0,False,"torch.Size([1, 1, 224, 224])"
case_00125,504,19.86384391784668,0.0,False,"torch.Size([1, 1, 224, 224])"
case_00125,44,20.9043025970459,0.0,False,"torch.Size([1, 1, 224, 224])"
case_00134,145,19.689083099365234,0.0,False,"torch.Size([1, 1, 224, 224])"
case_00125,341,23.095369338989258,0.0,False,"torch.Size([1, 1, 224, 224])"
case_00079,150,19.59061622619629,0.0,False,"torch.Size([1, 1, 224, 224])"
case_00134,464,20.615339279174805,0.0,False,"torch.Size([1, 1, 224, 224])"
case_00125,306,19.47927474975586,0.0,False,"torch.Size([1, 1, 224, 224])"
case_00014,245,20.041704177856445,0.0,False,"torch.Size([1, 1, 224, 224])"
case_00014,223,19.228696823120117,0.0,False,"torch.Size([1, 1, 224, 224])"
case_00125,481,21.249055862426758,0.0,False,"torch.Size([1, 1, 224, 224])"
case_00194,267,19.069671630859375,0.0,False,"torch.Size([1, 1, 224, 224])"
case_00161,438,21.28458023071289,0.0,False,"torch.Size([1, 1, 224, 224])"
case_00154,248,19.411087036132812,0.0,False,"torch.Size([1, 1, 224, 224])"
case_00161,328,20.807981491088867,0.0,False,"torch.Size([1, 1, 224, 224])"
case_00134,141,19.51766014099121,0.0,False,"torch.Size([1, 1, 224, 224])"
case_00033,163,19.321441650390625,0.0,False,"torch.Size([1, 1, 224, 224])"
case_00194,38,20.5078125,0.0,False,"torch.Size([1, 1, 224, 224])"
case_00079,162,19.04582977294922,0.0,False,"torch.Size([1, 1, 224, 224])"
case_00161,50,20.044326782226562,0.0,False,"torch.Size([1, 1, 224, 224])"
case_00079,113,19.617319107055664,0.0,False,"torch.Size([1, 1, 224, 224])"
case_00113,190,20.400285720825195,0.0,False,"torch.Size([1, 1, 224, 224])"
case_00115,137,19.521713256835938,0.0,False,"torch.Size([1, 1, 224, 224])"
case_00033,227,21.630287170410156,0.0,False,"torch.Size([1, 1, 224, 224])"
case_00133,396,19.62876319885254,0.0,False,"torch.Size([1, 1, 224, 224])"
case_00125,18,20.688533782958984,0.0,False,"torch.Size([1, 1, 224, 224])"
case_00086,189,19.37270164489746,0.0,False,"torch.Size([1, 1, 224, 224])"
case_00079,22,22.032976150512695,0.0,False,"torch.Size([1, 1, 224, 224])"
case_00014,217,19.380807876586914,0.0,False,"torch.Size([1, 1, 224, 224])"
case_00014,457,21.187305450439453,0.0,False,"torch.Size([1, 1, 224, 224])"
case_00194,427,19.269943237304688,0.0,False,"torch.Size([1, 1, 224, 224])"
case_00079,304,20.91526985168457,0.0,False,"torch.Size([1, 1, 224, 224])"
case_00115,419,27.939558029174805,0.0,False,"torch.Size([1, 1, 224, 224])"
case_00203,407,19.069671630859375,0.0,True,"torch.Size([1, 1, 224, 224])"
case_00125,209,22.15290069580078,0.0,False,"torch.Size([1, 1, 224, 224])"
case_00154,391,19.17099952697754,0.0,False,"torch.Size([1, 1, 224, 224])"
case_00113,121,21.00372314453125,0.0,False,"torch.Size([1, 1, 224, 224])"
case_00154,175,28.736591339111328,0.0,False,"torch.Size([1, 1, 224, 224])"
case_00115,18,26.834726333618164,0.0,False,"torch.Size([1, 1, 224, 224])"
case_00086,461,19.52815055847168,0.0,False,"torch.Size([1, 1, 224, 224])"
case_00133,109,21.292686462402344,0.0,False,"torch.Size([1, 1, 224, 224])"
case_00115,268,19.04749870300293,0.0,False,"torch.Size([1, 1, 224, 224])"
case_00075,17,23.758649826049805,0.0,False,"torch.Size([1, 1, 224, 224])"
case_00079,479,29.728412628173828,0.0,False,"torch.Size([1, 1, 224, 224])"
case_00033,96,21.95143699645996,0.0,False,"torch.Size([1, 1, 224, 224])"
case_00154,262,19.535303115844727,0.0,False,"torch.Size([1, 1, 224, 224])"
case_00133,409,22.39704132080078,0.0,False,"torch.Size([1, 1, 224, 224])"
case_00133,357,20.307302474975586,0.0,False,"torch.Size([1, 1, 224, 224])"
case_00161,40,20.928382873535156,0.0,False,"torch.Size([1, 1, 224, 224])"
case_00033,53,19.005298614501953,0.0,False,"torch.Size([1, 1, 224, 224])"
case_00102,143,20.899534225463867,0.0,False,"torch.Size([1, 1, 224, 224])"
case_00115,364,19.2263126373291,0.0,False,"torch.Size([1, 1, 224, 224])"
case_00161,230,24.62458610534668,0.0,False,"torch.Size([1, 1, 224, 224])"
case_00079,493,20.195722579956055,0.0,False,"torch.Size([1, 1, 224, 224])"
case_00194,5,22.438764572143555,0.0,False,"torch.Size([1, 1, 224, 224])"
case_00033,244,19.210338592529297,0.0,False,"torch.Size([1, 1, 224, 224])"
case_00133,473,21.837949752807617,0.0,False,"torch.Size([1, 1, 224, 224])"
case_00014,479,20.97606658935547,0.0,False,"torch.Size([1, 1, 224, 224])"
case_00113,208,25.742292404174805,0.0,False,"torch.Size([1, 1, 224, 224])"
case_00102,154,20.119667053222656,0.0,False,"torch.Size([1, 1, 224, 224])"
case_00154,196,22.951364517211914,0.0,False,"torch.Size([1, 1, 224, 224])"
case_00033,144,19.97852325439453,0.0,False,"torch.Size([1, 1, 224, 224])"
case_00154,139,22.830724716186523,0.0,False,"torch.Size([1, 1, 224, 224])"
case_00102,17,20.144224166870117,0.0,False,"torch.Size([1, 1, 224, 224])"
case_00014,506,22.902727127075195,0.0,False,"torch.Size([1, 1, 224, 224])"
case_00075,363,20.28059959411621,0.0,True,"torch.Size([1, 1, 224, 224])"
case_00133,280,30.17592430114746,0.0,False,"torch.Size([1, 1, 224, 224])"
case_00133,38,29.297828674316406,0.0,False,"torch.Size([1, 1, 224, 224])"
case_00033,476,19.34957504272461,0.0,False,"torch.Size([1, 1, 224, 224])"
case_00161,186,20.578384399414062,0.0,False,"torch.Size([1, 1, 224, 224])"
case_00203,102,19.30069923400879,0.0,False,"torch.Size([1, 1, 224, 224])"
case_00134,314,21.355390548706055,0.0,False,"torch.Size([1, 1, 224, 224])"
case_00086,36,20.48778533935547,0.0,False,"torch.Size([1, 1, 224, 224])"
case_00014,91,19.489049911499023,0.0,False,"torch.Size([1, 1, 224, 224])"
case_00133,245,19.357919692993164,0.0,False,"torch.Size([1, 1, 224, 224])"
case_00154,489,20.26963233947754,0.0,False,"torch.Size([1, 1, 224, 224])"
case_00079,3,21.329402923583984,0.0,False,"torch.Size([1, 1, 224, 224])"
case_00014,228,19.50979232788086,0.0,False,"torch.Size([1, 1, 224, 224])"
case_00125,260,20.481348037719727,0.0,False,"torch.Size([1, 1, 224, 224])"
case_00079,453,19.634008407592773,0.0,True,"torch.Size([1, 1, 224, 224])"
case_00194,257,25.24399757385254,0.0,False,"torch.Size([1, 1, 224, 224])"
case_00033,299,19.65785026550293,0.0,False,"torch.Size([1, 1, 224, 224])"
case_00102,118,22.23944664001465,0.0,False,"torch.Size([1, 1, 224, 224])"
case_00033,350,19.58322525024414,0.0,False,"torch.Size([1, 1, 224, 224])"
case_00113,502,22.808551788330078,0.0,False,"torch.Size([1, 1, 224, 224])"
case_00033,361,19.874095916748047,0.0,False,"torch.Size([1, 1, 224, 224])"
case_00102,366,20.842552185058594,0.0,True,"torch.Size([1, 1, 224, 224])"
case_00203,506,20.502328872680664,0.0,False,"torch.Size([1, 1, 224, 224])"
case_00154,21,21.251440048217773,0.0,False,"torch.Size([1, 1, 224, 224])"
case_00134,492,20.285606384277344,0.0,False,"torch.Size([1, 1, 224, 224])"
case_00203,63,21.1794376373291,0.0,False,"torch.Size([1, 1, 224, 224])"
case_00125,390,19.91724967956543,0.0,False,"torch.Size([1, 1, 224, 224])"
case_00102,474,20.70164680480957,0.0,False,"torch.Size([1, 1, 224, 224])"
case_00203,458,19.550085067749023,0.0,False,"torch.Size([1, 1, 224, 224])"
case_00134,371,22.94301986694336,0.0,True,"torch.Size([1, 1, 224, 224])"
case_00125,331,19.819021224975586,0.0,False,"torch.Size([1, 1, 224, 224])"
case_00075,455,18.416643142700195,0.0,False,"torch.Size([1, 1, 224, 224])"
case_00102,289,18.820524215698242,0.0,False,"torch.Size([1, 1, 224, 224])"
case_00079,455,19.43802833557129,0.0,True,"torch.Size([1, 1, 224, 224])"
case_00086,459,19.056320190429688,0.0,False,"torch.Size([1, 1, 224, 224])"
case_00194,195,18.585681915283203,0.0,False,"torch.Size([1, 1, 224, 224])"
case_00014,251,18.99123191833496,0.0,False,"torch.Size([1, 1, 224, 224])"
case_00113,152,19.913196563720703,0.0,False,"torch.Size([1, 1, 224, 224])"
case_00102,20,19.170045852661133,0.0,False,"torch.Size([1, 1, 224, 224])"
case_00086,489,20.94292640686035,0.0,False,"torch.Size([1, 1, 224, 224])"
case_00194,122,18.892765045166016,0.0,False,"torch.Size([1, 1, 224, 224])"
case_00203,227,19.518613815307617,0.0,False,"torch.Size([1, 1, 224, 224])"
case_00102,266,20.921707153320312,0.0,False,"torch.Size([1, 1, 224, 224])"
case_00113,313,19.121408462524414,0.0,False,"torch.Size([1, 1, 224, 224])"
case_00079,414,20.80845832824707,0.0,True,"torch.Size([1, 1, 224, 224])"
case_00134,304,19.632339477539062,0.0,False,"torch.Size([1, 1, 224, 224])"
case_00194,190,18.895864486694336,0.0,False,"torch.Size([1, 1, 224, 224])"
case_00079,254,22.67909049987793,0.0,False,"torch.Size([1, 1, 224, 224])"
case_00133,72,19.602537155151367,0.0,False,"torch.Size([1, 1, 224, 224])"
case_00161,102,19.573688507080078,0.0,False,"torch.Size([1, 1, 224, 224])"
case_00134,420,18.676280975341797,0.0,False,"torch.Size([1, 1, 224, 224])"
case_00086,366,18.796920776367188,0.0,False,"torch.Size([1, 1, 224, 224])"
case_00203,205,19.47307586669922,0.0,False,"torch.Size([1, 1, 224, 224])"
case_00203,30,18.53775978088379,0.0,False,"torch.Size([1, 1, 224, 224])"
case_00102,79,18.699169158935547,0.0,False,"torch.Size([1, 1, 224, 224])"
case_00115,380,18.61715316772461,0.0,False,"torch.Size([1, 1, 224, 224])"
case_00014,197,18.963336944580078,0.0,False,"torch.Size([1, 1, 224, 224])"
case_00154,482,18.471717834472656,0.0,False,"torch.Size([1, 1, 224, 224])"
case_00154,381,18.781185150146484,0.0,False,"torch.Size([1, 1, 224, 224])"
case_00079,65,20.210742950439453,0.0,False,"torch.Size([1, 1, 224, 224])"
case_00133,162,28.426170349121094,0.0,True,"torch.Size([1, 1, 224, 224])"
case_00203,477,19.75107192993164,0.0,False,"torch.Size([1, 1, 224, 224])"
case_00075,335,20.847797393798828,0.0,True,"torch.Size([1, 1, 224, 224])"
case_00102,378,21.090269088745117,0.0,True,"torch.Size([1, 1, 224, 224])"
case_00014,301,26.945114135742188,0.0,False,"torch.Size([1, 1, 224, 224])"
case_00134,60,32.45830535888672,0.0,False,"torch.Size([1, 1, 224, 224])"
case_00154,37,27.962207794189453,0.0,False,"torch.Size([1, 1, 224, 224])"
case_00113,205,20.073890686035156,0.0,False,"torch.Size([1, 1, 224, 224])"
case_00203,487,20.249366760253906,0.0,False,"torch.Size([1, 1, 224, 224])"
case_00133,456,20.671606063842773,0.0,False,"torch.Size([1, 1, 224, 224])"
case_00154,506,19.396305084228516,0.0,False,"torch.Size([1, 1, 224, 224])"
case_00203,363,20.207881927490234,0.0,False,"torch.Size([1, 1, 224, 224])"
case_00102,459,20.09272575378418,0.0,False,"torch.Size([1, 1, 224, 224])"
case_00079,119,21.26312255859375,0.0,False,"torch.Size([1, 1, 224, 224])"
case_00033,312,18.770694732666016,0.0,False,"torch.Size([1, 1, 224, 224])"
case_00203,118,20.468950271606445,0.0,False,"torch.Size([1, 1, 224, 224])"
case_00113,74,18.76997947692871,0.0,False,"torch.Size([1, 1, 224, 224])"
case_00014,230,19.352197647094727,0.0,False,"torch.Size([1, 1, 224, 224])"
case_00115,497,20.152807235717773,0.0,False,"torch.Size([1, 1, 224, 224])"
case_00102,68,19.798755645751953,0.0,False,"torch.Size([1, 1, 224, 224])"
case_00115,388,28.37657928466797,0.0,False,"torch.Size([1, 1, 224, 224])"
case_00113,511,28.724193572998047,0.0,False,"torch.Size([1, 1, 224, 224])"
case_00014,429,19.191265106201172,0.0,False,"torch.Size([1, 1, 224, 224])"
case_00075,40,20.415782928466797,0.0,False,"torch.Size([1, 1, 224, 224])"
case_00134,498,20.184993743896484,0.0,False,"torch.Size([1, 1, 224, 224])"
case_00133,392,20.83301544189453,0.0,False,"torch.Size([1, 1, 224, 224])"
case_00125,77,21.367549896240234,0.0,False,"torch.Size([1, 1, 224, 224])"
case_00033,111,19.110679626464844,0.0,False,"torch.Size([1, 1, 224, 224])"
case_00079,240,19.711017608642578,0.0,False,"torch.Size([1, 1, 224, 224])"
case_00075,150,20.6906795501709,0.0,False,"torch.Size([1, 1, 224, 224])"
case_00134,22,21.162033081054688,0.0,False,"torch.Size([1, 1, 224, 224])"
case_00134,181,20.758867263793945,0.0,False,"torch.Size([1, 1, 224, 224])"
case_00203,319,20.798683166503906,0.0,False,"torch.Size([1, 1, 224, 224])"
case_00194,353,21.4080810546875,0.0,False,"torch.Size([1, 1, 224, 224])"
case_00134,24,20.034313201904297,0.0,False,"torch.Size([1, 1, 224, 224])"
case_00033,257,22.385358810424805,0.0,False,"torch.Size([1, 1, 224, 224])"
case_00125,421,19.0889835357666,0.0,False,"torch.Size([1, 1, 224, 224])"
case_00102,39,21.183252334594727,0.0,False,"torch.Size([1, 1, 224, 224])"
case_00115,110,19.649744033813477,0.0,False,"torch.Size([1, 1, 224, 224])"
case_00079,463,20.19047737121582,0.0,True,"torch.Size([1, 1, 224, 224])"
case_00113,431,19.94800567626953,0.0,True,"torch.Size([1, 1, 224, 224])"
case_00161,334,20.220279693603516,0.0,False,"torch.Size([1, 1, 224, 224])"
case_00203,466,19.447803497314453,0.0,False,"torch.Size([1, 1, 224, 224])"
case_00154,54,20.064830780029297,0.0,False,"torch.Size([1, 1, 224, 224])"
case_00102,290,19.203901290893555,0.0,False,"torch.Size([1, 1, 224, 224])"
case_00194,424,21.27695083618164,0.0,False,"torch.Size([1, 1, 224, 224])"
case_00102,507,20.626306533813477,0.0,False,"torch.Size([1, 1, 224, 224])"
case_00086,232,22.33409881591797,0.0,False,"torch.Size([1, 1, 224, 224])"
case_00102,472,18.749475479125977,0.0,False,"torch.Size([1, 1, 224, 224])"
case_00014,448,20.108461380004883,0.0,False,"torch.Size([1, 1, 224, 224])"
case_00102,254,19.48714256286621,0.0,False,"torch.Size([1, 1, 224, 224])"
case_00125,129,20.949602127075195,0.0,False,"torch.Size([1, 1, 224, 224])"
case_00033,129,18.679380416870117,0.0,False,"torch.Size([1, 1, 224, 224])"
case_00102,82,21.314144134521484,0.0,False,"torch.Size([1, 1, 224, 224])"
case_00133,137,20.895004272460938,0.0,True,"torch.Size([1, 1, 224, 224])"
case_00134,368,19.272804260253906,0.0,True,"torch.Size([1, 1, 224, 224])"
case_00014,343,20.841598510742188,0.0,False,"torch.Size([1, 1, 224, 224])"
case_00086,270,19.27351951599121,0.0,False,"torch.Size([1, 1, 224, 224])"
case_00014,1,18.826961517333984,0.0,False,"torch.Size([1, 1, 224, 224])"
case_00194,162,21.579980850219727,0.0,True,"torch.Size([1, 1, 224, 224])"
case_00113,51,19.38772201538086,0.0,False,"torch.Size([1, 1, 224, 224])"
case_00113,332,18.580198287963867,0.0,True,"torch.Size([1, 1, 224, 224])"
case_00194,155,20.17521858215332,0.0,True,"torch.Size([1, 1, 224, 224])"
case_00133,331,20.16901969909668,0.0,False,"torch.Size([1, 1, 224, 224])"
case_00154,497,20.15972137451172,0.0,False,"torch.Size([1, 1, 224, 224])"
case_00113,303,20.71547508239746,0.0,False,"torch.Size([1, 1, 224, 224])"
case_00194,234,20.908117294311523,0.0,False,"torch.Size([1, 1, 224, 224])"
case_00161,245,23.96559715270996,0.0,False,"torch.Size([1, 1, 224, 224])"
case_00102,14,19.99187469482422,0.0,False,"torch.Size([1, 1, 224, 224])"
case_00133,489,21.62957191467285,0.0,False,"torch.Size([1, 1, 224, 224])"
case_00033,400,19.032716751098633,0.0,False,"torch.Size([1, 1, 224, 224])"
case_00133,445,22.562265396118164,0.0,False,"torch.Size([1, 1, 224, 224])"
case_00154,410,18.976211547851562,0.0,False,"torch.Size([1, 1, 224, 224])"
case_00102,204,21.34227752685547,0.0,False,"torch.Size([1, 1, 224, 224])"
case_00134,118,20.516157150268555,0.0,False,"torch.Size([1, 1, 224, 224])"
case_00125,502,21.696090698242188,0.0,False,"torch.Size([1, 1, 224, 224])"
case_00194,179,19.371509552001953,0.0,True,"torch.Size([1, 1, 224, 224])"
case_00079,293,21.552085876464844,0.0,False,"torch.Size([1, 1, 224, 224])"
case_00102,503,20.940303802490234,0.0,False,"torch.Size([1, 1, 224, 224])"
case_00161,452,21.851539611816406,0.0,False,"torch.Size([1, 1, 224, 224])"
case_00203,488,19.25802230834961,0.0,False,"torch.Size([1, 1, 224, 224])"
case_00075,221,21.622896194458008,0.0,False,"torch.Size([1, 1, 224, 224])"
case_00154,402,19.174575805664062,0.0,False,"torch.Size([1, 1, 224, 224])"
case_00115,475,20.68495750427246,0.0,False,"torch.Size([1, 1, 224, 224])"
case_00125,4,20.158767700195312,0.0,False,"torch.Size([1, 1, 224, 224])"
case_00125,470,21.539688110351562,0.0,False,"torch.Size([1, 1, 224, 224])"
case_00014,237,19.27781105041504,0.0,False,"torch.Size([1, 1, 224, 224])"
case_00033,382,22.44091033935547,0.0,False,"torch.Size([1, 1, 224, 224])"
case_00133,264,20.827054977416992,0.0,False,"torch.Size([1, 1, 224, 224])"
case_00161,431,21.4998722076416,0.0,False,"torch.Size([1, 1, 224, 224])"
case_00033,38,18.704652786254883,0.0,False,"torch.Size([1, 1, 224, 224])"
case_00134,139,20.18904685974121,0.0,False,"torch.Size([1, 1, 224, 224])"
case_00086,310,18.619298934936523,0.0,False,"torch.Size([1, 1, 224, 224])"
case_00133,506,20.406484603881836,0.0,False,"torch.Size([1, 1, 224, 224])"
case_00113,44,19.74320411682129,0.0,False,"torch.Size([1, 1, 224, 224])"
case_00113,167,21.3015079498291,0.0,False,"torch.Size([1, 1, 224, 224])"
case_00154,121,26.823759078979492,0.0,False,"torch.Size([1, 1, 224, 224])"
case_00194,380,21.175146102905273,0.0,False,"torch.Size([1, 1, 224, 224])"
case_00154,118,18.91183853149414,0.0,False,"torch.Size([1, 1, 224, 224])"
case_00203,339,20.476341247558594,0.0,False,"torch.Size([1, 1, 224, 224])"
case_00075,181,19.334077835083008,0.0,False,"torch.Size([1, 1, 224, 224])"
case_00154,134,18.76044273376465,0.0,False,"torch.Size([1, 1, 224, 224])"
case_00033,408,18.766403198242188,0.0,False,"torch.Size([1, 1, 224, 224])"
case_00134,6,20.224809646606445,0.0,False,"torch.Size([1, 1, 224, 224])"
case_00203,429,19.077301025390625,0.0,False,"torch.Size([1, 1, 224, 224])"
case_00161,489,20.136356353759766,0.0,False,"torch.Size([1, 1, 224, 224])"
case_00014,270,18.521785736083984,0.0,False,"torch.Size([1, 1, 224, 224])"
case_00133,291,22.79829978942871,0.0,False,"torch.Size([1, 1, 224, 224])"
case_00102,270,18.581390380859375,0.0,False,"torch.Size([1, 1, 224, 224])"
case_00079,131,20.14636993408203,0.0,False,"torch.Size([1, 1, 224, 224])"
case_00134,413,18.834352493286133,0.0,False,"torch.Size([1, 1, 224, 224])"
case_00134,445,20.22862434387207,0.0,False,"torch.Size([1, 1, 224, 224])"
case_00154,485,18.796443939208984,0.0,False,"torch.Size([1, 1, 224, 224])"
case_00113,342,20.321130752563477,0.0,True,"torch.Size([1, 1, 224, 224])"
case_00014,18,18.71967315673828,0.0,False,"torch.Size([1, 1, 224, 224])"
case_00102,294,20.19047737121582,0.0,True,"torch.Size([1, 1, 224, 224])"
case_00133,11,21.039724349975586,0.0,False,"torch.Size([1, 1, 224, 224])"
case_00113,480,19.463300704956055,0.0,False,"torch.Size([1, 1, 224, 224])"
case_00033,364,19.645214080810547,0.0,False,"torch.Size([1, 1, 224, 224])"
case_00086,500,20.811080932617188,0.0,False,"torch.Size([1, 1, 224, 224])"
case_00113,194,18.959760665893555,0.0,False,"torch.Size([1, 1, 224, 224])"
case_00079,11,27.556896209716797,0.0,False,"torch.Size([1, 1, 224, 224])"
case_00086,203,18.770933151245117,0.0,False,"torch.Size([1, 1, 224, 224])"
case_00134,502,20.285606384277344,0.0,False,"torch.Size([1, 1, 224, 224])"
case_00014,275,18.587589263916016,0.0,False,"torch.Size([1, 1, 224, 224])"
case_00125,94,20.224571228027344,0.0,False,"torch.Size([1, 1, 224, 224])"
case_00033,267,18.64767074584961,0.0,False,"torch.Size([1, 1, 224, 224])"
case_00113,3,21.85225486755371,0.0,False,"torch.Size([1, 1, 224, 224])"
case_00102,115,20.04528045654297,0.0,False,"torch.Size([1, 1, 224, 224])"
case_00134,504,21.38686180114746,0.0,False,"torch.Size([1, 1, 224, 224])"
case_00134,285,19.639015197753906,0.0,False,"torch.Size([1, 1, 224, 224])"
case_00154,436,21.852493286132812,0.0,False,"torch.Size([1, 1, 224, 224])"
case_00033,271,19.843101501464844,0.0,False,"torch.Size([1, 1, 224, 224])"
case_00133,356,19.55103874206543,0.0,False,"torch.Size([1, 1, 224, 224])"
case_00033,455,19.906044006347656,0.0,False,"torch.Size([1, 1, 224, 224])"
case_00033,327,19.736528396606445,0.0,False,"torch.Size([1, 1, 224, 224])"
case_00102,369,19.292354583740234,0.0,True,"torch.Size([1, 1, 224, 224])"
case_00194,404,20.32756805419922,0.0,False,"torch.Size([1, 1, 224, 224])"
case_00102,321,20.331144332885742,0.0,True,"torch.Size([1, 1, 224, 224])"
case_00113,485,29.421091079711914,0.0,False,"torch.Size([1, 1, 224, 224])"
case_00113,7,28.927087783813477,0.0,False,"torch.Size([1, 1, 224, 224])"
case_00134,83,28.403520584106445,0.0,False,"torch.Size([1, 1, 224, 224])"
case_00075,446,19.001245498657227,0.0,False,"torch.Size([1, 1, 224, 224])"
case_00203,453,19.542694091796875,0.0,False,"torch.Size([1, 1, 224, 224])"
case_00125,36,22.86219596862793,0.0,False,"torch.Size([1, 1, 224, 224])"
case_00102,78,19.842863082885742,0.0,False,"torch.Size([1, 1, 224, 224])"
case_00125,31,22.16053009033203,0.0,False,"torch.Size([1, 1, 224, 224])"
case_00115,385,19.234180450439453,0.0,False,"torch.Size([1, 1, 224, 224])"
case_00033,100,21.15321159362793,0.0,False,"torch.Size([1, 1, 224, 224])"
case_00125,445,19.605159759521484,0.0,False,"torch.Size([1, 1, 224, 224])"
case_00102,188,21.50440216064453,0.0,False,"torch.Size([1, 1, 224, 224])"
case_00075,79,19.404888153076172,0.0,False,"torch.Size([1, 1, 224, 224])"
case_00154,393,19.16217803955078,0.0,False,"torch.Size([1, 1, 224, 224])"
case_00161,72,20.31850814819336,0.0,False,"torch.Size([1, 1, 224, 224])"
case_00134,113,19.44756507873535,0.0,False,"torch.Size([1, 1, 224, 224])"
case_00134,165,20.816564559936523,0.0,False,"torch.Size([1, 1, 224, 224])"
case_00075,30,19.082307815551758,0.0,False,"torch.Size([1, 1, 224, 224])"
case_00014,43,19.456863403320312,0.0,False,"torch.Size([1, 1, 224, 224])"
case_00075,0,20.641565322875977,0.0,False,"torch.Size([1, 1, 224, 224])"
case_00125,387,22.868633270263672,0.0,False,"torch.Size([1, 1, 224, 224])"
case_00161,201,20.83444595336914,0.0,False,"torch.Size([1, 1, 224, 224])"
case_00133,154,19.99950408935547,0.0,True,"torch.Size([1, 1, 224, 224])"
case_00125,443,19.517898559570312,0.0,False,"torch.Size([1, 1, 224, 224])"
case_00194,265,20.56431770324707,0.0,False,"torch.Size([1, 1, 224, 224])"
case_00154,324,19.61207389831543,0.0,True,"torch.Size([1, 1, 224, 224])"
case_00161,240,26.714563369750977,0.0,False,"torch.Size([1, 1, 224, 224])"
case_00161,184,21.655797958374023,0.0,False,"torch.Size([1, 1, 224, 224])"
case_00115,93,24.898529052734375,0.0,False,"torch.Size([1, 1, 224, 224])"
case_00115,357,21.44169807434082,0.0,False,"torch.Size([1, 1, 224, 224])"
case_00033,39,19.591331481933594,0.0,False,"torch.Size([1, 1, 224, 224])"
case_00079,442,21.363019943237305,0.0,True,"torch.Size([1, 1, 224, 224])"
case_00079,446,21.37303352355957,0.0,True,"torch.Size([1, 1, 224, 224])"
case_00075,47,21.682262420654297,0.0,False,"torch.Size([1, 1, 224, 224])"
case_00086,209,20.566463470458984,0.0,False,"torch.Size([1, 1, 224, 224])"
case_00125,101,27.286767959594727,0.0,False,"torch.Size([1, 1, 224, 224])"
case_00203,204,19.647598266601562,0.0,False,"torch.Size([1, 1, 224, 224])"
case_00134,237,21.44169807434082,0.0,False,"torch.Size([1, 1, 224, 224])"
case_00075,265,19.689321517944336,0.0,False,"torch.Size([1, 1, 224, 224])"
case_00125,417,20.96700668334961,0.0,False,"torch.Size([1, 1, 224, 224])"
case_00014,463,19.705772399902344,0.0,False,"torch.Size([1, 1, 224, 224])"
case_00125,189,21.227598190307617,0.0,True,"torch.Size([1, 1, 224, 224])"
case_00133,116,21.06642723083496,0.0,False,"torch.Size([1, 1, 224, 224])"
case_00154,221,19.465923309326172,0.0,False,"torch.Size([1, 1, 224, 224])"
case_00079,247,20.54905891418457,0.0,False,"torch.Size([1, 1, 224, 224])"
case_00033,336,19.362211227416992,0.0,False,"torch.Size([1, 1, 224, 224])"
case_00125,248,20.899295806884766,0.0,False,"torch.Size([1, 1, 224, 224])"
case_00014,100,19.27804946899414,0.0,False,"torch.Size([1, 1, 224, 224])"
case_00194,73,20.373106002807617,0.0,False,"torch.Size([1, 1, 224, 224])"
case_00075,208,19.77396011352539,0.0,False,"torch.Size([1, 1, 224, 224])"
case_00203,144,19.850730895996094,0.0,False,"torch.Size([1, 1, 224, 224])"
case_00113,325,22.321224212646484,0.0,True,"torch.Size([1, 1, 224, 224])"
case_00014,269,19.50550079345703,0.0,False,"torch.Size([1, 1, 224, 224])"
case_00079,333,20.389556884765625,0.0,True,"torch.Size([1, 1, 224, 224])"
case_00115,153,20.0042724609375,0.0,False,"torch.Size([1, 1, 224, 224])"
case_00113,214,20.722389221191406,0.0,False,"torch.Size([1, 1, 224, 224])"
case_00014,161,19.55103874206543,0.0,False,"torch.Size([1, 1, 224, 224])"
case_00115,311,20.784616470336914,0.0,False,"torch.Size([1, 1, 224, 224])"
case_00115,477,19.49620246887207,0.0,False,"torch.Size([1, 1, 224, 224])"
case_00161,459,20.631074905395508,0.0,False,"torch.Size([1, 1, 224, 224])"
case_00161,464,19.361257553100586,0.0,False,"torch.Size([1, 1, 224, 224])"
case_00161,353,20.96390724182129,0.0,False,"torch.Size([1, 1, 224, 224])"
case_00075,409,19.51885223388672,0.0,False,"torch.Size([1, 1, 224, 224])"
case_00115,172,19.654035568237305,0.0,False,"torch.Size([1, 1, 224, 224])"
case_00102,0,19.459247589111328,0.0,False,"torch.Size([1, 1, 224, 224])"
case_00014,79,19.652843475341797,0.0,False,"torch.Size([1, 1, 224, 224])"
case_00075,283,20.12801170349121,0.0,False,"torch.Size([1, 1, 224, 224])"
case_00134,370,19.620656967163086,0.0,True,"torch.Size([1, 1, 224, 224])"
case_00014,437,21.146774291992188,0.0,False,"torch.Size([1, 1, 224, 224])"
case_00113,271,19.992351531982422,0.0,False,"torch.Size([1, 1, 224, 224])"
case_00086,27,20.36738395690918,0.0,False,"torch.Size([1, 1, 224, 224])"
case_00125,318,22.775650024414062,0.0,False,"torch.Size([1, 1, 224, 224])"
case_00194,335,20.08819580078125,0.0,False,"torch.Size([1, 1, 224, 224])"
case_00102,466,19.551753997802734,0.0,False,"torch.Size([1, 1, 224, 224])"
case_00102,172,28.721094131469727,0.0,False,"torch.Size([1, 1, 224, 224])"
case_00102,238,19.602537155151367,0.0,False,"torch.Size([1, 1, 224, 224])"
case_00075,89,21.761655807495117,0.0,False,"torch.Size([1, 1, 224, 224])"
case_00125,325,20.196914672851562,0.0,False,"torch.Size([1, 1, 224, 224])"
case_00113,289,23.007631301879883,0.0,False,"torch.Size([1, 1, 224, 224])"
case_00194,12,21.60024642944336,0.0,False,"torch.Size([1, 1, 224, 224])"
case_00102,248,20.419597625732422,0.0,False,"torch.Size([1, 1, 224, 224])"
case_00154,275,20.99895477294922,0.0,False,"torch.Size([1, 1, 224, 224])"
case_00154,352,21.363496780395508,0.0,False,"torch.Size([1, 1, 224, 224])"
case_00134,510,22.536754608154297,0.0,False,"torch.Size([1, 1, 224, 224])"
case_00079,203,21.41594886779785,0.0,False,"torch.Size([1, 1, 224, 224])"
case_00125,20,20.730972290039062,0.0,False,"torch.Size([1, 1, 224, 224])"
case_00125,309,20.01190185546875,0.0,False,"torch.Size([1, 1, 224, 224])"
case_00161,249,21.274328231811523,0.0,False,"torch.Size([1, 1, 224, 224])"
case_00115,460,19.150972366333008,0.0,False,"torch.Size([1, 1, 224, 224])"
case_00115,298,21.242380142211914,0.0,False,"torch.Size([1, 1, 224, 224])"
case_00014,503,18.999814987182617,0.0,False,"torch.Size([1, 1, 224, 224])"
case_00113,462,20.006895065307617,0.0,False,"torch.Size([1, 1, 224, 224])"
case_00113,68,20.133018493652344,0.0,False,"torch.Size([1, 1, 224, 224])"
case_00134,251,20.8284854888916,0.0,False,"torch.Size([1, 1, 224, 224])"
case_00075,367,20.07293701171875,0.0,False,"torch.Size([1, 1, 224, 224])"
case_00075,70,21.55613899230957,0.0,False,"torch.Size([1, 1, 224, 224])"
case_00115,368,19.743919372558594,0.0,False,"torch.Size([1, 1, 224, 224])"
case_00203,263,20.367145538330078,0.0,False,"torch.Size([1, 1, 224, 224])"
case_00102,186,20.9805965423584,0.0,False,"torch.Size([1, 1, 224, 224])"
case_00161,99,23.051977157592773,0.0,False,"torch.Size([1, 1, 224, 224])"
case_00154,204,19.854068756103516,0.0,False,"torch.Size([1, 1, 224, 224])"
case_00125,180,22.123336791992188,0.0,True,"torch.Size([1, 1, 224, 224])"
case_00079,93,20.331144332885742,0.0,False,"torch.Size([1, 1, 224, 224])"
case_00134,354,20.054340362548828,0.0,True,"torch.Size([1, 1, 224, 224])"
case_00102,199,18.690109252929688,0.0,False,"torch.Size([1, 1, 224, 224])"
case_00194,284,18.335342407226562,0.0,False,"torch.Size([1, 1, 224, 224])"
case_00113,81,21.105051040649414,0.0,False,"torch.Size([1, 1, 224, 224])"
case_00079,212,20.69401741027832,0.0,False,"torch.Size([1, 1, 224, 224])"
case_00133,110,21.532535552978516,0.0,False,"torch.Size([1, 1, 224, 224])"
case_00203,315,18.782854080200195,0.0,False,"torch.Size([1, 1, 224, 224])"
case_00134,459,20.265579223632812,0.0,False,"torch.Size([1, 1, 224, 224])"
case_00134,407,19.510269165039062,0.0,False,"torch.Size([1, 1, 224, 224])"
case_00113,465,20.992517471313477,0.0,False,"torch.Size([1, 1, 224, 224])"
case_00102,326,18.689632415771484,0.0,True,"torch.Size([1, 1, 224, 224])"
case_00079,216,27.31609344482422,0.0,False,"torch.Size([1, 1, 224, 224])"
case_00161,47,19.74201202392578,0.0,False,"torch.Size([1, 1, 224, 224])"
case_00133,79,22.699356079101562,0.0,False,"torch.Size([1, 1, 224, 224])"
case_00133,122,20.591020584106445,0.0,True,"torch.Size([1, 1, 224, 224])"
case_00133,66,22.632598876953125,0.0,False,"torch.Size([1, 1, 224, 224])"
case_00161,496,21.00062370300293,0.0,False,"torch.Size([1, 1, 224, 224])"
case_00203,342,19.428253173828125,0.0,False,"torch.Size([1, 1, 224, 224])"
case_00086,488,21.74544334411621,0.0,False,"torch.Size([1, 1, 224, 224])"
case_00033,17,18.746137619018555,0.0,False,"torch.Size([1, 1, 224, 224])"
case_00014,190,21.14391326904297,0.0,True,"torch.Size([1, 1, 224, 224])"
case_00154,195,18.55301856994629,0.0,False,"torch.Size([1, 1, 224, 224])"
case_00133,247,20.388126373291016,0.0,False,"torch.Size([1, 1, 224, 224])"
case_00102,394,19.0889835357666,0.0,True,"torch.Size([1, 1, 224, 224])"
case_00161,312,20.778894424438477,0.0,False,"torch.Size([1, 1, 224, 224])"
case_00086,322,23.888587951660156,0.0,False,"torch.Size([1, 1, 224, 224])"
case_00086,168,19.898653030395508,0.0,False,"torch.Size([1, 1, 224, 224])"
case_00079,72,20.76864242553711,0.0,False,"torch.Size([1, 1, 224, 224])"
case_00079,59,21.093368530273438,0.0,False,"torch.Size([1, 1, 224, 224])"
case_00102,13,20.85256576538086,0.0,False,"torch.Size([1, 1, 224, 224])"
case_00125,413,21.8350887298584,0.0,False,"torch.Size([1, 1, 224, 224])"
case_00133,84,18.22638511657715,0.0,False,"torch.Size([1, 1, 224, 224])"
case_00075,120,20.24078369140625,0.0,False,"torch.Size([1, 1, 224, 224])"
case_00113,302,19.288063049316406,0.0,False,"torch.Size([1, 1, 224, 224])"
case_00125,344,20.14303207397461,0.0,False,"torch.Size([1, 1, 224, 224])"
case_00194,99,21.134614944458008,0.0,False,"torch.Size([1, 1, 224, 224])"
case_00203,110,18.88751983642578,0.0,False,"torch.Size([1, 1, 224, 224])"
case_00133,261,20.003080368041992,0.0,False,"torch.Size([1, 1, 224, 224])"
case_00014,439,19.36626434326172,0.0,False,"torch.Size([1, 1, 224, 224])"
case_00102,157,20.888566970825195,0.0,False,"torch.Size([1, 1, 224, 224])"
case_00014,508,19.423484802246094,0.0,False,"torch.Size([1, 1, 224, 224])"
case_00115,4,20.911693572998047,0.0,False,"torch.Size([1, 1, 224, 224])"
case_00203,210,19.258737564086914,0.0,False,"torch.Size([1, 1, 224, 224])"
case_00115,269,25.945663452148438,0.0,False,"torch.Size([1, 1, 224, 224])"
case_00033,484,20.10512351989746,0.0,False,"torch.Size([1, 1, 224, 224])"
case_00014,472,22.039175033569336,0.0,False,"torch.Size([1, 1, 224, 224])"
case_00161,1,19.734859466552734,0.0,False,"torch.Size([1, 1, 224, 224])"
case_00033,143,21.24500274658203,0.0,False,"torch.Size([1, 1, 224, 224])"
case_00033,104,19.632816314697266,0.0,False,"torch.Size([1, 1, 224, 224])"
case_00203,364,19.53744888305664,0.0,False,"torch.Size([1, 1, 224, 224])"
case_00086,78,21.00825309753418,0.0,False,"torch.Size([1, 1, 224, 224])"
case_00014,505,19.589662551879883,0.0,False,"torch.Size([1, 1, 224, 224])"
case_00102,491,20.888090133666992,0.0,False,"torch.Size([1, 1, 224, 224])"
case_00079,189,19.6530818939209,0.0,False,"torch.Size([1, 1, 224, 224])"
case_00203,300,19.439697265625,0.0,False,"torch.Size([1, 1, 224, 224])"
case_00086,387,21.23117446899414,0.0,True,"torch.Size([1, 1, 224, 224])"
case_00102,317,19.91581916809082,0.0,True,"torch.Size([1, 1, 224, 224])"
case_00102,89,25.791168212890625,0.0,False,"torch.Size([1, 1, 224, 224])"
case_00115,242,19.97685432434082,0.0,False,"torch.Size([1, 1, 224, 224])"
case_00033,115,20.752668380737305,0.0,False,"torch.Size([1, 1, 224, 224])"
case_00014,375,20.180463790893555,0.0,False,"torch.Size([1, 1, 224, 224])"
case_00086,305,20.850181579589844,0.0,False,"torch.Size([1, 1, 224, 224])"
case_00194,127,20.665407180786133,0.0,False,"torch.Size([1, 1, 224, 224])"
case_00033,437,18.918275833129883,0.0,False,"torch.Size([1, 1, 224, 224])"
case_00079,279,19.30832862854004,0.0,False,"torch.Size([1, 1, 224, 224])"
case_00102,416,19.2568302154541,0.0,True,"torch.Size([1, 1, 224, 224])"
case_00086,218,20.301342010498047,0.0,False,"torch.Size([1, 1, 224, 224])"
case_00014,167,19.122600555419922,0.0,False,"torch.Size([1, 1, 224, 224])"
case_00102,112,20.31731605529785,0.0,False,"torch.Size([1, 1, 224, 224])"
case_00161,15,18.958091735839844,0.0,False,"torch.Size([1, 1, 224, 224])"
case_00203,0,19.61541175842285,0.0,False,"torch.Size([1, 1, 224, 224])"
case_00113,14,20.735979080200195,0.0,False,"torch.Size([1, 1, 224, 224])"
case_00125,125,20.321130752563477,0.0,False,"torch.Size([1, 1, 224, 224])"
case_00133,474,21.536588668823242,0.0,False,"torch.Size([1, 1, 224, 224])"
case_00154,383,18.934965133666992,0.0,False,"torch.Size([1, 1, 224, 224])"
case_00154,307,22.234439849853516,0.0,True,"torch.Size([1, 1, 224, 224])"
case_00133,31,18.7375545501709,0.0,False,"torch.Size([1, 1, 224, 224])"
case_00079,291,18.1577205657959,0.0,False,"torch.Size([1, 1, 224, 224])"
case_00161,280,19.632816314697266,0.0,False,"torch.Size([1, 1, 224, 224])"
case_00075,508,20.41935920715332,0.0,False,"torch.Size([1, 1, 224, 224])"
case_00014,452,19.29759979248047,0.0,False,"torch.Size([1, 1, 224, 224])"
case_00203,73,17.972469329833984,0.0,False,"torch.Size([1, 1, 224, 224])"
case_00134,272,19.503116607666016,0.0,False,"torch.Size([1, 1, 224, 224])"
case_00075,43,19.145965576171875,0.0,False,"torch.Size([1, 1, 224, 224])"
case_00113,70,19.459962844848633,0.0,False,"torch.Size([1, 1, 224, 224])"
case_00086,391,28.316497802734375,0.0,True,"torch.Size([1, 1, 224, 224])"
case_00086,367,21.204471588134766,0.0,False,"torch.Size([1, 1, 224, 224])"
case_00133,9,19.454479217529297,0.0,False,"torch.Size([1, 1, 224, 224])"
case_00161,363,19.92201805114746,0.0,False,"torch.Size([1, 1, 224, 224])"
case_00014,323,19.016742706298828,0.0,False,"torch.Size([1, 1, 224, 224])"
case_00134,4,21.8966007232666,0.0,False,"torch.Size([1, 1, 224, 224])"
case_00194,245,21.33035659790039,0.0,False,"torch.Size([1, 1, 224, 224])"
case_00125,65,26.99756622314453,0.0,False,"torch.Size([1, 1, 224, 224])"
case_00086,181,26.204586029052734,0.0,False,"torch.Size([1, 1, 224, 224])"
case_00079,225,21.105289459228516,0.0,False,"torch.Size([1, 1, 224, 224])"
case_00133,139,18.68438720703125,0.0,True,"torch.Size([1, 1, 224, 224])"
case_00086,145,19.6073055267334,0.0,False,"torch.Size([1, 1, 224, 224])"
case_00154,142,19.794464111328125,0.0,False,"torch.Size([1, 1, 224, 224])"
case_00115,404,20.870208740234375,0.0,False,"torch.Size([1, 1, 224, 224])"
case_00113,4,19.545555114746094,0.0,False,"torch.Size([1, 1, 224, 224])"
case_00203,184,20.305633544921875,0.0,False,"torch.Size([1, 1, 224, 224])"
case_00203,481,19.47474479675293,0.0,False,"torch.Size([1, 1, 224, 224])"
case_00154,137,19.7751522064209,0.0,False,"torch.Size([1, 1, 224, 224])"
case_00014,306,19.544601440429688,0.0,False,"torch.Size([1, 1, 224, 224])"
case_00102,10,20.26820182800293,0.0,False,"torch.Size([1, 1, 224, 224])"
case_00203,455,27.302980422973633,0.0,False,"torch.Size([1, 1, 224, 224])"
case_00133,340,28.91087532043457,0.0,False,"torch.Size([1, 1, 224, 224])"
case_00194,9,18.800973892211914,0.0,False,"torch.Size([1, 1, 224, 224])"
case_00102,236,21.136760711669922,0.0,False,"torch.Size([1, 1, 224, 224])"
case_00133,499,26.68285369873047,0.0,False,"torch.Size([1, 1, 224, 224])"
case_00194,141,23.335933685302734,0.0,False,"torch.Size([1, 1, 224, 224])"
case_00154,235,18.850088119506836,0.0,False,"torch.Size([1, 1, 224, 224])"
case_00014,110,19.49167251586914,0.0,False,"torch.Size([1, 1, 224, 224])"
case_00134,122,19.50240135192871,0.0,False,"torch.Size([1, 1, 224, 224])"
case_00194,168,20.11728286743164,0.0,True,"torch.Size([1, 1, 224, 224])"
case_00194,371,20.894765853881836,0.0,False,"torch.Size([1, 1, 224, 224])"
case_00154,284,19.54054832458496,0.0,False,"torch.Size([1, 1, 224, 224])"
case_00203,403,18.609285354614258,0.0,True,"torch.Size([1, 1, 224, 224])"
case_00125,291,19.68097686767578,0.0,False,"torch.Size([1, 1, 224, 224])"
case_00161,285,19.057750701904297,0.0,False,"torch.Size([1, 1, 224, 224])"
case_00133,106,19.611358642578125,0.0,False,"torch.Size([1, 1, 224, 224])"
case_00203,220,19.730091094970703,0.0,False,"torch.Size([1, 1, 224, 224])"
case_00086,401,20.660400390625,0.0,True,"torch.Size([1, 1, 224, 224])"
case_00079,226,21.095991134643555,0.0,False,"torch.Size([1, 1, 224, 224])"
case_00203,15,19.984722137451172,0.0,False,"torch.Size([1, 1, 224, 224])"
case_00115,52,20.367145538330078,0.0,False,"torch.Size([1, 1, 224, 224])"
case_00014,122,19.349098205566406,0.0,False,"torch.Size([1, 1, 224, 224])"
case_00203,291,26.623010635375977,0.0,False,"torch.Size([1, 1, 224, 224])"
case_00079,31,27.324199676513672,0.0,False,"torch.Size([1, 1, 224, 224])"
case_00079,19,19.533157348632812,0.0,False,"torch.Size([1, 1, 224, 224])"
case_00161,429,20.175457000732422,0.0,False,"torch.Size([1, 1, 224, 224])"
case_00161,12,19.79517936706543,0.0,False,"torch.Size([1, 1, 224, 224])"
case_00086,378,19.292593002319336,0.0,True,"torch.Size([1, 1, 224, 224])"
case_00075,203,21.919727325439453,0.0,False,"torch.Size([1, 1, 224, 224])"
case_00154,376,19.283533096313477,0.0,False,"torch.Size([1, 1, 224, 224])"
case_00086,163,20.04551887512207,0.0,False,"torch.Size([1, 1, 224, 224])"
case_00113,213,19.50216293334961,0.0,False,"torch.Size([1, 1, 224, 224])"
case_00125,358,19.885778427124023,0.0,False,"torch.Size([1, 1, 224, 224])"
case_00154,477,19.09041404724121,0.0,False,"torch.Size([1, 1, 224, 224])"
case_00079,313,19.591569900512695,0.0,False,"torch.Size([1, 1, 224, 224])"
case_00133,40,19.223690032958984,0.0,False,"torch.Size([1, 1, 224, 224])"
case_00014,181,19.610881805419922,0.0,True,"torch.Size([1, 1, 224, 224])"
case_00086,74,20.02739906311035,0.0,False,"torch.Size([1, 1, 224, 224])"
case_00079,355,18.464326858520508,0.0,True,"torch.Size([1, 1, 224, 224])"
case_00134,493,22.856712341308594,0.0,False,"torch.Size([1, 1, 224, 224])"
case_00113,183,24.04499053955078,0.0,False,"torch.Size([1, 1, 224, 224])"
case_00133,19,27.081966400146484,0.0,False,"torch.Size([1, 1, 224, 224])"
case_00154,96,20.023584365844727,0.0,False,"torch.Size([1, 1, 224, 224])"
case_00113,484,20.80845832824707,0.0,False,"torch.Size([1, 1, 224, 224])"
case_00125,45,22.09925651550293,0.0,False,"torch.Size([1, 1, 224, 224])"
case_00102,285,20.07460594177246,0.0,False,"torch.Size([1, 1, 224, 224])"
case_00154,24,28.187274932861328,0.0,False,"torch.Size([1, 1, 224, 224])"
case_00115,213,20.928144454956055,0.0,False,"torch.Size([1, 1, 224, 224])"
case_00102,81,18.76044273376465,0.0,False,"torch.Size([1, 1, 224, 224])"
case_00133,143,20.191669464111328,0.0,True,"torch.Size([1, 1, 224, 224])"
case_00161,301,18.2645320892334,0.0,False,"torch.Size([1, 1, 224, 224])"
case_00194,23,17.904281616210938,0.0,False,"torch.Size([1, 1, 224, 224])"
case_00161,299,19.672870635986328,0.0,False,"torch.Size([1, 1, 224, 224])"
case_00086,23,19.119739532470703,0.0,False,"torch.Size([1, 1, 224, 224])"
case_00194,159,19.056081771850586,0.0,True,"torch.Size([1, 1, 224, 224])"
case_00203,284,18.899917602539062,0.0,False,"torch.Size([1, 1, 224, 224])"
case_00102,197,29.5560359954834,0.0,False,"torch.Size([1, 1, 224, 224])"
case_00079,37,20.013093948364258,0.0,False,"torch.Size([1, 1, 224, 224])"
case_00154,288,20.319700241088867,0.0,False,"torch.Size([1, 1, 224, 224])"
case_00075,447,19.97852325439453,0.0,False,"torch.Size([1, 1, 224, 224])"
case_00079,416,20.075559616088867,0.0,True,"torch.Size([1, 1, 224, 224])"
case_00079,342,20.131587982177734,0.0,True,"torch.Size([1, 1, 224, 224])"
case_00154,168,20.534515380859375,0.0,False,"torch.Size([1, 1, 224, 224])"
case_00125,275,21.579504013061523,0.0,False,"torch.Size([1, 1, 224, 224])"
case_00079,15,19.88077163696289,0.0,False,"torch.Size([1, 1, 224, 224])"
case_00115,21,19.78921890258789,0.0,False,"torch.Size([1, 1, 224, 224])"
case_00102,7,28.178691864013672,0.0,False,"torch.Size([1, 1, 224, 224])"
case_00079,488,29.529333114624023,0.0,False,"torch.Size([1, 1, 224, 224])"
case_00133,394,18.790721893310547,0.0,False,"torch.Size([1, 1, 224, 224])"
case_00133,314,20.142555236816406,0.0,False,"torch.Size([1, 1, 224, 224])"
case_00113,350,18.889665603637695,0.0,True,"torch.Size([1, 1, 224, 224])"
case_00075,261,23.712635040283203,0.0,False,"torch.Size([1, 1, 224, 224])"
case_00102,350,18.629789352416992,0.0,True,"torch.Size([1, 1, 224, 224])"
case_00134,277,20.7211971282959,0.0,False,"torch.Size([1, 1, 224, 224])"
case_00033,317,20.340919494628906,0.0,False,"torch.Size([1, 1, 224, 224])"
case_00113,179,22.193193435668945,0.0,False,"torch.Size([1, 1, 224, 224])"
case_00154,258,18.75615119934082,0.0,False,"torch.Size([1, 1, 224, 224])"
case_00086,385,20.198345184326172,0.0,True,"torch.Size([1, 1, 224, 224])"
case_00133,5,19.997835159301758,0.0,False,"torch.Size([1, 1, 224, 224])"
case_00133,393,19.893169403076172,0.0,False,"torch.Size([1, 1, 224, 224])"
case_00102,434,20.933151245117188,0.0,False,"torch.Size([1, 1, 224, 224])"
case_00086,435,20.33257484436035,0.0,False,"torch.Size([1, 1, 224, 224])"
case_00203,309,19.849061965942383,0.0,False,"torch.Size([1, 1, 224, 224])"
case_00154,302,21.5451717376709,0.0,False,"torch.Size([1, 1, 224, 224])"
case_00161,444,21.5756893157959,0.0,False,"torch.Size([1, 1, 224, 224])"
case_00154,353,21.059274673461914,0.0,False,"torch.Size([1, 1, 224, 224])"
case_00113,421,27.964115142822266,0.0,True,"torch.Size([1, 1, 224, 224])"
case_00086,455,22.088289260864258,0.0,False,"torch.Size([1, 1, 224, 224])"
case_00203,401,19.658803939819336,0.0,True,"torch.Size([1, 1, 224, 224])"
case_00115,495,27.72045135498047,0.0,False,"torch.Size([1, 1, 224, 224])"
case_00033,407,19.553661346435547,0.0,False,"torch.Size([1, 1, 224, 224])"
case_00154,466,21.033763885498047,0.0,False,"torch.Size([1, 1, 224, 224])"
case_00014,333,19.589900970458984,0.0,False,"torch.Size([1, 1, 224, 224])"
case_00154,403,20.901203155517578,0.0,False,"torch.Size([1, 1, 224, 224])"
case_00014,128,19.414901733398438,0.0,False,"torch.Size([1, 1, 224, 224])"
case_00014,263,20.867109298706055,0.0,False,"torch.Size([1, 1, 224, 224])"
case_00113,153,19.535541534423828,0.0,False,"torch.Size([1, 1, 224, 224])"
case_00161,22,20.7517147064209,0.0,False,"torch.Size([1, 1, 224, 224])"
case_00154,46,18.596172332763672,0.0,False,"torch.Size([1, 1, 224, 224])"
case_00134,166,19.3483829498291,0.0,False,"torch.Size([1, 1, 224, 224])"
case_00086,439,19.827842712402344,0.0,False,"torch.Size([1, 1, 224, 224])"
case_00079,450,20.693540573120117,0.0,True,"torch.Size([1, 1, 224, 224])"
case_00079,89,25.33245086669922,0.0,False,"torch.Size([1, 1, 224, 224])"
case_00203,233,21.222829818725586,0.0,False,"torch.Size([1, 1, 224, 224])"
case_00203,167,27.988910675048828,0.0,False,"torch.Size([1, 1, 224, 224])"
case_00113,317,31.987667083740234,0.0,True,"torch.Size([1, 1, 224, 224])"
case_00033,346,21.143198013305664,0.0,False,"torch.Size([1, 1, 224, 224])"
case_00113,412,28.684139251708984,0.0,True,"torch.Size([1, 1, 224, 224])"
case_00086,71,21.420717239379883,0.0,False,"torch.Size([1, 1, 224, 224])"
case_00075,279,20.72906494140625,0.0,False,"torch.Size([1, 1, 224, 224])"
case_00133,177,21.0416316986084,0.0,True,"torch.Size([1, 1, 224, 224])"
case_00133,33,18.399477005004883,0.0,False,"torch.Size([1, 1, 224, 224])"
case_00075,252,18.483877182006836,0.0,False,"torch.Size([1, 1, 224, 224])"
case_00125,347,19.904375076293945,0.0,False,"torch.Size([1, 1, 224, 224])"
case_00075,260,19.925355911254883,0.0,False,"torch.Size([1, 1, 224, 224])"
case_00134,470,19.541025161743164,0.0,False,"torch.Size([1, 1, 224, 224])"
case_00113,119,20.473480224609375,0.0,False,"torch.Size([1, 1, 224, 224])"
case_00075,298,19.55866813659668,0.0,False,"torch.Size([1, 1, 224, 224])"
case_00203,360,19.249439239501953,0.0,False,"torch.Size([1, 1, 224, 224])"
case_00033,191,19.908905029296875,0.0,True,"torch.Size([1, 1, 224, 224])"
case_00115,118,21.857738494873047,0.0,False,"torch.Size([1, 1, 224, 224])"
case_00115,37,23.27752113342285,0.0,False,"torch.Size([1, 1, 224, 224])"
case_00014,469,20.36261558532715,0.0,False,"torch.Size([1, 1, 224, 224])"
case_00203,449,19.08731460571289,0.0,False,"torch.Size([1, 1, 224, 224])"
case_00125,51,19.314289093017578,0.0,False,"torch.Size([1, 1, 224, 224])"
case_00113,413,21.038055419921875,0.0,True,"torch.Size([1, 1, 224, 224])"
case_00014,391,18.641948699951172,0.0,False,"torch.Size([1, 1, 224, 224])"
case_00075,323,19.690990447998047,0.0,False,"torch.Size([1, 1, 224, 224])"
case_00102,252,18.235206604003906,0.0,False,"torch.Size([1, 1, 224, 224])"
case_00115,83,19.527912139892578,0.0,False,"torch.Size([1, 1, 224, 224])"
case_00033,449,18.06950569152832,0.0,False,"torch.Size([1, 1, 224, 224])"
case_00079,457,19.329071044921875,0.0,True,"torch.Size([1, 1, 224, 224])"
case_00133,123,19.014596939086914,0.0,True,"torch.Size([1, 1, 224, 224])"
case_00134,279,24.13344383239746,0.0,False,"torch.Size([1, 1, 224, 224])"
case_00154,53,18.772125244140625,0.0,False,"torch.Size([1, 1, 224, 224])"
case_00125,284,20.15089988708496,0.0,False,"torch.Size([1, 1, 224, 224])"
case_00134,107,18.63384246826172,0.0,False,"torch.Size([1, 1, 224, 224])"
case_00075,436,21.114587783813477,0.0,False,"torch.Size([1, 1, 224, 224])"
case_00203,510,18.895864486694336,0.0,False,"torch.Size([1, 1, 224, 224])"
case_00125,139,19.762754440307617,0.0,False,"torch.Size([1, 1, 224, 224])"
case_00079,39,21.632671356201172,0.0,False,"torch.Size([1, 1, 224, 224])"
case_00194,44,20.311594009399414,0.0,False,"torch.Size([1, 1, 224, 224])"
case_00161,175,19.924402236938477,0.0,False,"torch.Size([1, 1, 224, 224])"
case_00203,125,20.156383514404297,0.0,False,"torch.Size([1, 1, 224, 224])"
case_00115,391,20.462751388549805,0.0,False,"torch.Size([1, 1, 224, 224])"
case_00134,422,20.081758499145508,0.0,False,"torch.Size([1, 1, 224, 224])"
case_00033,292,18.550872802734375,0.0,False,"torch.Size([1, 1, 224, 224])"
case_00133,374,19.85788345336914,0.0,False,"torch.Size([1, 1, 224, 224])"
case_00014,163,18.2647705078125,0.0,False,"torch.Size([1, 1, 224, 224])"
case_00134,364,21.22807502746582,0.0,True,"torch.Size([1, 1, 224, 224])"
case_00075,285,18.746137619018555,0.0,False,"torch.Size([1, 1, 224, 224])"
case_00161,95,18.517732620239258,0.0,False,"torch.Size([1, 1, 224, 224])"
case_00161,384,19.050121307373047,0.0,False,"torch.Size([1, 1, 224, 224])"
case_00075,81,22.020339965820312,0.0,False,"torch.Size([1, 1, 224, 224])"
case_00033,18,18.524646759033203,0.0,False,"torch.Size([1, 1, 224, 224])"
case_00113,128,19.793272018432617,0.0,False,"torch.Size([1, 1, 224, 224])"
case_00033,196,20.5841064453125,0.0,True,"torch.Size([1, 1, 224, 224])"
case_00079,345,21.442413330078125,0.0,True,"torch.Size([1, 1, 224, 224])"
case_00134,230,19.45328712463379,0.0,False,"torch.Size([1, 1, 224, 224])"
case_00154,123,20.04718780517578,0.0,False,"torch.Size([1, 1, 224, 224])"
case_00154,330,21.948814392089844,0.0,True,"torch.Size([1, 1, 224, 224])"
case_00102,406,21.210670471191406,0.0,True,"torch.Size([1, 1, 224, 224])"
case_00115,74,18.381357192993164,0.0,False,"torch.Size([1, 1, 224, 224])"
case_00102,242,18.105030059814453,0.0,False,"torch.Size([1, 1, 224, 224])"
case_00113,414,19.355297088623047,0.0,True,"torch.Size([1, 1, 224, 224])"
case_00134,390,21.17133140563965,0.0,False,"torch.Size([1, 1, 224, 224])"
case_00033,283,28.037548065185547,0.0,False,"torch.Size([1, 1, 224, 224])"
case_00133,2,29.160022735595703,0.0,False,"torch.Size([1, 1, 224, 224])"
case_00154,430,19.432783126831055,0.0,False,"torch.Size([1, 1, 224, 224])"
case_00161,368,20.513296127319336,0.0,False,"torch.Size([1, 1, 224, 224])"
case_00033,246,22.56321907043457,0.0,False,"torch.Size([1, 1, 224, 224])"
case_00102,313,23.92101287841797,0.0,True,"torch.Size([1, 1, 224, 224])"
case_00033,172,19.76752281188965,0.0,True,"torch.Size([1, 1, 224, 224])"
case_00154,501,18.326997756958008,0.0,False,"torch.Size([1, 1, 224, 224])"
case_00133,479,17.84205436706543,0.0,False,"torch.Size([1, 1, 224, 224])"
case_00075,1,19.283294677734375,0.0,False,"torch.Size([1, 1, 224, 224])"
case_00134,3,19.231796264648438,0.0,False,"torch.Size([1, 1, 224, 224])"
case_00125,83,18.7530517578125,0.0,False,"torch.Size([1, 1, 224, 224])"
case_00134,133,19.966602325439453,0.0,False,"torch.Size([1, 1, 224, 224])"
case_00203,222,18.691301345825195,0.0,False,"torch.Size([1, 1, 224, 224])"
case_00134,453,27.988195419311523,0.0,False,"torch.Size([1, 1, 224, 224])"
case_00133,44,19.31023597717285,0.0,False,"torch.Size([1, 1, 224, 224])"
case_00133,383,22.057294845581055,0.0,False,"torch.Size([1, 1, 224, 224])"
case_00086,234,19.75226402282715,0.0,False,"torch.Size([1, 1, 224, 224])"
case_00203,108,19.601106643676758,0.0,False,"torch.Size([1, 1, 224, 224])"
case_00075,328,27.732133865356445,0.0,False,"torch.Size([1, 1, 224, 224])"
case_00115,233,19.17886734008789,0.0,False,"torch.Size([1, 1, 224, 224])"
case_00125,86,20.806312561035156,0.0,False,"torch.Size([1, 1, 224, 224])"
case_00161,90,20.01214027404785,0.0,False,"torch.Size([1, 1, 224, 224])"
case_00075,256,21.069765090942383,0.0,False,"torch.Size([1, 1, 224, 224])"
case_00194,505,20.481586456298828,0.0,False,"torch.Size([1, 1, 224, 224])"
case_00133,138,20.26224136352539,0.0,True,"torch.Size([1, 1, 224, 224])"
case_00115,494,28.250694274902344,0.0,False,"torch.Size([1, 1, 224, 224])"
case_00154,52,19.674301147460938,0.0,False,"torch.Size([1, 1, 224, 224])"
case_00014,220,21.747827529907227,0.0,False,"torch.Size([1, 1, 224, 224])"
case_00161,273,21.208524703979492,0.0,False,"torch.Size([1, 1, 224, 224])"
case_00133,27,20.14636993408203,0.0,False,"torch.Size([1, 1, 224, 224])"
case_00102,382,21.724700927734375,0.0,True,"torch.Size([1, 1, 224, 224])"
case_00203,272,19.70076560974121,0.0,False,"torch.Size([1, 1, 224, 224])"
case_00115,356,23.183345794677734,0.0,False,"torch.Size([1, 1, 224, 224])"
case_00125,290,22.87435531616211,0.0,False,"torch.Size([1, 1, 224, 224])"
case_00134,377,21.039724349975586,0.0,True,"torch.Size([1, 1, 224, 224])"
case_00102,299,20.65420150756836,0.0,True,"torch.Size([1, 1, 224, 224])"
case_00161,117,20.88761329650879,0.0,False,"torch.Size([1, 1, 224, 224])"
case_00113,162,18.950462341308594,0.0,False,"torch.Size([1, 1, 224, 224])"
case_00203,26,19.6683406829834,0.0,False,"torch.Size([1, 1, 224, 224])"
case_00075,439,21.613121032714844,0.0,False,"torch.Size([1, 1, 224, 224])"
case_00125,300,18.985748291015625,0.0,False,"torch.Size([1, 1, 224, 224])"
case_00075,459,20.177364349365234,0.0,False,"torch.Size([1, 1, 224, 224])"
case_00161,502,18.99433135986328,0.0,False,"torch.Size([1, 1, 224, 224])"
case_00079,410,19.847869873046875,0.0,True,"torch.Size([1, 1, 224, 224])"
case_00134,340,20.922183990478516,0.0,True,"torch.Size([1, 1, 224, 224])"
case_00075,509,19.00768280029297,0.0,False,"torch.Size([1, 1, 224, 224])"
case_00113,393,18.570423126220703,0.0,True,"torch.Size([1, 1, 224, 224])"
case_00075,369,19.47927474975586,0.0,False,"torch.Size([1, 1, 224, 224])"
case_00079,499,20.112037658691406,0.0,False,"torch.Size([1, 1, 224, 224])"
case_00033,453,19.061565399169922,0.0,False,"torch.Size([1, 1, 224, 224])"
case_00133,329,20.946979522705078,0.0,False,"torch.Size([1, 1, 224, 224])"
case_00134,316,20.51258087158203,0.0,False,"torch.Size([1, 1, 224, 224])"
case_00079,75,20.931243896484375,0.0,False,"torch.Size([1, 1, 224, 224])"
case_00113,495,19.49906349182129,0.0,False,"torch.Size([1, 1, 224, 224])"
case_00014,148,20.705699920654297,0.0,False,"torch.Size([1, 1, 224, 224])"
case_00014,60,19.409656524658203,0.0,False,"torch.Size([1, 1, 224, 224])"
case_00154,426,18.76044273376465,0.0,False,"torch.Size([1, 1, 224, 224])"
case_00161,420,20.74718475341797,0.0,False,"torch.Size([1, 1, 224, 224])"
case_00125,450,18.676280975341797,0.0,False,"torch.Size([1, 1, 224, 224])"
case_00086,353,20.455121994018555,0.0,False,"torch.Size([1, 1, 224, 224])"
case_00134,25,18.753528594970703,0.0,False,"torch.Size([1, 1, 224, 224])"
case_00075,29,21.404027938842773,0.0,False,"torch.Size([1, 1, 224, 224])"
case_00033,186,20.498275756835938,0.0,True,"torch.Size([1, 1, 224, 224])"
case_00086,400,22.815704345703125,0.0,True,"torch.Size([1, 1, 224, 224])"
case_00102,482,22.588491439819336,0.0,False,"torch.Size([1, 1, 224, 224])"
case_00102,193,19.976377487182617,0.0,False,"torch.Size([1, 1, 224, 224])"
case_00203,109,22.910118103027344,0.0,False,"torch.Size([1, 1, 224, 224])"
case_00086,198,21.855592727661133,0.0,False,"torch.Size([1, 1, 224, 224])"
case_00194,344,17.79007911682129,0.0,False,"torch.Size([1, 1, 224, 224])"
case_00086,257,20.714282989501953,0.0,False,"torch.Size([1, 1, 224, 224])"
case_00113,438,19.769906997680664,0.0,True,"torch.Size([1, 1, 224, 224])"
case_00075,458,31.902313232421875,0.0,False,"torch.Size([1, 1, 224, 224])"
case_00102,45,23.404836654663086,0.0,False,"torch.Size([1, 1, 224, 224])"
case_00203,350,20.296573638916016,0.0,False,"torch.Size([1, 1, 224, 224])"
case_00134,199,27.28414535522461,0.0,False,"torch.Size([1, 1, 224, 224])"
case_00154,377,18.424510955810547,0.0,False,"torch.Size([1, 1, 224, 224])"
case_00102,207,19.731998443603516,0.0,False,"torch.Size([1, 1, 224, 224])"
case_00134,355,19.15287971496582,0.0,True,"torch.Size([1, 1, 224, 224])"
case_00134,329,18.55301856994629,0.0,True,"torch.Size([1, 1, 224, 224])"
case_00113,163,19.603252410888672,0.0,False,"torch.Size([1, 1, 224, 224])"
case_00079,259,18.53799819946289,0.0,False,"torch.Size([1, 1, 224, 224])"
case_00113,324,20.827531814575195,0.0,True,"torch.Size([1, 1, 224, 224])"
case_00075,111,23.497343063354492,0.0,False,"torch.Size([1, 1, 224, 224])"
case_00133,418,20.876646041870117,0.0,False,"torch.Size([1, 1, 224, 224])"
case_00075,118,25.773286819458008,0.0,False,"torch.Size([1, 1, 224, 224])"
case_00086,73,21.390199661254883,0.0,False,"torch.Size([1, 1, 224, 224])"
case_00102,449,19.969940185546875,0.0,False,"torch.Size([1, 1, 224, 224])"
case_00161,341,21.357297897338867,0.0,False,"torch.Size([1, 1, 224, 224])"
case_00115,422,20.022869110107422,0.0,False,"torch.Size([1, 1, 224, 224])"
case_00154,125,21.787643432617188,0.0,False,"torch.Size([1, 1, 224, 224])"
case_00014,0,20.044803619384766,0.0,False,"torch.Size([1, 1, 224, 224])"
case_00086,79,21.671295166015625,0.0,False,"torch.Size([1, 1, 224, 224])"
case_00113,211,20.51854133605957,0.0,False,"torch.Size([1, 1, 224, 224])"
case_00014,456,25.96592903137207,0.0,False,"torch.Size([1, 1, 224, 224])"
case_00203,264,21.199464797973633,0.0,False,"torch.Size([1, 1, 224, 224])"
case_00203,27,21.619081497192383,0.0,False,"torch.Size([1, 1, 224, 224])"
case_00134,18,22.35722541809082,0.0,False,"torch.Size([1, 1, 224, 224])"
case_00161,32,21.982431411743164,0.0,False,"torch.Size([1, 1, 224, 224])"
case_00194,492,19.97542381286621,0.0,False,"torch.Size([1, 1, 224, 224])"
case_00134,151,21.680593490600586,0.0,False,"torch.Size([1, 1, 224, 224])"
case_00102,286,20.055055618286133,0.0,False,"torch.Size([1, 1, 224, 224])"
case_00102,475,22.313356399536133,0.0,False,"torch.Size([1, 1, 224, 224])"
case_00154,18,19.92630958557129,0.0,False,"torch.Size([1, 1, 224, 224])"
case_00033,396,21.60334587097168,0.0,False,"torch.Size([1, 1, 224, 224])"
case_00113,89,20.116806030273438,0.0,False,"torch.Size([1, 1, 224, 224])"
case_00079,373,20.43771743774414,0.0,True,"torch.Size([1, 1, 224, 224])"
case_00113,136,21.127939224243164,0.0,False,"torch.Size([1, 1, 224, 224])"
case_00161,406,21.12865447998047,0.0,False,"torch.Size([1, 1, 224, 224])"
case_00134,435,20.43294906616211,0.0,False,"torch.Size([1, 1, 224, 224])"
case_00133,140,22.03679084777832,0.0,True,"torch.Size([1, 1, 224, 224])"
case_00014,327,19.340991973876953,0.0,False,"torch.Size([1, 1, 224, 224])"
case_00133,361,20.72763442993164,0.0,False,"torch.Size([1, 1, 224, 224])"
case_00194,116,19.752979278564453,0.0,False,"torch.Size([1, 1, 224, 224])"
case_00086,354,37.70852088928223,0.0,False,"torch.Size([1, 1, 224, 224])"
case_00086,284,18.90110969543457,0.0,False,"torch.Size([1, 1, 224, 224])"
case_00203,87,19.011497497558594,0.0,False,"torch.Size([1, 1, 224, 224])"
case_00113,108,20.354747772216797,0.0,False,"torch.Size([1, 1, 224, 224])"
case_00154,480,18.790483474731445,0.0,False,"torch.Size([1, 1, 224, 224])"
case_00113,357,20.54572105407715,0.0,True,"torch.Size([1, 1, 224, 224])"
case_00079,501,19.136667251586914,0.0,False,"torch.Size([1, 1, 224, 224])"
case_00194,29,18.33057403564453,0.0,False,"torch.Size([1, 1, 224, 224])"
case_00125,111,20.386695861816406,0.0,False,"torch.Size([1, 1, 224, 224])"
case_00113,429,20.204782485961914,0.0,True,"torch.Size([1, 1, 224, 224])"
case_00133,298,24.515390396118164,0.0,False,"torch.Size([1, 1, 224, 224])"
case_00133,16,25.950908660888672,0.0,False,"torch.Size([1, 1, 224, 224])"
case_00115,227,21.1334228515625,0.0,False,"torch.Size([1, 1, 224, 224])"
case_00161,42,22.22895622253418,0.0,False,"torch.Size([1, 1, 224, 224])"
case_00134,267,21.745920181274414,0.0,False,"torch.Size([1, 1, 224, 224])"
case_00194,31,20.135164260864258,0.0,False,"torch.Size([1, 1, 224, 224])"
case_00203,377,19.029617309570312,0.0,False,"torch.Size([1, 1, 224, 224])"
case_00115,278,20.936965942382812,0.0,False,"torch.Size([1, 1, 224, 224])"
case_00194,409,19.05679702758789,0.0,False,"torch.Size([1, 1, 224, 224])"
case_00194,130,20.674467086791992,0.0,False,"torch.Size([1, 1, 224, 224])"
case_00075,292,20.48969268798828,0.0,False,"torch.Size([1, 1, 224, 224])"
case_00115,510,19.929885864257812,0.0,False,"torch.Size([1, 1, 224, 224])"
case_00113,115,21.03400230407715,0.0,False,"torch.Size([1, 1, 224, 224])"
case_00125,492,20.188570022583008,0.0,False,"torch.Size([1, 1, 224, 224])"
case_00033,340,19.78135108947754,0.0,False,"torch.Size([1, 1, 224, 224])"
case_00014,481,19.6990966796875,0.0,False,"torch.Size([1, 1, 224, 224])"
case_00203,414,19.734621047973633,0.0,True,"torch.Size([1, 1, 224, 224])"
case_00075,125,24.0478515625,0.0,False,"torch.Size([1, 1, 224, 224])"
case_00194,445,21.67487144470215,0.0,False,"torch.Size([1, 1, 224, 224])"
case_00194,442,21.5761661529541,0.0,False,"torch.Size([1, 1, 224, 224])"
case_00154,306,18.658876419067383,0.0,False,"torch.Size([1, 1, 224, 224])"
case_00134,392,20.70760726928711,0.0,False,"torch.Size([1, 1, 224, 224])"
case_00079,28,19.340991973876953,0.0,False,"torch.Size([1, 1, 224, 224])"
case_00086,428,21.561384201049805,0.0,False,"torch.Size([1, 1, 224, 224])"
case_00134,178,19.592761993408203,0.0,False,"torch.Size([1, 1, 224, 224])"
case_00203,199,19.932270050048828,0.0,False,"torch.Size([1, 1, 224, 224])"
case_00033,479,21.57139778137207,0.0,False,"torch.Size([1, 1, 224, 224])"
case_00125,499,20.185470581054688,0.0,False,"torch.Size([1, 1, 224, 224])"
case_00102,359,20.2028751373291,0.0,True,"torch.Size([1, 1, 224, 224])"
case_00154,173,18.247365951538086,0.0,False,"torch.Size([1, 1, 224, 224])"
case_00134,184,22.082090377807617,0.0,False,"torch.Size([1, 1, 224, 224])"
case_00075,372,20.801782608032227,0.0,False,"torch.Size([1, 1, 224, 224])"
case_00075,370,22.401094436645508,0.0,False,"torch.Size([1, 1, 224, 224])"
case_00075,136,21.356821060180664,0.0,False,"torch.Size([1, 1, 224, 224])"
case_00133,368,20.702362060546875,0.0,False,"torch.Size([1, 1, 224, 224])"
case_00194,428,27.36973762512207,0.0,False,"torch.Size([1, 1, 224, 224])"
case_00133,113,19.4242000579834,0.0,False,"torch.Size([1, 1, 224, 224])"
case_00125,435,21.065235137939453,0.0,False,"torch.Size([1, 1, 224, 224])"
case_00075,496,19.283294677734375,0.0,False,"torch.Size([1, 1, 224, 224])"
case_00203,5,19.281387329101562,0.0,False,"torch.Size([1, 1, 224, 224])"
case_00014,299,20.9348201751709,0.0,False,"torch.Size([1, 1, 224, 224])"
case_00113,75,19.44899559020996,0.0,False,"torch.Size([1, 1, 224, 224])"
case_00033,253,19.227027893066406,0.0,False,"torch.Size([1, 1, 224, 224])"
case_00075,199,21.364212036132812,0.0,False,"torch.Size([1, 1, 224, 224])"
case_00086,31,20.233869552612305,0.0,False,"torch.Size([1, 1, 224, 224])"
case_00154,148,20.15542984008789,0.0,False,"torch.Size([1, 1, 224, 224])"
case_00161,0,19.127607345581055,0.0,False,"torch.Size([1, 1, 224, 224])"
case_00194,387,19.40155029296875,0.0,False,"torch.Size([1, 1, 224, 224])"
case_00154,308,19.479990005493164,0.0,True,"torch.Size([1, 1, 224, 224])"
case_00194,119,25.157690048217773,0.0,False,"torch.Size([1, 1, 224, 224])"
case_00113,452,28.157472610473633,0.0,False,"torch.Size([1, 1, 224, 224])"
case_00203,324,22.170543670654297,0.0,False,"torch.Size([1, 1, 224, 224])"
case_00033,480,19.465923309326172,0.0,False,"torch.Size([1, 1, 224, 224])"
case_00086,432,20.186185836791992,0.0,False,"torch.Size([1, 1, 224, 224])"
case_00086,415,19.79541778564453,0.0,True,"torch.Size([1, 1, 224, 224])"
case_00125,198,36.33546829223633,0.0,True,"torch.Size([1, 1, 224, 224])"
case_00194,232,28.046369552612305,0.0,False,"torch.Size([1, 1, 224, 224])"
case_00134,102,18.901824951171875,0.0,False,"torch.Size([1, 1, 224, 224])"
case_00133,353,21.472930908203125,0.0,False,"torch.Size([1, 1, 224, 224])"
case_00154,69,20.056962966918945,0.0,False,"torch.Size([1, 1, 224, 224])"
case_00134,109,19.793987274169922,0.0,False,"torch.Size([1, 1, 224, 224])"
case_00086,248,20.3094482421875,0.0,False,"torch.Size([1, 1, 224, 224])"
case_00086,275,21.817922592163086,0.0,False,"torch.Size([1, 1, 224, 224])"
case_00203,67,18.778324127197266,0.0,False,"torch.Size([1, 1, 224, 224])"
case_00014,40,19.47617530822754,0.0,False,"torch.Size([1, 1, 224, 224])"
case_00086,238,20.265579223632812,0.0,False,"torch.Size([1, 1, 224, 224])"
case_00113,224,20.621299743652344,0.0,False,"torch.Size([1, 1, 224, 224])"
case_00134,283,20.27130126953125,0.0,False,"torch.Size([1, 1, 224, 224])"
case_00033,200,20.731687545776367,0.0,False,"torch.Size([1, 1, 224, 224])"
case_00014,359,20.357370376586914,0.0,False,"torch.Size([1, 1, 224, 224])"
case_00102,374,21.03424072265625,0.0,True,"torch.Size([1, 1, 224, 224])"
case_00194,354,19.12236213684082,0.0,False,"torch.Size([1, 1, 224, 224])"
case_00194,330,18.64314079284668,0.0,False,"torch.Size([1, 1, 224, 224])"
case_00014,322,20.453453063964844,0.0,False,"torch.Size([1, 1, 224, 224])"
case_00161,160,21.564006805419922,0.0,True,"torch.Size([1, 1, 224, 224])"
case_00154,84,21.504878997802734,0.0,False,"torch.Size([1, 1, 224, 224])"
case_00203,165,20.955324172973633,0.0,False,"torch.Size([1, 1, 224, 224])"
case_00113,483,21.936655044555664,0.0,False,"torch.Size([1, 1, 224, 224])"
case_00125,196,20.22552490234375,0.0,True,"torch.Size([1, 1, 224, 224])"
case_00125,281,20.833253860473633,0.0,False,"torch.Size([1, 1, 224, 224])"
case_00075,379,20.519018173217773,0.0,False,"torch.Size([1, 1, 224, 224])"
case_00161,151,21.1639404296875,0.0,True,"torch.Size([1, 1, 224, 224])"
case_00102,351,21.199941635131836,0.0,True,"torch.Size([1, 1, 224, 224])"
case_00079,224,22.696256637573242,0.0,False,"torch.Size([1, 1, 224, 224])"
case_00115,183,20.278453826904297,0.0,False,"torch.Size([1, 1, 224, 224])"
case_00102,21,20.654678344726562,0.0,False,"torch.Size([1, 1, 224, 224])"
case_00102,24,19.350051879882812,0.0,False,"torch.Size([1, 1, 224, 224])"
case_00194,86,20.01643180847168,0.0,False,"torch.Size([1, 1, 224, 224])"
case_00014,465,19.496679306030273,0.0,False,"torch.Size([1, 1, 224, 224])"
case_00161,182,19.902706146240234,0.0,False,"torch.Size([1, 1, 224, 224])"
case_00194,118,20.88475227355957,0.0,False,"torch.Size([1, 1, 224, 224])"
case_00125,150,19.48857307434082,0.0,False,"torch.Size([1, 1, 224, 224])"
case_00113,83,20.012617111206055,0.0,False,"torch.Size([1, 1, 224, 224])"
case_00014,488,19.00625228881836,0.0,False,"torch.Size([1, 1, 224, 224])"
case_00125,213,20.101547241210938,0.0,False,"torch.Size([1, 1, 224, 224])"
case_00033,178,19.05059814453125,0.0,True,"torch.Size([1, 1, 224, 224])"
case_00203,489,20.640134811401367,0.0,False,"torch.Size([1, 1, 224, 224])"
case_00014,4,18.799543380737305,0.0,False,"torch.Size([1, 1, 224, 224])"
case_00079,246,19.57249641418457,0.0,False,"torch.Size([1, 1, 224, 224])"
case_00033,75,19.520998001098633,0.0,False,"torch.Size([1, 1, 224, 224])"
case_00113,309,22.463560104370117,0.0,False,"torch.Size([1, 1, 224, 224])"
case_00161,300,19.342899322509766,0.0,False,"torch.Size([1, 1, 224, 224])"
case_00033,496,20.211458206176758,0.0,False,"torch.Size([1, 1, 224, 224])"
case_00133,210,18.6920166015625,0.0,False,"torch.Size([1, 1, 224, 224])"
case_00161,11,19.638538360595703,0.0,False,"torch.Size([1, 1, 224, 224])"
case_00086,197,19.127368927001953,0.0,False,"torch.Size([1, 1, 224, 224])"
case_00075,505,19.77086067199707,0.0,False,"torch.Size([1, 1, 224, 224])"
case_00125,245,18.728017807006836,0.0,False,"torch.Size([1, 1, 224, 224])"
case_00134,448,20.091772079467773,0.0,False,"torch.Size([1, 1, 224, 224])"
case_00134,95,19.672632217407227,0.0,False,"torch.Size([1, 1, 224, 224])"
case_00079,4,23.899316787719727,0.0,False,"torch.Size([1, 1, 224, 224])"
case_00134,189,20.25151252746582,0.0,False,"torch.Size([1, 1, 224, 224])"
case_00154,413,18.32747459411621,0.0,False,"torch.Size([1, 1, 224, 224])"
case_00079,394,21.620750427246094,0.0,True,"torch.Size([1, 1, 224, 224])"
case_00133,142,21.85368537902832,0.0,True,"torch.Size([1, 1, 224, 224])"
case_00113,164,22.03083038330078,0.0,False,"torch.Size([1, 1, 224, 224])"
case_00115,36,19.95396614074707,0.0,False,"torch.Size([1, 1, 224, 224])"
case_00115,180,21.132469177246094,0.0,False,"torch.Size([1, 1, 224, 224])"
case_00086,386,19.742488861083984,0.0,True,"torch.Size([1, 1, 224, 224])"
case_00133,87,19.59991455078125,0.0,False,"torch.Size([1, 1, 224, 224])"
case_00113,244,19.663095474243164,0.0,False,"torch.Size([1, 1, 224, 224])"
case_00113,104,20.25461196899414,0.0,False,"torch.Size([1, 1, 224, 224])"
case_00113,337,21.7287540435791,0.0,True,"torch.Size([1, 1, 224, 224])"
case_00075,200,21.7287540435791,0.0,False,"torch.Size([1, 1, 224, 224])"
case_00102,345,20.728588104248047,0.0,True,"torch.Size([1, 1, 224, 224])"
case_00203,323,20.49422264099121,0.0,False,"torch.Size([1, 1, 224, 224])"
case_00134,180,21.943092346191406,0.0,False,"torch.Size([1, 1, 224, 224])"
case_00161,484,19.97828483581543,0.0,False,"torch.Size([1, 1, 224, 224])"
case_00014,438,20.337820053100586,0.0,False,"torch.Size([1, 1, 224, 224])"
case_00161,187,20.627260208129883,0.0,False,"torch.Size([1, 1, 224, 224])"
case_00154,141,18.859386444091797,0.0,False,"torch.Size([1, 1, 224, 224])"
case_00125,356,20.44534683227539,0.0,False,"torch.Size([1, 1, 224, 224])"
case_00086,43,19.659042358398438,0.0,False,"torch.Size([1, 1, 224, 224])"
case_00194,489,20.891189575195312,0.0,False,"torch.Size([1, 1, 224, 224])"
case_00113,416,19.545793533325195,0.0,True,"torch.Size([1, 1, 224, 224])"
case_00203,36,19.37556266784668,0.0,False,"torch.Size([1, 1, 224, 224])"
case_00203,413,19.19078826904297,0.0,True,"torch.Size([1, 1, 224, 224])"
case_00079,81,27.9233455657959,0.0,False,"torch.Size([1, 1, 224, 224])"
case_00014,32,27.951478958129883,0.0,False,"torch.Size([1, 1, 224, 224])"
case_00194,494,29.35004234313965,0.0,False,"torch.Size([1, 1, 224, 224])"
case_00075,332,19.123554229736328,0.0,True,"torch.Size([1, 1, 224, 224])"
case_00033,152,21.978378295898438,0.0,False,"torch.Size([1, 1, 224, 224])"
case_00203,201,20.561695098876953,0.0,False,"torch.Size([1, 1, 224, 224])"
case_00154,276,20.44510841369629,0.0,False,"torch.Size([1, 1, 224, 224])"
case_00079,284,20.509719848632812,0.0,False,"torch.Size([1, 1, 224, 224])"
case_00033,0,20.660877227783203,0.0,False,"torch.Size([1, 1, 224, 224])"
case_00154,332,20.244836807250977,0.0,True,"torch.Size([1, 1, 224, 224])"
case_00203,505,19.63949203491211,0.0,False,"torch.Size([1, 1, 224, 224])"
case_00115,141,20.82085609436035,0.0,False,"torch.Size([1, 1, 224, 224])"
case_00079,222,20.675182342529297,0.0,False,"torch.Size([1, 1, 224, 224])"
case_00161,493,25.8328914642334,0.0,False,"torch.Size([1, 1, 224, 224])"
case_00125,415,23.670196533203125,0.0,False,"torch.Size([1, 1, 224, 224])"
case_00033,132,20.40886878967285,0.0,False,"torch.Size([1, 1, 224, 224])"
case_00102,257,19.655466079711914,0.0,False,"torch.Size([1, 1, 224, 224])"
case_00075,134,21.361351013183594,0.0,False,"torch.Size([1, 1, 224, 224])"
case_00194,349,19.376039505004883,0.0,False,"torch.Size([1, 1, 224, 224])"
case_00086,174,21.01731300354004,0.0,False,"torch.Size([1, 1, 224, 224])"
case_00133,233,19.616365432739258,0.0,False,"torch.Size([1, 1, 224, 224])"
case_00086,177,21.585464477539062,0.0,False,"torch.Size([1, 1, 224, 224])"
case_00075,452,20.29728889465332,0.0,False,"torch.Size([1, 1, 224, 224])"
case_00033,387,19.713640213012695,0.0,False,"torch.Size([1, 1, 224, 224])"
case_00115,417,21.494626998901367,0.0,False,"torch.Size([1, 1, 224, 224])"
case_00102,90,19.394874572753906,0.0,False,"torch.Size([1, 1, 224, 224])"
case_00075,404,20.95317840576172,0.0,False,"torch.Size([1, 1, 224, 224])"
case_00115,496,19.41704750061035,0.0,False,"torch.Size([1, 1, 224, 224])"
case_00133,422,20.87259292602539,0.0,False,"torch.Size([1, 1, 224, 224])"
case_00115,403,19.845962524414062,0.0,False,"torch.Size([1, 1, 224, 224])"
case_00194,152,20.986557006835938,0.0,False,"torch.Size([1, 1, 224, 224])"
case_00075,86,19.701719284057617,0.0,False,"torch.Size([1, 1, 224, 224])"
case_00033,441,19.289255142211914,0.0,False,"torch.Size([1, 1, 224, 224])"
case_00125,173,19.166231155395508,0.0,False,"torch.Size([1, 1, 224, 224])"
case_00203,187,19.498586654663086,0.0,False,"torch.Size([1, 1, 224, 224])"
case_00102,31,20.59769630432129,0.0,False,"torch.Size([1, 1, 224, 224])"
case_00203,419,19.387006759643555,0.0,True,"torch.Size([1, 1, 224, 224])"
case_00161,340,25.292158126831055,0.0,False,"torch.Size([1, 1, 224, 224])"
case_00154,30,19.54364776611328,0.0,False,"torch.Size([1, 1, 224, 224])"
case_00014,176,22.318601608276367,0.0,True,"torch.Size([1, 1, 224, 224])"
case_00203,96,17.950773239135742,0.0,False,"torch.Size([1, 1, 224, 224])"
case_00014,184,20.398616790771484,0.0,True,"torch.Size([1, 1, 224, 224])"
case_00033,412,19.36507225036621,0.0,False,"torch.Size([1, 1, 224, 224])"
case_00115,444,27.445077896118164,0.0,False,"torch.Size([1, 1, 224, 224])"
case_00115,156,20.456552505493164,0.0,False,"torch.Size([1, 1, 224, 224])"
case_00203,366,22.800922393798828,0.0,False,"torch.Size([1, 1, 224, 224])"
case_00133,428,20.101070404052734,0.0,False,"torch.Size([1, 1, 224, 224])"
case_00075,424,26.308536529541016,0.0,False,"torch.Size([1, 1, 224, 224])"
case_00075,24,21.287202835083008,0.0,False,"torch.Size([1, 1, 224, 224])"
case_00133,483,23.509740829467773,0.0,False,"torch.Size([1, 1, 224, 224])"
case_00115,287,21.633625030517578,0.0,False,"torch.Size([1, 1, 224, 224])"
case_00102,429,21.535634994506836,0.0,False,"torch.Size([1, 1, 224, 224])"
case_00014,419,19.32835578918457,0.0,False,"torch.Size([1, 1, 224, 224])"
case_00194,63,25.138378143310547,0.0,False,"torch.Size([1, 1, 224, 224])"
case_00102,314,19.41657066345215,0.0,True,"torch.Size([1, 1, 224, 224])"
case_00086,62,23.24652671813965,0.0,False,"torch.Size([1, 1, 224, 224])"
case_00033,354,19.55413818359375,0.0,False,"torch.Size([1, 1, 224, 224])"
case_00154,266,21.42024040222168,0.0,False,"torch.Size([1, 1, 224, 224])"
case_00086,58,19.95110511779785,0.0,False,"torch.Size([1, 1, 224, 224])"
case_00194,332,21.283388137817383,0.0,False,"torch.Size([1, 1, 224, 224])"
case_00115,469,20.01643180847168,0.0,False,"torch.Size([1, 1, 224, 224])"
case_00102,119,21.36707305908203,0.0,False,"torch.Size([1, 1, 224, 224])"
case_00203,312,19.28234100341797,0.0,False,"torch.Size([1, 1, 224, 224])"
case_00014,90,20.016908645629883,0.0,False,"torch.Size([1, 1, 224, 224])"
case_00161,7,20.105600357055664,0.0,False,"torch.Size([1, 1, 224, 224])"
case_00102,217,20.27606964111328,0.0,False,"torch.Size([1, 1, 224, 224])"
case_00033,288,19.416332244873047,0.0,False,"torch.Size([1, 1, 224, 224])"
case_00203,196,19.84095573425293,0.0,False,"torch.Size([1, 1, 224, 224])"
case_00203,497,19.04439926147461,0.0,False,"torch.Size([1, 1, 224, 224])"
case_00113,39,20.15089988708496,0.0,False,"torch.Size([1, 1, 224, 224])"
case_00014,351,18.749713897705078,0.0,False,"torch.Size([1, 1, 224, 224])"
case_00075,235,20.106077194213867,0.0,False,"torch.Size([1, 1, 224, 224])"
case_00086,352,18.94688606262207,0.0,False,"torch.Size([1, 1, 224, 224])"
case_00075,123,19.537925720214844,0.0,False,"torch.Size([1, 1, 224, 224])"
case_00113,361,19.780874252319336,0.0,True,"torch.Size([1, 1, 224, 224])"
case_00161,293,20.037412643432617,0.0,False,"torch.Size([1, 1, 224, 224])"
case_00194,461,18.601417541503906,0.0,False,"torch.Size([1, 1, 224, 224])"
case_00086,114,20.360469818115234,0.0,False,"torch.Size([1, 1, 224, 224])"
case_00033,422,18.088102340698242,0.0,False,"torch.Size([1, 1, 224, 224])"
case_00113,454,19.620895385742188,0.0,False,"torch.Size([1, 1, 224, 224])"
case_00194,189,25.574684143066406,0.0,False,"torch.Size([1, 1, 224, 224])"
case_00075,64,20.104646682739258,0.0,False,"torch.Size([1, 1, 224, 224])"
case_00203,369,18.321990966796875,0.0,False,"torch.Size([1, 1, 224, 224])"
case_00102,510,19.362449645996094,0.0,False,"torch.Size([1, 1, 224, 224])"
case_00075,13,18.787622451782227,0.0,False,"torch.Size([1, 1, 224, 224])"
case_00154,237,20.055055618286133,0.0,False,"torch.Size([1, 1, 224, 224])"
case_00154,445,18.649578094482422,0.0,False,"torch.Size([1, 1, 224, 224])"
case_00115,229,19.994735717773438,0.0,False,"torch.Size([1, 1, 224, 224])"
case_00075,288,18.611907958984375,0.0,False,"torch.Size([1, 1, 224, 224])"
case_00033,305,18.212318420410156,0.0,False,"torch.Size([1, 1, 224, 224])"
case_00134,148,20.85399627685547,0.0,False,"torch.Size([1, 1, 224, 224])"
case_00134,400,18.38541030883789,0.0,False,"torch.Size([1, 1, 224, 224])"
case_00161,321,19.052743911743164,0.0,False,"torch.Size([1, 1, 224, 224])"
case_00079,336,19.438743591308594,0.0,True,"torch.Size([1, 1, 224, 224])"
case_00086,471,22.817134857177734,0.0,False,"torch.Size([1, 1, 224, 224])"
case_00154,42,19.26875114440918,0.0,False,"torch.Size([1, 1, 224, 224])"
case_00014,417,20.25008201599121,0.0,False,"torch.Size([1, 1, 224, 224])"
case_00203,274,19.79827880859375,0.0,False,"torch.Size([1, 1, 224, 224])"
case_00203,282,21.834373474121094,0.0,False,"torch.Size([1, 1, 224, 224])"
case_00014,290,18.935441970825195,0.0,False,"torch.Size([1, 1, 224, 224])"
case_00194,228,20.170927047729492,0.0,False,"torch.Size([1, 1, 224, 224])"
case_00161,310,19.783496856689453,0.0,False,"torch.Size([1, 1, 224, 224])"
case_00125,89,21.32272720336914,0.0,False,"torch.Size([1, 1, 224, 224])"
case_00125,82,20.28632164001465,0.0,False,"torch.Size([1, 1, 224, 224])"
case_00079,366,21.47078514099121,0.0,True,"torch.Size([1, 1, 224, 224])"
case_00203,57,21.32129669189453,0.0,False,"torch.Size([1, 1, 224, 224])"
case_00086,416,22.67146110534668,0.0,True,"torch.Size([1, 1, 224, 224])"
case_00194,61,19.80423927307129,0.0,False,"torch.Size([1, 1, 224, 224])"
case_00203,496,18.672466278076172,0.0,False,"torch.Size([1, 1, 224, 224])"
case_00134,418,19.01721954345703,0.0,False,"torch.Size([1, 1, 224, 224])"
case_00134,290,20.494699478149414,0.0,False,"torch.Size([1, 1, 224, 224])"
case_00115,430,19.05369758605957,0.0,False,"torch.Size([1, 1, 224, 224])"
case_00194,316,20.403623580932617,0.0,False,"torch.Size([1, 1, 224, 224])"
case_00086,42,19.948482513427734,0.0,False,"torch.Size([1, 1, 224, 224])"
case_00125,385,20.813941955566406,0.0,False,"torch.Size([1, 1, 224, 224])"
case_00161,199,19.891738891601562,0.0,False,"torch.Size([1, 1, 224, 224])"
case_00033,223,21.272659301757812,0.0,False,"torch.Size([1, 1, 224, 224])"
case_00134,45,22.04132080078125,0.0,False,"torch.Size([1, 1, 224, 224])"
case_00161,146,19.67000961303711,0.0,True,"torch.Size([1, 1, 224, 224])"
case_00125,169,21.616220474243164,0.0,False,"torch.Size([1, 1, 224, 224])"
case_00154,135,18.71514320373535,0.0,False,"torch.Size([1, 1, 224, 224])"
case_00161,466,24.971723556518555,0.0,False,"torch.Size([1, 1, 224, 224])"
case_00033,43,18.435001373291016,0.0,False,"torch.Size([1, 1, 224, 224])"
case_00086,388,20.199298858642578,0.0,True,"torch.Size([1, 1, 224, 224])"
case_00115,414,18.101215362548828,0.0,False,"torch.Size([1, 1, 224, 224])"
case_00033,22,21.160364151000977,0.0,False,"torch.Size([1, 1, 224, 224])"
case_00194,458,18.65696907043457,0.0,False,"torch.Size([1, 1, 224, 224])"
case_00133,438,20.515918731689453,0.0,False,"torch.Size([1, 1, 224, 224])"
case_00115,60,18.174171447753906,0.0,False,"torch.Size([1, 1, 224, 224])"
case_00102,122,25.091886520385742,0.0,False,"torch.Size([1, 1, 224, 224])"
case_00033,324,18.748760223388672,0.0,False,"torch.Size([1, 1, 224, 224])"
case_00125,265,20.870447158813477,0.0,False,"torch.Size([1, 1, 224, 224])"
case_00125,467,18.566370010375977,0.0,False,"torch.Size([1, 1, 224, 224])"
case_00154,6,21.0723876953125,0.0,False,"torch.Size([1, 1, 224, 224])"
case_00133,494,19.680023193359375,0.0,False,"torch.Size([1, 1, 224, 224])"
case_00154,411,19.383907318115234,0.0,False,"torch.Size([1, 1, 224, 224])"
case_00133,441,21.526813507080078,0.0,False,"torch.Size([1, 1, 224, 224])"
case_00033,352,18.92232894897461,0.0,False,"torch.Size([1, 1, 224, 224])"
case_00125,158,20.268917083740234,0.0,False,"torch.Size([1, 1, 224, 224])"
case_00113,348,19.044160842895508,0.0,True,"torch.Size([1, 1, 224, 224])"
case_00033,218,30.84588050842285,0.0,False,"torch.Size([1, 1, 224, 224])"
case_00194,510,20.58720588684082,0.0,False,"torch.Size([1, 1, 224, 224])"
case_00086,162,19.608736038208008,0.0,False,"torch.Size([1, 1, 224, 224])"
case_00086,362,21.82483673095703,0.0,False,"torch.Size([1, 1, 224, 224])"
case_00194,226,19.526958465576172,0.0,False,"torch.Size([1, 1, 224, 224])"
case_00102,15,18.67365837097168,0.0,False,"torch.Size([1, 1, 224, 224])"
case_00033,24,18.698930740356445,0.0,False,"torch.Size([1, 1, 224, 224])"
case_00075,46,20.46680450439453,0.0,False,"torch.Size([1, 1, 224, 224])"
case_00115,257,19.131898880004883,0.0,False,"torch.Size([1, 1, 224, 224])"
case_00154,15,20.736217498779297,0.0,False,"torch.Size([1, 1, 224, 224])"
case_00086,88,18.504619598388672,0.0,False,"torch.Size([1, 1, 224, 224])"
case_00102,93,18.55158805847168,0.0,False,"torch.Size([1, 1, 224, 224])"
case_00203,280,18.146991729736328,0.0,False,"torch.Size([1, 1, 224, 224])"
case_00102,445,23.107051849365234,0.0,False,"torch.Size([1, 1, 224, 224])"
case_00194,501,27.64129638671875,0.0,False,"torch.Size([1, 1, 224, 224])"
case_00161,349,29.04367446899414,0.0,False,"torch.Size([1, 1, 224, 224])"
case_00086,152,18.86606216430664,0.0,False,"torch.Size([1, 1, 224, 224])"
case_00033,34,18.86773109436035,0.0,False,"torch.Size([1, 1, 224, 224])"
case_00014,159,19.406557083129883,0.0,False,"torch.Size([1, 1, 224, 224])"
case_00161,203,21.863698959350586,0.0,False,"torch.Size([1, 1, 224, 224])"
case_00125,496,18.262147903442383,0.0,False,"torch.Size([1, 1, 224, 224])"
case_00115,507,20.48015594482422,0.0,False,"torch.Size([1, 1, 224, 224])"
case_00203,351,18.273591995239258,0.0,False,"torch.Size([1, 1, 224, 224])"
case_00113,47,19.91724967956543,0.0,False,"torch.Size([1, 1, 224, 224])"
case_00203,326,22.74608612060547,0.0,False,"torch.Size([1, 1, 224, 224])"
case_00033,74,22.67003059387207,0.0,False,"torch.Size([1, 1, 224, 224])"
case_00079,403,20.8895206451416,0.0,True,"torch.Size([1, 1, 224, 224])"
case_00014,298,18.381595611572266,0.0,False,"torch.Size([1, 1, 224, 224])"
case_00079,392,19.155502319335938,0.0,True,"torch.Size([1, 1, 224, 224])"
case_00194,287,18.866539001464844,0.0,False,"torch.Size([1, 1, 224, 224])"
case_00079,197,18.26190948486328,0.0,False,"torch.Size([1, 1, 224, 224])"
case_00102,376,19.855499267578125,0.0,True,"torch.Size([1, 1, 224, 224])"
case_00161,387,24.09815788269043,0.0,False,"torch.Size([1, 1, 224, 224])"
case_00115,33,20.22695541381836,0.0,False,"torch.Size([1, 1, 224, 224])"
case_00113,339,22.244930267333984,0.0,True,"torch.Size([1, 1, 224, 224])"
case_00203,320,19.53744888305664,0.0,False,"torch.Size([1, 1, 224, 224])"
case_00161,453,21.564245223999023,0.0,False,"torch.Size([1, 1, 224, 224])"
case_00113,352,20.537614822387695,0.0,True,"torch.Size([1, 1, 224, 224])"
case_00161,405,21.200895309448242,0.0,False,"torch.Size([1, 1, 224, 224])"
case_00033,301,19.402742385864258,0.0,False,"torch.Size([1, 1, 224, 224])"
case_00075,311,21.57282829284668,0.0,False,"torch.Size([1, 1, 224, 224])"
case_00115,427,19.377708435058594,0.0,False,"torch.Size([1, 1, 224, 224])"
case_00161,191,21.240711212158203,0.0,False,"torch.Size([1, 1, 224, 224])"
case_00079,223,20.19786834716797,0.0,False,"torch.Size([1, 1, 224, 224])"
case_00079,121,21.837711334228516,0.0,False,"torch.Size([1, 1, 224, 224])"
case_00086,131,19.89889144897461,0.0,False,"torch.Size([1, 1, 224, 224])"
case_00154,442,27.44436264038086,0.0,False,"torch.Size([1, 1, 224, 224])"
case_00033,59,20.53546905517578,0.0,False,"torch.Size([1, 1, 224, 224])"
case_00086,171,20.58100700378418,0.0,False,"torch.Size([1, 1, 224, 224])"
case_00086,251,19.85311508178711,0.0,False,"torch.Size([1, 1, 224, 224])"
case_00154,145,19.608497619628906,0.0,False,"torch.Size([1, 1, 224, 224])"
case_00133,270,23.535490036010742,0.0,False,"torch.Size([1, 1, 224, 224])"
case_00154,252,19.580602645874023,0.0,False,"torch.Size([1, 1, 224, 224])"
case_00079,220,19.857406616210938,0.0,False,"torch.Size([1, 1, 224, 224])"
case_00194,319,18.13673973083496,0.0,False,"torch.Size([1, 1, 224, 224])"
case_00033,478,20.286083221435547,0.0,False,"torch.Size([1, 1, 224, 224])"
case_00113,200,19.356966018676758,0.0,False,"torch.Size([1, 1, 224, 224])"
case_00134,406,19.994258880615234,0.0,False,"torch.Size([1, 1, 224, 224])"
case_00014,192,18.041610717773438,0.0,False,"torch.Size([1, 1, 224, 224])"
case_00079,260,19.11783218383789,0.0,False,"torch.Size([1, 1, 224, 224])"
case_00115,260,17.94886589050293,0.0,False,"torch.Size([1, 1, 224, 224])"
case_00194,16,19.470691680908203,0.0,False,"torch.Size([1, 1, 224, 224])"
case_00133,338,19.582748413085938,0.0,False,"torch.Size([1, 1, 224, 224])"
case_00161,148,22.612571716308594,0.0,True,"torch.Size([1, 1, 224, 224])"
case_00133,14,20.671844482421875,0.0,False,"torch.Size([1, 1, 224, 224])"
case_00014,36,19.80876922607422,0.0,False,"torch.Size([1, 1, 224, 224])"
case_00075,209,20.740032196044922,0.0,False,"torch.Size([1, 1, 224, 224])"
case_00125,377,20.346641540527344,0.0,False,"torch.Size([1, 1, 224, 224])"
case_00203,17,20.104646682739258,0.0,False,"torch.Size([1, 1, 224, 224])"
case_00115,373,20.563125610351562,0.0,False,"torch.Size([1, 1, 224, 224])"
case_00154,101,18.0203914642334,0.0,False,"torch.Size([1, 1, 224, 224])"
case_00033,375,19.725799560546875,0.0,False,"torch.Size([1, 1, 224, 224])"
case_00014,500,18.812179565429688,0.0,False,"torch.Size([1, 1, 224, 224])"
case_00075,255,25.820493698120117,0.0,False,"torch.Size([1, 1, 224, 224])"
case_00113,491,18.991470336914062,0.0,False,"torch.Size([1, 1, 224, 224])"
case_00079,498,20.487546920776367,0.0,False,"torch.Size([1, 1, 224, 224])"
case_00134,505,19.79851722717285,0.0,False,"torch.Size([1, 1, 224, 224])"
case_00086,276,19.320249557495117,0.0,False,"torch.Size([1, 1, 224, 224])"
case_00113,404,20.39361000061035,0.0,True,"torch.Size([1, 1, 224, 224])"
case_00079,341,22.96304702758789,0.0,True,"torch.Size([1, 1, 224, 224])"
case_00125,164,19.162893295288086,0.0,False,"torch.Size([1, 1, 224, 224])"
case_00102,278,19.80733871459961,0.0,False,"torch.Size([1, 1, 224, 224])"
case_00194,273,20.726442337036133,0.0,False,"torch.Size([1, 1, 224, 224])"
case_00102,282,21.994352340698242,0.0,False,"torch.Size([1, 1, 224, 224])"
case_00102,130,19.964218139648438,0.0,False,"torch.Size([1, 1, 224, 224])"
case_00194,323,20.313501358032227,0.0,False,"torch.Size([1, 1, 224, 224])"
case_00154,277,18.71037483215332,0.0,False,"torch.Size([1, 1, 224, 224])"
case_00194,203,20.87092399597168,0.0,False,"torch.Size([1, 1, 224, 224])"
case_00115,31,19.443035125732422,0.0,False,"torch.Size([1, 1, 224, 224])"
case_00079,346,20.660400390625,0.0,True,"torch.Size([1, 1, 224, 224])"
case_00134,224,24.622440338134766,0.0,False,"torch.Size([1, 1, 224, 224])"
case_00014,253,21.630525588989258,0.0,False,"torch.Size([1, 1, 224, 224])"
case_00194,69,26.82781219482422,0.0,False,"torch.Size([1, 1, 224, 224])"
case_00086,417,28.936147689819336,0.0,True,"torch.Size([1, 1, 224, 224])"
case_00079,234,27.266740798950195,0.0,False,"torch.Size([1, 1, 224, 224])"
case_00086,259,23.212671279907227,0.0,False,"torch.Size([1, 1, 224, 224])"
case_00203,61,21.07381820678711,0.0,False,"torch.Size([1, 1, 224, 224])"
case_00203,337,19.34528350830078,0.0,False,"torch.Size([1, 1, 224, 224])"
case_00113,55,21.97122573852539,0.0,False,"torch.Size([1, 1, 224, 224])"
case_00033,319,19.73724365234375,0.0,False,"torch.Size([1, 1, 224, 224])"
case_00102,463,21.666765213012695,0.0,False,"torch.Size([1, 1, 224, 224])"
case_00154,433,25.714397430419922,0.0,False,"torch.Size([1, 1, 224, 224])"
case_00203,476,21.659135818481445,0.0,False,"torch.Size([1, 1, 224, 224])"
case_00115,126,20.0650691986084,0.0,False,"torch.Size([1, 1, 224, 224])"
case_00115,447,19.556760787963867,0.0,False,"torch.Size([1, 1, 224, 224])"
case_00115,220,21.419286727905273,0.0,False,"torch.Size([1, 1, 224, 224])"
case_00154,164,19.51122283935547,0.0,False,"torch.Size([1, 1, 224, 224])"
case_00154,166,19.543886184692383,0.0,False,"torch.Size([1, 1, 224, 224])"
case_00134,97,21.470069885253906,0.0,False,"torch.Size([1, 1, 224, 224])"
case_00125,258,19.440650939941406,0.0,False,"torch.Size([1, 1, 224, 224])"
case_00033,379,21.845340728759766,0.0,False,"torch.Size([1, 1, 224, 224])"
case_00161,455,21.858692169189453,0.0,False,"torch.Size([1, 1, 224, 224])"
case_00086,201,19.356250762939453,0.0,False,"torch.Size([1, 1, 224, 224])"
case_00161,196,25.3908634185791,0.0,False,"torch.Size([1, 1, 224, 224])"
case_00075,417,23.40388298034668,0.0,False,"torch.Size([1, 1, 224, 224])"
case_00033,87,19.203662872314453,0.0,False,"torch.Size([1, 1, 224, 224])"
case_00115,461,19.120216369628906,0.0,False,"torch.Size([1, 1, 224, 224])"
case_00075,85,20.494699478149414,0.0,False,"torch.Size([1, 1, 224, 224])"
case_00113,340,19.709110260009766,0.0,True,"torch.Size([1, 1, 224, 224])"
case_00033,286,20.073413848876953,0.0,False,"torch.Size([1, 1, 224, 224])"
case_00113,434,21.282196044921875,0.0,True,"torch.Size([1, 1, 224, 224])"
case_00075,45,23.643016815185547,0.0,False,"torch.Size([1, 1, 224, 224])"
case_00033,492,21.976947784423828,0.0,False,"torch.Size([1, 1, 224, 224])"
case_00075,280,22.387981414794922,0.0,False,"torch.Size([1, 1, 224, 224])"
case_00154,49,18.93925666809082,0.0,False,"torch.Size([1, 1, 224, 224])"
case_00113,64,20.83873748779297,0.0,False,"torch.Size([1, 1, 224, 224])"
case_00203,119,19.00625228881836,0.0,False,"torch.Size([1, 1, 224, 224])"
case_00133,132,20.73812484741211,0.0,True,"torch.Size([1, 1, 224, 224])"
case_00033,383,19.428014755249023,0.0,False,"torch.Size([1, 1, 224, 224])"
case_00133,236,20.529985427856445,0.0,False,"torch.Size([1, 1, 224, 224])"
case_00115,208,19.276142120361328,0.0,False,"torch.Size([1, 1, 224, 224])"
case_00079,412,20.536422729492188,0.0,True,"torch.Size([1, 1, 224, 224])"
case_00154,508,18.944501876831055,0.0,False,"torch.Size([1, 1, 224, 224])"
case_00133,155,23.8950252532959,0.0,True,"torch.Size([1, 1, 224, 224])"
case_00154,230,18.82791519165039,0.0,False,"torch.Size([1, 1, 224, 224])"
case_00115,210,21.2554931640625,0.0,False,"torch.Size([1, 1, 224, 224])"
case_00133,197,19.654035568237305,0.0,False,"torch.Size([1, 1, 224, 224])"
case_00161,497,25.24733543395996,0.0,False,"torch.Size([1, 1, 224, 224])"
case_00194,324,19.130229949951172,0.0,False,"torch.Size([1, 1, 224, 224])"
case_00133,149,20.542621612548828,0.0,True,"torch.Size([1, 1, 224, 224])"
case_00125,324,24.443864822387695,0.0,False,"torch.Size([1, 1, 224, 224])"
case_00134,265,22.01986312866211,0.0,False,"torch.Size([1, 1, 224, 224])"
case_00075,395,23.370742797851562,0.0,False,"torch.Size([1, 1, 224, 224])"
case_00154,494,25.193452835083008,0.0,False,"torch.Size([1, 1, 224, 224])"
case_00079,233,22.942066192626953,0.0,False,"torch.Size([1, 1, 224, 224])"
case_00113,284,20.272493362426758,0.0,False,"torch.Size([1, 1, 224, 224])"
case_00133,325,19.5162296295166,0.0,False,"torch.Size([1, 1, 224, 224])"
case_00154,320,18.93162727355957,0.0,True,"torch.Size([1, 1, 224, 224])"
case_00134,344,24.39260482788086,0.0,True,"torch.Size([1, 1, 224, 224])"
case_00014,93,26.956558227539062,0.0,False,"torch.Size([1, 1, 224, 224])"
case_00194,208,21.703481674194336,0.0,False,"torch.Size([1, 1, 224, 224])"
case_00125,272,22.367000579833984,0.0,False,"torch.Size([1, 1, 224, 224])"
case_00194,204,21.201372146606445,0.0,False,"torch.Size([1, 1, 224, 224])"
case_00113,143,27.416706085205078,0.0,False,"torch.Size([1, 1, 224, 224])"
case_00161,256,21.6829776763916,0.0,False,"torch.Size([1, 1, 224, 224])"
case_00134,210,19.63043212890625,0.0,False,"torch.Size([1, 1, 224, 224])"
case_00154,122,19.370317459106445,0.0,False,"torch.Size([1, 1, 224, 224])"
case_00102,303,21.516084671020508,0.0,True,"torch.Size([1, 1, 224, 224])"
case_00161,228,27.54497528076172,0.0,False,"torch.Size([1, 1, 224, 224])"
case_00194,465,24.576902389526367,0.0,False,"torch.Size([1, 1, 224, 224])"
case_00125,154,24.508237838745117,0.0,False,"torch.Size([1, 1, 224, 224])"
case_00115,292,19.179344177246094,0.0,False,"torch.Size([1, 1, 224, 224])"
case_00194,416,19.342899322509766,0.0,False,"torch.Size([1, 1, 224, 224])"
case_00075,26,19.631624221801758,0.0,False,"torch.Size([1, 1, 224, 224])"
case_00133,45,19.884586334228516,0.0,False,"torch.Size([1, 1, 224, 224])"
case_00133,62,19.514083862304688,0.0,False,"torch.Size([1, 1, 224, 224])"
case_00079,92,19.145965576171875,0.0,False,"torch.Size([1, 1, 224, 224])"
case_00125,475,19.225120544433594,0.0,False,"torch.Size([1, 1, 224, 224])"
case_00075,83,20.48635482788086,0.0,False,"torch.Size([1, 1, 224, 224])"
case_00203,424,18.90277862548828,0.0,True,"torch.Size([1, 1, 224, 224])"
case_00079,76,29.152870178222656,0.0,False,"torch.Size([1, 1, 224, 224])"
case_00014,355,19.924163818359375,0.0,False,"torch.Size([1, 1, 224, 224])"
case_00161,330,22.211313247680664,0.0,False,"torch.Size([1, 1, 224, 224])"
case_00086,40,26.637792587280273,0.0,False,"torch.Size([1, 1, 224, 224])"
case_00014,283,19.951343536376953,0.0,False,"torch.Size([1, 1, 224, 224])"
case_00115,395,19.7145938873291,0.0,False,"torch.Size([1, 1, 224, 224])"
case_00033,57,20.43914794921875,0.0,False,"torch.Size([1, 1, 224, 224])"
case_00125,228,22.68362045288086,0.0,False,"torch.Size([1, 1, 224, 224])"
case_00154,366,19.768238067626953,0.0,False,"torch.Size([1, 1, 224, 224])"
case_00154,492,21.56543731689453,0.0,False,"torch.Size([1, 1, 224, 224])"
case_00194,468,19.297361373901367,0.0,False,"torch.Size([1, 1, 224, 224])"
case_00161,119,20.682811737060547,0.0,False,"torch.Size([1, 1, 224, 224])"
case_00086,290,19.824504852294922,0.0,False,"torch.Size([1, 1, 224, 224])"
case_00033,509,19.454240798950195,0.0,False,"torch.Size([1, 1, 224, 224])"
case_00125,277,19.605636596679688,0.0,False,"torch.Size([1, 1, 224, 224])"
case_00079,148,20.206451416015625,0.0,False,"torch.Size([1, 1, 224, 224])"
case_00102,61,19.60587501525879,0.0,False,"torch.Size([1, 1, 224, 224])"
case_00203,262,18.792390823364258,0.0,False,"torch.Size([1, 1, 224, 224])"
case_00115,445,19.70505714416504,0.0,False,"torch.Size([1, 1, 224, 224])"
case_00102,96,19.09661293029785,0.0,False,"torch.Size([1, 1, 224, 224])"
case_00014,69,21.777868270874023,0.0,False,"torch.Size([1, 1, 224, 224])"
case_00033,68,18.503665924072266,0.0,False,"torch.Size([1, 1, 224, 224])"
case_00134,432,19.537925720214844,0.0,False,"torch.Size([1, 1, 224, 224])"
case_00014,157,19.06728744506836,0.0,False,"torch.Size([1, 1, 224, 224])"
case_00115,390,19.83165740966797,0.0,False,"torch.Size([1, 1, 224, 224])"
case_00194,160,18.769264221191406,0.0,True,"torch.Size([1, 1, 224, 224])"
case_00154,111,18.962860107421875,0.0,False,"torch.Size([1, 1, 224, 224])"
case_00134,270,19.65785026550293,0.0,False,"torch.Size([1, 1, 224, 224])"
case_00125,442,25.583982467651367,0.0,False,"torch.Size([1, 1, 224, 224])"
case_00079,62,19.610166549682617,0.0,False,"torch.Size([1, 1, 224, 224])"
case_00194,453,18.960952758789062,0.0,False,"torch.Size([1, 1, 224, 224])"
case_00102,408,18.848896026611328,0.0,True,"torch.Size([1, 1, 224, 224])"
case_00113,300,18.482685089111328,0.0,False,"torch.Size([1, 1, 224, 224])"
case_00113,203,18.91303062438965,0.0,False,"torch.Size([1, 1, 224, 224])"
case_00086,99,18.559694290161133,0.0,False,"torch.Size([1, 1, 224, 224])"
case_00133,96,19.737720489501953,0.0,False,"torch.Size([1, 1, 224, 224])"
case_00125,84,19.228696823120117,0.0,False,"torch.Size([1, 1, 224, 224])"
case_00133,318,18.94378662109375,0.0,False,"torch.Size([1, 1, 224, 224])"
case_00203,163,18.094301223754883,0.0,False,"torch.Size([1, 1, 224, 224])"
case_00161,329,20.0192928314209,0.0,False,"torch.Size([1, 1, 224, 224])"
case_00203,287,18.172502517700195,0.0,False,"torch.Size([1, 1, 224, 224])"
case_00125,155,19.357681274414062,0.0,False,"torch.Size([1, 1, 224, 224])"
case_00125,127,19.692182540893555,0.0,False,"torch.Size([1, 1, 224, 224])"
case_00133,379,24.13654327392578,0.0,False,"torch.Size([1, 1, 224, 224])"
case_00075,419,19.328832626342773,0.0,False,"torch.Size([1, 1, 224, 224])"
case_00102,309,19.96159553527832,0.0,True,"torch.Size([1, 1, 224, 224])"
case_00075,426,21.296024322509766,0.0,False,"torch.Size([1, 1, 224, 224])"
case_00194,320,20.355939865112305,0.0,False,"torch.Size([1, 1, 224, 224])"
case_00075,497,23.836851119995117,0.0,False,"torch.Size([1, 1, 224, 224])"
case_00115,39,22.446870803833008,0.0,False,"torch.Size([1, 1, 224, 224])"
case_00133,59,19.219398498535156,0.0,False,"torch.Size([1, 1, 224, 224])"
case_00125,370,20.615100860595703,0.0,False,"torch.Size([1, 1, 224, 224])"
case_00033,230,18.54538917541504,0.0,False,"torch.Size([1, 1, 224, 224])"
case_00194,367,20.203113555908203,0.0,False,"torch.Size([1, 1, 224, 224])"
case_00014,372,18.61405372619629,0.0,False,"torch.Size([1, 1, 224, 224])"
case_00079,18,20.131587982177734,0.0,False,"torch.Size([1, 1, 224, 224])"
case_00086,485,24.399280548095703,0.0,False,"torch.Size([1, 1, 224, 224])"
case_00134,17,29.9069881439209,0.0,False,"torch.Size([1, 1, 224, 224])"
case_00154,78,18.59569549560547,0.0,False,"torch.Size([1, 1, 224, 224])"
case_00075,194,19.39535140991211,0.0,False,"torch.Size([1, 1, 224, 224])"
case_00113,383,16.39866828918457,0.0,True,"torch.Size([1, 1, 224, 224])"
case_00134,361,17.727375030517578,0.0,True,"torch.Size([1, 1, 224, 224])"
