true_positive,false_negative,false_positive,class_confusion,fn_percent,fp_percent,cc_percent,error_rate,case_id,slice_idx
1330,20,42,0,32.25806451612903,67.74193548387096,0.0,4.454022988505747,case_00102,180
0,0,7,0,0.0,100.0,0.0,100.0,case_00203,267
0,0,0,0,0.0,0.0,0.0,0.0,case_00033,233
0,0,609,0,0.0,100.0,0.0,100.0,case_00194,474
603,16,57,0,21.91780821917808,78.08219178082192,0.0,10.798816568047338,case_00086,315
0,0,0,0,0.0,0.0,0.0,0.0,case_00086,219
1686,89,164,0,35.17786561264822,64.82213438735178,0.0,13.047962867457452,case_00134,195
0,0,0,0,0.0,0.0,0.0,0.0,case_00161,505
259,28,25,0,52.83018867924528,47.16981132075472,0.0,16.987179487179485,case_00203,345
0,0,3,0,0.0,100.0,0.0,100.0,case_00154,63
921,71,52,31,46.103896103896105,33.76623376623377,20.12987012987013,14.325581395348838,case_00154,323
0,0,296,0,0.0,100.0,0.0,100.0,case_00154,461
0,0,0,0,0.0,0.0,0.0,0.0,case_00161,107
0,0,0,0,0.0,0.0,0.0,0.0,case_00014,116
0,0,3664,0,0.0,100.0,0.0,100.0,case_00134,48
0,0,0,0,0.0,0.0,0.0,0.0,case_00115,206
0,0,0,0,0.0,0.0,0.0,0.0,case_00194,79
0,0,1409,0,0.0,100.0,0.0,100.0,case_00134,428
2101,11,112,31,7.142857142857143,72.72727272727273,20.12987012987013,6.829268292682927,case_00079,379
0,0,0,0,0.0,0.0,0.0,0.0,case_00203,296
1840,14,93,23,10.76923076923077,71.53846153846153,17.692307692307693,6.598984771573604,case_00079,409
0,0,0,0,0.0,0.0,0.0,0.0,case_00134,507
1593,45,123,75,18.51851851851852,50.617283950617285,30.864197530864196,13.235294117647058,case_00154,339
0,0,0,0,0.0,0.0,0.0,0.0,case_00134,10
3325,33,123,11,19.760479041916167,73.65269461077844,6.586826347305389,4.782359679266896,case_00102,384
0,0,1510,0,0.0,100.0,0.0,100.0,case_00154,465
1274,2,51,0,3.7735849056603774,96.22641509433963,0.0,3.9939713639788996,case_00102,151
1653,11,87,20,9.322033898305085,73.72881355932203,16.949152542372882,6.662902315076228,case_00079,415
0,0,0,0,0.0,0.0,0.0,0.0,case_00161,463
0,0,0,0,0.0,0.0,0.0,0.0,case_00102,64
0,0,28,0,0.0,100.0,0.0,100.0,case_00194,450
220,1,12,0,7.6923076923076925,92.3076923076923,0.0,5.579399141630901,case_00125,298
0,0,501,0,0.0,100.0,0.0,100.0,case_00113,456
0,0,459,0,0.0,100.0,0.0,100.0,case_00125,24
1511,8,42,0,16.0,84.0,0.0,3.2030749519538757,case_00102,158
0,0,68,0,0.0,100.0,0.0,100.0,case_00033,259
718,3,53,0,5.357142857142857,94.64285714285714,0.0,7.235142118863049,case_00014,225
1982,14,160,87,5.363984674329502,61.30268199233716,33.333333333333336,11.636201515827018,case_00134,336
0,0,0,0,0.0,0.0,0.0,0.0,case_00125,422
161,2,19,0,9.523809523809524,90.47619047619048,0.0,11.538461538461538,case_00075,126
0,0,13,0,0.0,100.0,0.0,100.0,case_00194,27
3265,35,202,87,10.802469135802468,62.34567901234568,26.85185185185185,9.027584285316244,case_00113,395
0,0,0,0,0.0,0.0,0.0,0.0,case_00079,73
0,0,0,0,0.0,0.0,0.0,0.0,case_00125,15
898,4,135,0,2.8776978417266186,97.12230215827338,0.0,13.404050144648023,case_00075,314
0,0,0,0,0.0,0.0,0.0,0.0,case_00113,96
1,11,7,0,61.111111111111114,38.888888888888886,0.0,94.73684210526316,case_00079,228
1108,19,91,32,13.380281690140846,64.08450704225352,22.535211267605632,11.36,case_00079,429
0,0,0,0,0.0,0.0,0.0,0.0,case_00086,438
815,11,59,7,14.285714285714286,76.62337662337663,9.090909090909092,8.632286995515695,case_00079,439
161,0,25,0,0.0,100.0,0.0,13.440860215053764,case_00014,309
916,16,29,0,35.55555555555556,64.44444444444444,0.0,4.682622268470343,case_00134,293
0,0,17,0,0.0,100.0,0.0,100.0,case_00125,409
0,0,0,0,0.0,0.0,0.0,0.0,case_00115,509
0,0,236,0,0.0,100.0,0.0,100.0,case_00075,420
0,0,0,0,0.0,0.0,0.0,0.0,case_00203,260
0,0,0,0,0.0,0.0,0.0,0.0,case_00014,72
0,0,45,0,0.0,100.0,0.0,100.0,case_00033,212
0,0,0,0,0.0,0.0,0.0,0.0,case_00113,261
0,0,0,0,0.0,0.0,0.0,0.0,case_00115,76
77,4,57,0,6.557377049180328,93.44262295081967,0.0,44.20289855072464,case_00086,286
2062,8,123,41,4.651162790697675,71.51162790697674,23.837209302325583,7.699194270367054,case_00079,376
0,0,0,0,0.0,0.0,0.0,0.0,case_00014,501
859,21,42,0,33.333333333333336,66.66666666666667,0.0,6.83297180043384,case_00014,336
0,0,0,0,0.0,0.0,0.0,0.0,case_00134,258
0,0,0,0,0.0,0.0,0.0,0.0,case_00075,76
1498,23,40,0,36.507936507936506,63.492063492063494,0.0,4.0358744394618835,case_00154,364
1200,26,107,0,19.548872180451127,80.45112781954887,0.0,9.977494373593398,case_00086,158
0,0,0,0,0.0,0.0,0.0,0.0,case_00154,261
0,0,0,0,0.0,0.0,0.0,0.0,case_00154,270
0,0,0,0,0.0,0.0,0.0,0.0,case_00194,261
0,0,0,0,0.0,0.0,0.0,0.0,case_00194,452
1114,14,121,0,10.37037037037037,89.62962962962963,0.0,10.808646917534027,case_00014,210
0,0,0,0,0.0,0.0,0.0,0.0,case_00086,451
0,0,0,0,0.0,0.0,0.0,0.0,case_00125,64
957,21,57,0,26.923076923076923,73.07692307692308,0.0,7.536231884057971,case_00079,175
0,0,0,0,0.0,0.0,0.0,0.0,case_00115,487
2979,13,200,49,4.961832061068702,76.33587786259542,18.702290076335878,8.08392471459426,case_00115,322
0,0,0,0,0.0,0.0,0.0,0.0,case_00102,72
1215,92,88,0,51.111111111111114,48.888888888888886,0.0,12.903225806451612,case_00154,198
0,0,0,0,0.0,0.0,0.0,0.0,case_00134,484
499,4,104,0,3.7037037037037037,96.29629629629629,0.0,17.792421746293247,case_00203,354
0,0,47,0,0.0,100.0,0.0,100.0,case_00125,391
0,0,0,0,0.0,0.0,0.0,0.0,case_00134,508
1889,99,90,0,52.38095238095238,47.61904761904762,0.0,9.095283926852742,case_00154,174
0,0,107,0,0.0,100.0,0.0,100.0,case_00125,253
0,0,0,0,0.0,0.0,0.0,0.0,case_00125,511
0,0,0,0,0.0,0.0,0.0,0.0,case_00203,28
0,0,0,0,0.0,0.0,0.0,0.0,case_00115,11
0,0,0,0,0.0,0.0,0.0,0.0,case_00115,467
0,0,0,0,0.0,0.0,0.0,0.0,case_00203,302
0,0,0,0,0.0,0.0,0.0,0.0,case_00033,47
0,0,54,0,0.0,100.0,0.0,100.0,case_00086,280
348,7,33,0,17.5,82.5,0.0,10.309278350515465,case_00079,215
128,10,61,0,14.084507042253522,85.91549295774648,0.0,35.678391959798994,case_00079,461
0,0,0,0,0.0,0.0,0.0,0.0,case_00086,233
0,0,0,0,0.0,0.0,0.0,0.0,case_00115,228
0,0,0,0,0.0,0.0,0.0,0.0,case_00113,67
0,0,149,0,0.0,100.0,0.0,100.0,case_00194,318
0,0,0,0,0.0,0.0,0.0,0.0,case_00134,474
90,6,39,0,13.333333333333334,86.66666666666667,0.0,33.333333333333336,case_00086,413
1201,8,152,4,4.878048780487805,92.6829268292683,2.4390243902439024,12.014652014652015,case_00194,172
0,0,259,0,0.0,100.0,0.0,100.0,case_00194,47
0,0,0,0,0.0,0.0,0.0,0.0,case_00033,116
0,0,0,0,0.0,0.0,0.0,0.0,case_00161,477
0,0,0,0,0.0,0.0,0.0,0.0,case_00014,119
1727,19,161,0,10.555555555555555,89.44444444444444,0.0,9.438909281594126,case_00161,359
1574,24,25,0,48.97959183673469,51.02040816326531,0.0,3.019100431300062,case_00115,139
0,0,55,0,0.0,100.0,0.0,100.0,case_00194,466
0,0,0,0,0.0,0.0,0.0,0.0,case_00134,239
1962,40,228,0,14.925373134328359,85.07462686567165,0.0,12.01793721973094,case_00134,315
0,0,0,0,0.0,0.0,0.0,0.0,case_00133,504
0,0,0,0,0.0,0.0,0.0,0.0,case_00194,244
0,0,0,0,0.0,0.0,0.0,0.0,case_00154,35
1927,97,78,0,55.42857142857143,44.57142857142857,0.0,8.325404376784014,case_00154,179
0,0,0,0,0.0,0.0,0.0,0.0,case_00154,269
499,13,86,1,13.0,86.0,1.0,16.69449081803005,case_00133,172
0,0,0,0,0.0,0.0,0.0,0.0,case_00115,102
0,40,0,0,100.0,0.0,0.0,100.0,case_00154,309
113,6,63,4,8.219178082191782,86.3013698630137,5.47945205479452,39.24731182795699,case_00161,127
433,33,13,0,71.73913043478261,28.26086956521739,0.0,9.603340292275574,case_00079,141
0,0,80,0,0.0,100.0,0.0,100.0,case_00033,80
2992,53,115,120,18.40277777777778,39.93055555555556,41.666666666666664,8.78048780487805,case_00113,402
391,7,69,0,9.210526315789474,90.78947368421052,0.0,16.27408993576017,case_00113,110
0,0,45,0,0.0,100.0,0.0,100.0,case_00125,426
0,0,0,0,0.0,0.0,0.0,0.0,case_00113,464
0,0,37,0,0.0,100.0,0.0,100.0,case_00134,405
566,11,44,0,20.0,80.0,0.0,8.856682769726248,case_00203,158
0,0,0,0,0.0,0.0,0.0,0.0,case_00014,496
0,0,169,0,0.0,100.0,0.0,100.0,case_00079,106
0,0,0,0,0.0,0.0,0.0,0.0,case_00133,205
0,0,0,0,0.0,0.0,0.0,0.0,case_00014,449
0,0,0,0,0.0,0.0,0.0,0.0,case_00079,58
0,0,757,0,0.0,100.0,0.0,100.0,case_00133,52
0,0,5367,0,0.0,100.0,0.0,100.0,case_00134,51
841,18,52,0,25.714285714285715,74.28571428571429,0.0,7.683863885839736,case_00014,335
0,0,0,0,0.0,0.0,0.0,0.0,case_00115,406
0,0,82,0,0.0,100.0,0.0,100.0,case_00075,41
0,0,0,0,0.0,0.0,0.0,0.0,case_00033,429
0,0,0,0,0.0,0.0,0.0,0.0,case_00115,492
332,4,41,0,8.88888888888889,91.11111111111111,0.0,11.936339522546419,case_00075,132
0,0,310,0,0.0,100.0,0.0,100.0,case_00203,509
0,0,0,0,0.0,0.0,0.0,0.0,case_00113,475
0,0,0,0,0.0,0.0,0.0,0.0,case_00161,411
47,2,17,0,10.526315789473685,89.47368421052632,0.0,28.78787878787879,case_00203,330
0,0,0,0,0.0,0.0,0.0,0.0,case_00115,38
0,0,221,0,0.0,100.0,0.0,100.0,case_00194,328
566,8,71,0,10.126582278481013,89.87341772151899,0.0,12.248062015503876,case_00075,303
0,0,0,0,0.0,0.0,0.0,0.0,case_00115,498
56,1,20,0,4.761904761904762,95.23809523809524,0.0,27.272727272727273,case_00203,416
208,9,8,0,52.94117647058823,47.05882352941177,0.0,7.555555555555555,case_00033,323
0,0,0,0,0.0,0.0,0.0,0.0,case_00154,303
0,0,0,0,0.0,0.0,0.0,0.0,case_00194,30
1518,7,111,0,5.932203389830509,94.0677966101695,0.0,7.212713936430318,case_00033,355
0,0,1594,0,0.0,100.0,0.0,100.0,case_00115,47
3482,26,296,40,7.18232044198895,81.76795580110497,11.049723756906078,9.417273673257023,case_00102,322
0,0,0,0,0.0,0.0,0.0,0.0,case_00075,443
1739,1,199,66,0.37593984962406013,74.81203007518798,24.81203007518797,13.266832917705736,case_00134,342
982,4,201,0,1.951219512195122,98.04878048780488,0.0,17.270429654591407,case_00086,166
1010,8,64,0,11.11111111111111,88.88888888888889,0.0,6.654343807763401,case_00086,124
1256,4,119,13,2.9411764705882355,87.5,9.558823529411764,9.770114942528735,case_00075,343
0,0,0,0,0.0,0.0,0.0,0.0,case_00033,50
0,0,0,0,0.0,0.0,0.0,0.0,case_00203,257
0,0,0,0,0.0,0.0,0.0,0.0,case_00033,460
1635,17,97,31,11.724137931034482,66.89655172413794,21.379310344827587,8.146067415730338,case_00161,156
0,0,0,0,0.0,0.0,0.0,0.0,case_00203,237
0,0,0,0,0.0,0.0,0.0,0.0,case_00075,233
0,0,1203,0,0.0,100.0,0.0,100.0,case_00134,429
0,0,0,0,0.0,0.0,0.0,0.0,case_00203,441
0,0,85,0,0.0,100.0,0.0,100.0,case_00125,476
0,0,0,0,0.0,0.0,0.0,0.0,case_00086,37
1309,16,24,0,40.0,60.0,0.0,2.965159377316531,case_00154,368
1790,11,117,32,6.875,73.125,20.0,8.205128205128204,case_00079,361
0,0,472,0,0.0,100.0,0.0,100.0,case_00102,477
0,0,0,0,0.0,0.0,0.0,0.0,case_00133,60
802,28,69,0,28.8659793814433,71.1340206185567,0.0,10.789766407119021,case_00014,334
133,9,54,0,14.285714285714286,85.71428571428571,0.0,32.142857142857146,case_00086,288
0,0,0,0,0.0,0.0,0.0,0.0,case_00133,464
0,0,0,0,0.0,0.0,0.0,0.0,case_00014,65
0,0,15,0,0.0,100.0,0.0,100.0,case_00102,224
421,5,70,0,6.666666666666667,93.33333333333333,0.0,15.120967741935484,case_00079,211
1632,31,259,38,9.451219512195122,78.96341463414635,11.585365853658537,16.73469387755102,case_00154,333
0,0,4,0,0.0,100.0,0.0,100.0,case_00115,218
0,0,0,0,0.0,0.0,0.0,0.0,case_00014,123
0,0,190,0,0.0,100.0,0.0,100.0,case_00194,478
0,0,0,0,0.0,0.0,0.0,0.0,case_00115,398
0,0,19,0,0.0,100.0,0.0,100.0,case_00102,109
0,0,0,0,0.0,0.0,0.0,0.0,case_00102,59
0,0,0,0,0.0,0.0,0.0,0.0,case_00115,2
1709,18,44,0,29.032258064516128,70.96774193548387,0.0,3.5008469791078487,case_00115,359
0,0,0,0,0.0,0.0,0.0,0.0,case_00203,100
0,0,0,0,0.0,0.0,0.0,0.0,case_00194,290
0,0,0,0,0.0,0.0,0.0,0.0,case_00161,510
1391,12,73,0,14.117647058823529,85.88235294117646,0.0,5.7588075880758804,case_00161,377
0,0,90,0,0.0,100.0,0.0,100.0,case_00125,251
0,0,0,0,0.0,0.0,0.0,0.0,case_00113,63
0,0,0,0,0.0,0.0,0.0,0.0,case_00075,240
0,0,78,0,0.0,100.0,0.0,100.0,case_00133,239
98,8,20,0,28.571428571428573,71.42857142857143,0.0,22.22222222222222,case_00194,100
1743,11,116,0,8.661417322834646,91.33858267716535,0.0,6.791443850267379,case_00161,367
0,0,0,0,0.0,0.0,0.0,0.0,case_00113,219
0,0,5,0,0.0,100.0,0.0,100.0,case_00194,272
0,0,0,0,0.0,0.0,0.0,0.0,case_00194,37
0,0,0,0,0.0,0.0,0.0,0.0,case_00033,277
0,0,0,0,0.0,0.0,0.0,0.0,case_00194,499
740,15,25,0,37.5,62.5,0.0,5.128205128205129,case_00014,329
0,0,0,0,0.0,0.0,0.0,0.0,case_00203,81
9,0,27,0,0.0,100.0,0.0,75.0,case_00154,140
0,0,0,0,0.0,0.0,0.0,0.0,case_00075,72
556,6,43,0,12.244897959183673,87.75510204081633,0.0,8.099173553719009,case_00086,309
0,0,0,0,0.0,0.0,0.0,0.0,case_00102,51
1338,2,93,0,2.1052631578947367,97.89473684210526,0.0,6.6294487090020935,case_00194,134
0,0,50,0,0.0,100.0,0.0,100.0,case_00161,110
3478,8,116,0,6.451612903225806,93.54838709677419,0.0,3.442531926707385,case_00115,167
1176,5,131,19,3.225806451612903,84.51612903225806,12.258064516129032,11.645379413974455,case_00075,348
281,4,20,0,16.666666666666668,83.33333333333333,0.0,7.868852459016393,case_00075,130
0,0,0,0,0.0,0.0,0.0,0.0,case_00033,23
0,0,0,0,0.0,0.0,0.0,0.0,case_00194,92
0,0,0,0,0.0,0.0,0.0,0.0,case_00125,375
0,0,443,0,0.0,100.0,0.0,100.0,case_00194,56
0,0,0,0,0.0,0.0,0.0,0.0,case_00203,293
0,0,188,0,0.0,100.0,0.0,100.0,case_00203,41
0,0,0,0,0.0,0.0,0.0,0.0,case_00075,108
0,0,225,0,0.0,100.0,0.0,100.0,case_00194,467
3459,22,165,85,8.088235294117647,60.661764705882355,31.25,7.290270704904851,case_00113,390
0,0,0,0,0.0,0.0,0.0,0.0,case_00125,135
0,0,0,0,0.0,0.0,0.0,0.0,case_00154,74
0,0,0,0,0.0,0.0,0.0,0.0,case_00033,33
0,0,0,0,0.0,0.0,0.0,0.0,case_00203,301
2221,23,212,10,9.387755102040817,86.53061224489795,4.081632653061225,9.935117599351177,case_00134,321
1630,6,38,0,13.636363636363637,86.36363636363636,0.0,2.6284348864994027,case_00102,165
0,0,45,0,0.0,100.0,0.0,100.0,case_00154,291
0,0,0,0,0.0,0.0,0.0,0.0,case_00102,501
0,0,0,0,0.0,0.0,0.0,0.0,case_00079,273
135,5,6,0,45.45454545454545,54.54545454545455,0.0,7.534246575342466,case_00133,347
1160,10,28,0,26.31578947368421,73.6842105263158,0.0,3.1719532554257097,case_00154,370
931,16,15,0,51.61290322580645,48.38709677419355,0.0,3.2224532224532223,case_00133,300
0,0,0,0,0.0,0.0,0.0,0.0,case_00086,55
0,0,0,0,0.0,0.0,0.0,0.0,case_00125,118
0,0,0,0,0.0,0.0,0.0,0.0,case_00075,231
0,0,0,0,0.0,0.0,0.0,0.0,case_00161,31
328,4,33,2,10.256410256410257,84.61538461538461,5.128205128205129,10.626702997275205,case_00014,170
0,0,0,0,0.0,0.0,0.0,0.0,case_00154,73
0,0,0,0,0.0,0.0,0.0,0.0,case_00014,113
0,0,0,0,0.0,0.0,0.0,0.0,case_00033,287
0,0,0,0,0.0,0.0,0.0,0.0,case_00125,1
464,11,76,0,12.64367816091954,87.35632183908046,0.0,15.789473684210526,case_00079,209
2204,27,162,0,14.285714285714286,85.71428571428571,0.0,7.898035938152946,case_00102,399
496,14,93,0,13.08411214953271,86.91588785046729,0.0,17.744610281923716,case_00113,311
0,0,121,0,0.0,100.0,0.0,100.0,case_00014,483
0,0,0,0,0.0,0.0,0.0,0.0,case_00154,27
2106,11,108,34,7.189542483660131,70.58823529411765,22.22222222222222,6.772908366533865,case_00079,381
355,9,24,29,14.516129032258064,38.70967741935484,46.774193548387096,14.86810551558753,case_00086,397
0,0,0,0,0.0,0.0,0.0,0.0,case_00033,309
0,0,8,0,0.0,100.0,0.0,100.0,case_00086,429
0,0,0,0,0.0,0.0,0.0,0.0,case_00133,498
189,9,22,0,29.032258064516128,70.96774193548387,0.0,14.090909090909092,case_00194,193
0,0,0,0,0.0,0.0,0.0,0.0,case_00154,95
0,0,0,0,0.0,0.0,0.0,0.0,case_00014,145
0,0,0,0,0.0,0.0,0.0,0.0,case_00194,451
903,39,151,0,20.526315789473685,79.47368421052632,0.0,17.38334858188472,case_00154,201
0,0,0,0,0.0,0.0,0.0,0.0,case_00154,457
0,0,0,0,0.0,0.0,0.0,0.0,case_00086,214
0,0,0,0,0.0,0.0,0.0,0.0,case_00133,252
0,0,0,0,0.0,0.0,0.0,0.0,case_00125,412
0,0,0,0,0.0,0.0,0.0,0.0,case_00102,508
0,0,8,0,0.0,100.0,0.0,100.0,case_00133,64
0,0,9,0,0.0,100.0,0.0,100.0,case_00133,228
306,6,23,0,20.689655172413794,79.3103448275862,0.0,8.656716417910447,case_00125,304
0,0,805,0,0.0,100.0,0.0,100.0,case_00113,508
0,0,24,0,0.0,100.0,0.0,100.0,case_00033,268
0,0,685,0,0.0,100.0,0.0,100.0,case_00014,436
0,0,0,0,0.0,0.0,0.0,0.0,case_00125,122
701,6,63,0,8.695652173913043,91.30434782608695,0.0,8.96103896103896,case_00203,373
0,0,0,0,0.0,0.0,0.0,0.0,case_00133,209
0,0,43,0,0.0,100.0,0.0,100.0,case_00113,510
1319,85,143,0,37.280701754385966,62.719298245614034,0.0,14.73820297349709,case_00161,345
1643,28,129,59,12.962962962962964,59.72222222222222,27.314814814814813,11.619150080688541,case_00154,338
0,0,0,0,0.0,0.0,0.0,0.0,case_00133,68
0,0,0,0,0.0,0.0,0.0,0.0,case_00194,236
0,0,0,0,0.0,0.0,0.0,0.0,case_00203,478
0,0,0,0,0.0,0.0,0.0,0.0,case_00133,460
0,0,0,0,0.0,0.0,0.0,0.0,case_00075,267
0,0,0,0,0.0,0.0,0.0,0.0,case_00014,22
0,0,0,0,0.0,0.0,0.0,0.0,case_00203,85
665,21,74,0,22.105263157894736,77.89473684210526,0.0,12.5,case_00161,216
0,0,0,0,0.0,0.0,0.0,0.0,case_00125,134
0,0,0,0,0.0,0.0,0.0,0.0,case_00075,286
889,9,87,0,9.375,90.625,0.0,9.746192893401016,case_00014,219
0,0,0,0,0.0,0.0,0.0,0.0,case_00125,6
429,35,47,0,42.68292682926829,57.31707317073171,0.0,16.046966731898237,case_00203,352
1386,45,60,46,29.801324503311257,39.735099337748345,30.4635761589404,9.824333116460638,case_00161,149
0,0,869,0,0.0,100.0,0.0,100.0,case_00134,68
0,0,82,0,0.0,100.0,0.0,100.0,case_00125,240
1057,20,21,35,26.31578947368421,27.63157894736842,46.05263157894737,6.707855251544572,case_00133,156
0,0,0,0,0.0,0.0,0.0,0.0,case_00203,491
0,0,0,0,0.0,0.0,0.0,0.0,case_00154,253
0,0,213,0,0.0,100.0,0.0,100.0,case_00086,456
4444,23,143,62,10.087719298245615,62.719298245614034,27.19298245614035,4.88013698630137,case_00102,358
0,0,176,0,0.0,100.0,0.0,100.0,case_00075,406
0,0,0,0,0.0,0.0,0.0,0.0,case_00203,451
0,0,0,0,0.0,0.0,0.0,0.0,case_00075,463
0,0,0,0,0.0,0.0,0.0,0.0,case_00079,474
0,0,0,0,0.0,0.0,0.0,0.0,case_00194,227
0,0,0,0,0.0,0.0,0.0,0.0,case_00115,62
0,0,329,0,0.0,100.0,0.0,100.0,case_00113,451
0,0,0,0,0.0,0.0,0.0,0.0,case_00079,25
0,0,0,0,0.0,0.0,0.0,0.0,case_00194,91
0,0,42,0,0.0,100.0,0.0,100.0,case_00102,216
2851,20,182,0,9.900990099009901,90.0990099009901,0.0,6.616442843105142,case_00113,168
0,0,0,0,0.0,0.0,0.0,0.0,case_00161,468
574,1,104,0,0.9523809523809523,99.04761904761905,0.0,15.463917525773196,case_00102,200
1106,14,152,0,8.433734939759036,91.56626506024097,0.0,13.050314465408805,case_00075,327
1105,29,120,15,17.682926829268293,73.17073170731707,9.146341463414634,12.923561859732072,case_00194,174
833,6,36,0,14.285714285714286,85.71428571428571,0.0,4.8,case_00125,161
0,0,0,0,0.0,0.0,0.0,0.0,case_00079,255
0,0,128,0,0.0,100.0,0.0,100.0,case_00194,18
1698,15,29,0,34.09090909090909,65.9090909090909,0.0,2.5258323765786455,case_00154,162
0,0,107,0,0.0,100.0,0.0,100.0,case_00154,267
1237,53,126,52,22.943722943722943,54.54545454545455,22.51082251082251,15.735694822888284,case_00154,327
0,0,0,0,0.0,0.0,0.0,0.0,case_00014,250
1027,61,104,36,30.34825870646766,51.74129353233831,17.91044776119403,16.368078175895764,case_00102,300
0,0,47,0,0.0,100.0,0.0,100.0,case_00161,398
978,10,125,0,7.407407407407407,92.5925925925926,0.0,12.129380053908356,case_00014,216
0,0,0,0,0.0,0.0,0.0,0.0,case_00125,459
0,0,0,0,0.0,0.0,0.0,0.0,case_00014,504
0,0,0,0,0.0,0.0,0.0,0.0,case_00194,280
0,0,0,0,0.0,0.0,0.0,0.0,case_00014,458
0,0,66,0,0.0,100.0,0.0,100.0,case_00125,221
0,0,0,0,0.0,0.0,0.0,0.0,case_00075,56
0,0,0,0,0.0,0.0,0.0,0.0,case_00161,105
0,0,0,0,0.0,0.0,0.0,0.0,case_00154,504
598,13,93,0,12.264150943396226,87.73584905660377,0.0,15.056818181818182,case_00203,361
0,0,448,0,0.0,100.0,0.0,100.0,case_00154,103
0,0,6,0,0.0,100.0,0.0,100.0,case_00161,88
576,10,46,0,17.857142857142858,82.14285714285714,0.0,8.860759493670885,case_00086,312
1006,13,126,0,9.352517985611511,90.64748201438849,0.0,12.139737991266376,case_00014,215
0,0,7,0,0.0,100.0,0.0,100.0,case_00133,76
0,0,11,0,0.0,100.0,0.0,100.0,case_00125,438
0,0,0,0,0.0,0.0,0.0,0.0,case_00161,418
0,0,0,0,0.0,0.0,0.0,0.0,case_00194,36
128,1,14,0,6.666666666666667,93.33333333333333,0.0,10.48951048951049,case_00203,335
147,12,12,0,50.0,50.0,0.0,14.035087719298245,case_00125,367
921,7,111,0,5.932203389830509,94.0677966101695,0.0,11.357074109720886,case_00075,190
0,0,0,0,0.0,0.0,0.0,0.0,case_00194,307
0,0,0,0,0.0,0.0,0.0,0.0,case_00161,45
211,9,40,0,18.367346938775512,81.63265306122449,0.0,18.846153846153847,case_00115,372
0,0,214,0,0.0,100.0,0.0,100.0,case_00125,223
0,0,0,0,0.0,0.0,0.0,0.0,case_00014,498
640,10,83,0,10.75268817204301,89.24731182795699,0.0,12.687585266030014,case_00075,362
0,0,0,0,0.0,0.0,0.0,0.0,case_00102,73
139,12,19,0,38.70967741935484,61.29032258064516,0.0,18.235294117647058,case_00161,236
210,16,6,0,72.72727272727273,27.272727272727273,0.0,9.482758620689655,case_00115,127
1090,8,48,0,14.285714285714286,85.71428571428571,0.0,4.886561954624782,case_00125,171
91,1,32,0,3.0303030303030303,96.96969696969697,0.0,26.612903225806452,case_00194,199
0,0,0,0,0.0,0.0,0.0,0.0,case_00133,377
1399,51,69,0,42.5,57.5,0.0,7.899934167215274,case_00113,124
0,0,0,0,0.0,0.0,0.0,0.0,case_00113,92
0,0,0,0,0.0,0.0,0.0,0.0,case_00161,20
0,0,0,0,0.0,0.0,0.0,0.0,case_00014,50
0,0,0,0,0.0,0.0,0.0,0.0,case_00161,9
0,0,236,0,0.0,100.0,0.0,100.0,case_00075,482
956,7,67,0,9.45945945945946,90.54054054054055,0.0,7.184466019417476,case_00079,167
312,1,15,0,6.25,93.75,0.0,4.878048780487805,case_00033,126
0,0,173,0,0.0,100.0,0.0,100.0,case_00014,44
1361,27,106,46,15.083798882681565,59.21787709497207,25.69832402234637,11.623376623376624,case_00079,350
2117,58,157,67,20.56737588652482,55.673758865248224,23.75886524822695,11.754897874114214,case_00113,418
0,0,35,0,0.0,100.0,0.0,100.0,case_00203,297
1252,10,134,16,6.25,83.75,10.0,11.331444759206798,case_00075,334
0,0,113,0,0.0,100.0,0.0,100.0,case_00134,126
1840,35,160,39,14.957264957264957,68.37606837606837,16.666666666666668,11.282545805207329,case_00102,308
0,0,0,0,0.0,0.0,0.0,0.0,case_00113,52
0,0,5,0,0.0,100.0,0.0,100.0,case_00125,381
0,0,0,0,0.0,0.0,0.0,0.0,case_00203,77
0,0,0,0,0.0,0.0,0.0,0.0,case_00033,448
225,8,26,37,11.267605633802816,36.61971830985915,52.11267605633803,23.986486486486488,case_00203,404
0,0,540,0,0.0,100.0,0.0,100.0,case_00134,235
0,0,0,0,0.0,0.0,0.0,0.0,case_00134,207
685,9,54,32,9.473684210526315,56.8421052631579,33.68421052631579,12.179487179487179,case_00086,384
702,0,58,0,0.0,100.0,0.0,7.631578947368421,case_00033,134
446,40,34,0,54.054054054054056,45.945945945945944,0.0,14.23076923076923,case_00033,328
0,0,0,0,0.0,0.0,0.0,0.0,case_00079,50
0,0,436,0,0.0,100.0,0.0,100.0,case_00134,218
0,0,0,0,0.0,0.0,0.0,0.0,case_00154,287
196,4,20,0,16.666666666666668,83.33333333333333,0.0,10.909090909090908,case_00133,277
0,0,0,0,0.0,0.0,0.0,0.0,case_00113,239
0,0,290,0,0.0,100.0,0.0,100.0,case_00102,448
0,0,4,0,0.0,100.0,0.0,100.0,case_00075,225
0,0,0,0,0.0,0.0,0.0,0.0,case_00203,16
437,7,44,0,13.72549019607843,86.27450980392157,0.0,10.450819672131148,case_00203,396
0,0,69,0,0.0,100.0,0.0,100.0,case_00113,461
0,0,0,0,0.0,0.0,0.0,0.0,case_00115,70
0,0,0,0,0.0,0.0,0.0,0.0,case_00115,405
0,0,0,0,0.0,0.0,0.0,0.0,case_00134,461
1919,66,83,0,44.29530201342282,55.70469798657718,0.0,7.205029013539652,case_00113,131
518,7,46,13,10.606060606060606,69.6969696969697,19.696969696969695,11.301369863013699,case_00014,174
0,0,0,0,0.0,0.0,0.0,0.0,case_00154,41
0,0,0,0,0.0,0.0,0.0,0.0,case_00194,500
647,22,31,0,41.509433962264154,58.490566037735846,0.0,7.571428571428571,case_00134,147
552,5,81,0,5.813953488372093,94.18604651162791,0.0,13.47962382445141,case_00079,202
224,7,18,0,28.0,72.0,0.0,10.040160642570282,case_00133,344
0,0,114,0,0.0,100.0,0.0,100.0,case_00134,408
0,0,0,0,0.0,0.0,0.0,0.0,case_00134,404
0,0,89,0,0.0,100.0,0.0,100.0,case_00075,385
3586,10,340,37,2.5839793281653747,87.85529715762274,9.560723514211887,9.740750062924741,case_00102,323
0,0,94,0,0.0,100.0,0.0,100.0,case_00203,56
0,0,1166,0,0.0,100.0,0.0,100.0,case_00125,91
0,0,0,0,0.0,0.0,0.0,0.0,case_00014,278
0,0,453,0,0.0,100.0,0.0,100.0,case_00113,496
0,0,0,0,0.0,0.0,0.0,0.0,case_00102,450
1462,5,95,0,5.0,95.0,0.0,6.402048655569782,case_00194,140
1360,15,138,18,8.771929824561404,80.70175438596492,10.526315789473685,11.16917047681254,case_00194,163
0,0,0,0,0.0,0.0,0.0,0.0,case_00014,260
0,0,0,0,0.0,0.0,0.0,0.0,case_00033,16
583,6,85,0,6.593406593406593,93.4065934065934,0.0,13.501483679525222,case_00203,358
0,0,0,0,0.0,0.0,0.0,0.0,case_00203,6
0,0,0,0,0.0,0.0,0.0,0.0,case_00086,496
1332,32,112,0,22.22222222222222,77.77777777777777,0.0,9.75609756097561,case_00033,344
0,0,0,0,0.0,0.0,0.0,0.0,case_00079,41
1143,4,164,6,2.2988505747126435,94.25287356321839,3.4482758620689653,13.211845102505695,case_00075,330
0,0,0,0,0.0,0.0,0.0,0.0,case_00203,313
2301,16,56,0,22.22222222222222,77.77777777777777,0.0,3.034134007585335,case_00115,146
0,0,0,0,0.0,0.0,0.0,0.0,case_00075,65
0,0,0,0,0.0,0.0,0.0,0.0,case_00014,138
0,0,0,0,0.0,0.0,0.0,0.0,case_00203,308
0,0,45,0,0.0,100.0,0.0,100.0,case_00125,95
0,0,404,0,0.0,100.0,0.0,100.0,case_00194,351
0,0,468,0,0.0,100.0,0.0,100.0,case_00194,348
0,0,0,0,0.0,0.0,0.0,0.0,case_00014,297
965,16,87,0,15.533980582524272,84.46601941747574,0.0,9.644194756554308,case_00113,118
0,0,0,0,0.0,0.0,0.0,0.0,case_00194,252
0,0,814,0,0.0,100.0,0.0,100.0,case_00134,226
0,0,0,0,0.0,0.0,0.0,0.0,case_00154,460
0,0,7,0,0.0,100.0,0.0,100.0,case_00133,229
0,0,4,0,0.0,100.0,0.0,100.0,case_00134,119
0,0,0,0,0.0,0.0,0.0,0.0,case_00154,98
0,0,783,0,0.0,100.0,0.0,100.0,case_00134,231
0,0,0,0,0.0,0.0,0.0,0.0,case_00014,81
0,0,1502,0,0.0,100.0,0.0,100.0,case_00102,253
0,0,0,0,0.0,0.0,0.0,0.0,case_00203,7
398,4,67,0,5.633802816901408,94.36619718309859,0.0,15.138592750533048,case_00161,226
18,0,23,0,0.0,100.0,0.0,56.09756097560975,case_00161,125
0,0,32,0,0.0,100.0,0.0,100.0,case_00033,262
570,20,21,0,48.78048780487805,51.21951219512195,0.0,6.710310965630114,case_00203,388
0,0,15,0,0.0,100.0,0.0,100.0,case_00033,278
0,0,0,0,0.0,0.0,0.0,0.0,case_00154,487
0,0,7976,0,0.0,100.0,0.0,100.0,case_00134,52
1730,17,157,0,9.770114942528735,90.22988505747126,0.0,9.138655462184873,case_00161,358
3330,6,85,0,6.593406593406593,93.4065934065934,0.0,2.6600409237065183,case_00115,161
0,0,0,0,0.0,0.0,0.0,0.0,case_00134,116
2236,23,135,40,11.616161616161616,68.18181818181819,20.2020202020202,8.134757600657354,case_00134,327
0,0,216,0,0.0,100.0,0.0,100.0,case_00075,393
876,4,22,0,15.384615384615385,84.61538461538461,0.0,2.882483370288248,case_00133,321
0,0,1175,0,0.0,100.0,0.0,100.0,case_00154,468
1247,18,65,0,21.686746987951807,78.3132530120482,0.0,6.2406015037593985,case_00086,138
0,0,0,0,0.0,0.0,0.0,0.0,case_00203,92
729,5,16,0,23.80952380952381,76.19047619047619,0.0,2.8,case_00102,140
1873,10,137,0,6.802721088435374,93.19727891156462,0.0,7.2772277227722775,case_00115,308
43,0,39,1,0.0,97.5,2.5,48.19277108433735,case_00203,420
0,0,76,0,0.0,100.0,0.0,100.0,case_00079,6
0,0,0,0,0.0,0.0,0.0,0.0,case_00134,89
1108,1,33,0,2.9411764705882355,97.05882352941177,0.0,2.9772329246935203,case_00102,147
0,0,29,0,0.0,100.0,0.0,100.0,case_00154,400
1192,14,128,0,9.859154929577464,90.14084507042253,0.0,10.644677661169416,case_00086,159
0,0,0,0,0.0,0.0,0.0,0.0,case_00134,273
2513,18,166,0,9.782608695652174,90.21739130434783,0.0,6.82239525398591,case_00115,187
372,5,30,0,14.285714285714286,85.71428571428571,0.0,8.5995085995086,case_00014,371
0,0,0,0,0.0,0.0,0.0,0.0,case_00033,417
1331,8,96,18,6.557377049180328,78.68852459016394,14.754098360655737,8.396421197522368,case_00033,180
0,0,75,0,0.0,100.0,0.0,100.0,case_00125,229
0,0,0,0,0.0,0.0,0.0,0.0,case_00203,18
0,0,67,0,0.0,100.0,0.0,100.0,case_00154,406
0,0,35,0,0.0,100.0,0.0,100.0,case_00194,7
0,0,140,0,0.0,100.0,0.0,100.0,case_00079,102
0,0,0,0,0.0,0.0,0.0,0.0,case_00086,206
774,37,186,0,16.591928251121075,83.40807174887892,0.0,22.367101303911735,case_00154,202
0,0,0,0,0.0,0.0,0.0,0.0,case_00014,62
0,0,0,0,0.0,0.0,0.0,0.0,case_00203,430
0,0,0,0,0.0,0.0,0.0,0.0,case_00161,247
1110,7,34,53,7.446808510638298,36.170212765957444,56.38297872340426,7.807308970099668,case_00133,144
0,0,0,0,0.0,0.0,0.0,0.0,case_00115,246
683,5,71,0,6.578947368421052,93.42105263157895,0.0,10.013175230566535,case_00014,226
358,1,98,0,1.0101010101010102,98.98989898989899,0.0,21.663019693654267,case_00086,296
0,0,6,0,0.0,100.0,0.0,100.0,case_00125,434
0,0,0,0,0.0,0.0,0.0,0.0,case_00075,93
743,22,29,0,43.13725490196079,56.86274509803921,0.0,6.423173803526448,case_00014,330
0,0,0,0,0.0,0.0,0.0,0.0,case_00075,253
0,0,4,0,0.0,100.0,0.0,100.0,case_00133,219
0,0,68,0,0.0,100.0,0.0,100.0,case_00125,404
0,0,0,0,0.0,0.0,0.0,0.0,case_00086,260
0,0,0,0,0.0,0.0,0.0,0.0,case_00134,264
0,0,0,0,0.0,0.0,0.0,0.0,case_00113,24
0,0,287,0,0.0,100.0,0.0,100.0,case_00194,331
446,1,33,0,2.9411764705882355,97.05882352941177,0.0,7.083333333333333,case_00014,316
0,0,1425,0,0.0,100.0,0.0,100.0,case_00102,276
0,0,0,0,0.0,0.0,0.0,0.0,case_00079,51
0,0,47,0,0.0,100.0,0.0,100.0,case_00194,434
425,15,40,0,27.272727272727273,72.72727272727273,0.0,11.458333333333334,case_00125,308
68,3,13,0,18.75,81.25,0.0,19.047619047619047,case_00133,350
0,0,0,0,0.0,0.0,0.0,0.0,case_00161,38
0,0,0,0,0.0,0.0,0.0,0.0,case_00203,480
3814,30,236,109,8.0,62.93333333333333,29.066666666666666,8.952017187873,case_00113,374
4122,31,235,97,8.539944903581267,64.73829201101928,26.72176308539945,8.093645484949834,case_00102,336
0,0,682,0,0.0,100.0,0.0,100.0,case_00194,395
0,0,474,0,0.0,100.0,0.0,100.0,case_00125,81
0,0,0,0,0.0,0.0,0.0,0.0,case_00102,60
767,4,131,0,2.962962962962963,97.03703703703704,0.0,14.966740576496674,case_00086,331
0,0,0,0,0.0,0.0,0.0,0.0,case_00086,67
1503,67,100,0,40.119760479041915,59.880239520958085,0.0,10.0,case_00161,348
0,0,290,0,0.0,100.0,0.0,100.0,case_00102,478
0,0,0,0,0.0,0.0,0.0,0.0,case_00134,387
0,0,263,0,0.0,100.0,0.0,100.0,case_00133,431
637,13,79,0,14.130434782608695,85.8695652173913,0.0,12.62002743484225,case_00203,191
0,0,0,0,0.0,0.0,0.0,0.0,case_00125,508
0,0,0,0,0.0,0.0,0.0,0.0,case_00113,466
0,0,0,0,0.0,0.0,0.0,0.0,case_00194,80
329,6,26,32,9.375,40.625,50.0,16.28498727735369,case_00033,198
0,0,1643,0,0.0,100.0,0.0,100.0,case_00102,251
0,0,0,0,0.0,0.0,0.0,0.0,case_00102,283
0,0,134,0,0.0,100.0,0.0,100.0,case_00102,117
0,0,1462,0,0.0,100.0,0.0,100.0,case_00102,277
0,0,0,0,0.0,0.0,0.0,0.0,case_00113,27
1077,10,118,0,7.8125,92.1875,0.0,10.622406639004149,case_00014,212
3174,31,129,59,14.155251141552512,58.9041095890411,26.940639269406393,6.45446507515473,case_00115,330
0,0,0,0,0.0,0.0,0.0,0.0,case_00075,461
0,0,0,0,0.0,0.0,0.0,0.0,case_00014,134
0,0,1379,0,0.0,100.0,0.0,100.0,case_00102,281
1328,38,52,20,34.54545454545455,47.27272727272727,18.181818181818183,7.649513212795549,case_00161,147
296,12,53,0,18.46153846153846,81.53846153846153,0.0,18.005540166204987,case_00102,418
0,0,47,0,0.0,100.0,0.0,100.0,case_00102,116
1086,12,187,0,6.030150753768845,93.96984924623115,0.0,15.486381322957198,case_00113,321
0,0,0,0,0.0,0.0,0.0,0.0,case_00014,268
0,0,92,0,0.0,100.0,0.0,100.0,case_00113,460
0,0,0,0,0.0,0.0,0.0,0.0,case_00075,77
0,0,0,0,0.0,0.0,0.0,0.0,case_00161,277
1059,10,41,0,19.607843137254903,80.3921568627451,0.0,4.594594594594595,case_00115,365
1865,34,151,125,10.96774193548387,48.70967741935484,40.32258064516129,14.25287356321839,case_00134,338
0,0,0,0,0.0,0.0,0.0,0.0,case_00113,79
1483,15,51,0,22.727272727272727,77.27272727272727,0.0,4.260813428018076,case_00033,168
0,0,0,0,0.0,0.0,0.0,0.0,case_00125,112
0,0,46,0,0.0,100.0,0.0,100.0,case_00125,85
0,0,0,0,0.0,0.0,0.0,0.0,case_00203,310
0,0,0,0,0.0,0.0,0.0,0.0,case_00133,475
880,2,31,0,6.0606060606060606,93.93939393939394,0.0,3.6144578313253013,case_00033,386
0,0,85,0,0.0,100.0,0.0,100.0,case_00075,465
0,0,0,0,0.0,0.0,0.0,0.0,case_00033,2
868,2,72,0,2.7027027027027026,97.29729729729729,0.0,7.855626326963907,case_00075,149
0,0,0,0,0.0,0.0,0.0,0.0,case_00203,60
0,0,0,0,0.0,0.0,0.0,0.0,case_00203,219
1133,18,36,30,21.428571428571427,42.857142857142854,35.714285714285715,6.902218570254725,case_00125,178
0,0,0,0,0.0,0.0,0.0,0.0,case_00102,99
0,0,0,0,0.0,0.0,0.0,0.0,case_00154,239
0,0,0,0,0.0,0.0,0.0,0.0,case_00194,8
0,0,0,0,0.0,0.0,0.0,0.0,case_00113,236
0,0,0,0,0.0,0.0,0.0,0.0,case_00014,71
177,18,15,0,54.54545454545455,45.45454545454545,0.0,15.714285714285714,case_00133,180
0,0,0,0,0.0,0.0,0.0,0.0,case_00014,56
0,0,0,0,0.0,0.0,0.0,0.0,case_00203,483
0,0,0,0,0.0,0.0,0.0,0.0,case_00115,69
0,0,0,0,0.0,0.0,0.0,0.0,case_00134,393
0,0,0,0,0.0,0.0,0.0,0.0,case_00079,509
3412,114,459,76,17.565485362095533,70.72419106317412,11.710323574730355,15.9812853976853,case_00113,346
0,0,1,0,0.0,100.0,0.0,100.0,case_00203,117
250,4,39,0,9.30232558139535,90.69767441860465,0.0,14.675767918088738,case_00075,215
0,0,0,0,0.0,0.0,0.0,0.0,case_00014,451
0,0,0,0,0.0,0.0,0.0,0.0,case_00161,28
0,0,0,0,0.0,0.0,0.0,0.0,case_00033,108
0,0,0,0,0.0,0.0,0.0,0.0,case_00194,312
0,0,59,0,0.0,100.0,0.0,100.0,case_00113,38
916,10,66,0,13.157894736842104,86.84210526315789,0.0,7.661290322580645,case_00079,163
0,0,0,0,0.0,0.0,0.0,0.0,case_00102,67
0,0,0,0,0.0,0.0,0.0,0.0,case_00161,413
0,0,615,0,0.0,100.0,0.0,100.0,case_00102,465
0,0,0,0,0.0,0.0,0.0,0.0,case_00134,471
0,0,0,0,0.0,0.0,0.0,0.0,case_00086,50
0,0,91,0,0.0,100.0,0.0,100.0,case_00014,411
0,0,194,0,0.0,100.0,0.0,100.0,case_00154,105
0,0,0,0,0.0,0.0,0.0,0.0,case_00075,232
1384,31,37,0,45.588235294117645,54.411764705882355,0.0,4.683195592286501,case_00102,178
0,0,0,0,0.0,0.0,0.0,0.0,case_00033,434
0,0,0,0,0.0,0.0,0.0,0.0,case_00115,32
1499,14,116,21,9.271523178807946,76.82119205298014,13.907284768211921,9.151515151515152,case_00079,420
721,16,76,60,10.526315789473685,50.0,39.473684210526315,17.411225658648338,case_00079,337
0,0,0,0,0.0,0.0,0.0,0.0,case_00203,65
277,18,26,0,40.90909090909091,59.09090909090909,0.0,13.707165109034268,case_00014,234
0,0,0,0,0.0,0.0,0.0,0.0,case_00203,456
198,13,31,0,29.545454545454547,70.45454545454545,0.0,18.181818181818183,case_00102,420
2910,29,91,0,24.166666666666668,75.83333333333333,0.0,3.9603960396039604,case_00134,175
151,9,40,0,18.367346938775512,81.63265306122449,0.0,24.5,case_00086,194
0,0,0,0,0.0,0.0,0.0,0.0,case_00086,216
0,0,0,0,0.0,0.0,0.0,0.0,case_00113,217
0,0,0,0,0.0,0.0,0.0,0.0,case_00194,243
0,0,0,0,0.0,0.0,0.0,0.0,case_00115,10
0,0,0,0,0.0,0.0,0.0,0.0,case_00203,116
0,0,32,0,0.0,100.0,0.0,100.0,case_00125,246
956,4,86,0,4.444444444444445,95.55555555555556,0.0,8.604206500956023,case_00075,153
1521,22,156,30,10.576923076923077,75.0,14.423076923076923,12.030075187969924,case_00161,167
0,0,0,0,0.0,0.0,0.0,0.0,case_00194,292
0,0,0,0,0.0,0.0,0.0,0.0,case_00133,402
272,3,37,0,7.5,92.5,0.0,12.820512820512821,case_00075,296
0,0,0,0,0.0,0.0,0.0,0.0,case_00014,427
34,20,25,0,44.44444444444444,55.55555555555556,0.0,56.962025316455694,case_00079,227
0,0,0,0,0.0,0.0,0.0,0.0,case_00161,252
0,0,248,0,0.0,100.0,0.0,100.0,case_00133,437
0,0,123,0,0.0,100.0,0.0,100.0,case_00161,428
680,9,34,0,20.930232558139537,79.06976744186046,0.0,5.947441217150761,case_00203,380
0,0,0,0,0.0,0.0,0.0,0.0,case_00115,284
475,3,60,11,4.054054054054054,81.08108108108108,14.864864864864865,13.479052823315119,case_00014,173
1200,12,62,0,16.216216216216218,83.78378378378379,0.0,5.808477237048666,case_00161,381
0,0,0,0,0.0,0.0,0.0,0.0,case_00113,48
0,0,0,0,0.0,0.0,0.0,0.0,case_00161,409
1014,21,73,26,17.5,60.833333333333336,21.666666666666668,10.582010582010582,case_00033,187
0,0,61,0,0.0,100.0,0.0,100.0,case_00033,252
1586,28,42,0,40.0,60.0,0.0,4.2270531400966185,case_00154,362
0,0,11,0,0.0,100.0,0.0,100.0,case_00125,389
0,0,51,0,0.0,100.0,0.0,100.0,case_00115,280
0,0,14,0,0.0,100.0,0.0,100.0,case_00033,276
0,0,0,0,0.0,0.0,0.0,0.0,case_00161,241
0,0,133,0,0.0,100.0,0.0,100.0,case_00125,232
0,0,0,0,0.0,0.0,0.0,0.0,case_00203,107
0,0,338,0,0.0,100.0,0.0,100.0,case_00161,56
0,0,0,0,0.0,0.0,0.0,0.0,case_00125,105
0,0,48,0,0.0,100.0,0.0,100.0,case_00115,255
1757,25,141,0,15.060240963855422,84.93975903614458,0.0,8.632345293811753,case_00161,360
1441,8,26,0,23.529411764705884,76.47058823529412,0.0,2.305084745762712,case_00033,159
0,0,176,0,0.0,100.0,0.0,100.0,case_00033,239
0,0,33,0,0.0,100.0,0.0,100.0,case_00203,224
1720,11,88,19,9.322033898305085,74.57627118644068,16.10169491525424,6.420021762785637,case_00079,413
0,0,0,0,0.0,0.0,0.0,0.0,case_00203,66
0,0,0,0,0.0,0.0,0.0,0.0,case_00125,66
0,0,0,0,0.0,0.0,0.0,0.0,case_00133,382
952,11,62,0,15.068493150684931,84.93150684931507,0.0,7.121951219512195,case_00125,332
0,0,56,0,0.0,100.0,0.0,100.0,case_00161,53
0,0,0,0,0.0,0.0,0.0,0.0,case_00014,74
0,0,232,0,0.0,100.0,0.0,100.0,case_00133,42
0,0,0,0,0.0,0.0,0.0,0.0,case_00133,226
635,15,58,0,20.54794520547945,79.45205479452055,0.0,10.310734463276836,case_00161,217
509,12,43,0,21.818181818181817,78.18181818181819,0.0,9.75177304964539,case_00125,310
0,0,0,0,0.0,0.0,0.0,0.0,case_00075,245
0,0,0,0,0.0,0.0,0.0,0.0,case_00115,58
1743,19,143,44,9.223300970873787,69.41747572815534,21.359223300970875,10.569522832221653,case_00102,307
0,0,140,0,0.0,100.0,0.0,100.0,case_00115,381
0,0,692,0,0.0,100.0,0.0,100.0,case_00154,416
1326,3,30,0,9.090909090909092,90.9090909090909,0.0,2.4282560706401766,case_00033,153
0,0,0,0,0.0,0.0,0.0,0.0,case_00133,39
772,16,50,0,24.242424242424242,75.75757575757575,0.0,7.875894988066825,case_00014,332
0,0,0,0,0.0,0.0,0.0,0.0,case_00014,66
1352,18,97,0,15.652173913043478,84.34782608695652,0.0,7.839127471029312,case_00134,154
0,0,0,0,0.0,0.0,0.0,0.0,case_00079,277
0,0,206,0,0.0,100.0,0.0,100.0,case_00134,105
0,0,501,0,0.0,100.0,0.0,100.0,case_00075,422
0,0,33,0,0.0,100.0,0.0,100.0,case_00133,492
0,0,534,0,0.0,100.0,0.0,100.0,case_00161,75
0,0,0,0,0.0,0.0,0.0,0.0,case_00079,477
3177,31,132,16,17.318435754189945,73.74301675977654,8.938547486033519,5.33373063170441,case_00102,386
1540,10,111,0,8.264462809917354,91.73553719008264,0.0,7.28476821192053,case_00115,305
288,26,28,0,48.148148148148145,51.851851851851855,0.0,15.789473684210526,case_00079,323
0,0,0,0,0.0,0.0,0.0,0.0,case_00133,414
0,0,0,0,0.0,0.0,0.0,0.0,case_00125,14
958,18,20,0,47.36842105263158,52.63157894736842,0.0,3.8152610441767068,case_00154,373
0,0,0,0,0.0,0.0,0.0,0.0,case_00161,283
0,0,0,0,0.0,0.0,0.0,0.0,case_00115,117
0,0,144,0,0.0,100.0,0.0,100.0,case_00075,34
1930,24,144,0,14.285714285714286,85.71428571428571,0.0,8.007626310772164,case_00154,188
1485,8,133,0,5.673758865248227,94.32624113475177,0.0,8.671586715867159,case_00033,351
0,0,0,0,0.0,0.0,0.0,0.0,case_00086,453
314,2,36,0,5.2631578947368425,94.73684210526316,0.0,10.795454545454545,case_00102,208
715,6,101,0,5.607476635514018,94.39252336448598,0.0,13.017031630170317,case_00075,308
0,0,152,0,0.0,100.0,0.0,100.0,case_00134,123
0,0,1538,0,0.0,100.0,0.0,100.0,case_00102,275
2052,44,101,41,23.655913978494624,54.30107526881721,22.043010752688172,8.310991957104557,case_00079,388
0,0,1348,0,0.0,100.0,0.0,100.0,case_00113,506
0,0,0,0,0.0,0.0,0.0,0.0,case_00161,269
0,0,0,0,0.0,0.0,0.0,0.0,case_00154,34
0,0,68,0,0.0,100.0,0.0,100.0,case_00125,431
4501,16,202,62,5.714285714285714,72.14285714285714,22.142857142857142,5.856515373352855,case_00102,352
364,14,36,0,28.0,72.0,0.0,12.077294685990339,case_00075,210
0,0,1822,0,0.0,100.0,0.0,100.0,case_00102,259
0,0,0,0,0.0,0.0,0.0,0.0,case_00079,303
1976,12,128,38,6.741573033707865,71.91011235955057,21.348314606741575,8.263695450324978,case_00079,370
318,6,36,0,14.285714285714286,85.71428571428571,0.0,11.666666666666666,case_00134,372
0,0,0,0,0.0,0.0,0.0,0.0,case_00113,58
3249,32,160,80,11.764705882352942,58.8235294117647,29.41176470588235,7.725078102811701,case_00113,396
0,0,0,0,0.0,0.0,0.0,0.0,case_00125,60
2877,23,156,57,9.745762711864407,66.10169491525424,24.152542372881356,7.581111468037263,case_00113,406
0,0,0,0,0.0,0.0,0.0,0.0,case_00014,258
369,11,35,0,23.91304347826087,76.08695652173913,0.0,11.08433734939759,case_00079,454
2467,19,61,0,23.75,76.25,0.0,3.1409501374165685,case_00115,148
429,2,72,0,2.7027027027027026,97.29729729729729,0.0,14.711729622266402,case_00086,300
2937,19,178,60,7.392996108949417,69.26070038910505,23.346303501945524,8.0463368816531,case_00115,321
3316,54,519,114,7.860262008733624,75.54585152838428,16.593886462882097,17.162128403697228,case_00113,344
0,0,118,0,0.0,100.0,0.0,100.0,case_00125,237
0,0,0,0,0.0,0.0,0.0,0.0,case_00115,500
0,0,491,0,0.0,100.0,0.0,100.0,case_00075,430
0,0,0,0,0.0,0.0,0.0,0.0,case_00154,502
0,0,0,0,0.0,0.0,0.0,0.0,case_00079,9
1204,18,57,0,24.0,76.0,0.0,5.863956215793589,case_00014,203
3381,41,136,93,15.185185185185185,50.370370370370374,34.44444444444444,7.395234182415776,case_00113,392
0,0,38,0,0.0,100.0,0.0,100.0,case_00125,397
1259,42,24,0,63.63636363636363,36.36363636363637,0.0,4.981132075471698,case_00154,155
1113,38,29,0,56.71641791044776,43.28358208955224,0.0,5.677966101694915,case_00086,356
990,7,29,0,19.444444444444443,80.55555555555556,0.0,3.508771929824561,case_00133,307
0,0,0,0,0.0,0.0,0.0,0.0,case_00113,276
2238,15,314,0,4.5592705167173255,95.44072948328268,0.0,12.816517335410985,case_00134,191
0,0,0,0,0.0,0.0,0.0,0.0,case_00014,274
0,0,0,0,0.0,0.0,0.0,0.0,case_00075,74
0,0,0,0,0.0,0.0,0.0,0.0,case_00161,480
0,0,0,0,0.0,0.0,0.0,0.0,case_00113,256
0,0,0,0,0.0,0.0,0.0,0.0,case_00133,57
485,255,5,0,98.07692307692308,1.9230769230769231,0.0,34.899328859060404,case_00134,200
46,0,42,0,0.0,100.0,0.0,47.72727272727273,case_00194,202
0,0,18,0,0.0,100.0,0.0,100.0,case_00133,204
0,0,253,0,0.0,100.0,0.0,100.0,case_00115,44
0,0,0,0,0.0,0.0,0.0,0.0,case_00014,67
0,0,0,0,0.0,0.0,0.0,0.0,case_00079,476
0,0,7,0,0.0,100.0,0.0,100.0,case_00194,439
2081,22,101,30,14.379084967320262,66.01307189542484,19.607843137254903,6.848701880035811,case_00079,391
0,0,0,0,0.0,0.0,0.0,0.0,case_00115,491
0,0,0,0,0.0,0.0,0.0,0.0,case_00154,43
1130,23,58,0,28.395061728395063,71.60493827160494,0.0,6.6886870355078445,case_00161,382
1094,21,34,0,38.18181818181818,61.81818181818182,0.0,4.786771105308964,case_00086,346
0,0,0,0,0.0,0.0,0.0,0.0,case_00134,476
0,0,0,0,0.0,0.0,0.0,0.0,case_00079,252
1307,12,91,0,11.650485436893204,88.3495145631068,0.0,7.304964539007092,case_00086,150
802,55,161,0,25.462962962962962,74.53703703703704,0.0,21.218074656188605,case_00086,169
0,8,16,0,33.333333333333336,66.66666666666667,0.0,100.0,case_00102,292
73,4,9,0,30.76923076923077,69.23076923076923,0.0,15.116279069767442,case_00133,184
0,0,0,0,0.0,0.0,0.0,0.0,case_00079,84
245,7,41,0,14.583333333333334,85.41666666666667,0.0,16.38225255972696,case_00086,191
614,8,68,0,10.526315789473685,89.47368421052632,0.0,11.014492753623188,case_00161,388
0,0,1148,0,0.0,100.0,0.0,100.0,case_00154,467
0,0,902,0,0.0,100.0,0.0,100.0,case_00134,71
0,0,0,0,0.0,0.0,0.0,0.0,case_00014,442
1614,31,40,0,43.66197183098591,56.33802816901409,0.0,4.213649851632048,case_00102,169
0,0,0,0,0.0,0.0,0.0,0.0,case_00014,246
2168,49,72,0,40.49586776859504,59.50413223140496,0.0,5.2861511577107905,case_00113,135
0,0,0,0,0.0,0.0,0.0,0.0,case_00194,233
0,0,100,0,0.0,100.0,0.0,100.0,case_00033,304
0,0,0,0,0.0,0.0,0.0,0.0,case_00075,84
698,7,76,0,8.433734939759036,91.56626506024097,0.0,10.627400768245838,case_00203,370
0,0,0,0,0.0,0.0,0.0,0.0,case_00113,95
0,0,0,0,0.0,0.0,0.0,0.0,case_00203,252
0,0,91,0,0.0,100.0,0.0,100.0,case_00194,26
0,0,132,0,0.0,100.0,0.0,100.0,case_00125,400
892,4,23,0,14.814814814814815,85.18518518518519,0.0,2.9379760609358,case_00133,320
0,0,72,0,0.0,100.0,0.0,100.0,case_00075,22
0,0,0,0,0.0,0.0,0.0,0.0,case_00133,188
24,0,93,0,0.0,100.0,0.0,79.48717948717949,case_00113,444
0,0,0,0,0.0,0.0,0.0,0.0,case_00133,478
0,0,0,0,0.0,0.0,0.0,0.0,case_00079,79
0,0,0,0,0.0,0.0,0.0,0.0,case_00161,6
1971,9,211,0,4.090909090909091,95.9090909090909,0.0,10.04107713372889,case_00154,185
162,1,19,0,5.0,95.0,0.0,10.989010989010989,case_00203,338
0,9,0,0,100.0,0.0,0.0,100.0,case_00033,406
1131,21,45,0,31.818181818181817,68.18181818181819,0.0,5.513784461152882,case_00086,355
0,0,1021,0,0.0,100.0,0.0,100.0,case_00154,469
1101,20,86,0,18.867924528301888,81.13207547169812,0.0,8.782104391052195,case_00075,183
0,0,0,0,0.0,0.0,0.0,0.0,case_00203,316
0,0,7,0,0.0,100.0,0.0,100.0,case_00033,269
0,0,0,0,0.0,0.0,0.0,0.0,case_00194,75
0,0,61,0,0.0,100.0,0.0,100.0,case_00033,275
0,0,0,0,0.0,0.0,0.0,0.0,case_00102,69
0,0,0,0,0.0,0.0,0.0,0.0,case_00134,383
0,0,0,0,0.0,0.0,0.0,0.0,case_00086,258
0,0,0,0,0.0,0.0,0.0,0.0,case_00134,1
0,0,2,0,0.0,100.0,0.0,100.0,case_00075,484
44,0,19,0,0.0,100.0,0.0,30.158730158730158,case_00194,98
0,0,0,0,0.0,0.0,0.0,0.0,case_00161,509
1128,4,43,49,4.166666666666667,44.791666666666664,51.041666666666664,7.8431372549019605,case_00133,146
0,0,85,0,0.0,100.0,0.0,100.0,case_00203,286
43,2,19,0,9.523809523809524,90.47619047619048,0.0,32.8125,case_00079,130
840,8,37,0,17.77777777777778,82.22222222222223,0.0,5.084745762711864,case_00115,199
0,0,120,0,0.0,100.0,0.0,100.0,case_00161,295
103,40,24,0,62.5,37.5,0.0,38.32335329341317,case_00203,142
50,24,84,0,22.22222222222222,77.77777777777777,0.0,68.35443037974683,case_00033,206
0,0,49,0,0.0,100.0,0.0,100.0,case_00014,476
0,0,0,0,0.0,0.0,0.0,0.0,case_00033,219
0,0,0,0,0.0,0.0,0.0,0.0,case_00014,82
1695,8,99,0,7.4766355140186915,92.5233644859813,0.0,5.937846836847947,case_00161,369
0,0,5,0,0.0,100.0,0.0,100.0,case_00154,219
96,18,5,0,78.26086956521739,21.73913043478261,0.0,19.327731092436974,case_00134,376
1422,15,221,0,6.3559322033898304,93.64406779661017,0.0,14.234016887816647,case_00102,407
0,0,0,0,0.0,0.0,0.0,0.0,case_00133,410
0,0,0,0,0.0,0.0,0.0,0.0,case_00133,55
0,0,0,0,0.0,0.0,0.0,0.0,case_00194,486
0,0,58,0,0.0,100.0,0.0,100.0,case_00086,277
0,0,1,0,0.0,100.0,0.0,100.0,case_00125,52
1169,6,72,0,7.6923076923076925,92.3076923076923,0.0,6.255012028869286,case_00075,162
0,0,448,0,0.0,100.0,0.0,100.0,case_00075,428
0,0,34,0,0.0,100.0,0.0,100.0,case_00086,465
1351,40,123,0,24.539877300613497,75.4601226993865,0.0,10.766182298546896,case_00134,305
0,0,0,0,0.0,0.0,0.0,0.0,case_00102,47
488,2,26,0,7.142857142857143,92.85714285714286,0.0,5.426356589147287,case_00033,395
0,0,68,0,0.0,100.0,0.0,100.0,case_00194,484
0,0,15,0,0.0,100.0,0.0,100.0,case_00133,231
0,0,312,0,0.0,100.0,0.0,100.0,case_00125,28
1997,15,112,34,9.316770186335404,69.56521739130434,21.11801242236025,7.4606116774791476,case_00079,371
0,0,362,0,0.0,100.0,0.0,100.0,case_00125,88
0,0,0,0,0.0,0.0,0.0,0.0,case_00154,510
0,0,142,0,0.0,100.0,0.0,100.0,case_00154,422
636,6,85,0,6.593406593406593,93.4065934065934,0.0,12.5171939477304,case_00086,176
0,0,0,0,0.0,0.0,0.0,0.0,case_00194,246
108,4,15,0,21.05263157894737,78.94736842105263,0.0,14.960629921259843,case_00203,334
0,0,143,0,0.0,100.0,0.0,100.0,case_00194,481
1293,13,53,0,19.696969696969695,80.3030303030303,0.0,4.856512141280353,case_00086,141
0,0,368,0,0.0,100.0,0.0,100.0,case_00154,50
265,20,10,0,66.66666666666667,33.333333333333336,0.0,10.169491525423728,case_00115,294
4068,22,152,31,10.731707317073171,74.14634146341463,15.121951219512194,4.79756611280131,case_00102,370
0,0,0,0,0.0,0.0,0.0,0.0,case_00203,434
3804,31,238,102,8.355795148247978,64.15094339622641,27.493261455525605,8.886227544910179,case_00113,375
0,0,281,0,0.0,100.0,0.0,100.0,case_00194,60
0,0,0,0,0.0,0.0,0.0,0.0,case_00115,439
0,0,0,0,0.0,0.0,0.0,0.0,case_00154,92
0,0,0,0,0.0,0.0,0.0,0.0,case_00115,91
0,14,0,0,100.0,0.0,0.0,100.0,case_00203,137
0,0,60,0,0.0,100.0,0.0,100.0,case_00194,432
2058,6,122,19,4.081632653061225,82.99319727891157,12.92517006802721,6.666666666666667,case_00079,398
0,0,0,0,0.0,0.0,0.0,0.0,case_00115,101
0,0,0,0,0.0,0.0,0.0,0.0,case_00113,30
86,3,8,0,27.272727272727273,72.72727272727273,0.0,11.34020618556701,case_00133,273
0,0,63,0,0.0,100.0,0.0,100.0,case_00079,109
0,29,0,0,100.0,0.0,0.0,100.0,case_00102,424
0,0,0,0,0.0,0.0,0.0,0.0,case_00102,487
0,0,0,0,0.0,0.0,0.0,0.0,case_00014,84
0,0,0,0,0.0,0.0,0.0,0.0,case_00154,232
0,0,371,0,0.0,100.0,0.0,100.0,case_00014,155
113,8,34,0,19.047619047619047,80.95238095238095,0.0,27.096774193548388,case_00102,422
0,0,361,0,0.0,100.0,0.0,100.0,case_00075,480
3043,10,173,0,5.46448087431694,94.53551912568307,0.0,5.672659640421575,case_00115,181
0,0,0,0,0.0,0.0,0.0,0.0,case_00115,97
638,41,68,0,37.61467889908257,62.38532110091743,0.0,14.591700133868809,case_00033,330
0,0,0,0,0.0,0.0,0.0,0.0,case_00079,77
521,59,30,0,66.29213483146067,33.70786516853933,0.0,14.59016393442623,case_00033,329
274,19,14,0,57.57575757575758,42.42424242424242,0.0,10.749185667752442,case_00194,105
0,0,272,0,0.0,100.0,0.0,100.0,case_00125,32
0,0,0,0,0.0,0.0,0.0,0.0,case_00161,449
1572,56,119,23,28.282828282828284,60.101010101010104,11.616161616161616,11.186440677966102,case_00154,341
0,9,0,0,100.0,0.0,0.0,100.0,case_00079,311
739,3,52,26,3.7037037037037037,64.19753086419753,32.098765432098766,9.878048780487806,case_00014,180
0,0,0,0,0.0,0.0,0.0,0.0,case_00086,76
0,0,0,0,0.0,0.0,0.0,0.0,case_00075,116
0,33,0,0,100.0,0.0,0.0,100.0,case_00014,164
0,0,0,0,0.0,0.0,0.0,0.0,case_00086,9
0,0,0,0,0.0,0.0,0.0,0.0,case_00125,9
0,0,0,0,0.0,0.0,0.0,0.0,case_00033,36
0,0,0,0,0.0,0.0,0.0,0.0,case_00115,53
0,0,6,0,0.0,100.0,0.0,100.0,case_00125,50
0,0,197,0,0.0,100.0,0.0,100.0,case_00102,262
0,0,151,0,0.0,100.0,0.0,100.0,case_00194,317
4473,43,167,62,15.808823529411764,61.39705882352941,22.794117647058822,5.732349841938883,case_00102,353
0,0,0,0,0.0,0.0,0.0,0.0,case_00134,91
924,1,28,0,3.4482758620689653,96.55172413793103,0.0,3.04302203567681,case_00033,385
0,0,0,0,0.0,0.0,0.0,0.0,case_00154,138
0,0,0,0,0.0,0.0,0.0,0.0,case_00133,369
0,0,0,0,0.0,0.0,0.0,0.0,case_00115,458
0,0,4033,0,0.0,100.0,0.0,100.0,case_00134,43
947,16,152,0,9.523809523809524,90.47619047619048,0.0,15.067264573991032,case_00102,187
0,0,0,0,0.0,0.0,0.0,0.0,case_00125,509
916,6,41,0,12.76595744680851,87.23404255319149,0.0,4.880581516095535,case_00133,317
943,7,101,0,6.481481481481482,93.51851851851852,0.0,10.27592768791627,case_00075,189
0,0,0,0,0.0,0.0,0.0,0.0,case_00115,485
0,0,0,0,0.0,0.0,0.0,0.0,case_00033,72
0,0,0,0,0.0,0.0,0.0,0.0,case_00125,109
876,11,52,0,17.46031746031746,82.53968253968254,0.0,6.7092651757188495,case_00014,337
1024,18,115,0,13.533834586466165,86.46616541353383,0.0,11.495246326707,case_00014,214
0,0,0,0,0.0,0.0,0.0,0.0,case_00133,12
1946,30,214,0,12.295081967213115,87.70491803278688,0.0,11.141552511415526,case_00113,187
0,0,398,0,0.0,100.0,0.0,100.0,case_00102,233
678,4,19,0,17.391304347826086,82.6086956521739,0.0,3.2810271041369474,case_00102,139
258,13,15,0,46.42857142857143,53.57142857142857,0.0,9.79020979020979,case_00086,102
633,6,62,0,8.823529411764707,91.17647058823529,0.0,9.70042796005706,case_00203,162
1329,24,102,22,16.216216216216218,68.91891891891892,14.864864864864865,10.02031144211239,case_00079,424
142,5,10,0,33.333333333333336,66.66666666666667,0.0,9.554140127388536,case_00133,275
0,0,516,0,0.0,100.0,0.0,100.0,case_00125,37
1105,11,33,50,11.702127659574469,35.1063829787234,53.191489361702125,7.839866555462886,case_00133,151
0,0,0,0,0.0,0.0,0.0,0.0,case_00113,266
0,0,9,0,0.0,100.0,0.0,100.0,case_00194,313
0,0,0,0,0.0,0.0,0.0,0.0,case_00115,95
2282,50,89,0,35.97122302158273,64.02877697841727,0.0,5.741429161503511,case_00113,137
240,18,17,0,51.42857142857143,48.57142857142857,0.0,12.727272727272727,case_00194,104
0,0,0,0,0.0,0.0,0.0,0.0,case_00154,32
0,0,0,0,0.0,0.0,0.0,0.0,case_00033,6
0,0,0,0,0.0,0.0,0.0,0.0,case_00125,59
799,25,70,0,26.31578947368421,73.6842105263158,0.0,10.626398210290828,case_00079,186
122,4,13,0,23.529411764705884,76.47058823529412,0.0,12.23021582733813,case_00086,97
472,19,38,0,33.333333333333336,66.66666666666667,0.0,10.775047258979207,case_00079,451
0,0,0,0,0.0,0.0,0.0,0.0,case_00133,102
576,4,84,0,4.545454545454546,95.45454545454545,0.0,13.25301204819277,case_00086,311
1933,26,150,0,14.772727272727273,85.22727272727273,0.0,8.345187292555714,case_00154,187
0,0,0,0,0.0,0.0,0.0,0.0,case_00194,490
665,0,36,0,0.0,100.0,0.0,5.1355206847360915,case_00033,391
0,0,0,0,0.0,0.0,0.0,0.0,case_00133,34
0,0,13,0,0.0,100.0,0.0,100.0,case_00194,209
0,0,0,0,0.0,0.0,0.0,0.0,case_00203,503
0,0,233,0,0.0,100.0,0.0,100.0,case_00194,20
0,0,2,0,0.0,100.0,0.0,100.0,case_00134,262
0,0,0,0,0.0,0.0,0.0,0.0,case_00033,435
0,0,0,0,0.0,0.0,0.0,0.0,case_00113,216
0,0,0,0,0.0,0.0,0.0,0.0,case_00086,20
1214,33,52,0,38.8235294117647,61.1764705882353,0.0,6.543494996150885,case_00115,301
1389,8,36,0,18.181818181818183,81.81818181818181,0.0,3.0704815073272855,case_00033,156
0,0,27,0,0.0,100.0,0.0,100.0,case_00075,381
0,0,176,0,0.0,100.0,0.0,100.0,case_00075,389
0,0,0,0,0.0,0.0,0.0,0.0,case_00133,26
1477,8,47,8,12.698412698412698,74.60317460317461,12.698412698412698,4.090909090909091,case_00033,170
0,0,78,0,0.0,100.0,0.0,100.0,case_00075,19
0,0,344,0,0.0,100.0,0.0,100.0,case_00075,415
0,0,0,0,0.0,0.0,0.0,0.0,case_00079,269
0,0,0,0,0.0,0.0,0.0,0.0,case_00014,146
0,0,0,0,0.0,0.0,0.0,0.0,case_00115,421
586,14,34,0,29.166666666666668,70.83333333333333,0.0,7.570977917981073,case_00194,112
0,0,0,0,0.0,0.0,0.0,0.0,case_00075,246
292,18,46,0,28.125,71.875,0.0,17.97752808988764,case_00113,209
0,0,0,0,0.0,0.0,0.0,0.0,case_00115,125
1075,1,133,21,0.6451612903225806,85.80645161290323,13.548387096774194,12.601626016260163,case_00075,352
1639,39,126,35,19.5,63.0,17.5,10.87547580206634,case_00161,162
1080,18,29,50,18.556701030927837,29.896907216494846,51.54639175257732,8.241291418861513,case_00133,153
0,0,0,0,0.0,0.0,0.0,0.0,case_00203,444
0,0,0,0,0.0,0.0,0.0,0.0,case_00014,31
444,18,105,132,7.0588235294117645,41.1764705882353,51.76470588235294,36.48068669527897,case_00079,331
0,0,0,0,0.0,0.0,0.0,0.0,case_00134,34
0,0,154,0,0.0,100.0,0.0,100.0,case_00154,423
13,0,28,0,0.0,100.0,0.0,68.29268292682927,case_00075,380
0,0,0,0,0.0,0.0,0.0,0.0,case_00079,40
417,3,56,0,5.084745762711864,94.91525423728814,0.0,12.394957983193278,case_00203,397
488,9,46,0,16.363636363636363,83.63636363636364,0.0,10.128913443830571,case_00086,304
0,0,0,0,0.0,0.0,0.0,0.0,case_00079,478
0,0,0,0,0.0,0.0,0.0,0.0,case_00075,468
0,0,0,0,0.0,0.0,0.0,0.0,case_00102,486
0,0,0,0,0.0,0.0,0.0,0.0,case_00086,84
0,0,0,0,0.0,0.0,0.0,0.0,case_00075,445
0,0,0,0,0.0,0.0,0.0,0.0,case_00113,231
1689,34,266,0,11.333333333333334,88.66666666666667,0.0,15.082956259426847,case_00113,327
767,14,65,0,17.72151898734177,82.27848101265823,0.0,9.33806146572104,case_00161,212
3639,9,507,197,1.262272089761571,71.10799438990182,27.629733520336607,16.38327205882353,case_00113,351
0,0,0,0,0.0,0.0,0.0,0.0,case_00133,405
600,7,59,0,10.606060606060606,89.39393939393939,0.0,9.90990990990991,case_00075,141
0,0,0,0,0.0,0.0,0.0,0.0,case_00203,431
659,27,19,0,58.69565217391305,41.30434782608695,0.0,6.524822695035461,case_00079,149
1958,14,81,22,11.965811965811966,69.23076923076923,18.803418803418804,5.63855421686747,case_00079,404
0,0,0,0,0.0,0.0,0.0,0.0,case_00203,292
379,3,6,0,33.333333333333336,66.66666666666667,0.0,2.3195876288659796,case_00102,134
0,0,1031,0,0.0,100.0,0.0,100.0,case_00125,472
0,0,0,0,0.0,0.0,0.0,0.0,case_00014,75
0,0,0,0,0.0,0.0,0.0,0.0,case_00115,84
0,0,0,0,0.0,0.0,0.0,0.0,case_00161,483
0,0,0,0,0.0,0.0,0.0,0.0,case_00075,287
0,0,1,0,0.0,100.0,0.0,100.0,case_00125,67
3003,23,139,0,14.197530864197532,85.80246913580247,0.0,5.118483412322274,case_00113,158
0,0,0,0,0.0,0.0,0.0,0.0,case_00203,256
0,0,3,0,0.0,100.0,0.0,100.0,case_00133,77
0,0,0,0,0.0,0.0,0.0,0.0,case_00075,437
0,0,0,0,0.0,0.0,0.0,0.0,case_00014,48
241,2,42,0,4.545454545454546,95.45454545454545,0.0,15.43859649122807,case_00086,101
0,0,0,0,0.0,0.0,0.0,0.0,case_00075,8
0,0,353,0,0.0,100.0,0.0,100.0,case_00102,32
220,21,78,0,21.21212121212121,78.78787878787878,0.0,31.03448275862069,case_00161,130
283,40,30,0,57.142857142857146,42.857142857142854,0.0,19.8300283286119,case_00194,187
930,23,95,0,19.491525423728813,80.50847457627118,0.0,11.259541984732824,case_00113,318
0,0,2,0,0.0,100.0,0.0,100.0,case_00134,241
0,0,0,0,0.0,0.0,0.0,0.0,case_00086,69
1344,33,14,0,70.2127659574468,29.78723404255319,0.0,3.3788641265276778,case_00154,156
0,0,0,0,0.0,0.0,0.0,0.0,case_00086,200
0,0,0,0,0.0,0.0,0.0,0.0,case_00134,442
654,9,64,0,12.32876712328767,87.67123287671232,0.0,10.041265474552958,case_00014,227
1163,0,124,19,0.0,86.7132867132867,13.286713286713287,10.949464012251148,case_00075,349
710,47,87,0,35.07462686567164,64.92537313432835,0.0,15.876777251184834,case_00079,188
0,0,0,0,0.0,0.0,0.0,0.0,case_00113,260
0,0,615,0,0.0,100.0,0.0,100.0,case_00194,372
1531,14,125,55,7.216494845360825,64.43298969072166,28.350515463917525,11.246376811594203,case_00134,346
0,0,1,0,0.0,100.0,0.0,100.0,case_00102,108
0,0,31,0,0.0,100.0,0.0,100.0,case_00133,484
0,0,139,0,0.0,100.0,0.0,100.0,case_00086,474
0,0,40,0,0.0,100.0,0.0,100.0,case_00125,396
0,0,0,0,0.0,0.0,0.0,0.0,case_00154,500
62,15,4,0,78.94736842105263,21.05263157894737,0.0,23.45679012345679,case_00125,143
384,3,29,0,9.375,90.625,0.0,7.6923076923076925,case_00014,314
0,0,0,0,0.0,0.0,0.0,0.0,case_00033,498
0,0,0,0,0.0,0.0,0.0,0.0,case_00102,455
0,0,0,0,0.0,0.0,0.0,0.0,case_00014,489
0,0,0,0,0.0,0.0,0.0,0.0,case_00113,247
0,0,0,0,0.0,0.0,0.0,0.0,case_00161,270
0,0,345,0,0.0,100.0,0.0,100.0,case_00194,333
0,0,0,0,0.0,0.0,0.0,0.0,case_00154,83
0,0,0,0,0.0,0.0,0.0,0.0,case_00203,68
0,0,0,0,0.0,0.0,0.0,0.0,case_00115,40
469,0,86,0,0.0,100.0,0.0,15.495495495495495,case_00075,366
0,0,29,0,0.0,100.0,0.0,100.0,case_00203,47
0,0,0,0,0.0,0.0,0.0,0.0,case_00079,471
0,0,191,0,0.0,100.0,0.0,100.0,case_00079,507
0,0,0,0,0.0,0.0,0.0,0.0,case_00075,100
826,8,63,0,11.267605633802816,88.73239436619718,0.0,7.915273132664437,case_00014,221
302,69,33,3,65.71428571428571,31.428571428571427,2.857142857142857,25.798525798525798,case_00161,132
0,0,0,0,0.0,0.0,0.0,0.0,case_00113,253
0,0,0,0,0.0,0.0,0.0,0.0,case_00133,495
0,0,0,0,0.0,0.0,0.0,0.0,case_00075,257
1170,15,79,0,15.957446808510639,84.04255319148936,0.0,7.436708860759493,case_00014,207
0,0,395,0,0.0,100.0,0.0,100.0,case_00194,341
2519,44,99,0,30.76923076923077,69.23076923076923,0.0,5.371900826446281,case_00113,141
1645,26,104,43,15.028901734104046,60.115606936416185,24.85549132947977,9.515951595159516,case_00161,159
546,1,66,25,1.0869565217391304,71.73913043478261,27.17391304347826,14.420062695924765,case_00086,390
0,0,0,0,0.0,0.0,0.0,0.0,case_00115,25
728,95,76,0,55.55555555555556,44.44444444444444,0.0,19.021134593993327,case_00161,192
0,0,0,0,0.0,0.0,0.0,0.0,case_00014,96
0,0,28,0,0.0,100.0,0.0,100.0,case_00079,5
0,0,0,0,0.0,0.0,0.0,0.0,case_00033,10
1050,0,111,30,0.0,78.72340425531915,21.27659574468085,11.838790931989925,case_00075,353
0,0,14,0,0.0,100.0,0.0,100.0,case_00194,28
0,0,0,0,0.0,0.0,0.0,0.0,case_00133,211
0,0,0,0,0.0,0.0,0.0,0.0,case_00079,94
0,0,902,0,0.0,100.0,0.0,100.0,case_00102,470
0,0,0,0,0.0,0.0,0.0,0.0,case_00086,17
135,2,25,0,7.407407407407407,92.5925925925926,0.0,16.666666666666668,case_00014,308
744,7,74,0,8.641975308641975,91.35802469135803,0.0,9.818181818181818,case_00203,183
0,0,35,0,0.0,100.0,0.0,100.0,case_00133,244
0,0,0,0,0.0,0.0,0.0,0.0,case_00203,493
1172,8,88,0,8.333333333333334,91.66666666666667,0.0,7.570977917981073,case_00075,179
0,0,266,0,0.0,100.0,0.0,100.0,case_00125,47
0,0,0,0,0.0,0.0,0.0,0.0,case_00033,35
0,0,747,0,0.0,100.0,0.0,100.0,case_00134,434
0,0,172,0,0.0,100.0,0.0,100.0,case_00113,450
986,10,49,36,10.526315789473685,51.578947368421055,37.89473684210526,8.788159111933394,case_00014,187
0,0,0,0,0.0,0.0,0.0,0.0,case_00161,498
0,0,0,0,0.0,0.0,0.0,0.0,case_00079,266
0,0,0,0,0.0,0.0,0.0,0.0,case_00115,120
0,0,4,0,0.0,100.0,0.0,100.0,case_00194,258
1344,10,26,0,27.77777777777778,72.22222222222223,0.0,2.608695652173913,case_00033,154
753,10,76,0,11.627906976744185,88.37209302325581,0.0,10.250297973778308,case_00203,173
497,5,111,0,4.310344827586207,95.6896551724138,0.0,18.92332789559543,case_00203,198
0,0,151,0,0.0,100.0,0.0,100.0,case_00203,55
0,0,0,0,0.0,0.0,0.0,0.0,case_00203,10
1459,21,78,0,21.21212121212121,78.78787878787878,0.0,6.354300385109115,case_00134,155
65,0,15,0,0.0,100.0,0.0,18.75,case_00125,210
0,0,0,0,0.0,0.0,0.0,0.0,case_00075,94
1027,18,102,0,15.0,85.0,0.0,10.46207497820401,case_00086,125
3416,31,147,98,11.231884057971014,53.26086956521739,35.507246376811594,7.475622968580715,case_00113,391
1810,36,115,0,23.841059602649008,76.15894039735099,0.0,7.700152983171851,case_00113,130
388,24,17,0,58.53658536585366,41.46341463414634,0.0,9.557109557109557,case_00154,380
0,0,0,0,0.0,0.0,0.0,0.0,case_00194,81
0,0,0,0,0.0,0.0,0.0,0.0,case_00014,255
0,0,9,0,0.0,100.0,0.0,100.0,case_00125,410
1192,3,88,0,3.2967032967032965,96.7032967032967,0.0,7.092751363990647,case_00075,164
1595,87,86,0,50.28901734104046,49.71098265895954,0.0,9.785067873303168,case_00154,351
0,0,489,0,0.0,100.0,0.0,100.0,case_00102,246
0,0,62,0,0.0,100.0,0.0,100.0,case_00075,501
0,0,0,0,0.0,0.0,0.0,0.0,case_00075,109
219,17,62,0,21.518987341772153,78.48101265822785,0.0,26.51006711409396,case_00079,458
0,0,32,0,0.0,100.0,0.0,100.0,case_00086,423
0,0,0,0,0.0,0.0,0.0,0.0,case_00075,60
498,14,146,0,8.75,91.25,0.0,24.316109422492403,case_00194,184
79,0,20,0,0.0,100.0,0.0,20.2020202020202,case_00203,332
0,0,4,0,0.0,100.0,0.0,100.0,case_00115,375
730,0,47,0,0.0,100.0,0.0,6.048906048906049,case_00125,353
0,0,38,0,0.0,100.0,0.0,100.0,case_00133,71
0,0,79,0,0.0,100.0,0.0,100.0,case_00203,52
0,0,0,0,0.0,0.0,0.0,0.0,case_00113,264
0,0,0,0,0.0,0.0,0.0,0.0,case_00113,99
0,0,0,0,0.0,0.0,0.0,0.0,case_00161,243
0,0,40,0,0.0,100.0,0.0,100.0,case_00134,261
0,0,0,0,0.0,0.0,0.0,0.0,case_00133,93
200,22,11,0,66.66666666666667,33.333333333333336,0.0,14.163090128755364,case_00125,366
0,0,0,0,0.0,0.0,0.0,0.0,case_00115,431
0,0,112,0,0.0,100.0,0.0,100.0,case_00125,402
0,0,0,0,0.0,0.0,0.0,0.0,case_00079,26
0,0,0,0,0.0,0.0,0.0,0.0,case_00113,479
618,4,136,0,2.857142857142857,97.14285714285714,0.0,18.46965699208443,case_00102,198
0,0,0,0,0.0,0.0,0.0,0.0,case_00113,220
0,0,71,0,0.0,100.0,0.0,100.0,case_00134,257
1068,21,126,0,14.285714285714286,85.71428571428571,0.0,12.098765432098766,case_00102,185
0,0,77,0,0.0,100.0,0.0,100.0,case_00154,409
1470,16,42,0,27.586206896551722,72.41379310344827,0.0,3.7958115183246073,case_00033,166
0,0,0,0,0.0,0.0,0.0,0.0,case_00033,69
0,0,0,0,0.0,0.0,0.0,0.0,case_00125,461
0,0,646,0,0.0,100.0,0.0,100.0,case_00134,233
479,14,114,68,7.142857142857143,58.16326530612245,34.69387755102041,29.037037037037038,case_00079,330
0,0,0,0,0.0,0.0,0.0,0.0,case_00134,398
543,3,73,0,3.9473684210526314,96.05263157894737,0.0,12.277867528271406,case_00125,311
0,0,0,0,0.0,0.0,0.0,0.0,case_00014,140
0,0,0,0,0.0,0.0,0.0,0.0,case_00115,14
520,1,50,0,1.9607843137254901,98.03921568627452,0.0,8.93169877408056,case_00102,202
2878,28,123,0,18.543046357615893,81.45695364238411,0.0,4.985143611753053,case_00134,174
765,31,47,26,29.807692307692307,45.19230769230769,25.0,11.967779056386652,case_00161,137
96,13,5,0,72.22222222222223,27.77777777777778,0.0,15.789473684210526,case_00133,112
0,0,0,0,0.0,0.0,0.0,0.0,case_00203,442
0,0,0,0,0.0,0.0,0.0,0.0,case_00154,396
0,0,198,0,0.0,100.0,0.0,100.0,case_00102,28
364,2,22,0,8.333333333333334,91.66666666666667,0.0,6.185567010309279,case_00033,127
71,5,16,9,16.666666666666668,53.333333333333336,30.0,29.702970297029704,case_00203,412
0,0,0,0,0.0,0.0,0.0,0.0,case_00203,129
0,0,0,0,0.0,0.0,0.0,0.0,case_00115,27
0,0,6,0,0.0,100.0,0.0,100.0,case_00125,371
0,0,273,0,0.0,100.0,0.0,100.0,case_00125,224
0,0,0,0,0.0,0.0,0.0,0.0,case_00133,455
0,0,0,0,0.0,0.0,0.0,0.0,case_00033,85
0,0,0,0,0.0,0.0,0.0,0.0,case_00115,285
669,8,55,25,9.090909090909092,62.5,28.40909090909091,11.624834874504623,case_00014,178
0,0,186,0,0.0,100.0,0.0,100.0,case_00115,261
0,0,0,0,0.0,0.0,0.0,0.0,case_00079,285
704,3,68,0,4.225352112676056,95.77464788732394,0.0,9.161290322580646,case_00075,144
0,0,0,0,0.0,0.0,0.0,0.0,case_00203,278
0,0,0,0,0.0,0.0,0.0,0.0,case_00075,73
0,0,60,0,0.0,100.0,0.0,100.0,case_00125,21
1185,16,87,0,15.533980582524272,84.46601941747574,0.0,7.996894409937888,case_00033,338
0,0,0,0,0.0,0.0,0.0,0.0,case_00113,87
0,0,0,0,0.0,0.0,0.0,0.0,case_00086,422
0,0,201,0,0.0,100.0,0.0,100.0,case_00194,321
634,8,22,0,26.666666666666668,73.33333333333333,0.0,4.518072289156627,case_00203,384
0,0,54,0,0.0,100.0,0.0,100.0,case_00033,290
0,0,0,0,0.0,0.0,0.0,0.0,case_00079,54
0,0,0,0,0.0,0.0,0.0,0.0,case_00075,229
0,0,0,0,0.0,0.0,0.0,0.0,case_00086,227
0,0,0,0,0.0,0.0,0.0,0.0,case_00113,280
1559,22,159,0,12.154696132596685,87.84530386740332,0.0,10.402298850574713,case_00161,170
0,0,90,0,0.0,100.0,0.0,100.0,case_00133,440
815,13,49,0,20.967741935483872,79.03225806451613,0.0,7.069555302166477,case_00086,118
0,0,0,0,0.0,0.0,0.0,0.0,case_00125,11
0,0,0,0,0.0,0.0,0.0,0.0,case_00086,208
0,0,0,0,0.0,0.0,0.0,0.0,case_00203,59
503,4,56,0,6.666666666666667,93.33333333333333,0.0,10.657193605683837,case_00203,155
587,4,21,0,16.0,84.0,0.0,4.084967320261438,case_00115,369
0,0,0,0,0.0,0.0,0.0,0.0,case_00086,82
0,0,0,0,0.0,0.0,0.0,0.0,case_00086,44
0,0,0,0,0.0,0.0,0.0,0.0,case_00115,0
0,0,0,0,0.0,0.0,0.0,0.0,case_00125,376
0,0,0,0,0.0,0.0,0.0,0.0,case_00033,3
0,0,0,0,0.0,0.0,0.0,0.0,case_00154,242
2392,13,49,0,20.967741935483872,79.03225806451613,0.0,2.526487367563162,case_00115,147
0,0,0,0,0.0,0.0,0.0,0.0,case_00086,66
136,2,16,0,11.11111111111111,88.88888888888889,0.0,11.688311688311689,case_00203,336
0,0,4,0,0.0,100.0,0.0,100.0,case_00125,373
0,0,0,0,0.0,0.0,0.0,0.0,case_00134,19
0,0,0,0,0.0,0.0,0.0,0.0,case_00194,266
0,0,0,0,0.0,0.0,0.0,0.0,case_00161,268
0,0,0,0,0.0,0.0,0.0,0.0,case_00115,22
572,11,43,0,20.37037037037037,79.62962962962963,0.0,8.626198083067093,case_00014,229
0,0,0,0,0.0,0.0,0.0,0.0,case_00133,388
0,0,83,0,0.0,100.0,0.0,100.0,case_00194,429
0,0,0,0,0.0,0.0,0.0,0.0,case_00075,485
0,0,0,0,0.0,0.0,0.0,0.0,case_00125,17
0,0,0,0,0.0,0.0,0.0,0.0,case_00134,99
621,29,65,0,30.851063829787233,69.14893617021276,0.0,13.146853146853147,case_00086,319
141,4,73,17,4.25531914893617,77.65957446808511,18.085106382978722,40.0,case_00161,128
0,0,0,0,0.0,0.0,0.0,0.0,case_00161,263
1054,12,141,0,7.8431372549019605,92.15686274509804,0.0,12.67605633802817,case_00014,213
651,10,26,0,27.77777777777778,72.22222222222223,0.0,5.240174672489083,case_00086,113
0,0,24,0,0.0,100.0,0.0,100.0,case_00075,112
0,0,153,0,0.0,100.0,0.0,100.0,case_00115,266
1686,43,106,0,28.859060402684563,71.14093959731544,0.0,8.119891008174386,case_00115,307
0,0,0,0,0.0,0.0,0.0,0.0,case_00115,471
3243,7,97,0,6.730769230769231,93.26923076923077,0.0,3.1072602330445176,case_00115,159
0,0,0,0,0.0,0.0,0.0,0.0,case_00079,265
0,0,373,0,0.0,100.0,0.0,100.0,case_00134,479
0,0,448,0,0.0,100.0,0.0,100.0,case_00194,58
1213,56,48,22,44.44444444444444,38.095238095238095,17.46031746031746,9.410007468259895,case_00134,351
0,0,0,0,0.0,0.0,0.0,0.0,case_00154,29
0,0,0,0,0.0,0.0,0.0,0.0,case_00014,49
849,15,122,4,10.638297872340425,86.52482269503547,2.8368794326241136,14.242424242424242,case_00102,298
0,0,0,0,0.0,0.0,0.0,0.0,case_00161,106
1206,27,92,0,22.689075630252102,77.3109243697479,0.0,8.981132075471699,case_00113,195
689,2,211,0,0.9389671361502347,99.06103286384976,0.0,23.61419068736142,case_00075,198
0,0,22,0,0.0,100.0,0.0,100.0,case_00079,231
178,2,28,0,6.666666666666667,93.33333333333333,0.0,14.423076923076923,case_00075,127
0,0,0,0,0.0,0.0,0.0,0.0,case_00125,13
1418,10,53,0,15.873015873015873,84.12698412698413,0.0,4.25388251181634,case_00033,369
0,0,0,0,0.0,0.0,0.0,0.0,case_00133,92
0,0,0,0,0.0,0.0,0.0,0.0,case_00014,265
292,9,25,14,18.75,52.083333333333336,29.166666666666668,14.117647058823529,case_00203,402
0,0,0,0,0.0,0.0,0.0,0.0,case_00075,457
1640,14,22,0,38.888888888888886,61.111111111111114,0.0,2.1479713603818618,case_00154,161
0,0,0,0,0.0,0.0,0.0,0.0,case_00086,490
745,22,46,17,25.88235294117647,54.11764705882353,20.0,10.240963855421686,case_00133,166
0,0,0,0,0.0,0.0,0.0,0.0,case_00086,497
0,0,0,0,0.0,0.0,0.0,0.0,case_00115,89
0,32,38,0,45.714285714285715,54.285714285714285,0.0,100.0,case_00102,215
0,0,0,0,0.0,0.0,0.0,0.0,case_00014,284
0,0,0,0,0.0,0.0,0.0,0.0,case_00102,85
0,0,0,0,0.0,0.0,0.0,0.0,case_00033,450
741,1,186,0,0.5347593582887701,99.46524064171123,0.0,20.150862068965516,case_00075,196
1152,23,119,26,13.69047619047619,70.83333333333333,15.476190476190476,12.727272727272727,case_00079,428
1483,28,198,0,12.389380530973451,87.61061946902655,0.0,13.224107665301347,case_00113,192
0,0,0,0,0.0,0.0,0.0,0.0,case_00033,470
0,0,84,0,0.0,100.0,0.0,100.0,case_00033,208
0,0,0,0,0.0,0.0,0.0,0.0,case_00134,444
0,0,28,0,0.0,100.0,0.0,100.0,case_00115,253
341,15,62,0,19.48051948051948,80.51948051948052,0.0,18.42105263157895,case_00113,437
713,17,22,0,43.58974358974359,56.41025641025641,0.0,5.1861702127659575,case_00079,151
0,0,0,0,0.0,0.0,0.0,0.0,case_00102,433
1503,8,82,0,8.88888888888889,91.11111111111111,0.0,5.649717514124294,case_00194,144
3444,4,106,0,3.6363636363636362,96.36363636363636,0.0,3.0951041080472708,case_00115,165
0,0,0,0,0.0,0.0,0.0,0.0,case_00154,247
0,0,0,0,0.0,0.0,0.0,0.0,case_00014,6
1458,10,33,0,23.25581395348837,76.74418604651163,0.0,2.8647568287808127,case_00102,156
0,0,0,0,0.0,0.0,0.0,0.0,case_00086,256
0,0,14,0,0.0,100.0,0.0,100.0,case_00154,292
0,0,215,0,0.0,100.0,0.0,100.0,case_00161,447
1684,32,20,0,61.53846153846154,38.46153846153846,0.0,2.9953917050691246,case_00115,140
3425,4,154,0,2.5316455696202533,97.46835443037975,0.0,4.409712531398269,case_00115,174
0,0,341,0,0.0,100.0,0.0,100.0,case_00075,492
0,54,0,0,100.0,0.0,0.0,100.0,case_00079,314
1412,27,98,23,18.243243243243242,66.21621621621621,15.54054054054054,9.487179487179487,case_00079,422
964,4,39,0,9.30232558139535,90.69767441860465,0.0,4.270109235352532,case_00133,312
0,0,0,0,0.0,0.0,0.0,0.0,case_00075,467
0,0,529,0,0.0,100.0,0.0,100.0,case_00113,12
0,6,0,0,100.0,0.0,0.0,100.0,case_00203,425
414,8,47,0,14.545454545454545,85.45454545454545,0.0,11.727078891257996,case_00075,299
0,0,1,0,0.0,100.0,0.0,100.0,case_00194,270
0,0,1,0,0.0,100.0,0.0,100.0,case_00133,85
493,7,53,0,11.666666666666666,88.33333333333333,0.0,10.849909584086799,case_00075,205
0,0,0,0,0.0,0.0,0.0,0.0,case_00113,250
502,6,20,0,23.076923076923077,76.92307692307692,0.0,4.924242424242424,case_00125,152
0,0,0,0,0.0,0.0,0.0,0.0,case_00115,56
768,24,21,0,53.333333333333336,46.666666666666664,0.0,5.535055350553505,case_00115,132
0,0,28,0,0.0,100.0,0.0,100.0,case_00115,383
2782,22,106,2,16.923076923076923,81.53846153846153,1.5384615384615385,4.464285714285714,case_00102,391
1349,32,50,0,39.02439024390244,60.97560975609756,0.0,5.73025856044724,case_00102,179
3616,45,167,82,15.306122448979592,56.802721088435376,27.891156462585034,7.5191815856777495,case_00113,385
0,0,0,0,0.0,0.0,0.0,0.0,case_00203,128
425,24,24,0,50.0,50.0,0.0,10.14799154334038,case_00115,295
0,0,0,0,0.0,0.0,0.0,0.0,case_00033,79
340,4,61,0,6.153846153846154,93.84615384615384,0.0,16.049382716049383,case_00113,308
631,9,42,0,17.647058823529413,82.3529411764706,0.0,7.478005865102639,case_00134,365
0,0,0,0,0.0,0.0,0.0,0.0,case_00133,404
0,0,0,0,0.0,0.0,0.0,0.0,case_00161,482
539,16,22,0,42.10526315789474,57.89473684210526,0.0,6.58578856152513,case_00203,390
758,3,89,0,3.260869565217391,96.73913043478261,0.0,10.823529411764707,case_00203,176
210,7,32,0,17.94871794871795,82.05128205128206,0.0,15.662650602409638,case_00033,203
0,0,0,0,0.0,0.0,0.0,0.0,case_00115,100
0,0,251,0,0.0,100.0,0.0,100.0,case_00014,92
3263,13,166,0,7.262569832402234,92.73743016759776,0.0,5.200464846019756,case_00115,177
0,0,0,0,0.0,0.0,0.0,0.0,case_00033,427
842,5,128,0,3.7593984962406015,96.2406015037594,0.0,13.64102564102564,case_00075,193
0,0,0,0,0.0,0.0,0.0,0.0,case_00154,255
0,0,0,0,0.0,0.0,0.0,0.0,case_00161,260
0,7,0,0,100.0,0.0,0.0,100.0,case_00154,386
510,10,56,0,15.151515151515152,84.84848484848484,0.0,11.458333333333334,case_00075,139
0,0,69,0,0.0,100.0,0.0,100.0,case_00194,441
0,0,0,0,0.0,0.0,0.0,0.0,case_00161,19
0,0,253,0,0.0,100.0,0.0,100.0,case_00125,41
0,0,0,0,0.0,0.0,0.0,0.0,case_00125,416
0,0,0,0,0.0,0.0,0.0,0.0,case_00102,1
320,11,78,2,12.087912087912088,85.71428571428571,2.197802197802198,22.14111922141119,case_00133,176
0,0,0,0,0.0,0.0,0.0,0.0,case_00033,438
0,0,0,0,0.0,0.0,0.0,0.0,case_00125,121
0,0,0,0,0.0,0.0,0.0,0.0,case_00033,45
0,0,0,0,0.0,0.0,0.0,0.0,case_00154,131
0,0,71,0,0.0,100.0,0.0,100.0,case_00125,425
0,0,32,0,0.0,100.0,0.0,100.0,case_00203,450
0,0,0,0,0.0,0.0,0.0,0.0,case_00125,286
940,29,169,0,14.646464646464647,85.35353535353535,0.0,17.398945518453427,case_00102,411
0,0,0,0,0.0,0.0,0.0,0.0,case_00154,4
0,0,0,0,0.0,0.0,0.0,0.0,case_00125,5
0,0,0,0,0.0,0.0,0.0,0.0,case_00113,43
1587,22,47,0,31.884057971014492,68.1159420289855,0.0,4.166666666666667,case_00115,360
522,7,49,0,12.5,87.5,0.0,9.688581314878892,case_00203,156
1298,21,71,0,22.82608695652174,77.17391304347827,0.0,6.618705035971223,case_00086,149
446,2,43,41,2.3255813953488373,50.0,47.674418604651166,16.165413533834588,case_00086,393
0,0,0,0,0.0,0.0,0.0,0.0,case_00134,380
1449,30,107,22,18.867924528301888,67.29559748427673,13.836477987421384,9.888059701492537,case_00079,421
0,0,0,0,0.0,0.0,0.0,0.0,case_00194,242
0,0,0,0,0.0,0.0,0.0,0.0,case_00115,55
0,0,0,0,0.0,0.0,0.0,0.0,case_00133,480
0,0,0,0,0.0,0.0,0.0,0.0,case_00194,495
0,0,0,0,0.0,0.0,0.0,0.0,case_00154,20
0,0,0,0,0.0,0.0,0.0,0.0,case_00203,24
1186,26,71,0,26.804123711340207,73.19587628865979,0.0,7.560405300077942,case_00014,204
2955,23,144,0,13.77245508982036,86.22754491017965,0.0,5.349135169762972,case_00113,154
145,3,39,0,7.142857142857143,92.85714285714286,0.0,22.459893048128343,case_00075,219
0,0,0,0,0.0,0.0,0.0,0.0,case_00154,456
0,0,338,0,0.0,100.0,0.0,100.0,case_00194,334
0,0,0,0,0.0,0.0,0.0,0.0,case_00133,378
0,0,0,0,0.0,0.0,0.0,0.0,case_00203,228
0,0,0,0,0.0,0.0,0.0,0.0,case_00133,104
0,0,0,0,0.0,0.0,0.0,0.0,case_00075,383
0,0,0,0,0.0,0.0,0.0,0.0,case_00154,305
0,0,180,0,0.0,100.0,0.0,100.0,case_00125,222
3651,21,247,109,5.570291777188329,65.51724137931035,28.912466843501328,9.35948361469712,case_00113,382
446,26,49,0,34.666666666666664,65.33333333333333,0.0,14.395393474088293,case_00113,207
0,0,176,0,0.0,100.0,0.0,100.0,case_00115,259
48,4,19,0,17.391304347826086,82.6086956521739,0.0,32.394366197183096,case_00075,291
0,0,0,0,0.0,0.0,0.0,0.0,case_00033,106
0,0,768,0,0.0,100.0,0.0,100.0,case_00133,53
1120,16,28,0,36.36363636363637,63.63636363636363,0.0,3.7800687285223367,case_00086,348
1057,45,47,41,33.83458646616541,35.338345864661655,30.827067669172934,11.176470588235293,case_00161,142
1574,31,171,0,15.346534653465346,84.65346534653466,0.0,11.373873873873874,case_00113,191
333,1,87,0,1.1363636363636365,98.86363636363636,0.0,20.902612826603324,case_00086,295
741,16,85,0,15.841584158415841,84.15841584158416,0.0,11.995249406175772,case_00161,213
0,0,63,0,0.0,100.0,0.0,100.0,case_00115,377
0,0,0,0,0.0,0.0,0.0,0.0,case_00161,276
204,31,57,0,35.22727272727273,64.77272727272727,0.0,30.136986301369863,case_00203,206
63,9,48,0,15.789473684210526,84.21052631578948,0.0,47.5,case_00113,441
1458,28,30,0,48.275862068965516,51.724137931034484,0.0,3.825857519788918,case_00154,158
0,0,0,0,0.0,0.0,0.0,0.0,case_00154,113
0,0,0,0,0.0,0.0,0.0,0.0,case_00161,460
109,5,16,0,23.80952380952381,76.19047619047619,0.0,16.153846153846153,case_00079,132
598,10,91,90,5.2356020942408374,47.64397905759162,47.12041884816754,24.20785804816223,case_00079,334
0,0,46,0,0.0,100.0,0.0,100.0,case_00033,475
0,0,45,0,0.0,100.0,0.0,100.0,case_00194,435
1609,18,41,0,30.508474576271187,69.49152542372882,0.0,3.537170263788969,case_00102,171
770,15,53,0,22.058823529411764,77.94117647058823,0.0,8.1145584725537,case_00134,358
747,10,75,0,11.764705882352942,88.23529411764706,0.0,10.216346153846153,case_00203,171
0,0,0,0,0.0,0.0,0.0,0.0,case_00079,299
0,0,14,0,0.0,100.0,0.0,100.0,case_00079,502
0,0,0,0,0.0,0.0,0.0,0.0,case_00154,298
1700,20,180,0,10.0,90.0,0.0,10.526315789473685,case_00161,355
0,0,105,0,0.0,100.0,0.0,100.0,case_00033,263
1126,5,43,5,9.433962264150944,81.13207547169812,9.433962264150944,4.495335029686175,case_00014,191
3112,63,210,24,21.21212121212121,70.70707070707071,8.080808080808081,8.712232326195366,case_00102,318
0,0,0,0,0.0,0.0,0.0,0.0,case_00115,451
0,0,0,0,0.0,0.0,0.0,0.0,case_00079,0
1617,9,106,0,7.826086956521739,92.17391304347827,0.0,6.63972286374134,case_00161,371
0,0,0,0,0.0,0.0,0.0,0.0,case_00115,23
0,0,55,0,0.0,100.0,0.0,100.0,case_00161,86
2878,36,137,75,14.516129032258064,55.24193548387097,30.241935483870968,7.933461292386436,case_00113,405
742,69,66,0,51.111111111111114,48.888888888888886,0.0,15.39338654503991,case_00161,193
0,0,186,0,0.0,100.0,0.0,100.0,case_00113,449
0,0,0,0,0.0,0.0,0.0,0.0,case_00079,237
0,0,0,0,0.0,0.0,0.0,0.0,case_00075,263
1396,16,74,18,14.814814814814815,68.51851851851852,16.666666666666668,7.180851063829787,case_00033,177
1706,27,121,0,18.243243243243242,81.75675675675676,0.0,7.982740021574973,case_00154,349
0,0,4320,0,0.0,100.0,0.0,100.0,case_00134,59
0,0,0,0,0.0,0.0,0.0,0.0,case_00033,424
815,16,62,44,13.114754098360656,50.81967213114754,36.0655737704918,13.020277481323372,case_00079,339
0,0,0,0,0.0,0.0,0.0,0.0,case_00102,430
0,0,858,0,0.0,100.0,0.0,100.0,case_00134,69
0,0,0,0,0.0,0.0,0.0,0.0,case_00033,84
0,0,4,0,0.0,100.0,0.0,100.0,case_00194,271
0,0,2,0,0.0,100.0,0.0,100.0,case_00075,110
0,0,0,0,0.0,0.0,0.0,0.0,case_00033,62
0,0,4,0,0.0,100.0,0.0,100.0,case_00115,29
0,0,0,0,0.0,0.0,0.0,0.0,case_00133,256
0,0,0,0,0.0,0.0,0.0,0.0,case_00079,288
1224,5,40,0,11.11111111111111,88.88888888888889,0.0,3.5460992907801416,case_00033,149
765,21,19,0,52.5,47.5,0.0,4.968944099378882,case_00125,159
0,0,0,0,0.0,0.0,0.0,0.0,case_00125,132
961,1,35,0,2.7777777777777777,97.22222222222223,0.0,3.6108324974924773,case_00033,384
0,0,0,0,0.0,0.0,0.0,0.0,case_00102,75
0,0,0,0,0.0,0.0,0.0,0.0,case_00014,401
0,0,0,0,0.0,0.0,0.0,0.0,case_00203,71
1018,2,106,0,1.8518518518518519,98.14814814814815,0.0,9.591474245115453,case_00075,155
0,0,7,0,0.0,100.0,0.0,100.0,case_00203,111
0,0,0,0,0.0,0.0,0.0,0.0,case_00079,263
0,0,0,0,0.0,0.0,0.0,0.0,case_00102,49
0,0,0,0,0.0,0.0,0.0,0.0,case_00203,244
0,0,209,0,0.0,100.0,0.0,100.0,case_00115,263
433,8,60,0,11.764705882352942,88.23529411764706,0.0,13.572854291417165,case_00079,452
0,0,0,0,0.0,0.0,0.0,0.0,case_00134,31
281,3,19,0,13.636363636363637,86.36363636363636,0.0,7.260726072607261,case_00133,342
0,0,0,0,0.0,0.0,0.0,0.0,case_00154,437
2096,12,102,38,7.894736842105263,67.10526315789474,25.0,6.761565836298932,case_00079,382
0,0,0,0,0.0,0.0,0.0,0.0,case_00115,503
0,0,0,0,0.0,0.0,0.0,0.0,case_00194,76
961,13,42,0,23.636363636363637,76.36363636363636,0.0,5.413385826771654,case_00014,350
0,0,0,0,0.0,0.0,0.0,0.0,case_00115,94
1357,24,27,0,47.05882352941177,52.94117647058823,0.0,3.622159090909091,case_00154,367
1867,125,69,0,64.43298969072166,35.56701030927835,0.0,9.412906356137798,case_00154,177
0,0,168,0,0.0,100.0,0.0,100.0,case_00033,248
0,0,8,0,0.0,100.0,0.0,100.0,case_00125,388
0,0,914,0,0.0,100.0,0.0,100.0,case_00154,471
0,0,0,0,0.0,0.0,0.0,0.0,case_00033,58
0,0,0,0,0.0,0.0,0.0,0.0,case_00086,7
0,0,360,0,0.0,100.0,0.0,100.0,case_00133,491
0,0,0,0,0.0,0.0,0.0,0.0,case_00154,90
0,0,16,0,0.0,100.0,0.0,100.0,case_00113,33
319,11,14,0,44.0,56.0,0.0,7.267441860465116,case_00125,148
0,0,0,0,0.0,0.0,0.0,0.0,case_00154,272
1243,9,141,3,5.882352941176471,92.15686274509804,1.9607843137254901,10.959885386819485,case_00194,171
0,0,0,0,0.0,0.0,0.0,0.0,case_00133,101
0,0,0,0,0.0,0.0,0.0,0.0,case_00014,52
0,0,0,0,0.0,0.0,0.0,0.0,case_00133,88
970,35,108,0,24.475524475524477,75.52447552447552,0.0,12.848158131177,case_00113,319
0,0,5357,0,0.0,100.0,0.0,100.0,case_00134,55
436,17,24,0,41.46341463414634,58.53658536585366,0.0,8.59538784067086,case_00194,108
1818,14,108,34,8.974358974358974,69.23076923076923,21.794871794871796,7.90273556231003,case_00079,362
0,0,8,0,0.0,100.0,0.0,100.0,case_00079,123
1070,16,39,0,29.09090909090909,70.9090909090909,0.0,4.888888888888889,case_00086,344
1276,0,140,26,0.0,84.33734939759036,15.662650602409638,11.511789181692095,case_00075,337
164,6,35,0,14.634146341463415,85.36585365853658,0.0,20.0,case_00102,421
1253,6,60,0,9.090909090909092,90.9090909090909,0.0,5.003790750568613,case_00194,129
0,0,39,0,0.0,100.0,0.0,100.0,case_00134,114
1484,11,31,0,26.19047619047619,73.80952380952381,0.0,2.7522935779816513,case_00033,165
0,0,0,0,0.0,0.0,0.0,0.0,case_00086,53
0,0,101,0,0.0,100.0,0.0,100.0,case_00194,215
0,0,0,0,0.0,0.0,0.0,0.0,case_00161,281
0,0,29,0,0.0,100.0,0.0,100.0,case_00079,114
0,0,423,0,0.0,100.0,0.0,100.0,case_00194,343
2726,22,141,0,13.496932515337424,86.50306748466258,0.0,5.6420906888196605,case_00113,146
0,0,0,0,0.0,0.0,0.0,0.0,case_00086,507
0,0,0,0,0.0,0.0,0.0,0.0,case_00086,61
0,0,0,0,0.0,0.0,0.0,0.0,case_00079,14
0,0,0,0,0.0,0.0,0.0,0.0,case_00033,117
0,0,0,0,0.0,0.0,0.0,0.0,case_00075,270
0,0,347,0,0.0,100.0,0.0,100.0,case_00203,507
670,33,31,0,51.5625,48.4375,0.0,8.719346049046322,case_00113,204
0,0,0,0,0.0,0.0,0.0,0.0,case_00102,8
0,0,0,0,0.0,0.0,0.0,0.0,case_00033,30
0,0,0,0,0.0,0.0,0.0,0.0,case_00134,12
713,44,92,0,32.35294117647059,67.6470588235294,0.0,16.0188457008245,case_00161,337
590,17,46,0,26.984126984126984,73.01587301587301,0.0,9.647779479326188,case_00086,314
0,0,8,0,0.0,100.0,0.0,100.0,case_00086,282
0,0,39,0,0.0,100.0,0.0,100.0,case_00154,412
0,0,0,0,0.0,0.0,0.0,0.0,case_00154,250
0,0,239,0,0.0,100.0,0.0,100.0,case_00079,487
1066,3,65,0,4.411764705882353,95.58823529411765,0.0,5.99647266313933,case_00194,123
0,0,0,0,0.0,0.0,0.0,0.0,case_00194,219
0,0,231,0,0.0,100.0,0.0,100.0,case_00154,421
0,0,0,0,0.0,0.0,0.0,0.0,case_00113,80
0,0,0,0,0.0,0.0,0.0,0.0,case_00014,112
0,0,0,0,0.0,0.0,0.0,0.0,case_00154,511
0,0,0,0,0.0,0.0,0.0,0.0,case_00102,220
931,7,72,0,8.860759493670885,91.13924050632912,0.0,7.821782178217822,case_00014,353
0,0,0,0,0.0,0.0,0.0,0.0,case_00161,94
0,0,0,0,0.0,0.0,0.0,0.0,case_00203,250
0,0,0,0,0.0,0.0,0.0,0.0,case_00133,511
0,0,0,0,0.0,0.0,0.0,0.0,case_00014,127
157,14,6,0,70.0,30.0,0.0,11.299435028248588,case_00134,375
374,22,15,1,57.89473684210526,39.473684210526315,2.6315789473684212,9.223300970873787,case_00079,325
592,11,27,0,28.94736842105263,71.05263157894737,0.0,6.031746031746032,case_00014,366
1717,38,133,0,22.22222222222222,77.77777777777777,0.0,9.057203389830509,case_00154,348
0,0,0,0,0.0,0.0,0.0,0.0,case_00133,420
0,0,0,0,0.0,0.0,0.0,0.0,case_00014,281
0,0,0,0,0.0,0.0,0.0,0.0,case_00033,92
0,0,0,0,0.0,0.0,0.0,0.0,case_00014,3
647,26,229,0,10.196078431372548,89.80392156862744,0.0,28.27050997782705,case_00194,181
0,0,0,0,0.0,0.0,0.0,0.0,case_00125,411
0,0,43,0,0.0,100.0,0.0,100.0,case_00194,299
0,0,0,0,0.0,0.0,0.0,0.0,case_00079,253
981,1,43,0,2.272727272727273,97.72727272727273,0.0,4.2926829268292686,case_00125,337
2688,33,113,0,22.602739726027398,77.3972602739726,0.0,5.151729004940014,case_00113,145
0,0,0,0,0.0,0.0,0.0,0.0,case_00133,266
17,8,4,0,66.66666666666667,33.333333333333336,0.0,41.37931034482759,case_00203,423
0,0,0,0,0.0,0.0,0.0,0.0,case_00079,10
655,9,81,0,10.0,90.0,0.0,12.080536912751677,case_00075,306
1236,10,27,0,27.027027027027028,72.97297297297297,0.0,2.906520031421838,case_00033,376
0,0,132,0,0.0,100.0,0.0,100.0,case_00086,472
0,0,0,0,0.0,0.0,0.0,0.0,case_00154,503
0,0,0,0,0.0,0.0,0.0,0.0,case_00203,314
0,0,0,0,0.0,0.0,0.0,0.0,case_00075,266
0,0,8,0,0.0,100.0,0.0,100.0,case_00079,500
0,0,0,0,0.0,0.0,0.0,0.0,case_00113,71
0,0,0,0,0.0,0.0,0.0,0.0,case_00115,418
23,5,12,0,29.41176470588235,70.58823529411765,0.0,42.5,case_00086,94
0,0,6,0,0.0,100.0,0.0,100.0,case_00134,260
0,0,0,0,0.0,0.0,0.0,0.0,case_00014,276
0,0,767,0,0.0,100.0,0.0,100.0,case_00014,98
0,0,195,0,0.0,100.0,0.0,100.0,case_00113,458
530,8,80,0,9.090909090909092,90.9090909090909,0.0,14.239482200647249,case_00079,204
0,0,0,0,0.0,0.0,0.0,0.0,case_00161,458
0,0,0,0,0.0,0.0,0.0,0.0,case_00033,428
374,8,55,0,12.698412698412698,87.3015873015873,0.0,14.416475972540045,case_00154,314
445,6,33,0,15.384615384615385,84.61538461538461,0.0,8.057851239669422,case_00014,369
0,0,75,0,0.0,100.0,0.0,100.0,case_00194,460
0,0,0,0,0.0,0.0,0.0,0.0,case_00125,107
1447,13,115,0,10.15625,89.84375,0.0,8.126984126984127,case_00194,154
0,0,0,0,0.0,0.0,0.0,0.0,case_00161,272
0,0,380,0,0.0,100.0,0.0,100.0,case_00134,74
1291,25,87,0,22.321428571428573,77.67857142857143,0.0,7.982893799002138,case_00086,153
0,0,0,0,0.0,0.0,0.0,0.0,case_00133,208
1279,3,121,27,1.9867549668874172,80.13245033112582,17.880794701986755,10.55944055944056,case_00075,336
0,0,0,0,0.0,0.0,0.0,0.0,case_00075,276
1652,44,198,34,15.942028985507246,71.73913043478261,12.318840579710145,14.315352697095436,case_00154,336
0,0,0,0,0.0,0.0,0.0,0.0,case_00014,383
0,0,0,0,0.0,0.0,0.0,0.0,case_00014,9
0,0,0,0,0.0,0.0,0.0,0.0,case_00102,65
241,6,42,0,12.5,87.5,0.0,16.608996539792386,case_00161,233
0,0,423,0,0.0,100.0,0.0,100.0,case_00125,468
0,0,0,0,0.0,0.0,0.0,0.0,case_00014,502
0,0,1353,0,0.0,100.0,0.0,100.0,case_00134,425
0,0,0,0,0.0,0.0,0.0,0.0,case_00134,269
482,29,39,22,32.22222222222222,43.333333333333336,24.444444444444443,15.734265734265735,case_00161,134
0,0,32,0,0.0,100.0,0.0,100.0,case_00102,460
848,9,64,0,12.32876712328767,87.67123287671232,0.0,7.926167209554832,case_00133,296
0,0,0,0,0.0,0.0,0.0,0.0,case_00113,222
0,0,0,0,0.0,0.0,0.0,0.0,case_00115,463
0,0,143,0,0.0,100.0,0.0,100.0,case_00125,230
0,0,227,0,0.0,100.0,0.0,100.0,case_00033,256
0,0,0,0,0.0,0.0,0.0,0.0,case_00134,440
0,0,0,0,0.0,0.0,0.0,0.0,case_00033,29
0,0,0,0,0.0,0.0,0.0,0.0,case_00161,91
0,0,0,0,0.0,0.0,0.0,0.0,case_00125,0
3387,49,553,112,6.862745098039215,77.45098039215686,15.686274509803921,17.410387710314556,case_00113,345
0,0,81,0,0.0,100.0,0.0,100.0,case_00194,472
0,0,0,0,0.0,0.0,0.0,0.0,case_00134,503
0,8,0,0,100.0,0.0,0.0,100.0,case_00075,290
3765,42,491,155,6.104651162790698,71.36627906976744,22.52906976744186,15.450258252863238,case_00113,365
984,7,54,0,11.475409836065573,88.52459016393442,0.0,5.837320574162679,case_00194,121
1353,8,40,0,16.666666666666668,83.33333333333333,0.0,3.4261241970021414,case_00102,153
0,0,0,0,0.0,0.0,0.0,0.0,case_00086,511
0,0,102,0,0.0,100.0,0.0,100.0,case_00194,315
0,0,0,0,0.0,0.0,0.0,0.0,case_00203,14
0,0,0,0,0.0,0.0,0.0,0.0,case_00203,452
1647,41,223,29,13.993174061433447,76.10921501706484,9.897610921501707,15.103092783505154,case_00154,334
327,20,65,0,23.529411764705884,76.47058823529412,0.0,20.631067961165048,case_00086,188
2013,8,120,20,5.405405405405405,81.08108108108108,13.513513513513514,6.848681166126793,case_00079,401
0,0,0,0,0.0,0.0,0.0,0.0,case_00102,2
0,0,0,0,0.0,0.0,0.0,0.0,case_00203,306
0,0,211,0,0.0,100.0,0.0,100.0,case_00075,411
206,0,25,0,0.0,100.0,0.0,10.822510822510823,case_00102,211
0,0,0,0,0.0,0.0,0.0,0.0,case_00075,18
1036,47,109,0,30.128205128205128,69.87179487179488,0.0,13.087248322147651,case_00154,200
0,0,0,0,0.0,0.0,0.0,0.0,case_00133,448
4413,13,173,42,5.701754385964913,75.87719298245614,18.42105263157895,4.912734324499031,case_00102,360
0,0,0,0,0.0,0.0,0.0,0.0,case_00075,271
692,6,89,0,6.315789473684211,93.6842105263158,0.0,12.071156289707751,case_00075,307
339,5,32,0,13.513513513513514,86.48648648648648,0.0,9.840425531914894,case_00014,313
0,0,816,0,0.0,100.0,0.0,100.0,case_00194,49
1034,14,40,0,25.925925925925927,74.07407407407408,0.0,4.963235294117647,case_00086,368
1483,7,89,0,7.291666666666667,92.70833333333333,0.0,6.079797340088664,case_00194,142
0,0,0,0,0.0,0.0,0.0,0.0,case_00133,502
0,0,0,0,0.0,0.0,0.0,0.0,case_00125,113
955,8,42,0,16.0,84.0,0.0,4.975124378109452,case_00125,165
0,0,0,0,0.0,0.0,0.0,0.0,case_00075,90
1775,12,141,0,7.8431372549019605,92.15686274509804,0.0,7.935684647302905,case_00161,365
684,4,50,0,7.407407407407407,92.5925925925926,0.0,7.317073170731708,case_00014,326
0,0,231,0,0.0,100.0,0.0,100.0,case_00086,466
0,0,0,0,0.0,0.0,0.0,0.0,case_00203,311
0,0,50,0,0.0,100.0,0.0,100.0,case_00115,267
342,6,40,0,13.043478260869565,86.95652173913044,0.0,11.855670103092784,case_00161,229
0,0,0,0,0.0,0.0,0.0,0.0,case_00075,6
0,0,114,0,0.0,100.0,0.0,100.0,case_00086,460
0,0,0,0,0.0,0.0,0.0,0.0,case_00134,386
1776,16,111,19,10.95890410958904,76.02739726027397,13.013698630136986,7.596253902185223,case_00079,411
823,9,38,0,19.148936170212767,80.85106382978724,0.0,5.402298850574713,case_00194,117
960,19,27,0,41.30434782608695,58.69565217391305,0.0,4.572564612326044,case_00133,304
0,0,0,0,0.0,0.0,0.0,0.0,case_00154,249
0,0,0,0,0.0,0.0,0.0,0.0,case_00079,45
1288,23,64,0,26.436781609195403,73.5632183908046,0.0,6.327272727272727,case_00086,142
0,0,0,0,0.0,0.0,0.0,0.0,case_00113,265
0,0,0,0,0.0,0.0,0.0,0.0,case_00115,252
0,0,27,0,0.0,100.0,0.0,100.0,case_00194,470
412,8,73,33,7.017543859649122,64.03508771929825,28.94736842105263,21.673003802281368,case_00033,195
0,0,0,0,0.0,0.0,0.0,0.0,case_00154,293
436,2,72,0,2.7027027027027026,97.29729729729729,0.0,14.509803921568627,case_00203,152
3233,65,468,141,9.643916913946587,69.43620178041543,20.919881305637983,17.2510877911441,case_00113,343
0,0,38,0,0.0,100.0,0.0,100.0,case_00154,234
0,0,0,0,0.0,0.0,0.0,0.0,case_00154,444
0,0,804,0,0.0,100.0,0.0,100.0,case_00102,473
1903,19,93,22,14.17910447761194,69.40298507462687,16.417910447761194,6.578301423662248,case_00079,406
181,47,30,0,61.03896103896104,38.96103896103896,0.0,29.844961240310077,case_00113,439
720,13,71,2,15.116279069767442,82.55813953488372,2.3255813953488373,10.66997518610422,case_00079,443
0,0,0,0,0.0,0.0,0.0,0.0,case_00014,104
0,0,0,0,0.0,0.0,0.0,0.0,case_00133,421
939,2,39,0,4.878048780487805,95.1219512195122,0.0,4.183673469387755,case_00133,315
0,0,12,0,0.0,100.0,0.0,100.0,case_00125,386
0,0,0,0,0.0,0.0,0.0,0.0,case_00014,467
0,0,109,0,0.0,100.0,0.0,100.0,case_00194,430
0,0,1562,0,0.0,100.0,0.0,100.0,case_00125,471
0,0,0,0,0.0,0.0,0.0,0.0,case_00075,80
0,0,0,0,0.0,0.0,0.0,0.0,case_00113,245
0,0,0,0,0.0,0.0,0.0,0.0,case_00033,21
0,0,0,0,0.0,0.0,0.0,0.0,case_00154,77
0,0,0,0,0.0,0.0,0.0,0.0,case_00203,245
0,0,0,0,0.0,0.0,0.0,0.0,case_00086,436
62,15,6,0,71.42857142857143,28.571428571428573,0.0,25.301204819277107,case_00014,165
0,0,31,0,0.0,100.0,0.0,100.0,case_00203,49
0,0,19,0,0.0,100.0,0.0,100.0,case_00133,213
0,0,0,0,0.0,0.0,0.0,0.0,case_00086,235
1156,20,187,0,9.66183574879227,90.33816425120773,0.0,15.187087307410124,case_00102,409
0,0,0,0,0.0,0.0,0.0,0.0,case_00113,1
0,0,0,0,0.0,0.0,0.0,0.0,case_00113,262
797,12,59,0,16.901408450704224,83.09859154929578,0.0,8.179723502304148,case_00133,294
0,0,413,0,0.0,100.0,0.0,100.0,case_00115,474
0,0,405,0,0.0,100.0,0.0,100.0,case_00194,408
1321,26,121,37,14.130434782608695,65.76086956521739,20.108695652173914,12.225913621262459,case_00079,349
0,0,7,0,0.0,100.0,0.0,100.0,case_00133,69
0,0,0,0,0.0,0.0,0.0,0.0,case_00154,33
0,0,0,0,0.0,0.0,0.0,0.0,case_00113,275
0,0,11,0,0.0,100.0,0.0,100.0,case_00154,399
1317,87,74,0,54.037267080745345,45.962732919254655,0.0,10.893098782138024,case_00154,197
4496,27,198,64,9.342560553633218,68.5121107266436,22.14532871972318,6.0397074190177635,case_00102,354
3797,15,665,122,1.8703241895261846,82.91770573566085,15.211970074812967,17.438573602957163,case_00113,358
0,0,62,0,0.0,100.0,0.0,100.0,case_00033,210
0,0,794,0,0.0,100.0,0.0,100.0,case_00113,498
0,0,0,0,0.0,0.0,0.0,0.0,case_00154,450
1833,29,221,0,11.6,88.4,0.0,12.00192030724916,case_00113,188
1092,6,93,0,6.0606060606060606,93.93939393939394,0.0,8.312342569269521,case_00086,128
280,3,28,0,9.67741935483871,90.3225806451613,0.0,9.967845659163988,case_00133,119
252,12,11,0,52.17391304347826,47.82608695652174,0.0,8.363636363636363,case_00102,132
0,0,3,0,0.0,100.0,0.0,100.0,case_00086,420
725,3,45,0,6.25,93.75,0.0,6.2095730918499354,case_00014,363
0,0,0,0,0.0,0.0,0.0,0.0,case_00115,92
0,0,0,0,0.0,0.0,0.0,0.0,case_00125,489
0,0,109,0,0.0,100.0,0.0,100.0,case_00133,434
0,0,0,0,0.0,0.0,0.0,0.0,case_00014,453
0,0,0,0,0.0,0.0,0.0,0.0,case_00079,74
519,5,90,0,5.2631578947368425,94.73684210526316,0.0,15.472312703583063,case_00203,355
0,0,274,0,0.0,100.0,0.0,100.0,case_00102,249
0,0,1621,0,0.0,100.0,0.0,100.0,case_00102,243
745,12,100,0,10.714285714285714,89.28571428571429,0.0,13.068844807467912,case_00086,330
0,0,0,0,0.0,0.0,0.0,0.0,case_00113,0
0,0,0,0,0.0,0.0,0.0,0.0,case_00154,459
2089,29,64,0,31.182795698924732,68.81720430107526,0.0,4.2621448212648945,case_00115,144
1141,9,181,0,4.7368421052631575,95.26315789473684,0.0,14.274981217129977,case_00086,161
706,7,63,59,5.426356589147287,48.83720930232558,45.736434108527135,15.449101796407186,case_00086,382
681,28,40,1,40.57971014492754,57.971014492753625,1.4492753623188406,9.2,case_00079,444
0,0,0,0,0.0,0.0,0.0,0.0,case_00133,366
0,0,337,0,0.0,100.0,0.0,100.0,case_00075,427
0,0,4,0,0.0,100.0,0.0,100.0,case_00125,266
317,18,16,0,52.94117647058823,47.05882352941177,0.0,9.686609686609687,case_00125,305
4276,24,128,41,12.435233160621761,66.32124352331606,21.243523316062177,4.318639516670396,case_00102,364
2850,53,112,0,32.121212121212125,67.87878787878788,0.0,5.472636815920398,case_00134,182
1118,23,44,0,34.32835820895522,65.67164179104478,0.0,5.654008438818566,case_00086,349
0,0,1,0,0.0,100.0,0.0,100.0,case_00203,72
0,0,109,0,0.0,100.0,0.0,100.0,case_00203,212
686,3,118,0,2.479338842975207,97.52066115702479,0.0,14.993804213135068,case_00203,367
0,0,0,0,0.0,0.0,0.0,0.0,case_00113,90
0,0,0,0,0.0,0.0,0.0,0.0,case_00014,105
0,0,0,0,0.0,0.0,0.0,0.0,case_00075,103
3219,6,161,52,2.73972602739726,73.51598173515981,23.744292237442924,6.369982547993019,case_00115,331
0,0,0,0,0.0,0.0,0.0,0.0,case_00115,399
0,0,147,0,0.0,100.0,0.0,100.0,case_00125,430
909,7,32,11,14.0,64.0,22.0,5.213764337851929,case_00086,375
263,0,17,0,0.0,100.0,0.0,6.071428571428571,case_00133,118
153,22,10,0,68.75,31.25,0.0,17.2972972972973,case_00079,133
0,0,0,0,0.0,0.0,0.0,0.0,case_00075,472
0,0,0,0,0.0,0.0,0.0,0.0,case_00154,57
0,0,7,0,0.0,100.0,0.0,100.0,case_00075,115
0,0,92,0,0.0,100.0,0.0,100.0,case_00161,294
0,0,0,0,0.0,0.0,0.0,0.0,case_00194,82
0,0,0,0,0.0,0.0,0.0,0.0,case_00086,421
3069,12,329,117,2.6200873362445414,71.83406113537117,25.54585152838428,12.985540119081373,case_00115,335
42,0,9,0,0.0,100.0,0.0,17.647058823529413,case_00014,381
0,0,0,0,0.0,0.0,0.0,0.0,case_00115,488
41,10,6,0,62.5,37.5,0.0,28.07017543859649,case_00033,122
0,0,308,0,0.0,100.0,0.0,100.0,case_00102,27
0,0,0,0,0.0,0.0,0.0,0.0,case_00033,231
151,5,83,0,5.681818181818182,94.31818181818181,0.0,36.82008368200837,case_00079,318
0,0,97,0,0.0,100.0,0.0,100.0,case_00033,255
321,8,39,0,17.02127659574468,82.97872340425532,0.0,12.771739130434783,case_00075,212
0,0,0,0,0.0,0.0,0.0,0.0,case_00161,416
0,0,0,0,0.0,0.0,0.0,0.0,case_00203,428
3248,31,132,11,17.816091954022987,75.86206896551724,6.32183908045977,5.084745762711864,case_00102,385
2081,26,93,37,16.666666666666668,59.61538461538461,23.71794871794872,6.97362539114886,case_00079,383
97,1,18,0,5.2631578947368425,94.73684210526316,0.0,16.379310344827587,case_00125,293
0,0,228,0,0.0,100.0,0.0,100.0,case_00194,449
0,0,7107,0,0.0,100.0,0.0,100.0,case_00134,53
297,6,17,0,26.08695652173913,73.91304347826087,0.0,7.1875,case_00014,312
0,0,0,0,0.0,0.0,0.0,0.0,case_00194,64
0,0,0,0,0.0,0.0,0.0,0.0,case_00086,41
0,0,0,0,0.0,0.0,0.0,0.0,case_00161,410
0,0,0,0,0.0,0.0,0.0,0.0,case_00075,510
0,0,0,0,0.0,0.0,0.0,0.0,case_00134,131
1081,17,68,0,20.0,80.0,0.0,7.289879931389366,case_00115,196
0,0,0,0,0.0,0.0,0.0,0.0,case_00014,241
1608,11,99,21,8.396946564885496,75.57251908396947,16.03053435114504,7.53306497987349,case_00079,417
0,0,0,0,0.0,0.0,0.0,0.0,case_00014,285
0,0,0,0,0.0,0.0,0.0,0.0,case_00154,285
0,0,0,0,0.0,0.0,0.0,0.0,case_00125,457
0,0,0,0,0.0,0.0,0.0,0.0,case_00014,491
0,0,0,0,0.0,0.0,0.0,0.0,case_00075,450
0,0,0,0,0.0,0.0,0.0,0.0,case_00014,144
427,3,89,0,3.260869565217391,96.73913043478261,0.0,17.726396917148364,case_00086,185
0,17,0,0,100.0,0.0,0.0,100.0,case_00079,465
0,0,0,0,0.0,0.0,0.0,0.0,case_00079,485
0,0,0,0,0.0,0.0,0.0,0.0,case_00125,503
0,0,0,0,0.0,0.0,0.0,0.0,case_00203,259
1796,32,121,0,20.915032679738562,79.08496732026144,0.0,7.850179579271421,case_00161,362
1234,1,119,17,0.7299270072992701,86.86131386861314,12.408759124087592,9.992706053975201,case_00075,345
0,0,0,0,0.0,0.0,0.0,0.0,case_00014,143
0,0,23,0,0.0,100.0,0.0,100.0,case_00075,114
0,0,0,0,0.0,0.0,0.0,0.0,case_00161,457
0,0,0,0,0.0,0.0,0.0,0.0,case_00133,432
595,19,24,0,44.18604651162791,55.81395348837209,0.0,6.739811912225705,case_00133,289
0,0,4,0,0.0,100.0,0.0,100.0,case_00086,283
0,0,15,0,0.0,100.0,0.0,100.0,case_00033,261
0,0,0,0,0.0,0.0,0.0,0.0,case_00133,453
0,0,0,0,0.0,0.0,0.0,0.0,case_00113,482
0,0,91,0,0.0,100.0,0.0,100.0,case_00154,404
0,0,0,0,0.0,0.0,0.0,0.0,case_00161,473
0,0,606,0,0.0,100.0,0.0,100.0,case_00154,415
0,0,0,0,0.0,0.0,0.0,0.0,case_00113,283
0,0,0,0,0.0,0.0,0.0,0.0,case_00133,508
0,0,583,0,0.0,100.0,0.0,100.0,case_00014,37
1131,17,33,0,34.0,66.0,0.0,4.233700254022016,case_00086,357
0,0,255,0,0.0,100.0,0.0,100.0,case_00014,39
1099,3,28,0,9.67741935483871,90.3225806451613,0.0,2.743362831858407,case_00033,380
0,0,465,0,0.0,100.0,0.0,100.0,case_00079,494
1747,16,28,0,36.36363636363637,63.63636363636363,0.0,2.4567280848687885,case_00154,163
0,0,0,0,0.0,0.0,0.0,0.0,case_00134,395
0,0,0,0,0.0,0.0,0.0,0.0,case_00086,231
378,10,37,3,20.0,74.0,6.0,11.682242990654206,case_00014,171
1035,4,169,0,2.3121387283236996,97.6878612716763,0.0,14.321192052980132,case_00075,320
0,0,521,0,0.0,100.0,0.0,100.0,case_00079,490
523,30,39,2,42.25352112676056,54.929577464788736,2.816901408450704,11.952861952861953,case_00154,316
0,0,67,0,0.0,100.0,0.0,100.0,case_00125,226
3139,4,240,55,1.3377926421404682,80.2675585284281,18.39464882943144,8.696916812100058,case_00115,340
0,0,0,0,0.0,0.0,0.0,0.0,case_00161,304
0,0,0,0,0.0,0.0,0.0,0.0,case_00203,448
0,0,0,0,0.0,0.0,0.0,0.0,case_00125,478
0,0,40,0,0.0,100.0,0.0,100.0,case_00125,418
1069,7,105,18,5.384615384615385,80.76923076923077,13.846153846153847,10.842368640533778,case_00079,430
0,0,0,0,0.0,0.0,0.0,0.0,case_00113,94
0,0,3827,0,0.0,100.0,0.0,100.0,case_00134,57
499,12,21,0,36.36363636363637,63.63636363636363,0.0,6.203007518796992,case_00133,334
0,0,0,0,0.0,0.0,0.0,0.0,case_00113,91
0,0,0,0,0.0,0.0,0.0,0.0,case_00133,372
0,0,0,0,0.0,0.0,0.0,0.0,case_00033,494
875,4,46,27,5.194805194805195,59.74025974025974,35.064935064935064,8.088235294117647,case_00086,376
0,0,2,0,0.0,100.0,0.0,100.0,case_00014,387
0,0,0,0,0.0,0.0,0.0,0.0,case_00154,455
0,0,0,0,0.0,0.0,0.0,0.0,case_00075,57
0,0,0,0,0.0,0.0,0.0,0.0,case_00014,30
0,0,138,0,0.0,100.0,0.0,100.0,case_00194,425
0,0,0,0,0.0,0.0,0.0,0.0,case_00014,426
769,11,38,63,9.821428571428571,33.92857142857143,56.25,12.712826333711691,case_00086,379
0,0,0,0,0.0,0.0,0.0,0.0,case_00014,57
0,0,0,0,0.0,0.0,0.0,0.0,case_00033,471
0,0,42,0,0.0,100.0,0.0,100.0,case_00134,248
0,0,70,0,0.0,100.0,0.0,100.0,case_00115,409
1370,52,151,44,21.05263157894737,61.1336032388664,17.813765182186234,15.275200989486704,case_00113,424
0,0,0,0,0.0,0.0,0.0,0.0,case_00115,433
0,0,0,0,0.0,0.0,0.0,0.0,case_00154,70
1256,5,149,6,3.125,93.125,3.75,11.299435028248588,case_00194,170
0,0,4,0,0.0,100.0,0.0,100.0,case_00133,381
0,0,0,0,0.0,0.0,0.0,0.0,case_00154,299
0,0,29,0,0.0,100.0,0.0,100.0,case_00014,484
3453,4,163,0,2.395209580838323,97.60479041916167,0.0,4.613259668508287,case_00115,173
0,0,8,0,0.0,100.0,0.0,100.0,case_00102,83
34,0,16,0,0.0,100.0,0.0,32.0,case_00194,97
0,0,0,0,0.0,0.0,0.0,0.0,case_00133,457
1535,25,38,0,39.682539682539684,60.317460317460316,0.0,3.942428035043805,case_00102,174
0,0,45,0,0.0,100.0,0.0,100.0,case_00161,437
0,0,1,0,0.0,100.0,0.0,100.0,case_00102,427
1155,10,62,0,13.88888888888889,86.11111111111111,0.0,5.8679706601467,case_00194,126
0,0,0,0,0.0,0.0,0.0,0.0,case_00125,490
0,0,0,0,0.0,0.0,0.0,0.0,case_00161,37
476,13,25,0,34.21052631578947,65.78947368421052,0.0,7.392996108949417,case_00203,394
0,0,0,0,0.0,0.0,0.0,0.0,case_00113,225
0,0,0,0,0.0,0.0,0.0,0.0,case_00086,68
0,0,1721,0,0.0,100.0,0.0,100.0,case_00134,49
0,0,31,0,0.0,100.0,0.0,100.0,case_00134,215
1130,16,108,0,12.903225806451612,87.09677419354838,0.0,9.88835725677831,case_00014,209
2983,9,174,0,4.918032786885246,95.08196721311475,0.0,5.780164245104232,case_00115,182
0,0,0,0,0.0,0.0,0.0,0.0,case_00115,271
0,0,0,0,0.0,0.0,0.0,0.0,case_00113,65
68,6,57,0,9.523809523809524,90.47619047619048,0.0,48.091603053435115,case_00134,142
0,0,0,0,0.0,0.0,0.0,0.0,case_00075,5
0,0,0,0,0.0,0.0,0.0,0.0,case_00115,468
0,0,635,0,0.0,100.0,0.0,100.0,case_00194,410
1105,10,77,17,9.615384615384615,74.03846153846153,16.346153846153847,8.602150537634408,case_00125,186
0,0,0,0,0.0,0.0,0.0,0.0,case_00014,101
0,0,0,0,0.0,0.0,0.0,0.0,case_00033,501
2875,19,157,0,10.795454545454545,89.20454545454545,0.0,5.768600458865945,case_00113,150
0,0,0,0,0.0,0.0,0.0,0.0,case_00086,33
0,0,0,0,0.0,0.0,0.0,0.0,case_00161,448
2116,8,61,0,11.594202898550725,88.40579710144928,0.0,3.1578947368421053,case_00115,355
0,0,0,0,0.0,0.0,0.0,0.0,case_00203,474
0,0,0,0,0.0,0.0,0.0,0.0,case_00125,106
0,0,0,0,0.0,0.0,0.0,0.0,case_00113,221
0,0,0,0,0.0,0.0,0.0,0.0,case_00203,270
0,0,0,0,0.0,0.0,0.0,0.0,case_00086,241
1467,4,30,0,11.764705882352942,88.23529411764706,0.0,2.2651565622918053,case_00033,161
0,0,0,0,0.0,0.0,0.0,0.0,case_00033,65
265,4,57,0,6.557377049180328,93.44262295081967,0.0,18.711656441717793,case_00134,373
0,0,0,0,0.0,0.0,0.0,0.0,case_00079,245
0,0,0,0,0.0,0.0,0.0,0.0,case_00033,445
0,0,444,0,0.0,100.0,0.0,100.0,case_00014,433
0,0,234,0,0.0,100.0,0.0,100.0,case_00134,124
0,0,0,0,0.0,0.0,0.0,0.0,case_00086,444
0,0,0,0,0.0,0.0,0.0,0.0,case_00194,238
0,0,199,0,0.0,100.0,0.0,100.0,case_00075,396
0,0,0,0,0.0,0.0,0.0,0.0,case_00203,443
0,0,635,0,0.0,100.0,0.0,100.0,case_00194,506
0,0,0,0,0.0,0.0,0.0,0.0,case_00014,259
52,40,0,0,100.0,0.0,0.0,43.47826086956522,case_00113,304
0,0,301,0,0.0,100.0,0.0,100.0,case_00194,359
0,0,0,0,0.0,0.0,0.0,0.0,case_00086,18
1574,28,165,41,11.965811965811966,70.51282051282051,17.521367521367523,12.942477876106194,case_00161,164
0,0,0,0,0.0,0.0,0.0,0.0,case_00203,90
0,0,0,0,0.0,0.0,0.0,0.0,case_00203,35
0,0,0,0,0.0,0.0,0.0,0.0,case_00133,384
0,0,0,0,0.0,0.0,0.0,0.0,case_00161,485
164,14,38,0,26.923076923076923,73.07692307692308,0.0,24.074074074074073,case_00033,204
747,4,109,0,3.5398230088495577,96.46017699115045,0.0,13.13953488372093,case_00203,181
0,0,0,0,0.0,0.0,0.0,0.0,case_00014,397
2217,28,205,29,10.687022900763358,78.2442748091603,11.068702290076336,10.568777732956837,case_00134,322
0,0,0,0,0.0,0.0,0.0,0.0,case_00154,233
713,13,76,0,14.606741573033707,85.3932584269663,0.0,11.097256857855362,case_00075,361
522,6,95,0,5.9405940594059405,94.05940594059406,0.0,16.21187800963082,case_00203,197
0,0,9,0,0.0,100.0,0.0,100.0,case_00194,304
984,9,99,15,7.317073170731708,80.48780487804878,12.195121951219512,11.11111111111111,case_00079,433
0,0,0,0,0.0,0.0,0.0,0.0,case_00125,283
862,16,38,0,29.62962962962963,70.37037037037037,0.0,5.895196506550218,case_00125,162
1668,16,91,0,14.953271028037383,85.04672897196262,0.0,6.028169014084507,case_00154,359
0,0,83,0,0.0,100.0,0.0,100.0,case_00154,449
2031,5,131,24,3.125,81.875,15.0,7.302601551802829,case_00079,400
0,0,0,0,0.0,0.0,0.0,0.0,case_00133,10
0,0,261,0,0.0,100.0,0.0,100.0,case_00194,446
1194,9,102,0,8.108108108108109,91.89189189189189,0.0,8.505747126436782,case_00075,173
1495,10,156,32,5.05050505050505,78.78787878787878,16.161616161616163,11.69521559362079,case_00134,347
2139,30,212,0,12.396694214876034,87.60330578512396,0.0,10.163796724065518,case_00115,190
0,0,0,0,0.0,0.0,0.0,0.0,case_00203,307
0,0,10,0,0.0,100.0,0.0,100.0,case_00115,214
0,0,0,0,0.0,0.0,0.0,0.0,case_00203,261
0,0,0,0,0.0,0.0,0.0,0.0,case_00115,493
0,0,111,0,0.0,100.0,0.0,100.0,case_00194,217
0,0,4,0,0.0,100.0,0.0,100.0,case_00154,226
0,0,0,0,0.0,0.0,0.0,0.0,case_00161,479
2262,63,156,34,24.90118577075099,61.6600790513834,13.438735177865613,10.059642147117296,case_00102,312
1342,31,74,0,29.523809523809526,70.47619047619048,0.0,7.256392536281963,case_00113,123
0,0,0,0,0.0,0.0,0.0,0.0,case_00203,132
0,0,0,0,0.0,0.0,0.0,0.0,case_00203,305
1101,25,76,0,24.752475247524753,75.24752475247524,0.0,8.402662229617304,case_00134,296
1278,21,109,0,16.153846153846153,83.84615384615384,0.0,9.232954545454545,case_00086,154
0,0,48,0,0.0,100.0,0.0,100.0,case_00194,440
4466,24,173,69,9.022556390977444,65.0375939849624,25.93984962406015,5.621301775147929,case_00102,356
271,5,63,0,7.352941176470588,92.6470588235294,0.0,20.058997050147493,case_00161,392
0,0,0,0,0.0,0.0,0.0,0.0,case_00154,446
1097,47,190,0,19.831223628691983,80.16877637130801,0.0,17.766116941529237,case_00161,342
0,0,0,0,0.0,0.0,0.0,0.0,case_00086,445
0,0,476,0,0.0,100.0,0.0,100.0,case_00194,388
0,0,59,0,0.0,100.0,0.0,100.0,case_00133,354
1446,7,93,0,7.0,93.0,0.0,6.468305304010349,case_00194,139
3147,27,190,100,8.517350157728707,59.936908517350155,31.545741324921135,9.151270207852194,case_00113,399
0,0,0,0,0.0,0.0,0.0,0.0,case_00033,410
0,0,692,0,0.0,100.0,0.0,100.0,case_00154,414
0,0,0,0,0.0,0.0,0.0,0.0,case_00102,490
1025,32,137,0,18.93491124260355,81.06508875739645,0.0,14.154103852596315,case_00113,320
0,0,0,0,0.0,0.0,0.0,0.0,case_00115,484
3961,24,187,37,9.67741935483871,75.40322580645162,14.919354838709678,5.892135899263483,case_00102,331
1078,3,85,0,3.409090909090909,96.5909090909091,0.0,7.547169811320755,case_00075,157
0,0,0,0,0.0,0.0,0.0,0.0,case_00014,444
0,0,0,0,0.0,0.0,0.0,0.0,case_00134,488
1533,28,125,36,14.814814814814815,66.13756613756614,19.047619047619047,10.975609756097562,case_00161,168
1614,25,164,0,13.227513227513228,86.77248677248677,0.0,10.482529118136439,case_00161,351
0,0,0,0,0.0,0.0,0.0,0.0,case_00161,78
649,35,65,11,31.53153153153153,58.55855855855856,9.90990990990991,14.605263157894736,case_00133,168
0,0,0,0,0.0,0.0,0.0,0.0,case_00014,247
0,0,0,0,0.0,0.0,0.0,0.0,case_00113,237
0,0,1685,0,0.0,100.0,0.0,100.0,case_00134,426
1334,13,135,16,7.926829268292683,82.3170731707317,9.75609756097561,10.947930574098798,case_00194,166
0,0,64,0,0.0,100.0,0.0,100.0,case_00161,291
0,0,1,0,0.0,100.0,0.0,100.0,case_00115,114
0,0,0,0,0.0,0.0,0.0,0.0,case_00161,250
0,0,0,0,0.0,0.0,0.0,0.0,case_00086,89
0,0,0,0,0.0,0.0,0.0,0.0,case_00079,503
0,0,0,0,0.0,0.0,0.0,0.0,case_00133,192
175,22,19,26,32.83582089552239,28.35820895522388,38.80597014925373,27.68595041322314,case_00203,406
0,0,0,0,0.0,0.0,0.0,0.0,case_00194,488
0,0,0,0,0.0,0.0,0.0,0.0,case_00079,290
3734,7,564,190,0.9198423127463863,74.11300919842313,24.967148488830485,16.92992213570634,case_00113,354
0,0,0,0,0.0,0.0,0.0,0.0,case_00154,116
898,8,53,0,13.114754098360656,86.88524590163935,0.0,6.360792492179353,case_00014,356
0,0,280,0,0.0,100.0,0.0,100.0,case_00134,106
0,0,0,0,0.0,0.0,0.0,0.0,case_00079,67
0,0,0,0,0.0,0.0,0.0,0.0,case_00033,462
325,4,59,0,6.349206349206349,93.65079365079364,0.0,16.237113402061855,case_00134,284
0,0,0,0,0.0,0.0,0.0,0.0,case_00203,135
0,0,1,0,0.0,100.0,0.0,100.0,case_00154,108
0,0,0,0,0.0,0.0,0.0,0.0,case_00134,278
0,0,0,0,0.0,0.0,0.0,0.0,case_00033,67
0,0,391,0,0.0,100.0,0.0,100.0,case_00194,340
0,0,0,0,0.0,0.0,0.0,0.0,case_00113,229
218,5,29,0,14.705882352941176,85.29411764705883,0.0,13.492063492063492,case_00194,191
0,0,0,0,0.0,0.0,0.0,0.0,case_00203,440
513,10,27,0,27.027027027027028,72.97297297297297,0.0,6.7272727272727275,case_00194,110
0,0,0,0,0.0,0.0,0.0,0.0,case_00125,140
0,0,0,0,0.0,0.0,0.0,0.0,case_00086,229
0,0,220,0,0.0,100.0,0.0,100.0,case_00125,48
0,0,0,0,0.0,0.0,0.0,0.0,case_00203,75
0,0,148,0,0.0,100.0,0.0,100.0,case_00014,408
565,3,77,0,3.75,96.25,0.0,12.4031007751938,case_00079,448
0,0,67,0,0.0,100.0,0.0,100.0,case_00086,480
0,0,0,0,0.0,0.0,0.0,0.0,case_00115,109
0,0,0,0,0.0,0.0,0.0,0.0,case_00075,96
0,0,0,0,0.0,0.0,0.0,0.0,case_00203,136
2677,43,113,59,20.0,52.55813953488372,27.441860465116278,7.434301521438451,case_00113,410
0,0,0,0,0.0,0.0,0.0,0.0,case_00125,131
0,0,0,0,0.0,0.0,0.0,0.0,case_00075,250
0,0,145,0,0.0,100.0,0.0,100.0,case_00079,107
2401,21,162,0,11.475409836065573,88.52459016393442,0.0,7.08204334365325,case_00115,188
3000,16,209,101,4.9079754601226995,64.11042944785277,30.98159509202454,9.801563439567047,case_00115,326
592,10,22,0,31.25,68.75,0.0,5.128205128205129,case_00203,387
0,0,0,0,0.0,0.0,0.0,0.0,case_00086,443
0,0,719,0,0.0,100.0,0.0,100.0,case_00115,50
705,5,66,0,7.042253521126761,92.95774647887323,0.0,9.149484536082474,case_00203,372
194,2,23,0,8.0,92.0,0.0,11.415525114155251,case_00125,297
1565,4,73,0,5.194805194805195,94.8051948051948,0.0,4.689403166869671,case_00161,373
0,0,0,0,0.0,0.0,0.0,0.0,case_00014,7
0,0,0,0,0.0,0.0,0.0,0.0,case_00161,48
0,0,74,0,0.0,100.0,0.0,100.0,case_00134,247
420,0,32,0,0.0,100.0,0.0,7.079646017699115,case_00014,315
171,4,20,0,16.666666666666668,83.33333333333333,0.0,12.307692307692308,case_00133,115
216,10,9,0,52.63157894736842,47.36842105263158,0.0,8.085106382978724,case_00033,401
1284,8,126,8,5.633802816901408,88.73239436619718,5.633802816901408,9.957924263674615,case_00194,169
0,0,0,0,0.0,0.0,0.0,0.0,case_00014,25
1327,8,137,10,5.161290322580645,88.38709677419355,6.451612903225806,10.458839406207828,case_00194,167
0,0,0,0,0.0,0.0,0.0,0.0,case_00033,436
964,14,60,0,18.91891891891892,81.08108108108108,0.0,7.129094412331407,case_00079,176
0,0,0,0,0.0,0.0,0.0,0.0,case_00161,51
0,0,0,0,0.0,0.0,0.0,0.0,case_00133,371
0,0,54,0,0.0,100.0,0.0,100.0,case_00033,295
0,0,11,0,0.0,100.0,0.0,100.0,case_00014,160
1631,8,44,0,15.384615384615385,84.61538461538461,0.0,3.0897207367795603,case_00102,166
806,12,59,0,16.901408450704224,83.09859154929578,0.0,8.095781071835804,case_00161,386
0,0,0,0,0.0,0.0,0.0,0.0,case_00203,74
0,0,0,0,0.0,0.0,0.0,0.0,case_00086,223
2403,47,383,19,10.46770601336303,85.30066815144767,4.23162583518931,15.743338008415147,case_00113,334
570,7,34,0,17.073170731707318,82.92682926829268,0.0,6.710310965630114,case_00014,321
0,0,0,0,0.0,0.0,0.0,0.0,case_00079,297
0,0,0,0,0.0,0.0,0.0,0.0,case_00134,13
534,17,57,0,22.972972972972972,77.02702702702703,0.0,12.171052631578947,case_00086,308
544,3,43,0,6.521739130434782,93.47826086956522,0.0,7.796610169491525,case_00014,320
0,0,455,0,0.0,100.0,0.0,100.0,case_00075,489
0,0,0,0,0.0,0.0,0.0,0.0,case_00134,490
621,41,13,0,75.92592592592592,24.074074074074073,0.0,8.0,case_00154,147
0,0,0,0,0.0,0.0,0.0,0.0,case_00033,109
1460,11,56,11,14.102564102564102,71.7948717948718,14.102564102564102,5.071521456436931,case_00033,173
0,0,0,0,0.0,0.0,0.0,0.0,case_00079,100
940,9,211,0,4.090909090909091,95.9090909090909,0.0,18.96551724137931,case_00086,167
0,0,2244,0,0.0,100.0,0.0,100.0,case_00134,421
151,28,16,0,63.63636363636363,36.36363636363637,0.0,22.564102564102566,case_00134,204
2003,45,208,0,17.786561264822133,82.21343873517786,0.0,11.214539007092199,case_00113,186
0,0,0,0,0.0,0.0,0.0,0.0,case_00075,247
689,31,244,0,11.272727272727273,88.72727272727273,0.0,28.526970954356848,case_00194,180
0,0,0,0,0.0,0.0,0.0,0.0,case_00125,71
1256,4,130,15,2.684563758389262,87.24832214765101,10.06711409395973,10.604982206405694,case_00075,342
0,0,41,0,0.0,100.0,0.0,100.0,case_00075,21
1482,10,53,0,15.873015873015873,84.12698412698413,0.0,4.077669902912621,case_00033,169
966,14,61,0,18.666666666666668,81.33333333333333,0.0,7.204610951008646,case_00079,173
1836,23,148,119,7.931034482758621,51.03448275862069,41.03448275862069,13.640639698965193,case_00134,339
677,7,26,0,21.21212121212121,78.78787878787878,0.0,4.647887323943662,case_00203,381
0,0,0,0,0.0,0.0,0.0,0.0,case_00154,390
0,0,16,0,0.0,100.0,0.0,100.0,case_00133,196
0,0,34,0,0.0,100.0,0.0,100.0,case_00033,247
0,0,0,0,0.0,0.0,0.0,0.0,case_00203,258
0,0,0,0,0.0,0.0,0.0,0.0,case_00086,81
699,35,99,0,26.119402985074625,73.88059701492537,0.0,16.086434573829532,case_00086,329
0,0,0,0,0.0,0.0,0.0,0.0,case_00133,365
661,7,27,0,20.58823529411765,79.41176470588235,0.0,4.892086330935252,case_00203,382
852,4,154,0,2.5316455696202533,97.46835443037975,0.0,15.643564356435643,case_00161,188
2428,34,115,0,22.818791946308725,77.18120805369128,0.0,5.781916957702755,case_00113,140
25,6,5,0,54.54545454545455,45.45454545454545,0.0,30.555555555555557,case_00203,329
1871,19,118,0,13.86861313868613,86.13138686131387,0.0,6.822709163346613,case_00134,159
251,1,25,0,3.8461538461538463,96.15384615384616,0.0,9.386281588447654,case_00133,279
757,57,124,0,31.49171270718232,68.50828729281768,0.0,19.29637526652452,case_00086,170
0,0,105,0,0.0,100.0,0.0,100.0,case_00133,246
0,0,414,0,0.0,100.0,0.0,100.0,case_00079,56
0,0,0,0,0.0,0.0,0.0,0.0,case_00014,267
0,0,0,0,0.0,0.0,0.0,0.0,case_00125,380
0,0,51,0,0.0,100.0,0.0,100.0,case_00102,428
0,0,0,0,0.0,0.0,0.0,0.0,case_00079,47
0,0,0,0,0.0,0.0,0.0,0.0,case_00133,222
0,0,0,0,0.0,0.0,0.0,0.0,case_00161,504
0,0,0,0,0.0,0.0,0.0,0.0,case_00086,6
0,0,819,0,0.0,100.0,0.0,100.0,case_00194,21
966,11,33,23,16.417910447761194,49.25373134328358,34.32835820895522,6.48596321393998,case_00133,134
0,0,0,0,0.0,0.0,0.0,0.0,case_00115,57
0,0,367,0,0.0,100.0,0.0,100.0,case_00125,29
0,0,507,0,0.0,100.0,0.0,100.0,case_00194,365
0,0,130,0,0.0,100.0,0.0,100.0,case_00014,410
0,0,0,0,0.0,0.0,0.0,0.0,case_00014,5
2499,18,144,0,11.11111111111111,88.88888888888889,0.0,6.08793686583991,case_00102,395
2947,3,120,45,1.7857142857142858,71.42857142857143,26.785714285714285,5.393258426966292,case_00115,345
0,0,0,0,0.0,0.0,0.0,0.0,case_00014,280
0,0,0,0,0.0,0.0,0.0,0.0,case_00133,444
0,0,0,0,0.0,0.0,0.0,0.0,case_00115,9
556,6,23,0,20.689655172413794,79.3103448275862,0.0,4.957264957264957,case_00102,137
0,0,0,0,0.0,0.0,0.0,0.0,case_00075,117
289,13,14,0,48.148148148148145,51.851851851851855,0.0,8.544303797468354,case_00086,103
0,0,0,0,0.0,0.0,0.0,0.0,case_00125,61
0,0,28,0,0.0,100.0,0.0,100.0,case_00133,355
0,0,93,0,0.0,100.0,0.0,100.0,case_00134,509
0,0,0,0,0.0,0.0,0.0,0.0,case_00194,269
0,0,0,0,0.0,0.0,0.0,0.0,case_00133,408
0,0,0,0,0.0,0.0,0.0,0.0,case_00014,152
0,0,0,0,0.0,0.0,0.0,0.0,case_00014,428
0,0,0,0,0.0,0.0,0.0,0.0,case_00203,91
0,0,46,0,0.0,100.0,0.0,100.0,case_00014,404
0,0,0,0,0.0,0.0,0.0,0.0,case_00033,89
1245,40,88,0,31.25,68.75,0.0,9.322651128914785,case_00086,155
0,0,121,0,0.0,100.0,0.0,100.0,case_00014,106
0,0,0,0,0.0,0.0,0.0,0.0,case_00079,470
0,0,0,0,0.0,0.0,0.0,0.0,case_00161,302
0,0,0,0,0.0,0.0,0.0,0.0,case_00075,241
0,0,464,0,0.0,100.0,0.0,100.0,case_00194,337
0,0,0,0,0.0,0.0,0.0,0.0,case_00125,452
0,0,0,0,0.0,0.0,0.0,0.0,case_00033,120
2048,22,120,84,9.734513274336283,53.097345132743364,37.16814159292036,9.938434476693052,case_00134,334
0,0,0,0,0.0,0.0,0.0,0.0,case_00014,471
0,0,0,0,0.0,0.0,0.0,0.0,case_00102,497
0,0,0,0,0.0,0.0,0.0,0.0,case_00134,26
0,0,0,0,0.0,0.0,0.0,0.0,case_00014,249
0,0,0,0,0.0,0.0,0.0,0.0,case_00154,244
0,0,140,0,0.0,100.0,0.0,100.0,case_00014,46
0,0,0,0,0.0,0.0,0.0,0.0,case_00115,244
0,0,164,0,0.0,100.0,0.0,100.0,case_00086,464
0,0,0,0,0.0,0.0,0.0,0.0,case_00014,466
969,14,157,0,8.187134502923977,91.81286549707602,0.0,15.0,case_00194,177
752,10,48,0,17.24137931034483,82.75862068965517,0.0,7.160493827160494,case_00079,153
0,0,0,0,0.0,0.0,0.0,0.0,case_00033,243
0,0,0,0,0.0,0.0,0.0,0.0,case_00125,126
0,0,129,0,0.0,100.0,0.0,100.0,case_00075,20
0,0,0,0,0.0,0.0,0.0,0.0,case_00203,134
34,19,6,0,76.0,24.0,0.0,42.3728813559322,case_00154,212
334,2,18,0,10.0,90.0,0.0,5.649717514124294,case_00133,282
1868,42,35,0,54.54545454545455,45.45454545454545,0.0,3.9588688946015425,case_00154,167
0,0,129,0,0.0,100.0,0.0,100.0,case_00075,23
0,0,0,0,0.0,0.0,0.0,0.0,case_00203,427
1197,4,150,0,2.5974025974025974,97.40259740259741,0.0,11.398963730569948,case_00134,298
812,10,72,0,12.195121951219512,87.8048780487805,0.0,9.172259507829978,case_00161,207
0,0,0,0,0.0,0.0,0.0,0.0,case_00203,502
0,0,50,0,0.0,100.0,0.0,100.0,case_00115,215
0,0,0,0,0.0,0.0,0.0,0.0,case_00134,411
0,0,0,0,0.0,0.0,0.0,0.0,case_00014,244
881,51,58,18,40.15748031496063,45.669291338582674,14.173228346456693,12.59920634920635,case_00154,322
0,0,0,0,0.0,0.0,0.0,0.0,case_00203,294
507,13,73,0,15.116279069767442,84.88372093023256,0.0,14.502529510961214,case_00161,221
4448,32,128,62,14.414414414414415,57.65765765765766,27.92792792792793,4.7537473233404715,case_00102,357
0,0,27,0,0.0,100.0,0.0,100.0,case_00115,401
1135,5,60,19,5.9523809523809526,71.42857142857143,22.61904761904762,6.890894175553733,case_00125,185
227,5,24,0,17.24137931034483,82.75862068965517,0.0,11.328125,case_00133,278
1845,12,113,34,7.547169811320755,71.06918238993711,21.38364779874214,7.934131736526946,case_00079,363
750,2,120,0,1.639344262295082,98.36065573770492,0.0,13.990825688073395,case_00203,179
0,0,38,0,0.0,100.0,0.0,100.0,case_00079,230
0,0,0,0,0.0,0.0,0.0,0.0,case_00014,68
0,0,0,0,0.0,0.0,0.0,0.0,case_00033,495
454,2,103,0,1.9047619047619047,98.0952380952381,0.0,18.783542039355993,case_00086,184
0,0,193,0,0.0,100.0,0.0,100.0,case_00033,236
0,0,0,0,0.0,0.0,0.0,0.0,case_00203,239
0,0,0,0,0.0,0.0,0.0,0.0,case_00133,387
0,0,0,0,0.0,0.0,0.0,0.0,case_00115,424
0,0,385,0,0.0,100.0,0.0,100.0,case_00194,476
0,0,23,0,0.0,100.0,0.0,100.0,case_00154,127
1521,24,61,27,21.428571428571427,54.464285714285715,24.107142857142858,6.858542559706063,case_00161,152
0,0,0,0,0.0,0.0,0.0,0.0,case_00161,30
1072,26,102,3,19.84732824427481,77.86259541984732,2.2900763358778624,10.889443059019118,case_00113,428
0,0,160,0,0.0,100.0,0.0,100.0,case_00014,480
0,0,0,0,0.0,0.0,0.0,0.0,case_00203,255
632,11,65,22,11.224489795918368,66.3265306122449,22.448979591836736,13.424657534246576,case_00014,177
0,0,55,0,0.0,100.0,0.0,100.0,case_00161,434
1765,20,164,0,10.869565217391305,89.1304347826087,0.0,9.44073884043099,case_00161,361
0,0,670,0,0.0,100.0,0.0,100.0,case_00194,415
0,0,0,0,0.0,0.0,0.0,0.0,case_00102,3
820,3,120,0,2.4390243902439024,97.5609756097561,0.0,13.043478260869565,case_00075,312
944,10,163,0,5.780346820809249,94.21965317919076,0.0,15.487914055505819,case_00075,316
0,0,0,0,0.0,0.0,0.0,0.0,case_00133,463
862,10,192,0,4.9504950495049505,95.04950495049505,0.0,18.984962406015036,case_00102,189
0,0,0,0,0.0,0.0,0.0,0.0,case_00014,117
0,0,0,0,0.0,0.0,0.0,0.0,case_00133,89
0,0,0,0,0.0,0.0,0.0,0.0,case_00086,476
3556,44,173,90,14.332247557003257,56.351791530944624,29.315960912052116,7.947191302096816,case_00113,386
101,1,6,0,14.285714285714286,85.71428571428571,0.0,6.481481481481482,case_00102,129
1007,10,36,0,21.73913043478261,78.26086956521739,0.0,4.368471035137702,case_00125,167
0,0,1232,0,0.0,100.0,0.0,100.0,case_00194,51
0,0,0,0,0.0,0.0,0.0,0.0,case_00154,22
0,0,18,0,0.0,100.0,0.0,100.0,case_00161,415
0,0,1322,0,0.0,100.0,0.0,100.0,case_00113,21
1526,7,68,0,9.333333333333334,90.66666666666667,0.0,4.684572142410993,case_00161,374
3018,7,131,40,3.932584269662921,73.59550561797752,22.471910112359552,5.569461827284105,case_00115,344
0,0,0,0,0.0,0.0,0.0,0.0,case_00133,468
0,0,0,0,0.0,0.0,0.0,0.0,case_00194,291
616,24,77,0,23.762376237623762,76.23762376237623,0.0,14.08647140864714,case_00086,318
3524,27,119,29,15.428571428571429,68.0,16.571428571428573,4.731008380643417,case_00102,381
0,0,0,0,0.0,0.0,0.0,0.0,case_00115,67
4191,38,224,131,9.669211195928753,56.99745547073791,33.333333333333336,8.573298429319372,case_00102,339
1752,17,120,36,9.826589595375722,69.36416184971098,20.809248554913296,8.987012987012987,case_00079,360
0,0,0,0,0.0,0.0,0.0,0.0,case_00086,243
617,9,62,0,12.67605633802817,87.32394366197182,0.0,10.319767441860465,case_00125,314
0,0,0,0,0.0,0.0,0.0,0.0,case_00154,8
0,1,0,0,100.0,0.0,0.0,100.0,case_00154,387
0,0,1764,0,0.0,100.0,0.0,100.0,case_00102,258
0,0,97,0,0.0,100.0,0.0,100.0,case_00033,300
0,0,6,0,0.0,100.0,0.0,100.0,case_00133,0
0,0,0,0,0.0,0.0,0.0,0.0,case_00161,499
0,0,82,0,0.0,100.0,0.0,100.0,case_00033,266
407,22,114,99,9.361702127659575,48.51063829787234,42.12765957446808,36.60436137071651,case_00079,329
0,0,0,0,0.0,0.0,0.0,0.0,case_00086,486
592,10,41,4,18.181818181818183,74.54545454545455,7.2727272727272725,8.500772797527048,case_00133,125
0,0,0,0,0.0,0.0,0.0,0.0,case_00203,94
1107,17,52,0,24.63768115942029,75.3623188405797,0.0,5.86734693877551,case_00086,347
0,0,0,0,0.0,0.0,0.0,0.0,case_00203,254
0,0,0,0,0.0,0.0,0.0,0.0,case_00115,90
0,0,71,0,0.0,100.0,0.0,100.0,case_00113,46
1015,9,149,3,5.590062111801243,92.54658385093168,1.8633540372670807,13.69047619047619,case_00194,176
51,0,36,0,0.0,100.0,0.0,41.37931034482759,case_00075,222
99,27,152,0,15.083798882681565,84.91620111731844,0.0,64.38848920863309,case_00203,208
0,0,0,0,0.0,0.0,0.0,0.0,case_00194,239
0,0,0,0,0.0,0.0,0.0,0.0,case_00075,48
0,0,0,0,0.0,0.0,0.0,0.0,case_00115,16
146,17,65,0,20.73170731707317,79.26829268292683,0.0,35.96491228070175,case_00161,393
758,3,88,0,3.2967032967032965,96.7032967032967,0.0,10.71849234393404,case_00203,177
63,1,19,0,5.0,95.0,0.0,24.096385542168676,case_00075,122
0,0,49,0,0.0,100.0,0.0,100.0,case_00194,433
0,0,803,0,0.0,100.0,0.0,100.0,case_00125,78
0,0,0,0,0.0,0.0,0.0,0.0,case_00133,397
0,0,0,0,0.0,0.0,0.0,0.0,case_00086,470
0,0,12,0,0.0,100.0,0.0,100.0,case_00134,401
0,0,125,0,0.0,100.0,0.0,100.0,case_00125,252
0,0,24,0,0.0,100.0,0.0,100.0,case_00203,226
0,0,0,0,0.0,0.0,0.0,0.0,case_00113,23
0,0,0,0,0.0,0.0,0.0,0.0,case_00014,495
662,2,72,0,2.7027027027027026,97.29729729729729,0.0,10.054347826086957,case_00075,143
1836,24,363,0,6.2015503875969,93.7984496124031,0.0,17.408906882591094,case_00134,311
0,0,1,0,0.0,100.0,0.0,100.0,case_00033,284
555,28,14,0,66.66666666666667,33.333333333333336,0.0,7.035175879396985,case_00115,130
0,0,0,0,0.0,0.0,0.0,0.0,case_00086,469
0,0,0,0,0.0,0.0,0.0,0.0,case_00161,244
1067,19,18,0,51.351351351351354,48.648648648648646,0.0,3.351449275362319,case_00086,365
3846,32,121,20,18.497109826589597,69.94219653179191,11.560693641618498,4.3045533714854445,case_00102,375
0,0,3131,0,0.0,100.0,0.0,100.0,case_00134,50
0,0,0,0,0.0,0.0,0.0,0.0,case_00079,95
0,0,9,0,0.0,100.0,0.0,100.0,case_00134,403
0,0,0,0,0.0,0.0,0.0,0.0,case_00075,438
0,0,495,0,0.0,100.0,0.0,100.0,case_00075,429
0,0,0,0,0.0,0.0,0.0,0.0,case_00134,494
0,0,198,0,0.0,100.0,0.0,100.0,case_00102,42
0,0,17,0,0.0,100.0,0.0,100.0,case_00115,283
0,0,0,0,0.0,0.0,0.0,0.0,case_00079,511
0,0,0,0,0.0,0.0,0.0,0.0,case_00125,462
0,0,116,0,0.0,100.0,0.0,100.0,case_00075,403
818,8,19,0,29.62962962962963,70.37037037037037,0.0,3.195266272189349,case_00133,324
0,0,0,0,0.0,0.0,0.0,0.0,case_00075,61
0,0,0,0,0.0,0.0,0.0,0.0,case_00075,228
139,0,31,0,0.0,100.0,0.0,18.235294117647058,case_00075,293
1429,7,89,0,7.291666666666667,92.70833333333333,0.0,6.295081967213115,case_00194,138
0,0,0,0,0.0,0.0,0.0,0.0,case_00194,283
0,0,123,0,0.0,100.0,0.0,100.0,case_00102,88
0,0,0,0,0.0,0.0,0.0,0.0,case_00133,7
0,0,0,0,0.0,0.0,0.0,0.0,case_00154,397
0,0,0,0,0.0,0.0,0.0,0.0,case_00102,495
0,0,0,0,0.0,0.0,0.0,0.0,case_00134,96
0,0,0,0,0.0,0.0,0.0,0.0,case_00075,500
0,0,0,0,0.0,0.0,0.0,0.0,case_00154,3
0,0,1,0,0.0,100.0,0.0,100.0,case_00154,124
0,0,189,0,0.0,100.0,0.0,100.0,case_00161,433
0,0,11,0,0.0,100.0,0.0,100.0,case_00161,54
3087,34,254,104,8.673469387755102,64.79591836734694,26.53061224489796,11.267605633802816,case_00115,334
1609,42,85,0,33.07086614173228,66.92913385826772,0.0,7.315668202764977,case_00154,356
0,0,0,0,0.0,0.0,0.0,0.0,case_00125,485
0,0,0,0,0.0,0.0,0.0,0.0,case_00125,378
2016,35,124,0,22.0125786163522,77.9874213836478,0.0,7.310344827586207,case_00154,182
0,0,0,0,0.0,0.0,0.0,0.0,case_00203,461
479,6,31,0,16.216216216216218,83.78378378378379,0.0,7.170542635658915,case_00194,109
949,10,31,0,24.390243902439025,75.60975609756098,0.0,4.141414141414141,case_00133,303
0,0,2783,0,0.0,100.0,0.0,100.0,case_00134,39
0,0,0,0,0.0,0.0,0.0,0.0,case_00125,72
0,0,0,0,0.0,0.0,0.0,0.0,case_00113,49
816,23,76,0,23.232323232323232,76.76767676767676,0.0,10.819672131147541,case_00079,185
0,0,150,0,0.0,100.0,0.0,100.0,case_00125,428
0,0,0,0,0.0,0.0,0.0,0.0,case_00086,87
283,35,9,0,79.54545454545455,20.454545454545453,0.0,13.45565749235474,case_00125,204
0,0,101,0,0.0,100.0,0.0,100.0,case_00154,104
0,0,456,0,0.0,100.0,0.0,100.0,case_00125,80
0,0,0,0,0.0,0.0,0.0,0.0,case_00113,215
0,0,0,0,0.0,0.0,0.0,0.0,case_00086,273
0,0,0,0,0.0,0.0,0.0,0.0,case_00115,290
0,0,0,0,0.0,0.0,0.0,0.0,case_00133,482
948,19,62,31,16.964285714285715,55.357142857142854,27.678571428571427,10.566037735849056,case_00161,140
2639,18,161,0,10.05586592178771,89.94413407821229,0.0,6.352022711142654,case_00102,393
1043,11,63,0,14.864864864864865,85.13513513513513,0.0,6.624888093106535,case_00033,335
0,0,0,0,0.0,0.0,0.0,0.0,case_00079,475
634,26,80,0,24.528301886792452,75.47169811320755,0.0,14.324324324324325,case_00079,192
1818,17,63,0,21.25,78.75,0.0,4.214963119072708,case_00115,358
0,0,32,0,0.0,100.0,0.0,100.0,case_00079,115
0,0,119,0,0.0,100.0,0.0,100.0,case_00134,108
0,0,0,0,0.0,0.0,0.0,0.0,case_00102,95
0,0,26,0,0.0,100.0,0.0,100.0,case_00102,23
1234,3,46,0,6.122448979591836,93.87755102040816,0.0,3.8191738113795792,case_00102,150
0,0,0,0,0.0,0.0,0.0,0.0,case_00033,433
0,0,0,0,0.0,0.0,0.0,0.0,case_00125,449
203,7,76,0,8.433734939759036,91.56626506024097,0.0,29.02097902097902,case_00113,306
493,17,25,0,40.476190476190474,59.523809523809526,0.0,7.850467289719626,case_00203,393
146,16,13,0,55.172413793103445,44.827586206896555,0.0,16.571428571428573,case_00133,181
0,0,0,0,0.0,0.0,0.0,0.0,case_00125,455
0,0,4651,0,0.0,100.0,0.0,100.0,case_00134,63
0,40,0,0,100.0,0.0,0.0,100.0,case_00134,206
0,0,0,0,0.0,0.0,0.0,0.0,case_00014,47
0,0,0,0,0.0,0.0,0.0,0.0,case_00154,474
0,0,0,0,0.0,0.0,0.0,0.0,case_00133,95
0,0,0,0,0.0,0.0,0.0,0.0,case_00161,407
0,0,0,0,0.0,0.0,0.0,0.0,case_00086,441
0,0,0,0,0.0,0.0,0.0,0.0,case_00133,202
0,0,0,0,0.0,0.0,0.0,0.0,case_00086,215
0,0,0,0,0.0,0.0,0.0,0.0,case_00115,441
0,0,181,0,0.0,100.0,0.0,100.0,case_00102,43
0,0,0,0,0.0,0.0,0.0,0.0,case_00086,494
0,0,0,0,0.0,0.0,0.0,0.0,case_00133,193
3757,52,452,170,7.71513353115727,67.06231454005935,25.222551928783382,15.211013315278718,case_00113,367
468,17,25,0,40.476190476190474,59.523809523809526,0.0,8.235294117647058,case_00115,370
341,8,41,0,16.3265306122449,83.6734693877551,0.0,12.564102564102564,case_00075,211
0,0,0,0,0.0,0.0,0.0,0.0,case_00115,396
770,5,102,0,4.672897196261682,95.32710280373831,0.0,12.200684150513112,case_00075,310
1182,68,51,25,47.22222222222222,35.416666666666664,17.36111111111111,10.85972850678733,case_00154,326
0,0,48,0,0.0,100.0,0.0,100.0,case_00134,238
0,0,0,0,0.0,0.0,0.0,0.0,case_00161,511
1212,2,102,0,1.9230769230769231,98.07692307692308,0.0,7.90273556231003,case_00075,167
0,0,0,0,0.0,0.0,0.0,0.0,case_00161,476
0,0,6,0,0.0,100.0,0.0,100.0,case_00033,216
0,0,235,0,0.0,100.0,0.0,100.0,case_00075,410
0,0,0,0,0.0,0.0,0.0,0.0,case_00086,487
0,0,738,0,0.0,100.0,0.0,100.0,case_00154,462
0,0,0,0,0.0,0.0,0.0,0.0,case_00079,111
0,0,1100,0,0.0,100.0,0.0,100.0,case_00113,507
0,0,0,0,0.0,0.0,0.0,0.0,case_00014,291
973,5,57,0,8.064516129032258,91.93548387096774,0.0,5.990338164251208,case_00125,333
0,0,0,0,0.0,0.0,0.0,0.0,case_00125,218
1167,8,34,0,19.047619047619047,80.95238095238095,0.0,3.4739454094292803,case_00033,378
0,0,0,0,0.0,0.0,0.0,0.0,case_00161,69
129,9,12,0,42.857142857142854,57.142857142857146,0.0,14.0,case_00125,144
0,0,4,0,0.0,100.0,0.0,100.0,case_00134,82
0,0,76,0,0.0,100.0,0.0,100.0,case_00125,263
938,13,48,0,21.311475409836067,78.68852459016394,0.0,6.106106106106106,case_00079,165
1894,15,102,39,9.615384615384615,65.38461538461539,25.0,7.609756097560975,case_00079,365
1648,31,179,48,12.015503875968992,69.37984496124031,18.6046511627907,13.536201469045121,case_00154,337
0,0,52,0,0.0,100.0,0.0,100.0,case_00194,503
0,0,0,0,0.0,0.0,0.0,0.0,case_00014,470
466,17,72,0,19.10112359550562,80.89887640449439,0.0,16.036036036036037,case_00203,353
0,0,0,0,0.0,0.0,0.0,0.0,case_00033,430
0,0,126,0,0.0,100.0,0.0,100.0,case_00134,409
0,0,25,0,0.0,100.0,0.0,100.0,case_00014,393
0,0,171,0,0.0,100.0,0.0,100.0,case_00194,443
0,0,0,0,0.0,0.0,0.0,0.0,case_00161,64
0,0,0,0,0.0,0.0,0.0,0.0,case_00203,484
0,0,0,0,0.0,0.0,0.0,0.0,case_00033,311
0,0,147,0,0.0,100.0,0.0,100.0,case_00075,25
0,0,182,0,0.0,100.0,0.0,100.0,case_00075,390
16,4,16,0,20.0,80.0,0.0,55.55555555555556,case_00161,395
0,0,0,0,0.0,0.0,0.0,0.0,case_00113,77
0,0,0,0,0.0,0.0,0.0,0.0,case_00113,285
0,0,1944,0,0.0,100.0,0.0,100.0,case_00113,18
0,0,1,0,0.0,100.0,0.0,100.0,case_00125,19
536,6,69,0,8.0,92.0,0.0,12.274959083469723,case_00161,389
193,10,19,0,34.48275862068966,65.51724137931035,0.0,13.063063063063064,case_00133,345
0,0,0,0,0.0,0.0,0.0,0.0,case_00154,498
2949,24,166,0,12.631578947368421,87.36842105263158,0.0,6.052883083784645,case_00113,155
0,0,50,0,0.0,100.0,0.0,100.0,case_00203,298
0,0,154,0,0.0,100.0,0.0,100.0,case_00125,261
0,0,0,0,0.0,0.0,0.0,0.0,case_00125,70
664,16,84,0,16.0,84.0,0.0,13.089005235602095,case_00203,189
0,0,0,0,0.0,0.0,0.0,0.0,case_00154,484
0,0,0,0,0.0,0.0,0.0,0.0,case_00203,45
0,0,0,0,0.0,0.0,0.0,0.0,case_00134,463
945,16,72,26,14.035087719298245,63.1578947368421,22.80701754385965,10.76487252124646,case_00033,188
0,0,38,0,0.0,100.0,0.0,100.0,case_00075,464
0,0,0,0,0.0,0.0,0.0,0.0,case_00161,402
920,17,36,0,32.075471698113205,67.9245283018868,0.0,5.447070914696814,case_00014,341
0,0,0,0,0.0,0.0,0.0,0.0,case_00086,262
0,0,0,0,0.0,0.0,0.0,0.0,case_00161,469
1320,5,47,0,9.615384615384615,90.38461538461539,0.0,3.7900874635568513,case_00033,373
0,0,0,0,0.0,0.0,0.0,0.0,case_00154,14
0,0,5,0,0.0,100.0,0.0,100.0,case_00014,302
3843,24,255,38,7.570977917981073,80.4416403785489,11.987381703470032,7.6201923076923075,case_00102,328
0,0,0,0,0.0,0.0,0.0,0.0,case_00086,271
0,0,0,0,0.0,0.0,0.0,0.0,case_00014,137
3695,59,170,138,16.076294277929154,46.321525885558586,37.60217983651226,9.034958148695225,case_00113,379
0,0,0,0,0.0,0.0,0.0,0.0,case_00203,133
1058,35,136,0,20.46783625730994,79.53216374269006,0.0,13.913751017087062,case_00075,325
0,0,0,0,0.0,0.0,0.0,0.0,case_00014,63
1106,47,44,29,39.166666666666664,36.666666666666664,24.166666666666668,9.787928221859707,case_00161,143
0,0,0,0,0.0,0.0,0.0,0.0,case_00033,90
0,13,0,0,100.0,0.0,0.0,100.0,case_00033,121
148,16,63,0,20.253164556962027,79.74683544303798,0.0,34.801762114537446,case_00079,460
0,0,0,0,0.0,0.0,0.0,0.0,case_00133,367
0,0,0,0,0.0,0.0,0.0,0.0,case_00033,26
0,0,0,0,0.0,0.0,0.0,0.0,case_00079,20
197,9,64,0,12.32876712328767,87.67123287671232,0.0,27.037037037037038,case_00161,326
0,0,0,0,0.0,0.0,0.0,0.0,case_00154,45
1427,43,138,54,18.29787234042553,58.723404255319146,22.97872340425532,14.1395908543923,case_00079,352
426,6,22,0,21.428571428571427,78.57142857142857,0.0,6.167400881057269,case_00133,286
54,8,3,0,72.72727272727273,27.272727272727273,0.0,16.923076923076923,case_00133,185
1952,13,188,0,6.467661691542289,93.53233830845771,0.0,9.335810496980956,case_00154,186
1465,22,26,0,45.833333333333336,54.166666666666664,0.0,3.172504957038995,case_00154,365
0,0,0,0,0.0,0.0,0.0,0.0,case_00113,257
643,3,56,0,5.084745762711864,94.91525423728814,0.0,8.404558404558404,case_00014,324
0,0,8,0,0.0,100.0,0.0,100.0,case_00115,35
0,0,0,0,0.0,0.0,0.0,0.0,case_00134,450
0,0,0,0,0.0,0.0,0.0,0.0,case_00033,76
0,0,132,0,0.0,100.0,0.0,100.0,case_00133,240
2582,20,150,0,11.764705882352942,88.23529411764706,0.0,6.1773255813953485,case_00134,187
0,0,0,0,0.0,0.0,0.0,0.0,case_00115,87
329,27,60,0,31.03448275862069,68.96551724137932,0.0,20.91346153846154,case_00203,203
0,0,4,0,0.0,100.0,0.0,100.0,case_00133,218
0,0,0,0,0.0,0.0,0.0,0.0,case_00113,282
0,0,472,0,0.0,100.0,0.0,100.0,case_00194,357
0,0,45,0,0.0,100.0,0.0,100.0,case_00033,291
0,0,0,0,0.0,0.0,0.0,0.0,case_00161,403
846,16,50,0,24.242424242424242,75.75757575757575,0.0,7.2368421052631575,case_00079,158
0,0,104,0,0.0,100.0,0.0,100.0,case_00113,34
2792,2,123,50,1.1428571428571428,70.28571428571429,28.571428571428573,5.898213683855746,case_00115,347
912,17,77,0,18.085106382978722,81.91489361702128,0.0,9.343936381709742,case_00086,337
0,0,0,0,0.0,0.0,0.0,0.0,case_00161,23
0,0,712,0,0.0,100.0,0.0,100.0,case_00102,468
1613,41,91,0,31.060606060606062,68.93939393939394,0.0,7.564469914040115,case_00154,355
0,0,89,0,0.0,100.0,0.0,100.0,case_00086,457
0,0,0,0,0.0,0.0,0.0,0.0,case_00115,239
781,10,112,0,8.19672131147541,91.80327868852459,0.0,13.510520487264673,case_00086,332
0,0,4,0,0.0,100.0,0.0,100.0,case_00115,291
0,0,0,0,0.0,0.0,0.0,0.0,case_00086,211
0,0,0,0,0.0,0.0,0.0,0.0,case_00154,89
254,11,52,0,17.46031746031746,82.53968253968254,0.0,19.873817034700316,case_00102,419
1217,2,95,0,2.0618556701030926,97.9381443298969,0.0,7.382039573820395,case_00075,169
858,0,67,0,0.0,100.0,0.0,7.243243243243243,case_00014,358
1296,18,61,0,22.78481012658228,77.21518987341773,0.0,5.745454545454545,case_00086,143
0,0,48,0,0.0,100.0,0.0,100.0,case_00161,109
922,2,135,7,1.3888888888888888,93.75,4.861111111111111,13.50844277673546,case_00075,357
0,0,0,0,0.0,0.0,0.0,0.0,case_00134,449
0,0,0,0,0.0,0.0,0.0,0.0,case_00194,496
0,0,23,0,0.0,100.0,0.0,100.0,case_00033,289
0,0,5137,0,0.0,100.0,0.0,100.0,case_00134,66
0,0,0,0,0.0,0.0,0.0,0.0,case_00203,218
0,0,0,0,0.0,0.0,0.0,0.0,case_00161,465
353,7,70,0,9.090909090909092,90.9090909090909,0.0,17.906976744186046,case_00203,149
0,0,0,0,0.0,0.0,0.0,0.0,case_00161,426
3390,7,104,0,6.306306306306307,93.69369369369369,0.0,3.170522707797772,case_00115,163
0,0,0,0,0.0,0.0,0.0,0.0,case_00014,257
0,0,162,0,0.0,100.0,0.0,100.0,case_00203,38
307,4,56,0,6.666666666666667,93.33333333333333,0.0,16.348773841961854,case_00086,294
0,0,0,0,0.0,0.0,0.0,0.0,case_00033,423
0,0,129,0,0.0,100.0,0.0,100.0,case_00125,231
0,0,0,0,0.0,0.0,0.0,0.0,case_00134,90
1576,105,130,37,38.60294117647059,47.794117647058826,13.602941176470589,14.718614718614718,case_00154,345
0,0,0,0,0.0,0.0,0.0,0.0,case_00014,385
745,8,134,0,5.633802816901408,94.36619718309859,0.0,16.00901916572717,case_00033,331
833,15,70,0,17.647058823529413,82.3529411764706,0.0,9.25925925925926,case_00079,184
0,0,0,0,0.0,0.0,0.0,0.0,case_00154,431
1082,22,26,0,45.833333333333336,54.166666666666664,0.0,4.247787610619469,case_00086,345
951,12,26,0,31.57894736842105,68.42105263157895,0.0,3.8422649140546006,case_00014,347
2214,60,152,21,25.751072961373392,65.23605150214593,9.012875536480687,9.521863506334286,case_00134,324
0,0,0,0,0.0,0.0,0.0,0.0,case_00075,68
0,0,0,0,0.0,0.0,0.0,0.0,case_00154,297
0,0,0,0,0.0,0.0,0.0,0.0,case_00113,258
0,0,23,0,0.0,100.0,0.0,100.0,case_00033,472
0,0,7,0,0.0,100.0,0.0,100.0,case_00115,249
1231,12,85,0,12.371134020618557,87.62886597938144,0.0,7.304216867469879,case_00033,339
0,0,16,0,0.0,100.0,0.0,100.0,case_00133,260
0,0,105,0,0.0,100.0,0.0,100.0,case_00125,30
830,9,40,44,9.67741935483871,43.01075268817204,47.31182795698925,10.075839653304442,case_00086,377
0,0,0,0,0.0,0.0,0.0,0.0,case_00115,108
1511,13,114,0,10.236220472440944,89.76377952755905,0.0,7.753357753357753,case_00033,356
0,0,197,0,0.0,100.0,0.0,100.0,case_00033,235
0,0,0,0,0.0,0.0,0.0,0.0,case_00079,298
0,0,0,0,0.0,0.0,0.0,0.0,case_00115,511
0,0,1238,0,0.0,100.0,0.0,100.0,case_00102,271
0,0,0,0,0.0,0.0,0.0,0.0,case_00033,489
803,2,39,0,4.878048780487805,95.1219512195122,0.0,4.85781990521327,case_00125,350
1551,40,91,0,30.53435114503817,69.46564885496183,0.0,7.788347205707491,case_00161,173
0,0,0,0,0.0,0.0,0.0,0.0,case_00102,437
0,0,0,0,0.0,0.0,0.0,0.0,case_00154,260
0,0,0,0,0.0,0.0,0.0,0.0,case_00125,62
0,0,0,0,0.0,0.0,0.0,0.0,case_00086,13
0,0,1439,0,0.0,100.0,0.0,100.0,case_00102,244
984,20,30,0,40.0,60.0,0.0,4.835589941972921,case_00086,340
0,0,24,0,0.0,100.0,0.0,100.0,case_00086,77
0,0,0,0,0.0,0.0,0.0,0.0,case_00079,78
0,0,0,0,0.0,0.0,0.0,0.0,case_00133,200
0,0,749,0,0.0,100.0,0.0,100.0,case_00014,435
1196,16,88,0,15.384615384615385,84.61538461538461,0.0,8.0,case_00102,183
3717,40,208,123,10.78167115902965,56.064690026954175,33.15363881401617,9.075342465753424,case_00113,380
1455,47,271,0,14.779874213836479,85.22012578616352,0.0,17.93570219966159,case_00134,307
0,0,0,0,0.0,0.0,0.0,0.0,case_00079,97
0,0,133,0,0.0,100.0,0.0,100.0,case_00194,17
0,0,0,0,0.0,0.0,0.0,0.0,case_00133,447
1023,15,20,0,42.857142857142854,57.142857142857146,0.0,3.3081285444234405,case_00154,372
4472,24,176,78,8.633093525179856,63.30935251798561,28.057553956834532,5.852631578947369,case_00102,355
0,0,31,0,0.0,100.0,0.0,100.0,case_00134,414
0,0,667,0,0.0,100.0,0.0,100.0,case_00194,392
0,0,219,0,0.0,100.0,0.0,100.0,case_00075,413
0,0,3,0,0.0,100.0,0.0,100.0,case_00125,414
0,0,0,0,0.0,0.0,0.0,0.0,case_00033,493
0,0,0,0,0.0,0.0,0.0,0.0,case_00079,248
0,0,0,0,0.0,0.0,0.0,0.0,case_00115,99
3030,19,212,101,5.72289156626506,63.855421686746986,30.42168674698795,9.875074360499703,case_00115,327
0,0,0,0,0.0,0.0,0.0,0.0,case_00113,296
0,0,0,0,0.0,0.0,0.0,0.0,case_00161,93
0,0,0,0,0.0,0.0,0.0,0.0,case_00033,483
0,0,0,0,0.0,0.0,0.0,0.0,case_00203,229
0,0,0,0,0.0,0.0,0.0,0.0,case_00113,238
0,0,0,0,0.0,0.0,0.0,0.0,case_00203,426
733,14,38,0,26.923076923076923,73.07692307692308,0.0,6.624203821656051,case_00102,192
0,0,0,0,0.0,0.0,0.0,0.0,case_00134,433
0,0,0,0,0.0,0.0,0.0,0.0,case_00086,454
0,0,0,0,0.0,0.0,0.0,0.0,case_00133,223
1125,41,186,0,18.061674008810574,81.93832599118943,0.0,16.78994082840237,case_00161,183
0,0,0,0,0.0,0.0,0.0,0.0,case_00113,248
0,0,0,0,0.0,0.0,0.0,0.0,case_00014,473
1106,3,83,0,3.488372093023256,96.51162790697674,0.0,7.214765100671141,case_00075,159
0,0,0,0,0.0,0.0,0.0,0.0,case_00014,16
0,0,0,0,0.0,0.0,0.0,0.0,case_00113,478
600,9,78,0,10.344827586206897,89.65517241379311,0.0,12.663755458515285,case_00079,447
0,0,0,0,0.0,0.0,0.0,0.0,case_00086,498
0,0,0,0,0.0,0.0,0.0,0.0,case_00203,32
2554,55,411,20,11.316872427983538,84.5679012345679,4.11522633744856,15.986842105263158,case_00113,335
0,0,0,0,0.0,0.0,0.0,0.0,case_00113,235
799,12,35,40,13.793103448275861,40.229885057471265,45.97701149425287,9.81941309255079,case_00014,182
0,0,60,0,0.0,100.0,0.0,100.0,case_00086,278
573,63,22,0,74.11764705882354,25.88235294117647,0.0,12.917933130699089,case_00115,296
0,0,0,0,0.0,0.0,0.0,0.0,case_00033,447
0,0,0,0,0.0,0.0,0.0,0.0,case_00113,277
363,15,31,0,32.608695652173914,67.3913043478261,0.0,11.246943765281173,case_00161,391
2576,11,90,35,8.088235294117647,66.17647058823529,25.735294117647058,5.014749262536873,case_00115,350
0,0,0,0,0.0,0.0,0.0,0.0,case_00075,243
1889,25,248,0,9.157509157509157,90.84249084249085,0.0,12.627197039777982,case_00134,194
0,0,0,0,0.0,0.0,0.0,0.0,case_00115,501
0,0,0,0,0.0,0.0,0.0,0.0,case_00133,507
0,0,1408,0,0.0,100.0,0.0,100.0,case_00133,430
0,0,20,0,0.0,100.0,0.0,100.0,case_00154,217
350,4,20,0,16.666666666666668,83.33333333333333,0.0,6.4171122994652405,case_00033,398
807,16,14,0,53.333333333333336,46.666666666666664,0.0,3.5842293906810037,case_00154,375
0,14,0,0,100.0,0.0,0.0,100.0,case_00014,305
0,0,0,0,0.0,0.0,0.0,0.0,case_00134,127
0,0,0,0,0.0,0.0,0.0,0.0,case_00115,73
0,0,0,0,0.0,0.0,0.0,0.0,case_00033,101
0,0,0,0,0.0,0.0,0.0,0.0,case_00125,141
0,0,0,0,0.0,0.0,0.0,0.0,case_00086,38
0,0,0,0,0.0,0.0,0.0,0.0,case_00134,11
1126,13,47,43,12.62135922330097,45.63106796116505,41.74757281553398,8.380797396257119,case_00125,182
0,0,62,0,0.0,100.0,0.0,100.0,case_00115,212
0,0,30,0,0.0,100.0,0.0,100.0,case_00102,125
0,0,0,0,0.0,0.0,0.0,0.0,case_00014,58
0,0,0,0,0.0,0.0,0.0,0.0,case_00134,137
0,0,0,0,0.0,0.0,0.0,0.0,case_00203,317
0,0,11,0,0.0,100.0,0.0,100.0,case_00194,74
0,0,0,0,0.0,0.0,0.0,0.0,case_00086,450
0,0,0,0,0.0,0.0,0.0,0.0,case_00079,35
0,0,0,0,0.0,0.0,0.0,0.0,case_00115,85
351,23,33,0,41.07142857142857,58.92857142857143,0.0,13.75921375921376,case_00086,187
0,0,50,0,0.0,100.0,0.0,100.0,case_00086,425
0,0,5,0,0.0,100.0,0.0,100.0,case_00154,296
0,0,1778,0,0.0,100.0,0.0,100.0,case_00102,247
2751,10,167,57,4.273504273504273,71.36752136752136,24.358974358974358,7.839195979899498,case_00115,317
0,0,11,0,0.0,100.0,0.0,100.0,case_00161,401
0,0,76,0,0.0,100.0,0.0,100.0,case_00134,121
539,10,29,0,25.641025641025642,74.35897435897436,0.0,6.747404844290657,case_00125,153
0,0,0,0,0.0,0.0,0.0,0.0,case_00014,413
2184,20,229,0,8.032128514056225,91.96787148594377,0.0,10.234278668310727,case_00134,320
3323,26,154,0,14.444444444444445,85.55555555555556,0.0,5.138452754781616,case_00115,176
2755,24,225,0,9.63855421686747,90.36144578313252,0.0,8.288948069241012,case_00113,174
0,0,0,0,0.0,0.0,0.0,0.0,case_00115,3
0,0,0,0,0.0,0.0,0.0,0.0,case_00194,241
1504,11,202,22,4.680851063829787,85.95744680851064,9.361702127659575,13.513513513513514,case_00102,304
724,6,106,0,5.357142857142857,94.64285714285714,0.0,13.397129186602871,case_00203,185
2272,26,188,0,12.149532710280374,87.85046728971963,0.0,8.608205953338697,case_00115,189
0,0,0,0,0.0,0.0,0.0,0.0,case_00154,271
0,0,0,0,0.0,0.0,0.0,0.0,case_00194,296
179,16,11,0,59.25925925925926,40.74074074074074,0.0,13.106796116504855,case_00033,124
0,0,0,0,0.0,0.0,0.0,0.0,case_00154,133
711,9,137,0,6.164383561643835,93.83561643835617,0.0,17.036172695449242,case_00203,186
659,20,15,0,57.142857142857146,42.857142857142854,0.0,5.043227665706052,case_00125,156
0,0,0,0,0.0,0.0,0.0,0.0,case_00194,90
0,0,0,0,0.0,0.0,0.0,0.0,case_00203,283
828,8,55,0,12.698412698412698,87.3015873015873,0.0,7.070707070707071,case_00133,295
0,0,0,0,0.0,0.0,0.0,0.0,case_00133,458
0,0,4,0,0.0,100.0,0.0,100.0,case_00014,474
0,0,0,0,0.0,0.0,0.0,0.0,case_00102,505
758,4,39,0,9.30232558139535,90.69767441860465,0.0,5.368289637952559,case_00014,362
0,0,0,0,0.0,0.0,0.0,0.0,case_00102,74
0,0,58,0,0.0,100.0,0.0,100.0,case_00134,397
0,0,979,0,0.0,100.0,0.0,100.0,case_00113,10
0,0,42,0,0.0,100.0,0.0,100.0,case_00102,123
0,0,0,0,0.0,0.0,0.0,0.0,case_00113,272
702,9,89,0,9.183673469387756,90.81632653061224,0.0,12.25,case_00086,173
0,0,4224,0,0.0,100.0,0.0,100.0,case_00134,56
0,0,1,0,0.0,100.0,0.0,100.0,case_00125,215
0,0,0,0,0.0,0.0,0.0,0.0,case_00115,374
1932,15,80,25,12.5,66.66666666666667,20.833333333333332,5.847953216374269,case_00079,405
0,0,0,0,0.0,0.0,0.0,0.0,case_00203,54
0,0,0,0,0.0,0.0,0.0,0.0,case_00125,494
862,13,75,0,14.772727272727273,85.22727272727273,0.0,9.263157894736842,case_00079,182
1108,13,17,0,43.333333333333336,56.666666666666664,0.0,2.6362038664323375,case_00154,371
0,0,0,0,0.0,0.0,0.0,0.0,case_00133,6
0,0,0,0,0.0,0.0,0.0,0.0,case_00203,127
891,14,45,0,23.728813559322035,76.27118644067797,0.0,6.2105263157894735,case_00125,163
0,0,0,0,0.0,0.0,0.0,0.0,case_00086,207
0,0,23,0,0.0,100.0,0.0,100.0,case_00014,150
2377,5,170,0,2.857142857142857,97.14285714285714,0.0,6.8573667711598745,case_00102,397
0,0,92,0,0.0,100.0,0.0,100.0,case_00125,249
0,0,0,0,0.0,0.0,0.0,0.0,case_00161,507
0,0,0,0,0.0,0.0,0.0,0.0,case_00113,41
0,0,0,0,0.0,0.0,0.0,0.0,case_00115,8
0,0,0,0,0.0,0.0,0.0,0.0,case_00133,373
0,0,59,0,0.0,100.0,0.0,100.0,case_00079,497
0,0,0,0,0.0,0.0,0.0,0.0,case_00033,54
0,0,0,0,0.0,0.0,0.0,0.0,case_00079,469
1221,27,88,0,23.47826086956522,76.52173913043478,0.0,8.607784431137725,case_00086,157
1498,26,41,0,38.80597014925373,61.19402985074627,0.0,4.281150159744409,case_00102,175
2026,30,91,0,24.793388429752067,75.20661157024793,0.0,5.635770843036796,case_00102,401
0,0,46,0,0.0,100.0,0.0,100.0,case_00125,244
1950,9,109,41,5.660377358490566,68.55345911949685,25.78616352201258,7.539118065433855,case_00079,368
2988,14,220,72,4.57516339869281,71.89542483660131,23.529411764705884,9.289617486338798,case_00115,323
0,0,50,0,0.0,100.0,0.0,100.0,case_00161,399
99,3,18,0,14.285714285714286,85.71428571428571,0.0,17.5,case_00014,307
0,0,124,0,0.0,100.0,0.0,100.0,case_00033,240
2684,101,392,26,19.460500963391137,75.52986512524085,5.009633911368016,16.20355916328442,case_00113,336
0,0,3570,0,0.0,100.0,0.0,100.0,case_00134,41
3299,34,198,87,10.658307210031348,62.06896551724138,27.272727272727273,8.817025981205086,case_00113,394
0,0,0,0,0.0,0.0,0.0,0.0,case_00033,48
0,0,5,0,0.0,100.0,0.0,100.0,case_00033,105
0,0,169,0,0.0,100.0,0.0,100.0,case_00133,485
0,0,0,0,0.0,0.0,0.0,0.0,case_00125,123
0,0,682,0,0.0,100.0,0.0,100.0,case_00194,418
0,0,0,0,0.0,0.0,0.0,0.0,case_00033,28
0,0,0,0,0.0,0.0,0.0,0.0,case_00203,104
0,0,0,0,0.0,0.0,0.0,0.0,case_00086,440
0,0,495,0,0.0,100.0,0.0,100.0,case_00194,389
180,2,17,0,10.526315789473685,89.47368421052632,0.0,9.547738693467336,case_00125,296
0,0,4,0,0.0,100.0,0.0,100.0,case_00102,230
68,0,36,0,0.0,100.0,0.0,34.61538461538461,case_00194,201
842,7,76,0,8.433734939759036,91.56626506024097,0.0,8.972972972972974,case_00086,119
0,0,125,0,0.0,100.0,0.0,100.0,case_00194,401
0,0,95,0,0.0,100.0,0.0,100.0,case_00194,297
614,16,73,9,16.3265306122449,74.48979591836735,9.183673469387756,13.764044943820224,case_00133,169
0,0,0,0,0.0,0.0,0.0,0.0,case_00075,471
2452,8,143,0,5.298013245033113,94.70198675496688,0.0,5.8009988474836724,case_00102,396
0,0,259,0,0.0,100.0,0.0,100.0,case_00079,104
177,5,6,0,45.45454545454545,54.54545454545455,0.0,5.851063829787234,case_00033,322
0,0,0,0,0.0,0.0,0.0,0.0,case_00154,38
553,10,54,0,15.625,84.375,0.0,10.372771474878444,case_00075,202
873,21,25,0,45.65217391304348,54.34782608695652,0.0,5.00544069640914,case_00154,374
1550,27,36,0,42.857142857142854,57.142857142857146,0.0,3.9057656540607564,case_00102,160
0,0,0,0,0.0,0.0,0.0,0.0,case_00014,20
861,20,85,0,19.047619047619047,80.95238095238095,0.0,10.869565217391305,case_00086,335
0,0,0,0,0.0,0.0,0.0,0.0,case_00075,474
0,0,450,0,0.0,100.0,0.0,100.0,case_00194,347
0,0,271,0,0.0,100.0,0.0,100.0,case_00125,225
0,0,0,0,0.0,0.0,0.0,0.0,case_00194,253
1305,17,50,0,25.37313432835821,74.6268656716418,0.0,4.88338192419825,case_00086,146
91,3,35,0,7.894736842105263,92.10526315789474,0.0,29.45736434108527,case_00075,376
0,0,0,0,0.0,0.0,0.0,0.0,case_00075,62
0,0,4666,0,0.0,100.0,0.0,100.0,case_00134,64
0,0,0,0,0.0,0.0,0.0,0.0,case_00115,7
0,0,0,0,0.0,0.0,0.0,0.0,case_00079,300
0,0,0,0,0.0,0.0,0.0,0.0,case_00086,442
1698,17,128,33,9.55056179775281,71.91011235955057,18.53932584269663,9.488272921108742,case_00079,358
0,0,0,0,0.0,0.0,0.0,0.0,case_00102,9
0,0,0,0,0.0,0.0,0.0,0.0,case_00125,444
1138,14,178,0,7.291666666666667,92.70833333333333,0.0,14.436090225563909,case_00113,322
207,5,36,0,12.195121951219512,87.8048780487805,0.0,16.532258064516128,case_00075,217
878,8,84,0,8.695652173913043,91.30434782608695,0.0,9.484536082474227,case_00086,120
0,0,0,0,0.0,0.0,0.0,0.0,case_00133,255
0,0,207,0,0.0,100.0,0.0,100.0,case_00134,236
274,69,10,0,87.34177215189874,12.658227848101266,0.0,22.379603399433428,case_00134,202
94,24,9,6,61.53846153846154,23.076923076923077,15.384615384615385,29.32330827067669,case_00203,410
0,0,0,0,0.0,0.0,0.0,0.0,case_00115,489
0,0,16,0,0.0,100.0,0.0,100.0,case_00079,110
752,5,43,0,10.416666666666666,89.58333333333333,0.0,6.0,case_00086,116
0,0,0,0,0.0,0.0,0.0,0.0,case_00113,232
0,0,0,0,0.0,0.0,0.0,0.0,case_00079,281
1147,58,96,0,37.66233766233766,62.33766233766234,0.0,11.837048424289009,case_00154,199
0,0,0,0,0.0,0.0,0.0,0.0,case_00086,419
0,0,381,0,0.0,100.0,0.0,100.0,case_00102,444
0,0,45,0,0.0,100.0,0.0,100.0,case_00014,147
0,0,0,0,0.0,0.0,0.0,0.0,case_00033,451
1161,3,47,0,6.0,94.0,0.0,4.1288191577208915,case_00033,147
0,0,0,0,0.0,0.0,0.0,0.0,case_00075,88
0,0,0,0,0.0,0.0,0.0,0.0,case_00194,87
0,0,0,0,0.0,0.0,0.0,0.0,case_00086,236
0,0,438,0,0.0,100.0,0.0,100.0,case_00194,350
0,32,6,0,84.21052631578948,15.789473684210526,0.0,100.0,case_00154,385
0,0,0,0,0.0,0.0,0.0,0.0,case_00014,114
0,0,15,0,0.0,100.0,0.0,100.0,case_00154,281
0,0,0,0,0.0,0.0,0.0,0.0,case_00079,251
1127,10,34,46,11.11111111111111,37.77777777777778,51.111111111111114,7.395234182415776,case_00133,148
1406,15,127,11,9.803921568627452,83.00653594771242,7.189542483660131,9.81398332264272,case_00194,158
0,0,0,0,0.0,0.0,0.0,0.0,case_00161,27
0,0,281,0,0.0,100.0,0.0,100.0,case_00075,479
778,28,32,0,46.666666666666664,53.333333333333336,0.0,7.159904534606206,case_00134,291
487,19,95,123,8.016877637130802,40.08438818565401,51.89873417721519,32.73480662983425,case_00079,332
0,0,1,0,0.0,100.0,0.0,100.0,case_00033,508
451,25,23,0,52.083333333333336,47.916666666666664,0.0,9.619238476953909,case_00134,369
264,39,44,0,46.98795180722892,53.01204819277108,0.0,23.919308357348704,case_00161,131
1639,6,41,0,12.76595744680851,87.23404255319149,0.0,2.7876631079478056,case_00102,167
0,0,0,0,0.0,0.0,0.0,0.0,case_00014,511
0,0,0,0,0.0,0.0,0.0,0.0,case_00133,358
0,0,0,0,0.0,0.0,0.0,0.0,case_00134,276
620,5,61,0,7.575757575757576,92.42424242424242,0.0,9.620991253644315,case_00203,161
0,0,0,0,0.0,0.0,0.0,0.0,case_00014,446
715,11,110,0,9.090909090909092,90.9090909090909,0.0,14.473684210526315,case_00113,314
0,0,0,0,0.0,0.0,0.0,0.0,case_00194,3
0,0,0,0,0.0,0.0,0.0,0.0,case_00086,63
0,0,113,0,0.0,100.0,0.0,100.0,case_00161,288
0,0,0,0,0.0,0.0,0.0,0.0,case_00113,60
0,0,0,0,0.0,0.0,0.0,0.0,case_00014,388
0,0,0,0,0.0,0.0,0.0,0.0,case_00203,275
715,6,58,13,7.792207792207792,75.32467532467533,16.883116883116884,9.722222222222221,case_00014,179
0,0,0,0,0.0,0.0,0.0,0.0,case_00033,61
46,1,15,0,6.25,93.75,0.0,25.806451612903224,case_00075,121
0,0,0,0,0.0,0.0,0.0,0.0,case_00161,25
0,0,1286,0,0.0,100.0,0.0,100.0,case_00115,48
0,0,0,0,0.0,0.0,0.0,0.0,case_00194,6
0,0,127,0,0.0,100.0,0.0,100.0,case_00033,474
0,0,46,0,0.0,100.0,0.0,100.0,case_00086,458
0,0,0,0,0.0,0.0,0.0,0.0,case_00014,239
0,0,0,0,0.0,0.0,0.0,0.0,case_00079,468
0,0,765,0,0.0,100.0,0.0,100.0,case_00134,480
88,30,32,0,48.38709677419355,51.61290322580645,0.0,41.333333333333336,case_00134,205
191,10,10,0,50.0,50.0,0.0,9.47867298578199,case_00102,131
0,0,25,0,0.0,100.0,0.0,100.0,case_00194,300
0,0,0,0,0.0,0.0,0.0,0.0,case_00133,424
0,0,0,0,0.0,0.0,0.0,0.0,case_00134,457
0,0,0,0,0.0,0.0,0.0,0.0,case_00125,117
11,1,4,0,20.0,80.0,0.0,31.25,case_00161,124
0,0,113,0,0.0,100.0,0.0,100.0,case_00125,254
0,0,4,0,0.0,100.0,0.0,100.0,case_00033,279
1485,46,92,0,33.333333333333336,66.66666666666667,0.0,8.502772643253234,case_00113,125
0,0,0,0,0.0,0.0,0.0,0.0,case_00161,422
0,0,16,0,0.0,100.0,0.0,100.0,case_00125,424
812,0,50,0,0.0,100.0,0.0,5.800464037122969,case_00033,137
0,0,0,0,0.0,0.0,0.0,0.0,case_00075,451
0,0,0,0,0.0,0.0,0.0,0.0,case_00194,498
0,0,0,0,0.0,0.0,0.0,0.0,case_00075,456
0,0,104,0,0.0,100.0,0.0,100.0,case_00194,216
0,0,0,0,0.0,0.0,0.0,0.0,case_00134,242
1033,0,118,13,0.0,90.07633587786259,9.923664122137405,11.254295532646049,case_00075,354
2187,24,59,0,28.91566265060241,71.08433734939759,0.0,3.656387665198238,case_00115,145
0,0,0,0,0.0,0.0,0.0,0.0,case_00161,478
39,7,8,0,46.666666666666664,53.333333333333336,0.0,27.77777777777778,case_00125,369
1471,5,36,0,12.195121951219512,87.8048780487805,0.0,2.7116402116402116,case_00033,162
0,0,217,0,0.0,100.0,0.0,100.0,case_00161,76
265,22,30,0,42.30769230769231,57.69230769230769,0.0,16.40378548895899,case_00079,322
504,34,34,0,50.0,50.0,0.0,11.888111888111888,case_00134,146
0,0,0,0,0.0,0.0,0.0,0.0,case_00014,248
0,0,229,0,0.0,100.0,0.0,100.0,case_00134,5
0,0,0,0,0.0,0.0,0.0,0.0,case_00102,451
886,27,71,0,27.551020408163264,72.44897959183673,0.0,9.959349593495935,case_00086,336
0,0,0,0,0.0,0.0,0.0,0.0,case_00115,236
766,11,58,0,15.942028985507246,84.05797101449275,0.0,8.263473053892216,case_00133,293
2653,19,187,74,6.785714285714286,66.78571428571429,26.428571428571427,9.54653937947494,case_00115,316
811,15,70,0,17.647058823529413,82.3529411764706,0.0,9.486607142857142,case_00161,205
0,0,0,0,0.0,0.0,0.0,0.0,case_00194,455
1250,10,128,22,6.25,80.0,13.75,11.347517730496454,case_00079,426
0,0,0,0,0.0,0.0,0.0,0.0,case_00115,442
0,0,0,0,0.0,0.0,0.0,0.0,case_00154,273
0,0,94,0,0.0,100.0,0.0,100.0,case_00134,117
0,0,0,0,0.0,0.0,0.0,0.0,case_00203,9
0,0,0,0,0.0,0.0,0.0,0.0,case_00154,505
588,11,34,0,24.444444444444443,75.55555555555556,0.0,7.109004739336493,case_00086,111
0,0,1,0,0.0,100.0,0.0,100.0,case_00125,103
0,0,0,0,0.0,0.0,0.0,0.0,case_00086,274
1250,1,178,27,0.4854368932038835,86.40776699029126,13.106796116504855,14.148351648351648,case_00075,338
1861,12,95,22,9.30232558139535,73.64341085271317,17.05426356589147,6.482412060301508,case_00079,408
967,50,33,0,60.24096385542169,39.75903614457831,0.0,7.904761904761905,case_00113,430
1491,3,62,0,4.615384615384615,95.38461538461539,0.0,4.177377892030848,case_00033,365
0,0,1108,0,0.0,100.0,0.0,100.0,case_00102,232
1287,10,61,0,14.084507042253522,85.91549295774648,0.0,5.228276877761414,case_00161,379
0,0,4,0,0.0,100.0,0.0,100.0,case_00194,222
0,0,0,0,0.0,0.0,0.0,0.0,case_00133,471
584,13,67,6,15.116279069767442,77.90697674418605,6.976744186046512,12.835820895522389,case_00133,170
0,0,19,0,0.0,100.0,0.0,100.0,case_00161,454
0,0,0,0,0.0,0.0,0.0,0.0,case_00033,60
2077,49,65,0,42.98245614035088,57.01754385964912,0.0,5.203103605659516,case_00113,133
1202,6,66,0,8.333333333333334,91.66666666666667,0.0,5.65149136577708,case_00086,134
0,0,0,0,0.0,0.0,0.0,0.0,case_00133,496
0,0,45,0,0.0,100.0,0.0,100.0,case_00033,226
394,5,113,0,4.237288135593221,95.76271186440678,0.0,23.046875,case_00086,298
3149,1,242,30,0.3663003663003663,88.64468864468864,10.989010989010989,7.977790765634132,case_00115,341
0,0,355,0,0.0,100.0,0.0,100.0,case_00014,87
0,0,0,0,0.0,0.0,0.0,0.0,case_00113,486
813,40,142,0,21.978021978021978,78.02197802197803,0.0,18.29145728643216,case_00161,338
0,0,0,0,0.0,0.0,0.0,0.0,case_00075,511
1484,8,113,0,6.6115702479338845,93.38842975206612,0.0,7.538940809968848,case_00194,149
2743,3,105,33,2.127659574468085,74.46808510638297,23.404255319148938,4.889042995839112,case_00115,348
0,0,0,0,0.0,0.0,0.0,0.0,case_00154,434
0,0,0,0,0.0,0.0,0.0,0.0,case_00079,239
701,5,66,0,7.042253521126761,92.95774647887323,0.0,9.196891191709845,case_00203,166
0,0,14,0,0.0,100.0,0.0,100.0,case_00133,230
0,0,0,0,0.0,0.0,0.0,0.0,case_00033,308
0,0,0,0,0.0,0.0,0.0,0.0,case_00033,454
0,0,1021,0,0.0,100.0,0.0,100.0,case_00113,9
2657,26,115,0,18.43971631205674,81.56028368794327,0.0,5.039313795568263,case_00113,144
2101,18,115,46,10.05586592178771,64.24581005586592,25.69832402234637,7.850877192982456,case_00134,333
0,0,0,0,0.0,0.0,0.0,0.0,case_00086,484
0,0,58,0,0.0,100.0,0.0,100.0,case_00125,406
0,0,9,0,0.0,100.0,0.0,100.0,case_00075,2
406,6,40,0,13.043478260869565,86.95652173913044,0.0,10.176991150442477,case_00075,135
0,0,458,0,0.0,100.0,0.0,100.0,case_00014,109
2841,15,162,59,6.3559322033898304,68.64406779661017,25.0,7.66980825479363,case_00113,407
0,0,0,0,0.0,0.0,0.0,0.0,case_00194,469
322,9,53,0,14.516129032258064,85.48387096774194,0.0,16.145833333333332,case_00113,109
0,0,0,0,0.0,0.0,0.0,0.0,case_00161,508
0,0,0,0,0.0,0.0,0.0,0.0,case_00033,9
268,10,11,12,30.303030303030305,33.333333333333336,36.36363636363637,10.96345514950166,case_00086,402
0,0,0,0,0.0,0.0,0.0,0.0,case_00113,268
113,22,11,15,45.833333333333336,22.916666666666668,31.25,29.81366459627329,case_00203,409
0,0,0,0,0.0,0.0,0.0,0.0,case_00194,0
2818,24,189,0,11.267605633802816,88.73239436619718,0.0,7.027383701748597,case_00113,171
863,31,48,0,39.24050632911393,60.75949367088607,0.0,8.386411889596603,case_00134,149
95,12,98,0,10.909090909090908,89.0909090909091,0.0,53.65853658536585,case_00079,316
1334,30,114,0,20.833333333333332,79.16666666666667,0.0,9.742895805142084,case_00161,178
170,1,10,0,9.090909090909092,90.9090909090909,0.0,6.077348066298343,case_00133,276
0,0,0,0,0.0,0.0,0.0,0.0,case_00033,296
0,0,85,0,0.0,100.0,0.0,100.0,case_00125,235
0,0,0,0,0.0,0.0,0.0,0.0,case_00079,60
0,0,31,0,0.0,100.0,0.0,100.0,case_00161,400
0,0,0,0,0.0,0.0,0.0,0.0,case_00125,458
0,0,0,0,0.0,0.0,0.0,0.0,case_00079,283
638,21,59,0,26.25,73.75,0.0,11.142061281337048,case_00086,320
0,0,21,0,0.0,100.0,0.0,100.0,case_00115,376
0,0,180,0,0.0,100.0,0.0,100.0,case_00075,391
0,0,0,0,0.0,0.0,0.0,0.0,case_00075,453
787,11,41,9,18.0327868852459,67.21311475409836,14.754098360655737,7.193396226415095,case_00133,129
734,0,63,0,0.0,100.0,0.0,7.904642409033877,case_00033,135
430,14,103,49,8.433734939759036,62.04819277108434,29.518072289156628,27.85234899328859,case_00079,328
360,10,38,15,15.873015873015873,60.317460317460316,23.80952380952381,14.893617021276595,case_00203,399
0,0,0,0,0.0,0.0,0.0,0.0,case_00125,289
951,23,26,22,32.394366197183096,36.61971830985915,30.985915492957748,6.947162426614481,case_00133,161
104,1,50,0,1.9607843137254901,98.03921568627452,0.0,32.903225806451616,case_00075,220
0,0,0,0,0.0,0.0,0.0,0.0,case_00075,98
0,0,0,0,0.0,0.0,0.0,0.0,case_00203,457
0,0,0,0,0.0,0.0,0.0,0.0,case_00161,80
0,0,0,0,0.0,0.0,0.0,0.0,case_00014,304
568,5,66,0,7.042253521126761,92.95774647887323,0.0,11.11111111111111,case_00125,312
241,23,33,0,41.07142857142857,58.92857142857143,0.0,18.855218855218855,case_00014,169
0,0,0,0,0.0,0.0,0.0,0.0,case_00033,411
0,0,419,0,0.0,100.0,0.0,100.0,case_00161,432
0,0,0,0,0.0,0.0,0.0,0.0,case_00086,57
2000,19,55,0,25.675675675675677,74.32432432432432,0.0,3.5679845708775315,case_00115,143
274,7,32,0,17.94871794871795,82.05128205128206,0.0,12.460063897763579,case_00161,327
282,4,59,0,6.349206349206349,93.65079365079364,0.0,18.26086956521739,case_00086,293
0,0,0,0,0.0,0.0,0.0,0.0,case_00115,425
0,0,25,0,0.0,100.0,0.0,100.0,case_00014,392
1618,32,43,0,42.666666666666664,57.333333333333336,0.0,4.430005906674542,case_00102,168
158,3,27,0,10.0,90.0,0.0,15.957446808510639,case_00086,410
0,0,235,0,0.0,100.0,0.0,100.0,case_00115,264
0,0,0,0,0.0,0.0,0.0,0.0,case_00154,64
1874,14,141,0,9.03225806451613,90.96774193548387,0.0,7.639231148348941,case_00154,191
0,0,0,0,0.0,0.0,0.0,0.0,case_00079,257
224,2,35,0,5.405405405405405,94.5945945945946,0.0,14.17624521072797,case_00075,295
1540,98,123,40,37.547892720306514,47.12643678160919,15.32567049808429,14.491948917268184,case_00154,343
0,0,862,0,0.0,100.0,0.0,100.0,case_00102,35
0,0,81,0,0.0,100.0,0.0,100.0,case_00134,8
0,0,0,0,0.0,0.0,0.0,0.0,case_00113,252
0,0,0,0,0.0,0.0,0.0,0.0,case_00014,19
1290,41,61,0,40.19607843137255,59.80392156862745,0.0,7.327586206896552,case_00113,122
0,0,363,0,0.0,100.0,0.0,100.0,case_00133,436
110,3,10,0,23.076923076923077,76.92307692307692,0.0,10.56910569105691,case_00133,274
0,0,238,0,0.0,100.0,0.0,100.0,case_00075,408
899,17,183,1,8.457711442786069,91.04477611940298,0.4975124378109453,18.272727272727273,case_00194,178
0,0,70,0,0.0,100.0,0.0,100.0,case_00115,402
1102,41,19,0,68.33333333333333,31.666666666666668,0.0,5.163511187607573,case_00154,153
1485,10,36,0,21.73913043478261,78.26086956521739,0.0,3.0045721750489878,case_00033,164
0,0,1081,0,0.0,100.0,0.0,100.0,case_00194,54
0,0,0,0,0.0,0.0,0.0,0.0,case_00113,86
1597,21,379,0,5.25,94.75,0.0,20.030045067601403,case_00134,308
1133,4,90,0,4.25531914893617,95.74468085106383,0.0,7.660961695191524,case_00075,182
0,0,0,0,0.0,0.0,0.0,0.0,case_00079,27
732,13,76,0,14.606741573033707,85.3932584269663,0.0,10.840438489646772,case_00203,170
0,0,0,0,0.0,0.0,0.0,0.0,case_00133,243
197,5,43,0,10.416666666666666,89.58333333333333,0.0,19.591836734693878,case_00086,408
0,0,0,0,0.0,0.0,0.0,0.0,case_00086,244
0,0,0,0,0.0,0.0,0.0,0.0,case_00113,254
0,0,197,0,0.0,100.0,0.0,100.0,case_00102,456
0,0,0,0,0.0,0.0,0.0,0.0,case_00086,463
1432,39,182,0,17.647058823529413,82.3529411764706,0.0,13.369630973986691,case_00115,194
355,3,28,0,9.67741935483871,90.3225806451613,0.0,8.031088082901555,case_00133,283
1093,12,130,0,8.450704225352112,91.54929577464789,0.0,11.497975708502024,case_00014,211
0,0,0,0,0.0,0.0,0.0,0.0,case_00033,119
0,0,0,0,0.0,0.0,0.0,0.0,case_00203,3
0,0,0,0,0.0,0.0,0.0,0.0,case_00115,59
2046,5,150,23,2.808988764044944,84.26966292134831,12.92134831460674,8.003597122302159,case_00079,399
1765,11,132,0,7.6923076923076925,92.3076923076923,0.0,7.49475890985325,case_00161,366
0,0,0,0,0.0,0.0,0.0,0.0,case_00161,262
286,9,59,0,13.235294117647058,86.76470588235294,0.0,19.2090395480226,case_00203,147
0,0,0,0,0.0,0.0,0.0,0.0,case_00161,486
0,0,0,0,0.0,0.0,0.0,0.0,case_00075,274
378,1,118,0,0.8403361344537815,99.15966386554622,0.0,23.943661971830984,case_00086,297
0,0,0,0,0.0,0.0,0.0,0.0,case_00086,30
0,0,16,0,0.0,100.0,0.0,100.0,case_00115,274
1229,40,40,22,39.21568627450981,39.21568627450981,21.568627450980394,7.663410969196093,case_00161,145
0,0,259,0,0.0,100.0,0.0,100.0,case_00161,446
371,19,25,0,43.18181818181818,56.81818181818182,0.0,10.602409638554217,case_00079,139
0,0,277,0,0.0,100.0,0.0,100.0,case_00194,13
0,0,0,0,0.0,0.0,0.0,0.0,case_00033,415
0,0,0,0,0.0,0.0,0.0,0.0,case_00115,289
0,0,36,0,0.0,100.0,0.0,100.0,case_00134,111
981,24,24,22,34.285714285714285,34.285714285714285,31.428571428571427,6.660323501427212,case_00133,160
0,0,0,0,0.0,0.0,0.0,0.0,case_00161,492
3107,21,265,63,6.017191977077364,75.93123209169055,18.05157593123209,10.09837962962963,case_00115,337
845,25,57,0,30.48780487804878,69.51219512195122,0.0,8.845738942826321,case_00113,201
2063,38,101,40,21.22905027932961,56.42458100558659,22.3463687150838,7.983942908117752,case_00079,384
1134,63,85,44,32.8125,44.270833333333336,22.916666666666668,14.479638009049774,case_00102,301
0,0,266,0,0.0,100.0,0.0,100.0,case_00194,477
0,0,698,0,0.0,100.0,0.0,100.0,case_00134,223
0,2,0,0,100.0,0.0,0.0,100.0,case_00079,128
587,75,62,0,54.74452554744526,45.25547445255474,0.0,18.92265193370166,case_00161,336
0,0,0,0,0.0,0.0,0.0,0.0,case_00075,435
2932,31,94,0,24.8,75.2,0.0,4.088976120379457,case_00134,176
0,0,0,0,0.0,0.0,0.0,0.0,case_00203,215
248,15,26,0,36.58536585365854,63.41463414634146,0.0,14.186851211072664,case_00133,178
0,0,0,0,0.0,0.0,0.0,0.0,case_00161,404
985,10,66,0,13.157894736842104,86.84210526315789,0.0,7.163053722902922,case_00033,334
998,20,23,26,28.985507246376812,33.333333333333336,37.68115942028985,6.4667291471415185,case_00133,159
0,0,0,0,0.0,0.0,0.0,0.0,case_00133,467
781,0,47,0,0.0,100.0,0.0,5.676328502415459,case_00125,351
0,0,0,0,0.0,0.0,0.0,0.0,case_00079,235
1309,22,60,0,26.829268292682926,73.17073170731707,0.0,5.895039539899353,case_00115,302
2140,46,66,0,41.07142857142857,58.92857142857143,0.0,4.9733570159857905,case_00113,134
0,0,114,0,0.0,100.0,0.0,100.0,case_00075,495
0,0,0,0,0.0,0.0,0.0,0.0,case_00033,91
1726,25,127,0,16.44736842105263,83.55263157894737,0.0,8.093716719914802,case_00161,357
958,1,35,0,2.7777777777777777,97.22222222222223,0.0,3.6217303822937628,case_00102,144
0,0,15,0,0.0,100.0,0.0,100.0,case_00134,396
0,0,0,0,0.0,0.0,0.0,0.0,case_00154,240
0,0,0,0,0.0,0.0,0.0,0.0,case_00086,249
0,0,0,0,0.0,0.0,0.0,0.0,case_00033,413
0,0,31,0,0.0,100.0,0.0,100.0,case_00134,80
0,0,0,0,0.0,0.0,0.0,0.0,case_00086,60
0,0,0,0,0.0,0.0,0.0,0.0,case_00161,487
980,4,107,0,3.6036036036036037,96.3963963963964,0.0,10.174152153987167,case_00075,154
0,0,68,0,0.0,100.0,0.0,100.0,case_00133,238
0,0,8,0,0.0,100.0,0.0,100.0,case_00125,398
1644,23,177,71,8.487084870848708,65.31365313653137,26.199261992619927,14.151436031331592,case_00134,343
0,0,403,0,0.0,100.0,0.0,100.0,case_00194,342
0,0,0,0,0.0,0.0,0.0,0.0,case_00086,205
0,0,0,0,0.0,0.0,0.0,0.0,case_00075,234
355,11,28,0,28.205128205128204,71.7948717948718,0.0,9.898477157360405,case_00014,233
526,16,92,2,14.545454545454545,83.63636363636364,1.8181818181818181,17.29559748427673,case_00133,171
0,0,0,0,0.0,0.0,0.0,0.0,case_00014,462
0,0,0,0,0.0,0.0,0.0,0.0,case_00161,258
1266,18,82,0,18.0,82.0,0.0,7.320644216691069,case_00033,341
804,17,27,0,38.63636363636363,61.36363636363637,0.0,5.188679245283019,case_00115,367
0,0,34,0,0.0,100.0,0.0,100.0,case_00134,243
1259,14,45,0,23.728813559322035,76.27118644067797,0.0,4.476479514415781,case_00115,363
110,15,51,0,22.727272727272727,77.27272727272727,0.0,37.5,case_00113,440
1062,6,47,23,7.894736842105263,61.8421052631579,30.263157894736842,6.678383128295255,case_00014,189
0,0,35,0,0.0,100.0,0.0,100.0,case_00102,452
1406,32,142,54,14.035087719298245,62.280701754385966,23.68421052631579,13.953488372093023,case_00134,348
493,3,35,0,7.894736842105263,92.10526315789474,0.0,7.1563088512241055,case_00102,203
0,0,0,0,0.0,0.0,0.0,0.0,case_00075,71
0,0,0,0,0.0,0.0,0.0,0.0,case_00203,126
0,0,231,0,0.0,100.0,0.0,100.0,case_00194,72
0,0,0,0,0.0,0.0,0.0,0.0,case_00014,256
1904,76,59,0,56.2962962962963,43.7037037037037,0.0,6.620892594409024,case_00154,170
1203,7,34,0,17.073170731707318,82.92682926829268,0.0,3.2958199356913185,case_00033,377
2038,42,253,0,14.23728813559322,85.76271186440678,0.0,12.64466352336048,case_00134,317
0,0,31,0,0.0,100.0,0.0,100.0,case_00134,213
0,0,423,0,0.0,100.0,0.0,100.0,case_00125,34
0,0,99,0,0.0,100.0,0.0,100.0,case_00161,290
142,24,6,9,61.53846153846154,15.384615384615385,23.076923076923077,21.54696132596685,case_00203,408
4400,5,231,37,1.8315018315018314,84.61538461538461,13.553113553113553,5.842071474427563,case_00102,361
0,0,178,0,0.0,100.0,0.0,100.0,case_00203,50
0,0,0,0,0.0,0.0,0.0,0.0,case_00134,88
0,0,0,0,0.0,0.0,0.0,0.0,case_00014,242
0,0,0,0,0.0,0.0,0.0,0.0,case_00014,51
0,0,0,0,0.0,0.0,0.0,0.0,case_00075,462
940,17,26,0,39.53488372093023,60.46511627906977,0.0,4.374364191251272,case_00133,302
0,0,0,0,0.0,0.0,0.0,0.0,case_00133,450
0,0,0,0,0.0,0.0,0.0,0.0,case_00161,14
842,17,40,12,24.63768115942029,57.971014492753625,17.391304347826086,7.574094401756311,case_00133,164
0,0,0,0,0.0,0.0,0.0,0.0,case_00161,414
401,4,22,0,15.384615384615385,84.61538461538461,0.0,6.0889929742388755,case_00033,397
556,19,21,0,47.5,52.5,0.0,6.7114093959731544,case_00203,389
0,0,1175,0,0.0,100.0,0.0,100.0,case_00102,467
0,1,0,0,100.0,0.0,0.0,100.0,case_00079,466
0,0,0,0,0.0,0.0,0.0,0.0,case_00161,417
0,0,0,0,0.0,0.0,0.0,0.0,case_00134,455
0,0,0,0,0.0,0.0,0.0,0.0,case_00125,460
0,0,442,0,0.0,100.0,0.0,100.0,case_00194,338
0,0,0,0,0.0,0.0,0.0,0.0,case_00194,240
1566,49,74,0,39.83739837398374,60.16260162601626,0.0,7.282415630550622,case_00113,126
1202,4,101,0,3.8095238095238093,96.19047619047619,0.0,8.033664881407804,case_00075,165
1292,5,121,0,3.9682539682539684,96.03174603174604,0.0,8.885754583921015,case_00134,300
0,0,0,0,0.0,0.0,0.0,0.0,case_00154,81
201,3,57,0,5.0,95.0,0.0,22.988505747126435,case_00161,234
0,0,0,0,0.0,0.0,0.0,0.0,case_00133,195
382,30,17,0,63.829787234042556,36.170212765957444,0.0,10.955710955710956,case_00194,107
988,14,101,0,12.173913043478262,87.82608695652173,0.0,10.42611060743427,case_00075,187
2712,20,77,0,20.61855670103093,79.38144329896907,0.0,3.453186187255251,case_00115,151
0,0,118,0,0.0,100.0,0.0,100.0,case_00125,242
0,0,0,0,0.0,0.0,0.0,0.0,case_00154,97
1555,49,91,0,35.0,65.0,0.0,8.259587020648967,case_00161,172
655,20,48,0,29.41176470588235,70.58823529411765,0.0,9.405255878284924,case_00079,445
282,2,20,0,9.090909090909092,90.9090909090909,0.0,7.2368421052631575,case_00125,302
0,0,0,0,0.0,0.0,0.0,0.0,case_00134,462
0,0,76,0,0.0,100.0,0.0,100.0,case_00115,211
0,0,0,0,0.0,0.0,0.0,0.0,case_00161,43
3484,5,130,0,3.7037037037037037,96.29629629629629,0.0,3.7303122409505387,case_00115,168
1651,21,143,32,10.714285714285714,72.95918367346938,16.3265306122449,10.611802923659988,case_00102,306
0,0,0,0,0.0,0.0,0.0,0.0,case_00075,470
0,0,683,0,0.0,100.0,0.0,100.0,case_00014,434
0,0,0,0,0.0,0.0,0.0,0.0,case_00161,481
834,10,45,42,10.309278350515465,46.391752577319586,43.29896907216495,10.41890440386681,case_00014,183
0,0,0,0,0.0,0.0,0.0,0.0,case_00154,496
0,0,0,0,0.0,0.0,0.0,0.0,case_00154,5
0,0,130,0,0.0,100.0,0.0,100.0,case_00075,401
0,0,0,0,0.0,0.0,0.0,0.0,case_00161,81
2971,28,152,0,15.555555555555555,84.44444444444444,0.0,5.712472231037766,case_00113,157
385,4,29,0,12.121212121212121,87.87878787878788,0.0,7.894736842105263,case_00125,363
0,0,0,0,0.0,0.0,0.0,0.0,case_00134,475
0,0,0,0,0.0,0.0,0.0,0.0,case_00161,3
0,0,0,0,0.0,0.0,0.0,0.0,case_00161,500
0,0,276,0,0.0,100.0,0.0,100.0,case_00075,36
888,0,45,0,0.0,100.0,0.0,4.823151125401929,case_00033,139
0,0,888,0,0.0,100.0,0.0,100.0,case_00125,473
0,0,0,0,0.0,0.0,0.0,0.0,case_00033,446
451,24,35,0,40.67796610169491,59.32203389830509,0.0,11.568627450980392,case_00161,332
782,62,49,0,55.85585585585586,44.14414414414414,0.0,12.430011198208287,case_00161,195
0,0,0,0,0.0,0.0,0.0,0.0,case_00115,508
254,8,70,0,10.256410256410257,89.74358974358974,0.0,23.49397590361446,case_00203,146
1220,9,59,0,13.235294117647058,86.76470588235294,0.0,5.279503105590062,case_00194,128
0,0,0,0,0.0,0.0,0.0,0.0,case_00075,444
1023,15,17,29,24.59016393442623,27.868852459016395,47.540983606557376,5.627306273062731,case_00133,158
0,0,0,0,0.0,0.0,0.0,0.0,case_00033,44
0,0,0,0,0.0,0.0,0.0,0.0,case_00075,16
0,0,0,0,0.0,0.0,0.0,0.0,case_00075,99
613,0,37,0,0.0,100.0,0.0,5.6923076923076925,case_00033,392
0,0,0,0,0.0,0.0,0.0,0.0,case_00075,262
0,0,0,0,0.0,0.0,0.0,0.0,case_00079,307
2864,18,114,4,13.235294117647058,83.82352941176471,2.9411764705882355,4.533333333333333,case_00102,390
282,18,12,0,60.0,40.0,0.0,9.615384615384615,case_00079,136
461,6,56,0,9.67741935483871,90.3225806451613,0.0,11.854684512428298,case_00086,302
0,0,319,0,0.0,100.0,0.0,100.0,case_00134,416
3124,36,168,63,13.48314606741573,62.92134831460674,23.59550561797753,7.873783544677086,case_00115,329
0,0,0,0,0.0,0.0,0.0,0.0,case_00113,278
0,0,0,0,0.0,0.0,0.0,0.0,case_00125,491
693,8,45,0,15.09433962264151,84.90566037735849,0.0,7.10455764075067,case_00203,378
1380,28,132,0,17.5,82.5,0.0,10.38961038961039,case_00161,177
0,0,0,0,0.0,0.0,0.0,0.0,case_00079,88
918,11,70,0,13.580246913580247,86.41975308641975,0.0,8.108108108108109,case_00086,121
0,0,0,0,0.0,0.0,0.0,0.0,case_00115,272
0,0,0,0,0.0,0.0,0.0,0.0,case_00194,454
119,0,20,0,0.0,100.0,0.0,14.388489208633093,case_00102,213
0,0,197,0,0.0,100.0,0.0,100.0,case_00133,4
0,0,508,0,0.0,100.0,0.0,100.0,case_00133,490
0,0,0,0,0.0,0.0,0.0,0.0,case_00203,322
34,16,4,0,80.0,20.0,0.0,37.03703703703704,case_00203,139
0,0,0,0,0.0,0.0,0.0,0.0,case_00079,302
0,0,0,0,0.0,0.0,0.0,0.0,case_00125,124
0,0,0,0,0.0,0.0,0.0,0.0,case_00134,274
0,0,0,0,0.0,0.0,0.0,0.0,case_00125,69
0,0,0,0,0.0,0.0,0.0,0.0,case_00134,27
0,0,15,0,0.0,100.0,0.0,100.0,case_00154,215
450,7,47,0,12.962962962962964,87.03703703703704,0.0,10.714285714285714,case_00075,137
0,0,0,0,0.0,0.0,0.0,0.0,case_00161,423
0,0,0,0,0.0,0.0,0.0,0.0,case_00115,243
0,0,0,0,0.0,0.0,0.0,0.0,case_00203,34
0,0,0,0,0.0,0.0,0.0,0.0,case_00154,79
0,0,0,0,0.0,0.0,0.0,0.0,case_00113,85
0,0,0,0,0.0,0.0,0.0,0.0,case_00075,49
0,0,0,0,0.0,0.0,0.0,0.0,case_00102,70
66,4,312,0,1.2658227848101267,98.73417721518987,0.0,82.72251308900523,case_00203,209
0,0,0,0,0.0,0.0,0.0,0.0,case_00086,226
0,0,0,0,0.0,0.0,0.0,0.0,case_00203,238
4324,24,189,135,6.896551724137931,54.310344827586206,38.793103448275865,7.448630136986301,case_00102,344
973,20,34,0,37.03703703703704,62.96296296296296,0.0,5.258033106134372,case_00133,306
0,0,681,0,0.0,100.0,0.0,100.0,case_00154,60
0,0,0,0,0.0,0.0,0.0,0.0,case_00079,261
0,0,0,0,0.0,0.0,0.0,0.0,case_00203,445
0,0,0,0,0.0,0.0,0.0,0.0,case_00194,223
2947,26,92,0,22.033898305084747,77.96610169491525,0.0,3.8499184339314847,case_00134,177
1973,10,174,0,5.434782608695652,94.56521739130434,0.0,8.530366249420492,case_00102,402
0,0,0,0,0.0,0.0,0.0,0.0,case_00133,227
0,0,123,0,0.0,100.0,0.0,100.0,case_00194,66
0,0,0,0,0.0,0.0,0.0,0.0,case_00086,212
0,0,0,0,0.0,0.0,0.0,0.0,case_00154,114
0,0,0,0,0.0,0.0,0.0,0.0,case_00115,480
0,0,237,0,0.0,100.0,0.0,100.0,case_00125,42
2748,56,265,46,15.258855585831062,72.20708446866485,12.534059945504087,11.781701444622794,case_00102,315
1921,43,60,0,41.74757281553398,58.25242718446602,0.0,5.08893280632411,case_00154,169
4366,14,201,155,3.7837837837837838,54.32432432432432,41.891891891891895,7.8125,case_00102,348
1304,19,53,0,26.38888888888889,73.61111111111111,0.0,5.232558139534884,case_00086,144
1514,13,118,0,9.923664122137405,90.07633587786259,0.0,7.963525835866261,case_00033,353
0,0,0,0,0.0,0.0,0.0,0.0,case_00125,76
0,0,0,0,0.0,0.0,0.0,0.0,case_00086,477
0,0,0,0,0.0,0.0,0.0,0.0,case_00033,272
0,0,0,0,0.0,0.0,0.0,0.0,case_00086,263
255,69,34,0,66.99029126213593,33.00970873786408,0.0,28.77094972067039,case_00154,144
0,0,658,0,0.0,100.0,0.0,100.0,case_00075,425
256,4,39,0,9.30232558139535,90.69767441860465,0.0,14.381270903010034,case_00086,292
209,15,32,0,31.914893617021278,68.08510638297872,0.0,18.359375,case_00133,179
0,0,346,0,0.0,100.0,0.0,100.0,case_00134,430
46,50,12,0,80.64516129032258,19.35483870967742,0.0,57.407407407407405,case_00154,384
393,12,27,0,30.76923076923077,69.23076923076923,0.0,9.027777777777779,case_00086,106
0,0,0,0,0.0,0.0,0.0,0.0,case_00203,242
0,0,0,0,0.0,0.0,0.0,0.0,case_00102,481
0,0,112,0,0.0,100.0,0.0,100.0,case_00133,435
69,7,10,0,41.1764705882353,58.8235294117647,0.0,19.767441860465116,case_00133,111
1159,58,33,22,51.32743362831859,29.20353982300885,19.469026548672566,8.883647798742139,case_00161,144
0,0,0,0,0.0,0.0,0.0,0.0,case_00125,484
0,0,0,0,0.0,0.0,0.0,0.0,case_00014,454
1162,1,100,0,0.9900990099009901,99.00990099009901,0.0,7.996832937450515,case_00075,180
0,0,0,0,0.0,0.0,0.0,0.0,case_00075,248
0,0,0,0,0.0,0.0,0.0,0.0,case_00079,24
0,0,261,0,0.0,100.0,0.0,100.0,case_00079,63
4,4,6,0,40.0,60.0,0.0,71.42857142857143,case_00075,119
2141,16,132,59,7.729468599033816,63.768115942028984,28.502415458937197,8.816013628620102,case_00134,330
2498,39,99,42,21.666666666666668,55.0,23.333333333333332,6.721433905899925,case_00115,314
1535,15,126,20,9.316770186335404,78.26086956521739,12.422360248447205,9.492924528301886,case_00079,419
0,0,0,0,0.0,0.0,0.0,0.0,case_00161,92
0,0,212,0,0.0,100.0,0.0,100.0,case_00115,281
0,0,0,0,0.0,0.0,0.0,0.0,case_00133,362
0,0,37,0,0.0,100.0,0.0,100.0,case_00014,151
80,11,16,7,32.35294117647059,47.05882352941177,20.58823529411765,29.82456140350877,case_00203,411
0,0,0,0,0.0,0.0,0.0,0.0,case_00102,489
0,0,238,0,0.0,100.0,0.0,100.0,case_00102,461
1650,62,100,0,38.27160493827161,61.72839506172839,0.0,8.940397350993377,case_00154,350
423,1,13,0,7.142857142857143,92.85714285714286,0.0,3.203661327231121,case_00033,128
0,0,0,0,0.0,0.0,0.0,0.0,case_00075,503
0,0,0,0,0.0,0.0,0.0,0.0,case_00194,264
239,1,35,0,2.7777777777777777,97.22222222222223,0.0,13.090909090909092,case_00102,210
0,0,0,0,0.0,0.0,0.0,0.0,case_00115,504
0,0,14,0,0.0,100.0,0.0,100.0,case_00134,379
0,0,179,0,0.0,100.0,0.0,100.0,case_00115,265
0,0,0,0,0.0,0.0,0.0,0.0,case_00079,85
0,0,336,0,0.0,100.0,0.0,100.0,case_00125,39
0,0,0,0,0.0,0.0,0.0,0.0,case_00154,225
0,0,0,0,0.0,0.0,0.0,0.0,case_00079,101
0,0,0,0,0.0,0.0,0.0,0.0,case_00086,267
0,0,0,0,0.0,0.0,0.0,0.0,case_00102,509
0,0,0,0,0.0,0.0,0.0,0.0,case_00115,240
1004,6,114,15,4.444444444444445,84.44444444444444,11.11111111111111,11.852502194907814,case_00079,432
0,0,0,0,0.0,0.0,0.0,0.0,case_00203,29
1176,6,158,0,3.658536585365854,96.34146341463415,0.0,12.238805970149254,case_00086,160
889,16,72,0,18.181818181818183,81.81818181818181,0.0,9.007164790174002,case_00079,161
0,0,0,0,0.0,0.0,0.0,0.0,case_00161,264
0,0,5,0,0.0,100.0,0.0,100.0,case_00125,433
482,12,22,0,35.294117647058826,64.70588235294117,0.0,6.589147286821706,case_00014,368
297,9,7,0,56.25,43.75,0.0,5.111821086261981,case_00033,326
0,0,33,0,0.0,100.0,0.0,100.0,case_00113,489
0,0,0,0,0.0,0.0,0.0,0.0,case_00125,16
2312,23,55,0,29.487179487179485,70.51282051282051,0.0,3.2635983263598325,case_00115,353
0,0,86,0,0.0,100.0,0.0,100.0,case_00154,100
0,0,0,0,0.0,0.0,0.0,0.0,case_00115,448
0,0,0,0,0.0,0.0,0.0,0.0,case_00125,8
0,0,3,0,0.0,100.0,0.0,100.0,case_00014,243
0,0,0,0,0.0,0.0,0.0,0.0,case_00133,65
879,0,51,0,0.0,100.0,0.0,5.483870967741935,case_00125,346
0,0,30,0,0.0,100.0,0.0,100.0,case_00102,442
13,6,7,0,46.15384615384615,53.84615384615385,0.0,50.0,case_00014,382
0,0,0,0,0.0,0.0,0.0,0.0,case_00154,398
2993,29,130,0,18.238993710691823,81.76100628930817,0.0,5.0444162436548226,case_00113,160
211,41,10,0,80.3921568627451,19.607843137254903,0.0,19.46564885496183,case_00134,203
0,0,0,0,0.0,0.0,0.0,0.0,case_00115,61
1124,13,42,0,23.636363636363637,76.36363636363636,0.0,4.664970313825275,case_00086,358
0,0,0,0,0.0,0.0,0.0,0.0,case_00134,511
757,1,103,0,0.9615384615384616,99.03846153846153,0.0,12.07897793263647,case_00203,178
0,0,0,0,0.0,0.0,0.0,0.0,case_00154,17
0,0,169,0,0.0,100.0,0.0,100.0,case_00125,394
0,0,544,0,0.0,100.0,0.0,100.0,case_00154,417
0,0,0,0,0.0,0.0,0.0,0.0,case_00086,446
200,24,10,0,70.58823529411765,29.41176470588235,0.0,14.52991452991453,case_00079,134
0,0,78,0,0.0,100.0,0.0,100.0,case_00134,419
0,0,0,0,0.0,0.0,0.0,0.0,case_00079,49
1569,36,287,33,10.112359550561798,80.61797752808988,9.269662921348315,18.493506493506494,case_00154,331
0,32,111,0,22.377622377622377,77.62237762237763,0.0,100.0,case_00161,239
0,0,0,0,0.0,0.0,0.0,0.0,case_00161,103
0,0,0,0,0.0,0.0,0.0,0.0,case_00113,2
1268,4,144,21,2.366863905325444,85.20710059171597,12.42603550295858,11.760612386917188,case_00075,339
940,7,62,0,10.144927536231885,89.85507246376811,0.0,6.838453914767096,case_00014,352
3119,6,100,0,5.660377358490566,94.33962264150944,0.0,3.2868217054263567,case_00115,157
134,8,23,0,25.806451612903224,74.19354838709677,0.0,18.78787878787879,case_00194,196
0,0,62,0,0.0,100.0,0.0,100.0,case_00079,505
0,0,0,0,0.0,0.0,0.0,0.0,case_00194,33
1652,19,135,34,10.106382978723405,71.80851063829788,18.085106382978722,10.217391304347826,case_00079,357
0,0,60,0,0.0,100.0,0.0,100.0,case_00125,234
1221,6,89,0,6.315789473684211,93.6842105263158,0.0,7.218844984802431,case_00075,171
0,0,0,0,0.0,0.0,0.0,0.0,case_00133,505
0,0,433,0,0.0,100.0,0.0,100.0,case_00203,39
840,0,59,0,0.0,100.0,0.0,6.562847608453837,case_00033,138
0,0,365,0,0.0,100.0,0.0,100.0,case_00134,417
0,0,0,0,0.0,0.0,0.0,0.0,case_00133,390
464,8,17,0,32.0,68.0,0.0,5.112474437627812,case_00125,151
0,0,66,0,0.0,100.0,0.0,100.0,case_00194,251
0,0,0,0,0.0,0.0,0.0,0.0,case_00014,288
0,0,0,0,0.0,0.0,0.0,0.0,case_00134,486
973,8,173,0,4.419889502762431,95.58011049723757,0.0,15.684575389948007,case_00075,317
2213,31,95,0,24.603174603174605,75.39682539682539,0.0,5.386917486105173,case_00134,163
0,0,236,0,0.0,100.0,0.0,100.0,case_00125,429
3833,19,538,99,2.8963414634146343,82.01219512195122,15.091463414634147,14.613499665849854,case_00113,362
0,0,13,0,0.0,100.0,0.0,100.0,case_00115,241
0,0,0,0,0.0,0.0,0.0,0.0,case_00194,41
0,0,102,0,0.0,100.0,0.0,100.0,case_00161,445
0,0,0,0,0.0,0.0,0.0,0.0,case_00125,441
0,0,543,0,0.0,100.0,0.0,100.0,case_00194,382
0,0,0,0,0.0,0.0,0.0,0.0,case_00203,246
953,8,50,0,13.793103448275861,86.20689655172414,0.0,5.736894164193868,case_00079,166
0,0,699,0,0.0,100.0,0.0,100.0,case_00075,416
0,0,762,0,0.0,100.0,0.0,100.0,case_00075,423
0,0,0,0,0.0,0.0,0.0,0.0,case_00115,104
0,0,0,0,0.0,0.0,0.0,0.0,case_00125,287
0,0,0,0,0.0,0.0,0.0,0.0,case_00125,74
0,0,0,0,0.0,0.0,0.0,0.0,case_00203,276
0,0,51,0,0.0,100.0,0.0,100.0,case_00086,424
0,0,0,0,0.0,0.0,0.0,0.0,case_00113,36
0,0,47,0,0.0,100.0,0.0,100.0,case_00086,462
0,0,0,0,0.0,0.0,0.0,0.0,case_00014,415
0,0,0,0,0.0,0.0,0.0,0.0,case_00113,62
0,0,0,0,0.0,0.0,0.0,0.0,case_00125,463
1248,28,130,0,17.72151898734177,82.27848101265823,0.0,11.2375533428165,case_00161,180
0,0,0,0,0.0,0.0,0.0,0.0,case_00113,269
0,0,244,0,0.0,100.0,0.0,100.0,case_00079,489
0,0,649,0,0.0,100.0,0.0,100.0,case_00075,491
0,0,54,0,0.0,100.0,0.0,100.0,case_00102,267
428,50,35,0,58.8235294117647,41.1764705882353,0.0,16.569200779727094,case_00125,201
0,0,0,0,0.0,0.0,0.0,0.0,case_00075,278
528,2,33,0,5.714285714285714,94.28571428571429,0.0,6.216696269982238,case_00033,394
0,0,60,0,0.0,100.0,0.0,100.0,case_00102,480
0,0,0,0,0.0,0.0,0.0,0.0,case_00134,477
1177,11,108,0,9.243697478991596,90.75630252100841,0.0,9.182098765432098,case_00075,174
0,0,1,0,0.0,100.0,0.0,100.0,case_00161,435
1130,11,61,0,15.277777777777779,84.72222222222223,0.0,5.990016638935108,case_00086,351
1914,30,289,0,9.404388714733543,90.59561128526646,0.0,14.285714285714286,case_00134,313
0,0,0,0,0.0,0.0,0.0,0.0,case_00203,101
0,0,0,0,0.0,0.0,0.0,0.0,case_00079,480
0,0,6,0,0.0,100.0,0.0,100.0,case_00033,241
272,5,19,0,20.833333333333332,79.16666666666667,0.0,8.108108108108109,case_00125,147
0,0,129,0,0.0,100.0,0.0,100.0,case_00134,33
1299,4,38,0,9.523809523809524,90.47619047619048,0.0,3.131991051454139,case_00033,374
0,0,0,0,0.0,0.0,0.0,0.0,case_00125,379
0,0,0,0,0.0,0.0,0.0,0.0,case_00194,511
721,15,86,0,14.851485148514852,85.14851485148515,0.0,12.287104622871047,case_00125,320
0,0,0,0,0.0,0.0,0.0,0.0,case_00133,257
0,0,0,0,0.0,0.0,0.0,0.0,case_00133,385
0,0,0,0,0.0,0.0,0.0,0.0,case_00115,499
0,0,766,0,0.0,100.0,0.0,100.0,case_00133,49
295,8,44,0,15.384615384615385,84.61538461538461,0.0,14.985590778097983,case_00075,213
0,0,4,0,0.0,100.0,0.0,100.0,case_00102,46
0,0,194,0,0.0,100.0,0.0,100.0,case_00014,41
409,34,12,0,73.91304347826087,26.08695652173913,0.0,10.10989010989011,case_00079,140
631,21,69,0,23.333333333333332,76.66666666666667,0.0,12.482662968099861,case_00079,193
0,0,31,0,0.0,100.0,0.0,100.0,case_00115,394
306,4,14,0,22.22222222222222,77.77777777777777,0.0,5.555555555555555,case_00133,341
0,0,0,0,0.0,0.0,0.0,0.0,case_00203,89
0,0,0,0,0.0,0.0,0.0,0.0,case_00075,236
1998,12,104,21,8.75912408759124,75.91240875912409,15.328467153284672,6.416861826697892,case_00079,402
749,22,62,0,26.19047619047619,73.80952380952381,0.0,10.084033613445378,case_00134,359
0,0,44,0,0.0,100.0,0.0,100.0,case_00033,274
932,8,31,0,20.512820512820515,79.48717948717949,0.0,4.016477857878476,case_00014,342
0,0,0,0,0.0,0.0,0.0,0.0,case_00102,435
0,0,0,0,0.0,0.0,0.0,0.0,case_00154,491
0,0,223,0,0.0,100.0,0.0,100.0,case_00075,481
0,0,0,0,0.0,0.0,0.0,0.0,case_00133,8
0,0,0,0,0.0,0.0,0.0,0.0,case_00134,483
0,0,0,0,0.0,0.0,0.0,0.0,case_00014,89
0,0,304,0,0.0,100.0,0.0,100.0,case_00075,487
0,0,56,0,0.0,100.0,0.0,100.0,case_00102,121
0,0,0,0,0.0,0.0,0.0,0.0,case_00133,97
504,17,20,0,45.945945945945944,54.054054054054056,0.0,6.839186691312385,case_00079,143
0,0,0,0,0.0,0.0,0.0,0.0,case_00134,500
0,0,0,0,0.0,0.0,0.0,0.0,case_00102,438
0,0,305,0,0.0,100.0,0.0,100.0,case_00115,51
0,0,0,0,0.0,0.0,0.0,0.0,case_00125,7
0,0,323,0,0.0,100.0,0.0,100.0,case_00203,40
0,0,29,0,0.0,100.0,0.0,100.0,case_00154,222
0,0,0,0,0.0,0.0,0.0,0.0,case_00161,442
0,0,0,0,0.0,0.0,0.0,0.0,case_00194,249
0,0,1884,0,0.0,100.0,0.0,100.0,case_00102,256
0,0,0,0,0.0,0.0,0.0,0.0,case_00134,245
0,0,0,0,0.0,0.0,0.0,0.0,case_00125,488
1127,4,32,43,5.063291139240507,40.50632911392405,54.43037974683544,6.550580431177446,case_00133,145
1651,47,80,0,37.00787401574803,62.99212598425197,0.0,7.142857142857143,case_00154,358
0,0,0,0,0.0,0.0,0.0,0.0,case_00033,465
0,0,0,0,0.0,0.0,0.0,0.0,case_00154,220
0,0,0,0,0.0,0.0,0.0,0.0,case_00033,70
0,0,0,0,0.0,0.0,0.0,0.0,case_00203,88
0,0,0,0,0.0,0.0,0.0,0.0,case_00133,401
0,0,23,0,0.0,100.0,0.0,100.0,case_00102,479
0,0,0,0,0.0,0.0,0.0,0.0,case_00115,41
0,0,0,0,0.0,0.0,0.0,0.0,case_00115,426
0,0,0,0,0.0,0.0,0.0,0.0,case_00086,495
2215,8,58,0,12.121212121212121,87.87878787878788,0.0,2.893467777290662,case_00115,354
421,8,32,0,20.0,80.0,0.0,8.676789587852495,case_00014,232
1962,57,249,7,18.210862619808307,79.55271565495208,2.236421725239617,13.758241758241759,case_00113,330
0,0,270,0,0.0,100.0,0.0,100.0,case_00125,27
59,17,7,0,70.83333333333333,29.166666666666668,0.0,28.91566265060241,case_00203,140
0,0,31,0,0.0,100.0,0.0,100.0,case_00075,9
0,0,356,0,0.0,100.0,0.0,100.0,case_00113,15
0,0,383,0,0.0,100.0,0.0,100.0,case_00194,360
683,13,82,0,13.68421052631579,86.3157894736842,0.0,12.210796915167094,case_00203,188
0,0,78,0,0.0,100.0,0.0,100.0,case_00033,482
1153,62,78,21,38.50931677018634,48.4472049689441,13.043478260869565,12.252663622526637,case_00113,427
0,0,0,0,0.0,0.0,0.0,0.0,case_00203,277
0,0,0,0,0.0,0.0,0.0,0.0,case_00075,440
0,0,374,0,0.0,100.0,0.0,100.0,case_00194,352
0,0,5,0,0.0,100.0,0.0,100.0,case_00075,4
96,22,4,0,84.61538461538461,15.384615384615385,0.0,21.311475409836067,case_00033,123
0,0,0,0,0.0,0.0,0.0,0.0,case_00079,287
0,0,0,0,0.0,0.0,0.0,0.0,case_00086,431
0,0,939,0,0.0,100.0,0.0,100.0,case_00161,58
113,7,26,0,21.21212121212121,78.78787878787878,0.0,22.602739726027398,case_00161,324
4169,49,204,117,13.243243243243244,55.13513513513514,31.62162162162162,8.151575236836308,case_00102,338
0,0,423,0,0.0,100.0,0.0,100.0,case_00194,397
0,0,102,0,0.0,100.0,0.0,100.0,case_00125,257
0,0,12,0,0.0,100.0,0.0,100.0,case_00125,241
0,0,5,0,0.0,100.0,0.0,100.0,case_00154,55
0,0,0,0,0.0,0.0,0.0,0.0,case_00133,30
2973,21,137,0,13.291139240506329,86.70886075949367,0.0,5.046311082721175,case_00113,161
1178,4,88,0,4.3478260869565215,95.65217391304348,0.0,7.244094488188976,case_00075,178
0,0,0,0,0.0,0.0,0.0,0.0,case_00075,10
743,8,59,67,5.970149253731344,44.02985074626866,50.0,15.279361459521095,case_00086,380
0,0,0,0,0.0,0.0,0.0,0.0,case_00133,501
0,0,305,0,0.0,100.0,0.0,100.0,case_00125,23
1357,12,121,0,9.022556390977444,90.97744360902256,0.0,8.926174496644295,case_00134,303
1534,94,88,32,43.925233644859816,41.12149532710281,14.953271028037383,12.242562929061785,case_00154,342
0,0,1629,0,0.0,100.0,0.0,100.0,case_00113,503
1072,8,37,62,7.4766355140186915,34.57943925233645,57.94392523364486,9.075487701441899,case_00133,141
30,0,65,0,0.0,100.0,0.0,68.42105263157895,case_00113,443
0,0,0,0,0.0,0.0,0.0,0.0,case_00194,491
0,0,0,0,0.0,0.0,0.0,0.0,case_00133,36
0,0,0,0,0.0,0.0,0.0,0.0,case_00203,304
0,0,0,0,0.0,0.0,0.0,0.0,case_00075,259
961,5,65,0,7.142857142857143,92.85714285714286,0.0,6.789524733268671,case_00079,171
0,0,0,0,0.0,0.0,0.0,0.0,case_00115,28
0,0,0,0,0.0,0.0,0.0,0.0,case_00086,220
0,0,60,0,0.0,100.0,0.0,100.0,case_00125,233
0,0,0,0,0.0,0.0,0.0,0.0,case_00134,452
0,0,34,0,0.0,100.0,0.0,100.0,case_00154,106
0,0,0,0,0.0,0.0,0.0,0.0,case_00086,242
770,0,55,0,0.0,100.0,0.0,6.666666666666667,case_00033,136
0,0,10,0,0.0,100.0,0.0,100.0,case_00102,218
527,0,36,0,0.0,100.0,0.0,6.394316163410302,case_00014,319
0,0,52,0,0.0,100.0,0.0,100.0,case_00154,408
0,0,0,0,0.0,0.0,0.0,0.0,case_00086,245
0,0,0,0,0.0,0.0,0.0,0.0,case_00154,115
0,0,429,0,0.0,100.0,0.0,100.0,case_00075,28
0,0,50,0,0.0,100.0,0.0,100.0,case_00102,41
0,0,0,0,0.0,0.0,0.0,0.0,case_00102,511
0,0,0,0,0.0,0.0,0.0,0.0,case_00115,453
0,0,0,0,0.0,0.0,0.0,0.0,case_00014,493
318,11,68,0,13.924050632911392,86.07594936708861,0.0,19.8992443324937,case_00203,148
0,0,0,0,0.0,0.0,0.0,0.0,case_00154,9
0,0,168,0,0.0,100.0,0.0,100.0,case_00075,405
0,0,0,0,0.0,0.0,0.0,0.0,case_00203,325
0,0,0,0,0.0,0.0,0.0,0.0,case_00154,259
0,0,0,0,0.0,0.0,0.0,0.0,case_00079,61
0,0,1403,0,0.0,100.0,0.0,100.0,case_00154,464
0,0,0,0,0.0,0.0,0.0,0.0,case_00113,472
353,47,44,0,51.64835164835165,48.35164835164835,0.0,20.495495495495497,case_00194,186
0,0,0,0,0.0,0.0,0.0,0.0,case_00125,464
252,3,12,0,20.0,80.0,0.0,5.617977528089888,case_00033,125
0,0,0,0,0.0,0.0,0.0,0.0,case_00154,440
0,0,40,0,0.0,100.0,0.0,100.0,case_00113,29
688,7,45,0,13.461538461538462,86.53846153846153,0.0,7.027027027027027,case_00203,379
844,17,69,0,19.767441860465116,80.23255813953489,0.0,9.24731182795699,case_00079,183
1936,65,64,0,50.3875968992248,49.6124031007752,0.0,6.246973365617434,case_00154,171
0,0,0,0,0.0,0.0,0.0,0.0,case_00079,48
0,0,0,0,0.0,0.0,0.0,0.0,case_00014,431
0,0,0,0,0.0,0.0,0.0,0.0,case_00154,0
0,0,0,0,0.0,0.0,0.0,0.0,case_00125,498
0,0,0,0,0.0,0.0,0.0,0.0,case_00154,256
0,0,239,0,0.0,100.0,0.0,100.0,case_00014,107
807,0,162,0,0.0,100.0,0.0,16.71826625386997,case_00075,359
0,0,8,0,0.0,100.0,0.0,100.0,case_00033,285
395,26,81,0,24.299065420560748,75.70093457943925,0.0,21.314741035856574,case_00113,436
0,0,21,0,0.0,100.0,0.0,100.0,case_00134,115
0,0,0,0,0.0,0.0,0.0,0.0,case_00125,383
0,0,0,0,0.0,0.0,0.0,0.0,case_00014,238
0,0,0,0,0.0,0.0,0.0,0.0,case_00194,493
1362,16,85,9,14.545454545454545,77.27272727272727,8.181818181818182,7.4728260869565215,case_00033,179
0,0,0,0,0.0,0.0,0.0,0.0,case_00134,447
0,0,194,0,0.0,100.0,0.0,100.0,case_00154,48
1375,9,137,15,5.590062111801243,85.09316770186335,9.316770186335404,10.481770833333334,case_00194,161
0,0,0,0,0.0,0.0,0.0,0.0,case_00014,124
0,0,154,0,0.0,100.0,0.0,100.0,case_00154,282
1322,61,212,40,19.488817891373802,67.73162939297124,12.779552715654953,19.143730886850154,case_00154,328
600,11,61,0,15.277777777777779,84.72222222222223,0.0,10.714285714285714,case_00203,160
0,0,0,0,0.0,0.0,0.0,0.0,case_00161,491
0,0,951,0,0.0,100.0,0.0,100.0,case_00194,55
0,0,52,0,0.0,100.0,0.0,100.0,case_00033,211
0,0,12,0,0.0,100.0,0.0,100.0,case_00113,101
2027,10,127,38,5.714285714285714,72.57142857142857,21.714285714285715,7.9473206176203455,case_00079,374
1623,26,59,0,30.58823529411765,69.41176470588235,0.0,4.976580796252928,case_00154,361
201,4,12,0,25.0,75.0,0.0,7.373271889400922,case_00086,100
0,0,0,0,0.0,0.0,0.0,0.0,case_00134,467
0,0,0,0,0.0,0.0,0.0,0.0,case_00161,254
0,0,0,0,0.0,0.0,0.0,0.0,case_00194,282
0,0,0,0,0.0,0.0,0.0,0.0,case_00033,420
0,0,0,0,0.0,0.0,0.0,0.0,case_00133,82
0,0,0,0,0.0,0.0,0.0,0.0,case_00194,220
1137,15,93,0,13.88888888888889,86.11111111111111,0.0,8.674698795180722,case_00033,337
0,0,0,0,0.0,0.0,0.0,0.0,case_00154,476
560,12,52,12,15.789473684210526,68.42105263157895,15.789473684210526,11.949685534591195,case_00014,175
0,0,0,0,0.0,0.0,0.0,0.0,case_00133,376
1128,7,90,0,7.216494845360825,92.78350515463917,0.0,7.918367346938775,case_00075,160
0,0,0,0,0.0,0.0,0.0,0.0,case_00133,265
692,2,42,0,4.545454545454546,95.45454545454545,0.0,5.978260869565218,case_00014,364
0,0,10,0,0.0,100.0,0.0,100.0,case_00102,110
0,0,0,0,0.0,0.0,0.0,0.0,case_00194,224
1107,14,44,77,10.37037037037037,32.592592592592595,57.03703703703704,10.869565217391305,case_00125,181
0,0,0,0,0.0,0.0,0.0,0.0,case_00194,285
0,0,0,0,0.0,0.0,0.0,0.0,case_00079,17
673,39,39,0,50.0,50.0,0.0,10.386151797603196,case_00113,433
0,0,917,0,0.0,100.0,0.0,100.0,case_00113,20
1169,9,34,0,20.930232558139537,79.06976744186046,0.0,3.547854785478548,case_00014,193
890,2,132,4,1.4492753623188406,95.65217391304348,2.898550724637681,13.424124513618677,case_00075,358
0,0,365,0,0.0,100.0,0.0,100.0,case_00075,32
923,4,43,28,5.333333333333333,57.333333333333336,37.333333333333336,7.515030060120241,case_00014,185
1177,38,219,0,14.785992217898833,85.21400778210116,0.0,17.921896792189678,case_00161,343
0,0,34,0,0.0,100.0,0.0,100.0,case_00154,99
1612,40,146,44,17.391304347826086,63.47826086956522,19.130434782608695,12.48642779587405,case_00161,163
0,0,52,0,0.0,100.0,0.0,100.0,case_00194,459
0,0,0,0,0.0,0.0,0.0,0.0,case_00161,440
194,12,14,0,46.15384615384615,53.84615384615385,0.0,11.818181818181818,case_00203,341
0,0,102,0,0.0,100.0,0.0,100.0,case_00125,267
0,0,630,0,0.0,100.0,0.0,100.0,case_00125,79
0,0,0,0,0.0,0.0,0.0,0.0,case_00154,44
0,0,0,0,0.0,0.0,0.0,0.0,case_00079,481
0,0,0,0,0.0,0.0,0.0,0.0,case_00133,194
214,50,13,0,79.36507936507937,20.634920634920636,0.0,22.743682310469314,case_00154,382
0,0,0,0,0.0,0.0,0.0,0.0,case_00115,245
0,0,4,0,0.0,100.0,0.0,100.0,case_00161,284
243,9,24,0,27.272727272727273,72.72727272727273,0.0,11.956521739130435,case_00014,311
2481,20,84,21,16.0,67.2,16.8,4.796623177283193,case_00115,351
0,0,0,0,0.0,0.0,0.0,0.0,case_00154,294
0,0,0,0,0.0,0.0,0.0,0.0,case_00086,217
0,0,0,0,0.0,0.0,0.0,0.0,case_00079,42
0,0,569,0,0.0,100.0,0.0,100.0,case_00161,83
0,0,0,0,0.0,0.0,0.0,0.0,case_00203,131
902,0,41,0,0.0,100.0,0.0,4.3478260869565215,case_00125,345
549,9,27,0,25.0,75.0,0.0,6.153846153846154,case_00194,111
0,0,0,0,0.0,0.0,0.0,0.0,case_00102,506
879,5,44,0,10.204081632653061,89.79591836734694,0.0,5.280172413793103,case_00133,297
0,0,198,0,0.0,100.0,0.0,100.0,case_00075,421
0,0,3,0,0.0,100.0,0.0,100.0,case_00161,113
1226,14,27,0,34.146341463414636,65.85365853658537,0.0,3.2359905288082085,case_00014,198
0,0,0,0,0.0,0.0,0.0,0.0,case_00194,77
714,1,202,0,0.49261083743842365,99.50738916256158,0.0,22.137404580152673,case_00075,197
0,0,0,0,0.0,0.0,0.0,0.0,case_00079,33
0,0,16,0,0.0,100.0,0.0,100.0,case_00113,301
2838,18,170,0,9.574468085106384,90.42553191489361,0.0,6.2128222075347,case_00113,169
0,0,0,0,0.0,0.0,0.0,0.0,case_00102,229
475,25,56,0,30.864197530864196,69.1358024691358,0.0,14.568345323741006,case_00113,111
0,0,3,0,0.0,100.0,0.0,100.0,case_00133,75
0,0,0,0,0.0,0.0,0.0,0.0,case_00086,210
0,0,0,0,0.0,0.0,0.0,0.0,case_00115,77
0,0,6,0,0.0,100.0,0.0,100.0,case_00133,217
612,4,24,0,14.285714285714286,85.71428571428571,0.0,4.375,case_00102,138
0,0,0,0,0.0,0.0,0.0,0.0,case_00125,270
1048,214,18,0,92.24137931034483,7.758620689655173,0.0,18.125,case_00134,198
0,0,34,0,0.0,100.0,0.0,100.0,case_00133,212
299,7,64,0,9.859154929577464,90.14084507042253,0.0,19.18918918918919,case_00079,456
0,0,587,0,0.0,100.0,0.0,100.0,case_00134,437
0,0,0,0,0.0,0.0,0.0,0.0,case_00133,253
0,0,185,0,0.0,100.0,0.0,100.0,case_00194,479
1535,11,75,0,12.790697674418604,87.20930232558139,0.0,5.305367057371993,case_00033,359
1169,17,73,0,18.88888888888889,81.11111111111111,0.0,7.148530579825258,case_00086,133
0,0,0,0,0.0,0.0,0.0,0.0,case_00125,55
0,0,0,0,0.0,0.0,0.0,0.0,case_00134,36
2920,14,95,0,12.844036697247706,87.1559633027523,0.0,3.59854737537141,case_00115,154
0,0,10,0,0.0,100.0,0.0,100.0,case_00194,24
855,17,72,0,19.10112359550562,80.89887640449439,0.0,9.427966101694915,case_00079,159
0,0,163,0,0.0,100.0,0.0,100.0,case_00075,399
0,0,0,0,0.0,0.0,0.0,0.0,case_00133,28
3996,16,144,20,8.88888888888889,80.0,11.11111111111111,4.310344827586207,case_00102,372
0,0,0,0,0.0,0.0,0.0,0.0,case_00203,31
837,9,71,0,11.25,88.75,0.0,8.724100327153762,case_00075,148
0,0,0,0,0.0,0.0,0.0,0.0,case_00194,42
0,0,0,0,0.0,0.0,0.0,0.0,case_00115,392
1009,1,34,0,2.857142857142857,97.14285714285714,0.0,3.3524904214559386,case_00102,145
0,0,724,0,0.0,100.0,0.0,100.0,case_00194,394
1092,9,44,0,16.9811320754717,83.01886792452831,0.0,4.62882096069869,case_00086,363
958,19,47,0,28.78787878787879,71.21212121212122,0.0,6.4453125,case_00079,169
0,0,31,0,0.0,100.0,0.0,100.0,case_00203,504
0,0,142,0,0.0,100.0,0.0,100.0,case_00154,448
0,0,0,0,0.0,0.0,0.0,0.0,case_00154,28
0,0,99,0,0.0,100.0,0.0,100.0,case_00033,473
917,4,130,0,2.985074626865672,97.01492537313433,0.0,12.74976213130352,case_00075,315
750,11,60,39,10.0,54.54545454545455,35.45454545454545,12.790697674418604,case_00086,381
271,6,9,0,40.0,60.0,0.0,5.244755244755245,case_00033,325
35,14,7,0,66.66666666666667,33.333333333333336,0.0,37.5,case_00033,405
510,11,24,0,31.428571428571427,68.57142857142857,0.0,6.422018348623853,case_00203,392
1371,14,98,24,10.294117647058824,72.05882352941177,17.647058823529413,9.024552090245521,case_00079,423
1316,15,94,0,13.761467889908257,86.23853211009174,0.0,7.649122807017544,case_00134,301
0,0,122,0,0.0,100.0,0.0,100.0,case_00075,488
1025,24,60,41,19.2,48.0,32.8,10.869565217391305,case_00079,344
526,8,62,0,11.428571428571429,88.57142857142857,0.0,11.74496644295302,case_00086,307
0,0,0,0,0.0,0.0,0.0,0.0,case_00134,456
0,0,0,0,0.0,0.0,0.0,0.0,case_00075,244
0,0,105,0,0.0,100.0,0.0,100.0,case_00075,400
0,0,691,0,0.0,100.0,0.0,100.0,case_00194,393
0,0,0,0,0.0,0.0,0.0,0.0,case_00086,45
359,24,36,0,40.0,60.0,0.0,14.319809069212411,case_00125,202
0,0,0,0,0.0,0.0,0.0,0.0,case_00086,434
833,10,113,0,8.130081300813009,91.869918699187,0.0,12.866108786610878,case_00033,332
3120,32,145,101,11.510791366906474,52.15827338129496,36.330935251798564,8.181283107710417,case_00113,400
0,0,269,0,0.0,100.0,0.0,100.0,case_00194,400
1529,28,178,20,12.389380530973451,78.76106194690266,8.849557522123893,12.877492877492877,case_00161,166
0,0,434,0,0.0,100.0,0.0,100.0,case_00194,14
0,0,349,0,0.0,100.0,0.0,100.0,case_00102,235
2815,46,127,0,26.589595375722542,73.41040462427746,0.0,5.789825970548862,case_00134,183
312,9,16,0,36.0,64.0,0.0,7.4183976261127595,case_00102,133
0,0,0,0,0.0,0.0,0.0,0.0,case_00102,6
1368,11,25,0,30.555555555555557,69.44444444444444,0.0,2.5641025641025643,case_00033,155
964,12,53,0,18.46153846153846,81.53846153846153,0.0,6.316812439261419,case_00079,170
2053,37,105,42,20.108695652173914,57.06521739130435,22.82608695652174,8.225301743406348,case_00079,389
0,0,391,0,0.0,100.0,0.0,100.0,case_00154,419
0,0,0,0,0.0,0.0,0.0,0.0,case_00133,203
0,0,0,0,0.0,0.0,0.0,0.0,case_00133,359
3506,4,126,0,3.076923076923077,96.92307692307692,0.0,3.575357535753575,case_00115,171
1815,46,110,0,29.487179487179485,70.51282051282051,0.0,7.91476407914764,case_00154,192
2143,34,95,0,26.356589147286822,73.64341085271317,0.0,5.677816901408451,case_00134,162
0,0,0,0,0.0,0.0,0.0,0.0,case_00113,476
0,0,92,0,0.0,100.0,0.0,100.0,case_00086,475
178,2,35,0,5.405405405405405,94.5945945945946,0.0,17.209302325581394,case_00075,218
3166,5,184,0,2.6455026455026456,97.35449735449735,0.0,5.6333830104321905,case_00115,179
17,0,7,0,0.0,100.0,0.0,29.166666666666668,case_00194,96
0,0,0,0,0.0,0.0,0.0,0.0,case_00079,70
0,0,0,0,0.0,0.0,0.0,0.0,case_00075,473
782,26,55,0,32.098765432098766,67.90123456790124,0.0,9.385863267670915,case_00113,202
0,0,0,0,0.0,0.0,0.0,0.0,case_00194,35
0,0,0,0,0.0,0.0,0.0,0.0,case_00194,278
610,29,112,0,20.56737588652482,79.43262411347517,0.0,18.77496671105193,case_00102,414
1170,7,93,0,7.0,93.0,0.0,7.874015748031496,case_00075,176
0,0,19,0,0.0,100.0,0.0,100.0,case_00194,302
0,0,0,0,0.0,0.0,0.0,0.0,case_00033,42
534,17,17,0,50.0,50.0,0.0,5.985915492957746,case_00079,144
0,0,283,0,0.0,100.0,0.0,100.0,case_00194,398
0,0,0,0,0.0,0.0,0.0,0.0,case_00014,389
0,0,294,0,0.0,100.0,0.0,100.0,case_00033,507
0,0,0,0,0.0,0.0,0.0,0.0,case_00194,94
0,0,49,0,0.0,100.0,0.0,100.0,case_00133,86
0,0,235,0,0.0,100.0,0.0,100.0,case_00161,70
4023,49,212,66,14.984709480122325,64.83180428134557,20.18348623853211,7.517241379310345,case_00102,334
476,15,13,0,53.57142857142857,46.42857142857143,0.0,5.555555555555555,case_00079,142
0,0,46,0,0.0,100.0,0.0,100.0,case_00113,494
0,0,81,0,0.0,100.0,0.0,100.0,case_00115,219
0,0,0,0,0.0,0.0,0.0,0.0,case_00133,370
951,0,57,0,0.0,100.0,0.0,5.654761904761905,case_00033,141
0,0,20,0,0.0,100.0,0.0,100.0,case_00194,437
0,0,0,0,0.0,0.0,0.0,0.0,case_00014,142
0,0,0,0,0.0,0.0,0.0,0.0,case_00115,506
0,0,15,0,0.0,100.0,0.0,100.0,case_00125,262
0,0,0,0,0.0,0.0,0.0,0.0,case_00134,92
0,0,0,0,0.0,0.0,0.0,0.0,case_00194,279
3167,28,200,58,9.79020979020979,69.93006993006993,20.27972027972028,8.282652765710976,case_00115,333
0,0,107,0,0.0,100.0,0.0,100.0,case_00134,104
0,0,0,0,0.0,0.0,0.0,0.0,case_00154,388
0,0,56,0,0.0,100.0,0.0,100.0,case_00102,265
0,0,0,0,0.0,0.0,0.0,0.0,case_00115,225
3732,8,669,195,0.9174311926605505,76.72018348623853,22.362385321100916,18.94005212858384,case_00113,355
0,0,0,0,0.0,0.0,0.0,0.0,case_00033,282
568,20,45,0,30.76923076923077,69.23076923076923,0.0,10.268562401263823,case_00079,200
1103,62,91,30,33.87978142076503,49.72677595628415,16.39344262295082,14.230171073094867,case_00154,325
0,0,187,0,0.0,100.0,0.0,100.0,case_00194,509
0,0,0,0,0.0,0.0,0.0,0.0,case_00014,461
0,0,698,0,0.0,100.0,0.0,100.0,case_00161,60
0,0,37,0,0.0,100.0,0.0,100.0,case_00014,300
0,0,0,0,0.0,0.0,0.0,0.0,case_00113,471
0,0,0,0,0.0,0.0,0.0,0.0,case_00203,486
0,0,0,0,0.0,0.0,0.0,0.0,case_00115,103
3477,36,161,95,12.32876712328767,55.136986301369866,32.534246575342465,7.747413106924914,case_00113,388
0,0,0,0,0.0,0.0,0.0,0.0,case_00194,89
0,0,0,0,0.0,0.0,0.0,0.0,case_00033,273
0,0,0,0,0.0,0.0,0.0,0.0,case_00115,15
0,0,0,0,0.0,0.0,0.0,0.0,case_00033,14
0,36,0,0,100.0,0.0,0.0,100.0,case_00203,138
0,0,34,0,0.0,100.0,0.0,100.0,case_00113,293
0,0,0,0,0.0,0.0,0.0,0.0,case_00014,153
0,0,0,0,0.0,0.0,0.0,0.0,case_00079,34
0,0,0,0,0.0,0.0,0.0,0.0,case_00154,254
0,0,0,0,0.0,0.0,0.0,0.0,case_00203,124
0,0,0,0,0.0,0.0,0.0,0.0,case_00075,477
0,0,0,0,0.0,0.0,0.0,0.0,case_00203,232
0,0,39,0,0.0,100.0,0.0,100.0,case_00134,79
944,3,52,0,5.454545454545454,94.54545454545455,0.0,5.505505505505505,case_00194,120
0,0,48,0,0.0,100.0,0.0,100.0,case_00161,108
672,15,89,0,14.423076923076923,85.57692307692308,0.0,13.402061855670103,case_00125,317
0,0,0,0,0.0,0.0,0.0,0.0,case_00033,313
0,0,0,0,0.0,0.0,0.0,0.0,case_00075,507
0,0,0,0,0.0,0.0,0.0,0.0,case_00014,129
393,9,48,0,15.789473684210526,84.21052631578948,0.0,12.666666666666666,case_00086,186
0,0,0,0,0.0,0.0,0.0,0.0,case_00086,47
0,0,0,0,0.0,0.0,0.0,0.0,case_00133,500
797,4,29,0,12.121212121212121,87.87878787878788,0.0,3.9759036144578315,case_00033,388
0,0,0,0,0.0,0.0,0.0,0.0,case_00133,220
1089,1,132,24,0.6369426751592356,84.07643312101911,15.286624203821656,12.60032102728732,case_00075,351
0,0,0,0,0.0,0.0,0.0,0.0,case_00154,23
284,6,11,0,35.294117647058826,64.70588235294117,0.0,5.647840531561462,case_00125,365
0,0,0,0,0.0,0.0,0.0,0.0,case_00203,83
0,0,421,0,0.0,100.0,0.0,100.0,case_00014,97
0,0,0,0,0.0,0.0,0.0,0.0,case_00203,93
0,0,0,0,0.0,0.0,0.0,0.0,case_00086,49
322,24,29,0,45.283018867924525,54.716981132075475,0.0,14.133333333333333,case_00125,203
0,0,0,0,0.0,0.0,0.0,0.0,case_00033,281
1217,2,131,13,1.36986301369863,89.72602739726027,8.904109589041095,10.711665443873807,case_00075,346
0,0,0,0,0.0,0.0,0.0,0.0,case_00014,272
0,0,0,0,0.0,0.0,0.0,0.0,case_00133,67
584,15,43,0,25.862068965517242,74.13793103448276,0.0,9.034267912772586,case_00086,313
0,0,2,0,0.0,100.0,0.0,100.0,case_00203,464
0,0,185,0,0.0,100.0,0.0,100.0,case_00075,388
0,0,0,0,0.0,0.0,0.0,0.0,case_00133,462
0,0,196,0,0.0,100.0,0.0,100.0,case_00113,288
0,0,0,0,0.0,0.0,0.0,0.0,case_00115,415
0,0,0,0,0.0,0.0,0.0,0.0,case_00086,85
817,5,59,0,7.8125,92.1875,0.0,7.264472190692395,case_00014,360
721,15,40,0,27.272727272727273,72.72727272727273,0.0,7.087628865979381,case_00194,115
1477,15,96,0,13.513513513513514,86.48648648648648,0.0,6.98992443324937,case_00115,304
0,0,0,0,0.0,0.0,0.0,0.0,case_00086,246
0,0,0,0,0.0,0.0,0.0,0.0,case_00033,98
0,0,31,0,0.0,100.0,0.0,100.0,case_00133,232
0,0,0,0,0.0,0.0,0.0,0.0,case_00075,282
0,0,0,0,0.0,0.0,0.0,0.0,case_00033,432
0,0,0,0,0.0,0.0,0.0,0.0,case_00113,57
0,0,846,0,0.0,100.0,0.0,100.0,case_00102,469
639,29,44,0,39.726027397260275,60.273972602739725,0.0,10.252808988764045,case_00086,323
0,0,0,0,0.0,0.0,0.0,0.0,case_00161,10
0,0,380,0,0.0,100.0,0.0,100.0,case_00194,67
0,0,0,0,0.0,0.0,0.0,0.0,case_00115,17
0,0,118,0,0.0,100.0,0.0,100.0,case_00125,239
0,0,0,0,0.0,0.0,0.0,0.0,case_00133,269
587,11,88,0,11.11111111111111,88.88888888888889,0.0,14.431486880466473,case_00203,194
0,0,125,0,0.0,100.0,0.0,100.0,case_00115,410
0,0,12,0,0.0,100.0,0.0,100.0,case_00133,70
0,0,0,0,0.0,0.0,0.0,0.0,case_00115,63
0,0,0,0,0.0,0.0,0.0,0.0,case_00102,4
0,0,64,0,0.0,100.0,0.0,100.0,case_00125,466
0,0,39,0,0.0,100.0,0.0,100.0,case_00203,223
0,0,136,0,0.0,100.0,0.0,100.0,case_00113,35
0,0,0,0,0.0,0.0,0.0,0.0,case_00133,35
0,0,0,0,0.0,0.0,0.0,0.0,case_00014,135
447,27,20,0,57.4468085106383,42.5531914893617,0.0,9.51417004048583,case_00154,379
0,0,0,0,0.0,0.0,0.0,0.0,case_00075,264
0,0,419,0,0.0,100.0,0.0,100.0,case_00079,492
0,0,106,0,0.0,100.0,0.0,100.0,case_00161,287
0,0,0,0,0.0,0.0,0.0,0.0,case_00194,463
689,5,42,0,10.638297872340425,89.36170212765957,0.0,6.385869565217392,case_00102,194
0,0,0,0,0.0,0.0,0.0,0.0,case_00161,314
0,0,0,0,0.0,0.0,0.0,0.0,case_00075,82
0,0,0,0,0.0,0.0,0.0,0.0,case_00086,0
0,0,0,0,0.0,0.0,0.0,0.0,case_00161,26
652,5,122,0,3.937007874015748,96.06299212598425,0.0,16.302952503209244,case_00203,365
0,0,175,0,0.0,100.0,0.0,100.0,case_00125,100
0,0,0,0,0.0,0.0,0.0,0.0,case_00203,436
1142,9,69,11,10.112359550561798,77.52808988764045,12.359550561797754,7.229894394800975,case_00125,184
0,0,0,0,0.0,0.0,0.0,0.0,case_00134,495
676,0,40,0,0.0,100.0,0.0,5.58659217877095,case_00125,355
977,6,36,0,14.285714285714286,85.71428571428571,0.0,4.121687929342492,case_00133,311
0,0,0,0,0.0,0.0,0.0,0.0,case_00079,301
0,0,51,0,0.0,100.0,0.0,100.0,case_00113,448
1474,8,43,16,11.940298507462687,64.17910447761194,23.880597014925375,4.3478260869565215,case_00033,171
0,0,0,0,0.0,0.0,0.0,0.0,case_00115,5
748,2,122,0,1.6129032258064515,98.38709677419355,0.0,14.220183486238533,case_00203,180
0,0,0,0,0.0,0.0,0.0,0.0,case_00033,99
889,11,103,0,9.649122807017545,90.35087719298245,0.0,11.365902293120637,case_00033,333
0,0,0,0,0.0,0.0,0.0,0.0,case_00079,271
0,0,365,0,0.0,100.0,0.0,100.0,case_00134,220
55,1,9,0,10.0,90.0,0.0,15.384615384615385,case_00014,380
0,0,3,0,0.0,100.0,0.0,100.0,case_00194,288
0,0,0,0,0.0,0.0,0.0,0.0,case_00115,98
767,10,90,0,10.0,90.0,0.0,11.534025374855824,case_00102,191
916,82,114,0,41.83673469387755,58.16326530612245,0.0,17.62589928057554,case_00161,185
0,0,4,0,0.0,100.0,0.0,100.0,case_00203,48
956,12,56,0,17.647058823529413,82.3529411764706,0.0,6.640625,case_00079,168
0,0,0,0,0.0,0.0,0.0,0.0,case_00075,281
0,0,0,0,0.0,0.0,0.0,0.0,case_00014,103
0,0,0,0,0.0,0.0,0.0,0.0,case_00079,306
0,0,0,0,0.0,0.0,0.0,0.0,case_00113,42
0,0,0,0,0.0,0.0,0.0,0.0,case_00115,121
0,0,0,0,0.0,0.0,0.0,0.0,case_00113,66
1018,13,45,0,22.413793103448278,77.58620689655173,0.0,5.390334572490707,case_00086,369
0,0,64,0,0.0,100.0,0.0,100.0,case_00079,504
0,0,0,0,0.0,0.0,0.0,0.0,case_00134,381
1432,13,117,0,10.0,90.0,0.0,8.322663252240718,case_00033,347
118,88,13,0,87.12871287128714,12.871287128712872,0.0,46.118721461187214,case_00154,143
0,0,0,0,0.0,0.0,0.0,0.0,case_00161,36
0,0,0,0,0.0,0.0,0.0,0.0,case_00079,282
1104,8,45,0,15.09433962264151,84.90566037735849,0.0,4.580812445980985,case_00125,172
435,7,16,0,30.434782608695652,69.56521739130434,0.0,5.021834061135372,case_00133,336
447,3,51,0,5.555555555555555,94.44444444444444,0.0,10.778443113772456,case_00134,286
720,9,79,0,10.227272727272727,89.77272727272727,0.0,10.891089108910892,case_00203,168
0,0,0,0,0.0,0.0,0.0,0.0,case_00113,93
1298,22,114,20,14.102564102564102,73.07692307692308,12.820512820512821,10.729023383768913,case_00079,425
1466,29,111,0,20.714285714285715,79.28571428571429,0.0,8.7173100871731,case_00161,176
61,17,17,0,50.0,50.0,0.0,35.78947368421053,case_00086,196
165,0,58,0,0.0,100.0,0.0,26.00896860986547,case_00161,235
2742,19,152,49,8.636363636363637,69.0909090909091,22.272727272727273,7.427413909520594,case_00113,409
0,0,18,0,0.0,100.0,0.0,100.0,case_00014,303
0,0,0,0,0.0,0.0,0.0,0.0,case_00125,440
0,0,12,0,0.0,100.0,0.0,100.0,case_00125,216
1747,7,184,95,2.4475524475524475,64.33566433566433,33.21678321678322,14.067879980324644,case_00134,341
0,0,80,0,0.0,100.0,0.0,100.0,case_00086,281
353,19,70,1,21.11111111111111,77.77777777777777,1.1111111111111112,20.31602708803612,case_00133,175
0,0,26,0,0.0,100.0,0.0,100.0,case_00203,265
1103,11,21,0,34.375,65.625,0.0,2.8193832599118944,case_00115,135
0,0,12,0,0.0,100.0,0.0,100.0,case_00102,227
2579,33,252,0,11.578947368421053,88.42105263157895,0.0,9.951117318435754,case_00113,177
3146,64,454,111,10.174880763116057,72.17806041335453,17.647058823529413,16.662251655629138,case_00113,341
0,0,0,0,0.0,0.0,0.0,0.0,case_00075,92
151,2,14,0,12.5,87.5,0.0,9.580838323353293,case_00133,114
1037,6,82,0,6.818181818181818,93.18181818181819,0.0,7.822222222222222,case_00075,186
161,7,16,0,30.434782608695652,69.56521739130434,0.0,12.5,case_00014,376
1232,10,115,0,8.0,92.0,0.0,9.211495946941783,case_00134,299
0,0,0,0,0.0,0.0,0.0,0.0,case_00161,44
1208,16,166,19,7.960199004975125,82.58706467661692,9.45273631840796,14.26543647977289,case_00075,333
0,0,0,0,0.0,0.0,0.0,0.0,case_00194,309
0,0,0,0,0.0,0.0,0.0,0.0,case_00014,88
0,0,1322,0,0.0,100.0,0.0,100.0,case_00134,38
0,0,20,0,0.0,100.0,0.0,100.0,case_00102,288
1489,10,40,0,20.0,80.0,0.0,3.248862897985705,case_00115,361
0,0,0,0,0.0,0.0,0.0,0.0,case_00014,443
0,0,0,0,0.0,0.0,0.0,0.0,case_00014,273
694,27,111,0,19.565217391304348,80.43478260869566,0.0,16.58653846153846,case_00086,328
1523,9,96,0,8.571428571428571,91.42857142857143,0.0,6.4496314496314495,case_00033,357
0,0,248,0,0.0,100.0,0.0,100.0,case_00194,448
0,0,71,0,0.0,100.0,0.0,100.0,case_00033,481
0,0,0,0,0.0,0.0,0.0,0.0,case_00134,460
0,0,9,0,0.0,100.0,0.0,100.0,case_00102,432
99,2,17,0,10.526315789473685,89.47368421052632,0.0,16.10169491525424,case_00014,378
986,8,43,0,15.686274509803921,84.31372549019608,0.0,4.918032786885246,case_00125,166
0,0,0,0,0.0,0.0,0.0,0.0,case_00115,19
0,0,0,0,0.0,0.0,0.0,0.0,case_00203,247
0,0,0,0,0.0,0.0,0.0,0.0,case_00033,488
952,12,33,1,26.08695652173913,71.73913043478261,2.1739130434782608,4.609218436873747,case_00086,373
0,0,0,0,0.0,0.0,0.0,0.0,case_00125,480
0,0,0,0,0.0,0.0,0.0,0.0,case_00161,462
543,0,90,0,0.0,100.0,0.0,14.218009478672986,case_00075,364
967,2,139,3,1.3888888888888888,96.52777777777777,2.0833333333333335,12.961296129612961,case_00075,356
332,4,27,6,10.81081081081081,72.97297297297297,16.216216216216218,10.02710027100271,case_00033,199
0,0,160,0,0.0,100.0,0.0,100.0,case_00102,30
0,0,196,0,0.0,100.0,0.0,100.0,case_00014,478
0,0,0,0,0.0,0.0,0.0,0.0,case_00086,51
0,0,0,0,0.0,0.0,0.0,0.0,case_00079,98
0,0,0,0,0.0,0.0,0.0,0.0,case_00113,228
1944,8,111,35,5.194805194805195,72.07792207792208,22.727272727272727,7.340324118207817,case_00079,367
0,0,10,0,0.0,100.0,0.0,100.0,case_00194,303
1307,3,59,0,4.838709677419355,95.16129032258064,0.0,4.528853177501826,case_00194,131
0,0,0,0,0.0,0.0,0.0,0.0,case_00203,86
441,27,16,0,62.7906976744186,37.2093023255814,0.0,8.884297520661157,case_00115,129
924,4,40,0,9.090909090909092,90.9090909090909,0.0,4.545454545454546,case_00133,316
2000,36,219,0,14.117647058823529,85.88235294117646,0.0,11.30820399113082,case_00134,193
0,0,86,0,0.0,100.0,0.0,100.0,case_00079,55
804,21,77,0,21.428571428571427,78.57142857142857,0.0,10.864745011086475,case_00086,333
0,0,36,0,0.0,100.0,0.0,100.0,case_00134,496
0,0,91,0,0.0,100.0,0.0,100.0,case_00154,268
623,5,103,0,4.62962962962963,95.37037037037037,0.0,14.774281805745554,case_00203,192
0,0,459,0,0.0,100.0,0.0,100.0,case_00154,418
795,23,85,0,21.296296296296298,78.70370370370371,0.0,11.960132890365449,case_00125,323
0,0,0,0,0.0,0.0,0.0,0.0,case_00133,263
1150,10,33,0,23.25581395348837,76.74418604651163,0.0,3.604358759430008,case_00125,175
0,0,0,0,0.0,0.0,0.0,0.0,case_00115,238
1048,24,142,0,14.457831325301205,85.5421686746988,0.0,13.673805601317957,case_00075,324
0,0,103,0,0.0,100.0,0.0,100.0,case_00033,209
0,0,0,0,0.0,0.0,0.0,0.0,case_00115,86
852,39,42,0,48.148148148148145,51.851851851851855,0.0,8.681672025723472,case_00113,116
0,0,4,0,0.0,100.0,0.0,100.0,case_00161,97
0,0,0,0,0.0,0.0,0.0,0.0,case_00133,268
476,9,46,0,16.363636363636363,83.63636363636364,0.0,10.357815442561206,case_00075,206
1312,9,42,0,17.647058823529413,82.3529411764706,0.0,3.7417461482024943,case_00102,152
50,15,3,0,83.33333333333333,16.666666666666668,0.0,26.470588235294116,case_00033,318
0,0,566,0,0.0,100.0,0.0,100.0,case_00194,411
0,0,0,0,0.0,0.0,0.0,0.0,case_00115,221
985,8,175,0,4.371584699453552,95.62841530054645,0.0,15.667808219178083,case_00075,318
0,0,0,0,0.0,0.0,0.0,0.0,case_00134,472
0,0,28,0,0.0,100.0,0.0,100.0,case_00113,297
315,10,24,0,29.41176470588235,70.58823529411765,0.0,9.742120343839542,case_00133,120
0,0,0,0,0.0,0.0,0.0,0.0,case_00075,95
1345,17,127,21,10.303030303030303,76.96969696969697,12.727272727272727,10.927152317880795,case_00194,164
0,6,0,0,100.0,0.0,0.0,100.0,case_00113,105
0,0,584,0,0.0,100.0,0.0,100.0,case_00113,500
0,0,0,0,0.0,0.0,0.0,0.0,case_00033,419
0,0,4,0,0.0,100.0,0.0,100.0,case_00115,207
0,0,266,0,0.0,100.0,0.0,100.0,case_00194,508
0,0,0,0,0.0,0.0,0.0,0.0,case_00075,449
299,4,39,0,9.30232558139535,90.69767441860465,0.0,12.573099415204679,case_00075,131
3001,24,157,7,12.76595744680851,83.51063829787235,3.723404255319149,5.895264973345877,case_00102,388
948,11,35,0,23.91304347826087,76.08695652173913,0.0,4.627766599597585,case_00014,346
0,0,31,0,0.0,100.0,0.0,100.0,case_00194,310
1647,82,127,5,38.3177570093458,59.345794392523366,2.336448598130841,11.499193981730253,case_00154,346
1561,24,85,0,22.01834862385321,77.98165137614679,0.0,6.526946107784431,case_00134,156
231,0,39,1,0.0,97.5,2.5,14.760147601476016,case_00086,406
0,0,0,0,0.0,0.0,0.0,0.0,case_00014,136
0,0,0,0,0.0,0.0,0.0,0.0,case_00115,416
0,0,197,0,0.0,100.0,0.0,100.0,case_00075,494
0,0,0,0,0.0,0.0,0.0,0.0,case_00154,1
0,0,0,0,0.0,0.0,0.0,0.0,case_00134,129
1253,14,80,0,14.893617021276595,85.1063829787234,0.0,6.978470675575353,case_00102,182
0,0,142,0,0.0,100.0,0.0,100.0,case_00194,25
0,0,0,0,0.0,0.0,0.0,0.0,case_00102,440
2078,38,216,0,14.960629921259843,85.03937007874016,0.0,10.891938250428817,case_00113,185
0,0,0,0,0.0,0.0,0.0,0.0,case_00014,293
0,0,715,0,0.0,100.0,0.0,100.0,case_00194,22
0,0,0,0,0.0,0.0,0.0,0.0,case_00102,58
525,30,85,31,20.54794520547945,58.21917808219178,21.232876712328768,21.758569299552907,case_00033,192
0,0,0,0,0.0,0.0,0.0,0.0,case_00033,485
0,0,414,0,0.0,100.0,0.0,100.0,case_00161,74
960,17,56,0,23.28767123287671,76.71232876712328,0.0,7.066795740561472,case_00079,174
1353,3,58,0,4.918032786885246,95.08196721311475,0.0,4.314002828854314,case_00033,372
0,0,17,0,0.0,100.0,0.0,100.0,case_00133,207
0,0,0,0,0.0,0.0,0.0,0.0,case_00102,48
0,0,696,0,0.0,100.0,0.0,100.0,case_00194,421
3754,33,189,132,9.322033898305085,53.389830508474574,37.28813559322034,8.617332035053554,case_00113,378
0,0,12,0,0.0,100.0,0.0,100.0,case_00161,96
0,0,0,0,0.0,0.0,0.0,0.0,case_00203,82
0,0,0,0,0.0,0.0,0.0,0.0,case_00203,58
1004,0,133,6,0.0,95.68345323741008,4.316546762589928,12.160979877515311,case_00075,355
0,0,0,0,0.0,0.0,0.0,0.0,case_00086,39
0,0,0,0,0.0,0.0,0.0,0.0,case_00102,19
461,13,38,0,25.49019607843137,74.50980392156863,0.0,9.9609375,case_00075,300
516,1,20,0,4.761904761904762,95.23809523809524,0.0,3.910614525139665,case_00125,360
578,13,32,0,28.88888888888889,71.11111111111111,0.0,7.223113964686998,case_00079,146
264,4,48,0,7.6923076923076925,92.3076923076923,0.0,16.455696202531644,case_00075,214
3362,6,100,0,5.660377358490566,94.33962264150944,0.0,3.0565167243367934,case_00115,162
4144,42,179,106,12.844036697247706,54.74006116207951,32.415902140672785,7.313800044732722,case_00102,337
1443,32,58,39,24.8062015503876,44.96124031007752,30.232558139534884,8.206106870229007,case_00161,150
0,0,0,0,0.0,0.0,0.0,0.0,case_00194,306
2052,8,105,38,5.298013245033113,69.5364238410596,25.165562913907284,6.854289605083976,case_00079,397
0,0,5,0,0.0,100.0,0.0,100.0,case_00125,374
0,0,0,0,0.0,0.0,0.0,0.0,case_00033,452
1469,33,149,54,13.983050847457626,63.13559322033898,22.88135593220339,13.841642228739003,case_00079,353
2211,59,151,56,22.18045112781955,56.766917293233085,21.05263157894737,10.738796931772304,case_00113,417
989,15,48,13,19.736842105263158,63.1578947368421,17.105263157894736,7.136150234741784,case_00125,191
627,21,51,0,29.166666666666668,70.83333333333333,0.0,10.300429184549357,case_00079,196
0,0,17,0,0.0,100.0,0.0,100.0,case_00203,266
0,0,0,0,0.0,0.0,0.0,0.0,case_00161,68
0,0,0,0,0.0,0.0,0.0,0.0,case_00079,280
706,0,36,0,0.0,100.0,0.0,4.8517520215633425,case_00033,390
0,0,0,0,0.0,0.0,0.0,0.0,case_00134,458
0,0,0,0,0.0,0.0,0.0,0.0,case_00203,268
0,0,0,0,0.0,0.0,0.0,0.0,case_00194,88
0,0,0,0,0.0,0.0,0.0,0.0,case_00102,494
734,29,61,0,32.22222222222222,67.77777777777777,0.0,10.922330097087379,case_00154,319
638,27,43,0,38.57142857142857,61.42857142857143,0.0,9.887005649717514,case_00086,324
0,0,0,0,0.0,0.0,0.0,0.0,case_00079,270
0,0,565,0,0.0,100.0,0.0,100.0,case_00194,366
0,0,54,0,0.0,100.0,0.0,100.0,case_00161,111
0,0,423,0,0.0,100.0,0.0,100.0,case_00102,237
0,0,0,0,0.0,0.0,0.0,0.0,case_00203,295
0,0,61,0,0.0,100.0,0.0,100.0,case_00154,407
0,0,0,0,0.0,0.0,0.0,0.0,case_00102,291
0,0,0,0,0.0,0.0,0.0,0.0,case_00133,17
0,0,1442,0,0.0,100.0,0.0,100.0,case_00134,7
0,0,0,0,0.0,0.0,0.0,0.0,case_00203,236
0,0,0,0,0.0,0.0,0.0,0.0,case_00115,123
934,7,34,3,15.909090909090908,77.27272727272727,6.818181818181818,4.4989775051124745,case_00086,374
0,0,0,0,0.0,0.0,0.0,0.0,case_00154,495
483,29,211,2,11.983471074380166,87.1900826446281,0.8264462809917356,33.37931034482759,case_00102,296
0,0,13,0,0.0,100.0,0.0,100.0,case_00125,372
0,0,52,0,0.0,100.0,0.0,100.0,case_00113,445
1024,25,57,0,30.48780487804878,69.51219512195122,0.0,7.414104882459313,case_00134,295
0,0,0,0,0.0,0.0,0.0,0.0,case_00134,263
1177,13,83,0,13.541666666666666,86.45833333333333,0.0,7.541241162608013,case_00014,206
0,0,0,0,0.0,0.0,0.0,0.0,case_00033,416
0,0,0,0,0.0,0.0,0.0,0.0,case_00086,11
0,0,0,0,0.0,0.0,0.0,0.0,case_00161,274
0,0,0,0,0.0,0.0,0.0,0.0,case_00154,246
543,7,36,0,16.27906976744186,83.72093023255815,0.0,7.337883959044369,case_00115,202
0,0,0,0,0.0,0.0,0.0,0.0,case_00014,64
0,0,0,0,0.0,0.0,0.0,0.0,case_00134,94
0,0,436,0,0.0,100.0,0.0,100.0,case_00194,423
1186,3,76,0,3.7974683544303796,96.20253164556962,0.0,6.24505928853755,case_00075,163
0,0,0,0,0.0,0.0,0.0,0.0,case_00014,425
0,0,0,0,0.0,0.0,0.0,0.0,case_00133,360
1453,27,30,0,47.36842105263158,52.63157894736842,0.0,3.774834437086093,case_00115,138
0,0,0,0,0.0,0.0,0.0,0.0,case_00125,451
0,0,0,0,0.0,0.0,0.0,0.0,case_00154,236
0,0,238,0,0.0,100.0,0.0,100.0,case_00075,31
2076,14,94,27,10.37037037037037,69.62962962962963,20.0,6.1058344640434195,case_00079,395
0,0,0,0,0.0,0.0,0.0,0.0,case_00115,273
0,0,188,0,0.0,100.0,0.0,100.0,case_00075,398
0,0,202,0,0.0,100.0,0.0,100.0,case_00194,406
0,0,0,0,0.0,0.0,0.0,0.0,case_00203,103
0,0,23,0,0.0,100.0,0.0,100.0,case_00102,56
0,0,6,0,0.0,100.0,0.0,100.0,case_00113,31
1140,17,28,23,25.0,41.1764705882353,33.8235294117647,5.629139072847682,case_00125,177
0,0,0,0,0.0,0.0,0.0,0.0,case_00203,271
1480,9,45,0,16.666666666666668,83.33333333333333,0.0,3.5202086049543677,case_00033,167
1573,22,150,0,12.790697674418604,87.20930232558139,0.0,9.8567335243553,case_00161,169
0,0,0,0,0.0,0.0,0.0,0.0,case_00154,243
0,0,0,0,0.0,0.0,0.0,0.0,case_00203,80
473,0,38,0,0.0,100.0,0.0,7.436399217221135,case_00014,317
0,0,554,0,0.0,100.0,0.0,100.0,case_00014,421
146,3,62,0,4.615384615384615,95.38461538461539,0.0,30.805687203791468,case_00113,305
0,0,0,0,0.0,0.0,0.0,0.0,case_00161,17
0,0,15,0,0.0,100.0,0.0,100.0,case_00154,126
0,0,0,0,0.0,0.0,0.0,0.0,case_00075,14
0,0,0,0,0.0,0.0,0.0,0.0,case_00125,497
316,2,51,0,3.7735849056603774,96.22641509433963,0.0,14.363143631436314,case_00075,297
0,0,717,0,0.0,100.0,0.0,100.0,case_00154,470
0,0,87,0,0.0,100.0,0.0,100.0,case_00133,46
82,0,21,0,0.0,100.0,0.0,20.388349514563107,case_00161,323
0,0,1944,0,0.0,100.0,0.0,100.0,case_00113,504
0,0,3,0,0.0,100.0,0.0,100.0,case_00033,511
0,0,46,0,0.0,100.0,0.0,100.0,case_00203,33
0,0,0,0,0.0,0.0,0.0,0.0,case_00115,420
0,0,0,0,0.0,0.0,0.0,0.0,case_00115,42
0,0,0,0,0.0,0.0,0.0,0.0,case_00115,64
153,10,56,0,15.151515151515152,84.84848484848484,0.0,30.136986301369863,case_00203,143
0,0,0,0,0.0,0.0,0.0,0.0,case_00086,221
2064,43,90,41,24.71264367816092,51.724137931034484,23.563218390804597,7.774798927613941,case_00079,386
0,0,0,0,0.0,0.0,0.0,0.0,case_00014,507
27,0,9,0,0.0,100.0,0.0,25.0,case_00125,211
0,0,139,0,0.0,100.0,0.0,100.0,case_00194,218
0,0,0,0,0.0,0.0,0.0,0.0,case_00014,121
0,0,0,0,0.0,0.0,0.0,0.0,case_00161,412
0,0,23,0,0.0,100.0,0.0,100.0,case_00203,44
0,0,0,0,0.0,0.0,0.0,0.0,case_00115,82
2785,20,79,0,20.2020202020202,79.79797979797979,0.0,3.4327323162274617,case_00115,152
0,0,0,0,0.0,0.0,0.0,0.0,case_00133,32
0,0,71,0,0.0,100.0,0.0,100.0,case_00134,77
0,0,0,0,0.0,0.0,0.0,0.0,case_00086,65
0,0,0,0,0.0,0.0,0.0,0.0,case_00125,220
0,0,20,0,0.0,100.0,0.0,100.0,case_00133,433
0,0,0,0,0.0,0.0,0.0,0.0,case_00134,98
0,0,0,0,0.0,0.0,0.0,0.0,case_00014,126
2046,38,158,35,16.450216450216452,68.3982683982684,15.151515151515152,10.144927536231885,case_00102,310
15,2,10,0,16.666666666666668,83.33333333333333,0.0,44.44444444444444,case_00079,129
0,0,0,0,0.0,0.0,0.0,0.0,case_00203,469
0,0,0,0,0.0,0.0,0.0,0.0,case_00203,435
0,0,0,0,0.0,0.0,0.0,0.0,case_00125,483
1892,20,337,0,5.602240896358543,94.39775910364146,0.0,15.873721654068476,case_00134,312
1547,14,50,0,21.875,78.125,0.0,3.972687771570453,case_00154,363
198,16,68,0,19.047619047619047,80.95238095238095,0.0,29.78723404255319,case_00161,129
199,10,29,0,25.641025641025642,74.35897435897436,0.0,16.386554621848738,case_00194,192
0,0,0,0,0.0,0.0,0.0,0.0,case_00133,459
0,0,0,0,0.0,0.0,0.0,0.0,case_00115,400
776,25,74,0,25.252525252525253,74.74747474747475,0.0,11.314285714285715,case_00125,322
0,0,7,0,0.0,100.0,0.0,100.0,case_00133,399
0,0,0,0,0.0,0.0,0.0,0.0,case_00113,259
0,0,181,0,0.0,100.0,0.0,100.0,case_00102,453
1052,2,101,0,1.941747572815534,98.05825242718447,0.0,8.917748917748918,case_00075,185
0,0,1,0,0.0,100.0,0.0,100.0,case_00133,80
0,0,521,0,0.0,100.0,0.0,100.0,case_00194,356
616,0,36,0,0.0,100.0,0.0,5.521472392638037,case_00125,357
1120,15,80,0,15.789473684210526,84.21052631578948,0.0,7.818930041152264,case_00086,130
0,0,126,0,0.0,100.0,0.0,100.0,case_00014,487
1016,53,71,0,42.74193548387097,57.25806451612903,0.0,10.87719298245614,case_00113,197
1182,54,170,0,24.107142857142858,75.89285714285714,0.0,15.93172119487909,case_00113,323
0,0,0,0,0.0,0.0,0.0,0.0,case_00115,1
0,0,27,0,0.0,100.0,0.0,100.0,case_00115,413
0,0,209,0,0.0,100.0,0.0,100.0,case_00134,81
0,0,0,0,0.0,0.0,0.0,0.0,case_00134,35
1223,13,119,18,8.666666666666666,79.33333333333333,12.0,10.924981791697014,case_00079,427
0,0,0,0,0.0,0.0,0.0,0.0,case_00194,235
0,0,0,0,0.0,0.0,0.0,0.0,case_00161,503
1573,40,121,0,24.84472049689441,75.15527950310559,0.0,9.284890426758938,case_00161,350
0,0,0,0,0.0,0.0,0.0,0.0,case_00194,231
0,0,310,0,0.0,100.0,0.0,100.0,case_00161,98
0,0,565,0,0.0,100.0,0.0,100.0,case_00194,379
0,0,0,0,0.0,0.0,0.0,0.0,case_00203,234
0,0,0,0,0.0,0.0,0.0,0.0,case_00203,279
0,0,932,0,0.0,100.0,0.0,100.0,case_00194,50
0,0,4,0,0.0,100.0,0.0,100.0,case_00125,439
0,0,0,0,0.0,0.0,0.0,0.0,case_00113,263
0,0,479,0,0.0,100.0,0.0,100.0,case_00102,471
0,0,0,0,0.0,0.0,0.0,0.0,case_00113,249
1180,8,100,0,7.407407407407407,92.5925925925926,0.0,8.385093167701863,case_00075,175
0,0,0,0,0.0,0.0,0.0,0.0,case_00033,459
2178,85,143,32,32.69230769230769,55.0,12.307692307692308,10.66447908121411,case_00134,323
1123,4,62,0,6.0606060606060606,93.93939393939394,0.0,5.550883095037847,case_00194,125
0,0,421,0,0.0,100.0,0.0,100.0,case_00194,339
636,14,30,0,31.818181818181817,68.18181818181819,0.0,6.470588235294118,case_00194,113
0,0,0,0,0.0,0.0,0.0,0.0,case_00033,110
0,0,0,0,0.0,0.0,0.0,0.0,case_00014,15
0,0,0,0,0.0,0.0,0.0,0.0,case_00161,278
0,0,1217,0,0.0,100.0,0.0,100.0,case_00113,6
0,0,0,0,0.0,0.0,0.0,0.0,case_00033,25
259,7,29,3,17.94871794871795,74.35897435897436,7.6923076923076925,13.087248322147651,case_00086,403
0,0,0,0,0.0,0.0,0.0,0.0,case_00203,288
545,10,51,0,16.39344262295082,83.60655737704919,0.0,10.066006600660065,case_00075,302
0,0,0,0,0.0,0.0,0.0,0.0,case_00113,37
572,12,54,0,18.181818181818183,81.81818181818181,0.0,10.344827586206897,case_00079,201
737,26,49,0,34.666666666666664,65.33333333333333,0.0,9.236453201970443,case_00134,360
1599,32,81,41,20.77922077922078,52.5974025974026,26.623376623376622,8.784940102681118,case_00161,155
0,0,0,0,0.0,0.0,0.0,0.0,case_00133,254
0,0,0,0,0.0,0.0,0.0,0.0,case_00102,98
0,0,0,0,0.0,0.0,0.0,0.0,case_00125,288
835,14,79,13,13.20754716981132,74.52830188679245,12.264150943396226,11.26461211477152,case_00125,195
0,0,0,0,0.0,0.0,0.0,0.0,case_00113,481
0,0,0,0,0.0,0.0,0.0,0.0,case_00014,125
0,0,0,0,0.0,0.0,0.0,0.0,case_00079,52
0,0,0,0,0.0,0.0,0.0,0.0,case_00033,77
0,0,0,0,0.0,0.0,0.0,0.0,case_00079,91
0,0,587,0,0.0,100.0,0.0,100.0,case_00194,384
0,0,415,0,0.0,100.0,0.0,100.0,case_00102,38
2562,45,84,0,34.883720930232556,65.11627906976744,0.0,4.793756967670011,case_00113,142
4234,48,202,130,12.631578947368421,53.1578947368421,34.21052631578947,8.2358040745557,case_00102,341
52,6,105,0,5.405405405405405,94.5945945945946,0.0,68.09815950920246,case_00086,285
0,0,112,0,0.0,100.0,0.0,100.0,case_00125,43
0,0,0,0,0.0,0.0,0.0,0.0,case_00154,493
0,0,13,0,0.0,100.0,0.0,100.0,case_00014,475
0,0,268,0,0.0,100.0,0.0,100.0,case_00113,457
757,7,85,0,7.608695652173913,92.3913043478261,0.0,10.836277974087162,case_00203,174
0,0,0,0,0.0,0.0,0.0,0.0,case_00033,444
814,18,42,0,30.0,70.0,0.0,6.864988558352403,case_00079,156
0,0,0,0,0.0,0.0,0.0,0.0,case_00125,10
0,0,0,0,0.0,0.0,0.0,0.0,case_00086,265
1038,14,36,0,28.0,72.0,0.0,4.595588235294118,case_00086,342
365,4,23,0,14.814814814814815,85.18518518518519,0.0,6.887755102040816,case_00133,121
0,0,0,0,0.0,0.0,0.0,0.0,case_00194,1
0,0,0,0,0.0,0.0,0.0,0.0,case_00086,64
901,6,98,0,5.769230769230769,94.23076923076923,0.0,10.348258706467663,case_00125,328
539,26,149,0,14.857142857142858,85.14285714285714,0.0,24.50980392156863,case_00194,183
0,0,19,0,0.0,100.0,0.0,100.0,case_00079,112
3184,6,92,0,6.122448979591836,93.87755102040816,0.0,2.9859841560024374,case_00115,158
0,0,0,0,0.0,0.0,0.0,0.0,case_00161,424
0,0,0,0,0.0,0.0,0.0,0.0,case_00115,107
0,0,8,0,0.0,100.0,0.0,100.0,case_00194,259
229,8,55,0,12.698412698412698,87.3015873015873,0.0,21.575342465753426,case_00203,145
0,0,644,0,0.0,100.0,0.0,100.0,case_00134,232
0,0,651,0,0.0,100.0,0.0,100.0,case_00194,370
1394,7,55,0,11.290322580645162,88.70967741935483,0.0,4.258241758241758,case_00033,370
289,25,23,0,52.083333333333336,47.916666666666664,0.0,14.243323442136498,case_00203,346
0,0,0,0,0.0,0.0,0.0,0.0,case_00134,402
0,0,129,0,0.0,100.0,0.0,100.0,case_00125,395
0,0,608,0,0.0,100.0,0.0,100.0,case_00075,490
0,0,55,0,0.0,100.0,0.0,100.0,case_00134,410
0,0,35,0,0.0,100.0,0.0,100.0,case_00014,162
0,0,41,0,0.0,100.0,0.0,100.0,case_00102,103
539,4,49,0,7.547169811320755,92.45283018867924,0.0,8.952702702702704,case_00079,449
0,0,0,0,0.0,0.0,0.0,0.0,case_00033,13
0,0,528,0,0.0,100.0,0.0,100.0,case_00194,475
85,9,6,0,60.0,40.0,0.0,15.0,case_00033,404
0,0,66,0,0.0,100.0,0.0,100.0,case_00194,431
631,4,61,0,6.153846153846154,93.84615384615384,0.0,9.339080459770114,case_00075,142
907,10,42,0,19.23076923076923,80.76923076923077,0.0,5.422314911366006,case_00014,339
238,4,19,0,17.391304347826086,82.6086956521739,0.0,8.812260536398467,case_00133,117
0,0,0,0,0.0,0.0,0.0,0.0,case_00115,462
0,0,799,0,0.0,100.0,0.0,100.0,case_00134,225
0,0,0,0,0.0,0.0,0.0,0.0,case_00115,483
0,0,0,0,0.0,0.0,0.0,0.0,case_00115,440
870,18,66,7,19.78021978021978,72.52747252747253,7.6923076923076925,9.46930280957336,case_00079,437
0,0,0,0,0.0,0.0,0.0,0.0,case_00075,239
0,0,0,0,0.0,0.0,0.0,0.0,case_00154,132
0,0,287,0,0.0,100.0,0.0,100.0,case_00154,473
0,0,128,0,0.0,100.0,0.0,100.0,case_00194,70
0,0,0,0,0.0,0.0,0.0,0.0,case_00125,114
692,9,100,0,8.256880733944953,91.74311926605505,0.0,13.607990012484395,case_00161,215
433,6,24,0,20.0,80.0,0.0,6.479481641468682,case_00125,362
0,0,0,0,0.0,0.0,0.0,0.0,case_00033,113
209,23,10,0,69.6969696969697,30.303030303030305,0.0,13.636363636363637,case_00125,206
379,1,25,0,3.8461538461538463,96.15384615384616,0.0,6.419753086419753,case_00133,284
0,0,0,0,0.0,0.0,0.0,0.0,case_00154,25
0,0,0,0,0.0,0.0,0.0,0.0,case_00033,1
0,0,13,0,0.0,100.0,0.0,100.0,case_00194,210
0,0,0,0,0.0,0.0,0.0,0.0,case_00079,276
186,30,8,0,78.94736842105263,21.05263157894737,0.0,16.964285714285715,case_00014,235
0,0,0,0,0.0,0.0,0.0,0.0,case_00125,274
932,1,56,0,1.7543859649122806,98.24561403508773,0.0,5.763397371081901,case_00125,342
0,0,35,0,0.0,100.0,0.0,100.0,case_00194,214
0,0,0,0,0.0,0.0,0.0,0.0,case_00075,242
0,0,4,0,0.0,100.0,0.0,100.0,case_00014,403
0,0,14,0,0.0,100.0,0.0,100.0,case_00102,80
0,0,15,0,0.0,100.0,0.0,100.0,case_00113,446
276,9,27,0,25.0,75.0,0.0,11.538461538461538,case_00161,232
1213,19,72,0,20.87912087912088,79.12087912087912,0.0,6.978527607361963,case_00086,136
0,0,0,0,0.0,0.0,0.0,0.0,case_00203,1
153,3,19,0,13.636363636363637,86.36363636363636,0.0,12.571428571428571,case_00125,295
0,0,0,0,0.0,0.0,0.0,0.0,case_00125,456
0,0,0,0,0.0,0.0,0.0,0.0,case_00133,466
0,0,0,0,0.0,0.0,0.0,0.0,case_00125,493
0,0,0,0,0.0,0.0,0.0,0.0,case_00075,442
0,0,0,0,0.0,0.0,0.0,0.0,case_00154,112
1382,39,118,53,18.571428571428573,56.19047619047619,25.238095238095237,13.190954773869347,case_00079,351
508,35,25,0,58.333333333333336,41.666666666666664,0.0,10.56338028169014,case_00014,367
1580,27,119,24,15.882352941176471,70.0,14.117647058823529,9.714285714285714,case_00102,305
0,0,493,0,0.0,100.0,0.0,100.0,case_00134,481
0,0,0,0,0.0,0.0,0.0,0.0,case_00115,450
0,0,0,0,0.0,0.0,0.0,0.0,case_00125,432
0,0,0,0,0.0,0.0,0.0,0.0,case_00115,449
0,0,131,0,0.0,100.0,0.0,100.0,case_00125,268
0,0,593,0,0.0,100.0,0.0,100.0,case_00102,250
0,0,44,0,0.0,100.0,0.0,100.0,case_00113,291
0,0,0,0,0.0,0.0,0.0,0.0,case_00079,124
0,0,0,0,0.0,0.0,0.0,0.0,case_00161,35
5,10,5,0,66.66666666666667,33.333333333333336,0.0,75.0,case_00203,328
0,0,0,0,0.0,0.0,0.0,0.0,case_00086,10
1022,33,174,53,12.692307692307692,66.92307692307692,20.384615384615383,20.2808112324493,case_00134,353
0,0,4,0,0.0,100.0,0.0,100.0,case_00014,158
0,0,0,0,0.0,0.0,0.0,0.0,case_00075,269
0,0,137,0,0.0,100.0,0.0,100.0,case_00014,482
1869,11,112,36,6.918238993710692,70.44025157232704,22.641509433962263,7.840236686390533,case_00079,364
0,0,682,0,0.0,100.0,0.0,100.0,case_00161,57
1225,19,150,35,9.313725490196079,73.52941176470588,17.15686274509804,14.275717284814556,case_00079,347
0,0,0,0,0.0,0.0,0.0,0.0,case_00079,126
383,5,73,0,6.410256410256411,93.58974358974359,0.0,16.919739696312366,case_00203,150
990,0,34,0,0.0,100.0,0.0,3.3203125,case_00133,309
2289,15,172,0,8.02139037433155,91.97860962566845,0.0,7.552504038772213,case_00102,398
0,0,0,0,0.0,0.0,0.0,0.0,case_00154,304
1297,21,60,0,25.925925925925927,74.07407407407408,0.0,5.878084179970973,case_00102,181
0,0,196,0,0.0,100.0,0.0,100.0,case_00014,149
0,0,0,0,0.0,0.0,0.0,0.0,case_00115,279
0,0,0,0,0.0,0.0,0.0,0.0,case_00203,53
169,6,11,0,35.294117647058826,64.70588235294117,0.0,9.13978494623656,case_00033,402
55,4,6,0,40.0,60.0,0.0,15.384615384615385,case_00086,95
0,0,0,0,0.0,0.0,0.0,0.0,case_00079,482
0,0,0,0,0.0,0.0,0.0,0.0,case_00079,232
0,0,0,0,0.0,0.0,0.0,0.0,case_00075,230
0,0,0,0,0.0,0.0,0.0,0.0,case_00115,435
643,15,50,0,23.076923076923077,76.92307692307692,0.0,9.180790960451978,case_00079,195
0,0,0,0,0.0,0.0,0.0,0.0,case_00014,26
0,0,4,0,0.0,100.0,0.0,100.0,case_00086,418
0,0,0,0,0.0,0.0,0.0,0.0,case_00134,209
413,4,80,0,4.761904761904762,95.23809523809524,0.0,16.901408450704224,case_00086,299
0,0,0,0,0.0,0.0,0.0,0.0,case_00033,418
0,0,0,0,0.0,0.0,0.0,0.0,case_00086,52
196,24,30,0,44.44444444444444,55.55555555555556,0.0,21.6,case_00079,320
0,0,439,0,0.0,100.0,0.0,100.0,case_00102,33
477,3,32,0,8.571428571428571,91.42857142857143,0.0,6.8359375,case_00086,108
118,3,11,0,21.428571428571427,78.57142857142857,0.0,10.606060606060606,case_00033,320
522,47,46,5,47.95918367346939,46.93877551020408,5.1020408163265305,15.806451612903226,case_00125,200
0,0,0,0,0.0,0.0,0.0,0.0,case_00125,437
0,0,2,0,0.0,100.0,0.0,100.0,case_00134,394
0,0,0,0,0.0,0.0,0.0,0.0,case_00102,436
0,0,0,0,0.0,0.0,0.0,0.0,case_00125,384
0,0,0,0,0.0,0.0,0.0,0.0,case_00154,119
0,0,0,0,0.0,0.0,0.0,0.0,case_00203,281
153,7,42,0,14.285714285714286,85.71428571428571,0.0,24.257425742574256,case_00161,325
0,0,115,0,0.0,100.0,0.0,100.0,case_00125,236
0,0,0,0,0.0,0.0,0.0,0.0,case_00115,223
846,39,41,44,31.451612903225808,33.064516129032256,35.483870967741936,12.783505154639176,case_00079,340
0,0,203,0,0.0,100.0,0.0,100.0,case_00194,326
304,3,17,0,15.0,85.0,0.0,6.172839506172839,case_00033,399
0,0,4,0,0.0,100.0,0.0,100.0,case_00203,112
0,0,0,0,0.0,0.0,0.0,0.0,case_00203,318
0,0,0,0,0.0,0.0,0.0,0.0,case_00203,433
0,0,171,0,0.0,100.0,0.0,100.0,case_00014,406
0,0,55,0,0.0,100.0,0.0,100.0,case_00203,299
1055,34,155,0,17.98941798941799,82.01058201058201,0.0,15.192926045016078,case_00102,410
99,5,12,0,29.41176470588235,70.58823529411765,0.0,14.655172413793103,case_00125,368
1531,14,80,0,14.893617021276595,85.1063829787234,0.0,5.7846153846153845,case_00033,358
0,0,0,0,0.0,0.0,0.0,0.0,case_00033,497
0,0,0,0,0.0,0.0,0.0,0.0,case_00086,503
951,10,56,0,15.151515151515152,84.84848484848484,0.0,6.489675516224189,case_00086,122
0,0,0,0,0.0,0.0,0.0,0.0,case_00115,479
358,12,45,0,21.05263157894737,78.94736842105263,0.0,13.734939759036145,case_00086,105
1422,10,31,0,24.390243902439025,75.60975609756098,0.0,2.802460697197539,case_00033,158
4389,29,174,104,9.446254071661238,56.67752442996743,33.876221498371336,6.5374787052810905,case_00102,347
0,0,0,0,0.0,0.0,0.0,0.0,case_00134,86
1984,57,151,0,27.403846153846153,72.59615384615384,0.0,9.489051094890511,case_00154,183
0,0,0,0,0.0,0.0,0.0,0.0,case_00161,116
0,6,81,0,6.896551724137931,93.10344827586206,0.0,100.0,case_00033,207
0,0,0,0,0.0,0.0,0.0,0.0,case_00079,267
0,0,0,0,0.0,0.0,0.0,0.0,case_00125,214
1273,12,40,0,23.076923076923077,76.92307692307692,0.0,3.9245283018867925,case_00033,151
0,0,4,0,0.0,100.0,0.0,100.0,case_00075,382
0,0,0,0,0.0,0.0,0.0,0.0,case_00115,466
0,0,26,0,0.0,100.0,0.0,100.0,case_00115,254
0,0,283,0,0.0,100.0,0.0,100.0,case_00194,399
2107,9,104,33,6.164383561643835,71.23287671232876,22.602739726027398,6.480248557478917,case_00079,380
0,0,0,0,0.0,0.0,0.0,0.0,case_00079,484
0,0,0,0,0.0,0.0,0.0,0.0,case_00134,128
0,0,215,0,0.0,100.0,0.0,100.0,case_00134,436
501,1,91,0,1.0869565217391304,98.91304347826087,0.0,15.51433389544688,case_00075,365
175,13,9,0,59.09090909090909,40.90909090909091,0.0,11.16751269035533,case_00194,102
0,0,0,0,0.0,0.0,0.0,0.0,case_00115,437
1603,7,88,0,7.368421052631579,92.63157894736842,0.0,5.5948174322732624,case_00161,372
0,0,21,0,0.0,100.0,0.0,100.0,case_00113,299
0,0,55,0,0.0,100.0,0.0,100.0,case_00161,298
0,0,0,0,0.0,0.0,0.0,0.0,case_00125,54
0,0,0,0,0.0,0.0,0.0,0.0,case_00154,68
0,0,0,0,0.0,0.0,0.0,0.0,case_00115,122
0,0,0,0,0.0,0.0,0.0,0.0,case_00133,94
0,0,0,0,0.0,0.0,0.0,0.0,case_00033,41
0,0,0,0,0.0,0.0,0.0,0.0,case_00161,5
2634,55,116,0,32.16374269005848,67.83625730994152,0.0,6.096256684491979,case_00134,186
0,0,156,0,0.0,100.0,0.0,100.0,case_00075,39
0,0,0,0,0.0,0.0,0.0,0.0,case_00203,221
0,0,0,0,0.0,0.0,0.0,0.0,case_00154,441
0,0,0,0,0.0,0.0,0.0,0.0,case_00113,97
1922,78,75,0,50.98039215686274,49.01960784313726,0.0,7.373493975903615,case_00154,172
0,0,0,0,0.0,0.0,0.0,0.0,case_00033,11
640,28,47,0,37.333333333333336,62.666666666666664,0.0,10.48951048951049,case_00086,325
0,0,0,0,0.0,0.0,0.0,0.0,case_00086,22
1396,21,74,0,22.105263157894736,77.89473684210526,0.0,6.3715627095908784,case_00115,303
0,0,518,0,0.0,100.0,0.0,100.0,case_00014,86
0,1,21,0,4.545454545454546,95.45454545454545,0.0,100.0,case_00203,327
0,0,78,0,0.0,100.0,0.0,100.0,case_00086,80
402,5,25,0,16.666666666666668,83.33333333333333,0.0,6.944444444444445,case_00102,206
0,0,518,0,0.0,100.0,0.0,100.0,case_00194,377
0,0,0,0,0.0,0.0,0.0,0.0,case_00086,269
478,9,49,0,15.517241379310345,84.48275862068965,0.0,10.82089552238806,case_00075,138
2016,27,200,73,9.0,66.66666666666667,24.333333333333332,12.953367875647668,case_00113,419
0,0,43,0,0.0,100.0,0.0,100.0,case_00102,86
0,0,0,0,0.0,0.0,0.0,0.0,case_00154,394
1097,14,31,44,15.730337078651685,34.831460674157306,49.438202247191015,7.504215851602024,case_00133,152
0,0,8,0,0.0,100.0,0.0,100.0,case_00014,394
272,16,22,0,42.10526315789474,57.89473684210526,0.0,12.258064516129032,case_00079,219
4330,24,125,30,13.40782122905028,69.83240223463687,16.75977653631285,3.9698381015746285,case_00102,363
727,5,67,0,6.944444444444445,93.05555555555556,0.0,9.011264080100124,case_00133,292
607,8,79,0,9.195402298850574,90.80459770114942,0.0,12.536023054755043,case_00075,304
0,0,0,0,0.0,0.0,0.0,0.0,case_00154,439
0,0,0,0,0.0,0.0,0.0,0.0,case_00161,471
214,17,23,0,42.5,57.5,0.0,15.748031496062993,case_00134,374
675,3,40,0,6.976744186046512,93.02325581395348,0.0,5.988857938718663,case_00102,195
0,0,0,0,0.0,0.0,0.0,0.0,case_00086,224
0,0,28,0,0.0,100.0,0.0,100.0,case_00154,62
982,2,54,0,3.5714285714285716,96.42857142857143,0.0,5.394990366088632,case_00125,336
3830,10,557,96,1.5082956259426847,84.01206636500754,14.479638009049774,14.756287558424216,case_00113,360
0,0,0,0,0.0,0.0,0.0,0.0,case_00134,482
0,0,169,0,0.0,100.0,0.0,100.0,case_00014,83
3823,31,573,118,4.293628808864266,79.3628808864266,16.343490304709142,15.885588558855886,case_00113,363
0,0,153,0,0.0,100.0,0.0,100.0,case_00014,409
0,0,0,0,0.0,0.0,0.0,0.0,case_00134,28
0,0,753,0,0.0,100.0,0.0,100.0,case_00134,228
527,45,14,0,76.27118644067797,23.728813559322035,0.0,10.06825938566553,case_00154,146
0,0,0,0,0.0,0.0,0.0,0.0,case_00161,309
0,0,0,0,0.0,0.0,0.0,0.0,case_00113,56
2435,25,287,0,8.012820512820513,91.98717948717949,0.0,11.357844921732799,case_00113,180
0,0,0,0,0.0,0.0,0.0,0.0,case_00203,69
0,0,306,0,0.0,100.0,0.0,100.0,case_00154,420
334,5,70,0,6.666666666666667,93.33333333333333,0.0,18.337408312958434,case_00203,347
627,35,38,0,47.945205479452056,52.054794520547944,0.0,10.428571428571429,case_00079,194
0,0,0,0,0.0,0.0,0.0,0.0,case_00075,42
792,6,18,0,25.0,75.0,0.0,2.9411764705882355,case_00102,141
0,0,11,0,0.0,100.0,0.0,100.0,case_00102,57
0,0,181,0,0.0,100.0,0.0,100.0,case_00086,481
0,0,35,0,0.0,100.0,0.0,100.0,case_00079,116
0,0,0,0,0.0,0.0,0.0,0.0,case_00194,4
0,0,0,0,0.0,0.0,0.0,0.0,case_00075,272
0,0,0,0,0.0,0.0,0.0,0.0,case_00203,273
0,0,0,0,0.0,0.0,0.0,0.0,case_00014,11
0,0,0,0,0.0,0.0,0.0,0.0,case_00033,440
1155,29,144,26,14.57286432160804,72.36180904522612,13.06532663316583,14.697193500738553,case_00134,352
0,0,0,0,0.0,0.0,0.0,0.0,case_00086,493
0,0,0,0,0.0,0.0,0.0,0.0,case_00086,437
0,0,0,0,0.0,0.0,0.0,0.0,case_00115,231
1419,30,130,0,18.75,81.25,0.0,10.13299556681444,case_00134,306
0,0,0,0,0.0,0.0,0.0,0.0,case_00134,399
1008,30,22,0,57.69230769230769,42.30769230769231,0.0,4.90566037735849,case_00086,341
0,0,0,0,0.0,0.0,0.0,0.0,case_00086,433
0,0,0,0,0.0,0.0,0.0,0.0,case_00134,388
122,1,18,0,5.2631578947368425,94.73684210526316,0.0,13.47517730496454,case_00125,294
0,0,282,0,0.0,100.0,0.0,100.0,case_00033,506
0,0,0,0,0.0,0.0,0.0,0.0,case_00154,280
0,0,16,0,0.0,100.0,0.0,100.0,case_00033,502
0,0,0,0,0.0,0.0,0.0,0.0,case_00161,104
0,0,0,0,0.0,0.0,0.0,0.0,case_00113,78
786,33,53,0,38.372093023255815,61.627906976744185,0.0,9.862385321100918,case_00161,197
978,36,10,0,78.26086956521739,21.73913043478261,0.0,4.4921875,case_00154,151
654,18,38,0,32.142857142857146,67.85714285714286,0.0,7.887323943661972,case_00115,201
0,0,0,0,0.0,0.0,0.0,0.0,case_00203,19
0,0,0,0,0.0,0.0,0.0,0.0,case_00194,230
0,0,0,0,0.0,0.0,0.0,0.0,case_00014,33
0,0,9,0,0.0,100.0,0.0,100.0,case_00161,306
5,4,3,0,57.142857142857146,42.857142857142854,0.0,58.333333333333336,case_00075,224
0,0,0,0,0.0,0.0,0.0,0.0,case_00033,425
76,1,11,0,8.333333333333334,91.66666666666667,0.0,13.636363636363637,case_00014,379
0,0,260,0,0.0,100.0,0.0,100.0,case_00194,57
267,19,28,0,40.42553191489362,59.57446808510638,0.0,14.968152866242038,case_00194,188
0,0,0,0,0.0,0.0,0.0,0.0,case_00113,218
0,0,0,0,0.0,0.0,0.0,0.0,case_00133,407
0,0,0,0,0.0,0.0,0.0,0.0,case_00113,267
0,0,0,0,0.0,0.0,0.0,0.0,case_00154,75
0,0,0,0,0.0,0.0,0.0,0.0,case_00014,27
0,0,0,0,0.0,0.0,0.0,0.0,case_00033,56
0,0,26,0,0.0,100.0,0.0,100.0,case_00194,275
601,10,47,0,17.54385964912281,82.45614035087719,0.0,8.662613981762918,case_00134,366
1242,54,186,0,22.5,77.5,0.0,16.194331983805668,case_00161,344
0,0,435,0,0.0,100.0,0.0,100.0,case_00133,487
3288,10,96,0,9.433962264150944,90.56603773584905,0.0,3.1231585150265175,case_00115,160
0,7,12,0,36.8421052631579,63.1578947368421,0.0,100.0,case_00154,213
2054,43,91,45,24.022346368715084,50.83798882681564,25.139664804469273,8.016121809225258,case_00079,387
0,0,0,0,0.0,0.0,0.0,0.0,case_00203,2
0,0,0,0,0.0,0.0,0.0,0.0,case_00154,110
228,26,29,0,47.27272727272727,52.72727272727273,0.0,19.434628975265017,case_00079,321
0,0,0,0,0.0,0.0,0.0,0.0,case_00161,318
56,0,24,0,0.0,100.0,0.0,30.0,case_00203,417
0,0,0,0,0.0,0.0,0.0,0.0,case_00079,278
0,0,0,0,0.0,0.0,0.0,0.0,case_00154,453
0,0,0,0,0.0,0.0,0.0,0.0,case_00014,130
0,0,661,0,0.0,100.0,0.0,100.0,case_00133,48
0,0,0,0,0.0,0.0,0.0,0.0,case_00133,400
0,0,114,0,0.0,100.0,0.0,100.0,case_00125,250
0,0,0,0,0.0,0.0,0.0,0.0,case_00125,447
0,0,182,0,0.0,100.0,0.0,100.0,case_00102,457
247,18,15,0,54.54545454545455,45.45454545454545,0.0,11.785714285714286,case_00203,344
1170,88,50,0,63.768115942028984,36.231884057971016,0.0,10.55045871559633,case_00115,195
109,2,38,0,5.0,95.0,0.0,26.845637583892618,case_00194,198
0,0,0,0,0.0,0.0,0.0,0.0,case_00203,70
0,0,0,0,0.0,0.0,0.0,0.0,case_00079,473
717,8,43,0,15.686274509803921,84.31372549019608,0.0,6.640625,case_00014,328
0,0,59,0,0.0,100.0,0.0,100.0,case_00113,241
0,0,56,0,0.0,100.0,0.0,100.0,case_00161,82
0,0,0,0,0.0,0.0,0.0,0.0,case_00086,21
575,20,50,0,28.571428571428573,71.42857142857143,0.0,10.852713178294573,case_00079,199
0,0,0,0,0.0,0.0,0.0,0.0,case_00125,138
0,0,0,0,0.0,0.0,0.0,0.0,case_00133,419
0,0,0,0,0.0,0.0,0.0,0.0,case_00203,122
2832,12,226,0,5.042016806722689,94.95798319327731,0.0,7.752442996742671,case_00115,184
2081,17,114,33,10.365853658536585,69.51219512195122,20.121951219512194,7.305122494432071,case_00079,390
0,0,301,0,0.0,100.0,0.0,100.0,case_00075,37
0,0,0,0,0.0,0.0,0.0,0.0,case_00033,457
0,0,0,0,0.0,0.0,0.0,0.0,case_00115,429
373,10,20,0,33.333333333333336,66.66666666666667,0.0,7.444168734491315,case_00125,149
1503,6,84,0,6.666666666666667,93.33333333333333,0.0,5.649717514124294,case_00194,147
0,0,0,0,0.0,0.0,0.0,0.0,case_00079,286
0,0,0,0,0.0,0.0,0.0,0.0,case_00125,115
0,0,0,0,0.0,0.0,0.0,0.0,case_00086,508
0,0,27,0,0.0,100.0,0.0,100.0,case_00115,209
448,21,36,1,36.206896551724135,62.06896551724138,1.7241379310344827,11.462450592885375,case_00154,315
0,0,0,0,0.0,0.0,0.0,0.0,case_00194,281
0,0,18,0,0.0,100.0,0.0,100.0,case_00134,412
0,0,0,0,0.0,0.0,0.0,0.0,case_00113,487
0,0,345,0,0.0,100.0,0.0,100.0,case_00154,51
388,0,89,0,0.0,100.0,0.0,18.658280922431867,case_00075,368
407,5,35,22,8.064516129032258,56.45161290322581,35.483870967741936,13.219616204690832,case_00086,395
0,0,0,0,0.0,0.0,0.0,0.0,case_00154,86
0,0,0,0,0.0,0.0,0.0,0.0,case_00086,501
0,0,449,0,0.0,100.0,0.0,100.0,case_00203,511
0,0,0,0,0.0,0.0,0.0,0.0,case_00203,62
0,0,0,0,0.0,0.0,0.0,0.0,case_00079,289
2276,26,124,0,17.333333333333332,82.66666666666667,0.0,6.183017312448475,case_00134,164
0,0,0,0,0.0,0.0,0.0,0.0,case_00134,103
0,0,0,0,0.0,0.0,0.0,0.0,case_00115,434
0,0,2,0,0.0,100.0,0.0,100.0,case_00079,53
0,0,0,0,0.0,0.0,0.0,0.0,case_00115,464
0,0,47,0,0.0,100.0,0.0,100.0,case_00102,225
0,0,0,0,0.0,0.0,0.0,0.0,case_00115,452
842,37,67,8,33.035714285714285,59.82142857142857,7.142857142857143,11.740041928721174,case_00154,321
0,0,0,0,0.0,0.0,0.0,0.0,case_00033,95
0,0,0,0,0.0,0.0,0.0,0.0,case_00115,224
0,0,0,0,0.0,0.0,0.0,0.0,case_00203,465
802,9,48,5,14.516129032258064,77.41935483870968,8.064516129032258,7.175925925925926,case_00079,440
0,0,225,0,0.0,100.0,0.0,100.0,case_00134,219
0,0,0,0,0.0,0.0,0.0,0.0,case_00086,92
0,0,0,0,0.0,0.0,0.0,0.0,case_00154,438
0,0,219,0,0.0,100.0,0.0,100.0,case_00134,246
0,0,0,0,0.0,0.0,0.0,0.0,case_00115,478
0,0,1245,0,0.0,100.0,0.0,100.0,case_00134,427
115,3,34,0,8.108108108108109,91.89189189189189,0.0,24.342105263157894,case_00194,197
553,6,40,0,13.043478260869565,86.95652173913044,0.0,7.679465776293823,case_00086,110
549,17,29,0,36.95652173913044,63.04347826086956,0.0,7.73109243697479,case_00134,367
0,0,4438,0,0.0,100.0,0.0,100.0,case_00134,44
0,0,1800,0,0.0,100.0,0.0,100.0,case_00125,469
0,0,4,0,0.0,100.0,0.0,100.0,case_00161,396
0,0,0,0,0.0,0.0,0.0,0.0,case_00161,251
553,1,116,0,0.8547008547008547,99.14529914529915,0.0,17.46268656716418,case_00086,180
0,0,5,0,0.0,100.0,0.0,100.0,case_00079,125
0,0,0,0,0.0,0.0,0.0,0.0,case_00115,116
267,4,61,0,6.153846153846154,93.84615384615384,0.0,19.57831325301205,case_00075,371
276,1,36,0,2.7027027027027026,97.29729729729729,0.0,11.821086261980831,case_00102,209
0,0,263,0,0.0,100.0,0.0,100.0,case_00154,102
827,24,59,0,28.91566265060241,71.08433734939759,0.0,9.12087912087912,case_00161,200
0,0,15,0,0.0,100.0,0.0,100.0,case_00154,227
0,0,80,0,0.0,100.0,0.0,100.0,case_00125,255
0,0,0,0,0.0,0.0,0.0,0.0,case_00203,4
0,0,65,0,0.0,100.0,0.0,100.0,case_00203,213
0,0,0,0,0.0,0.0,0.0,0.0,case_00075,249
0,0,3147,0,0.0,100.0,0.0,100.0,case_00134,40
0,0,77,0,0.0,100.0,0.0,100.0,case_00194,407
0,0,0,0,0.0,0.0,0.0,0.0,case_00203,64
0,0,44,0,0.0,100.0,0.0,100.0,case_00134,9
0,0,403,0,0.0,100.0,0.0,100.0,case_00014,432
1192,9,31,0,22.5,77.5,0.0,3.2467532467532467,case_00014,194
0,0,0,0,0.0,0.0,0.0,0.0,case_00014,279
0,0,0,0,0.0,0.0,0.0,0.0,case_00133,15
2743,34,87,0,28.09917355371901,71.90082644628099,0.0,4.2248603351955305,case_00134,170
0,0,0,0,0.0,0.0,0.0,0.0,case_00115,428
245,3,23,1,11.11111111111111,85.18518518518519,3.7037037037037037,9.926470588235293,case_00086,405
1448,6,51,0,10.526315789473685,89.47368421052632,0.0,3.787375415282392,case_00033,368
0,0,36,0,0.0,100.0,0.0,100.0,case_00134,255
2072,24,295,0,7.523510971786834,92.47648902821317,0.0,13.341698034295273,case_00134,318
0,0,0,0,0.0,0.0,0.0,0.0,case_00014,70
1298,34,105,32,19.883040935672515,61.40350877192982,18.71345029239766,11.640571817562968,case_00113,425
0,0,0,0,0.0,0.0,0.0,0.0,case_00075,273
671,4,47,0,7.8431372549019605,92.15686274509804,0.0,7.06371191135734,case_00014,325
0,0,0,0,0.0,0.0,0.0,0.0,case_00134,249
0,0,0,0,0.0,0.0,0.0,0.0,case_00014,420
106,11,19,0,36.666666666666664,63.333333333333336,0.0,22.058823529411764,case_00086,195
914,9,33,0,21.428571428571427,78.57142857142857,0.0,4.393305439330544,case_00133,299
0,0,0,0,0.0,0.0,0.0,0.0,case_00161,421
747,7,34,4,15.555555555555555,75.55555555555556,8.88888888888889,5.681818181818182,case_00133,128
733,9,27,0,25.0,75.0,0.0,4.681404421326398,case_00079,152
0,0,0,0,0.0,0.0,0.0,0.0,case_00115,43
0,0,65,0,0.0,100.0,0.0,100.0,case_00203,46
2344,34,107,0,24.113475177304963,75.88652482269504,0.0,5.674044265593562,case_00113,138
0,0,0,0,0.0,0.0,0.0,0.0,case_00161,29
0,0,43,0,0.0,100.0,0.0,100.0,case_00133,237
1008,12,44,0,21.428571428571427,78.57142857142857,0.0,5.2631578947368425,case_00115,197
0,0,0,0,0.0,0.0,0.0,0.0,case_00194,78
0,0,0,0,0.0,0.0,0.0,0.0,case_00014,296
627,11,73,0,13.095238095238095,86.9047619047619,0.0,11.814345991561181,case_00125,315
0,0,0,0,0.0,0.0,0.0,0.0,case_00079,308
725,34,32,0,51.515151515151516,48.484848484848484,0.0,8.34386852085967,case_00113,114
0,0,0,0,0.0,0.0,0.0,0.0,case_00161,248
992,8,27,55,8.88888888888889,30.0,61.111111111111114,8.317929759704251,case_00133,136
0,0,0,0,0.0,0.0,0.0,0.0,case_00134,240
0,0,0,0,0.0,0.0,0.0,0.0,case_00115,232
2862,14,158,0,8.13953488372093,91.86046511627907,0.0,5.669083717864206,case_00134,173
0,0,0,0,0.0,0.0,0.0,0.0,case_00115,397
178,11,16,0,40.74074074074074,59.25925925925926,0.0,13.170731707317072,case_00203,340
1249,10,51,0,16.39344262295082,83.60655737704919,0.0,4.656488549618321,case_00161,380
0,0,0,0,0.0,0.0,0.0,0.0,case_00133,403
0,0,544,0,0.0,100.0,0.0,100.0,case_00154,472
0,0,0,0,0.0,0.0,0.0,0.0,case_00113,286
0,0,109,0,0.0,100.0,0.0,100.0,case_00161,436
2349,53,204,0,20.622568093385215,79.37743190661479,0.0,9.861857252494245,case_00113,181
0,0,0,0,0.0,0.0,0.0,0.0,case_00161,114
0,0,52,0,0.0,100.0,0.0,100.0,case_00113,287
672,29,38,30,29.896907216494846,39.175257731958766,30.927835051546392,12.613784135240572,case_00161,136
0,0,0,0,0.0,0.0,0.0,0.0,case_00086,5
0,0,0,0,0.0,0.0,0.0,0.0,case_00014,450
0,0,0,0,0.0,0.0,0.0,0.0,case_00203,95
0,0,0,0,0.0,0.0,0.0,0.0,case_00203,463
0,0,0,0,0.0,0.0,0.0,0.0,case_00102,5
0,0,0,0,0.0,0.0,0.0,0.0,case_00033,82
0,0,0,0,0.0,0.0,0.0,0.0,case_00133,412
250,8,26,2,22.22222222222222,72.22222222222223,5.555555555555555,12.587412587412587,case_00086,404
1043,17,82,0,17.171717171717173,82.82828282828282,0.0,8.669001751313486,case_00086,126
0,0,63,0,0.0,100.0,0.0,100.0,case_00125,420
0,0,182,0,0.0,100.0,0.0,100.0,case_00161,73
3412,8,99,0,7.4766355140186915,92.5233644859813,0.0,3.0406365444728616,case_00115,164
0,0,0,0,0.0,0.0,0.0,0.0,case_00086,16
897,12,45,0,21.05263157894737,78.94736842105263,0.0,5.9748427672955975,case_00014,338
0,0,0,0,0.0,0.0,0.0,0.0,case_00203,12
0,0,0,0,0.0,0.0,0.0,0.0,case_00075,11
0,0,0,0,0.0,0.0,0.0,0.0,case_00203,13
209,21,25,22,30.88235294117647,36.76470588235294,32.35294117647059,24.548736462093864,case_00203,405
0,0,0,0,0.0,0.0,0.0,0.0,case_00115,66
0,0,0,0,0.0,0.0,0.0,0.0,case_00033,468
0,0,0,0,0.0,0.0,0.0,0.0,case_00075,51
883,20,55,0,26.666666666666668,73.33333333333333,0.0,7.828810020876826,case_00079,181
3111,2,214,45,0.7662835249042146,81.99233716475096,17.24137931034483,7.740213523131673,case_00115,342
0,0,0,0,0.0,0.0,0.0,0.0,case_00194,268
2946,37,115,0,24.342105263157894,75.65789473684211,0.0,4.906391220142027,case_00134,179
839,15,89,0,14.423076923076923,85.57692307692308,0.0,11.028632025450689,case_00086,334
0,0,0,0,0.0,0.0,0.0,0.0,case_00125,137
408,4,34,0,10.526315789473685,89.47368421052632,0.0,8.52017937219731,case_00014,370
0,0,0,0,0.0,0.0,0.0,0.0,case_00134,244
0,0,0,0,0.0,0.0,0.0,0.0,case_00033,443
0,0,0,0,0.0,0.0,0.0,0.0,case_00014,423
2805,27,199,0,11.946902654867257,88.05309734513274,0.0,7.45628505443748,case_00113,172
807,5,65,0,7.142857142857143,92.85714285714286,0.0,7.98175598631699,case_00075,147
0,0,6,0,0.0,100.0,0.0,100.0,case_00102,97
0,0,0,0,0.0,0.0,0.0,0.0,case_00079,96
0,0,0,0,0.0,0.0,0.0,0.0,case_00086,266
1908,90,101,0,47.12041884816754,52.87958115183246,0.0,9.099571224392568,case_00154,176
1213,14,44,0,24.137931034482758,75.86206896551724,0.0,4.563335955940205,case_00014,201
0,0,0,0,0.0,0.0,0.0,0.0,case_00115,34
308,30,18,0,62.5,37.5,0.0,13.48314606741573,case_00194,106
0,0,9,0,0.0,100.0,0.0,100.0,case_00075,101
0,0,0,0,0.0,0.0,0.0,0.0,case_00133,461
0,0,0,0,0.0,0.0,0.0,0.0,case_00134,468
3647,7,323,38,1.9021739130434783,87.77173913043478,10.326086956521738,9.165628891656288,case_00102,324
0,0,655,0,0.0,100.0,0.0,100.0,case_00102,34
0,0,0,0,0.0,0.0,0.0,0.0,case_00033,55
0,0,0,0,0.0,0.0,0.0,0.0,case_00115,459
0,0,251,0,0.0,100.0,0.0,100.0,case_00161,85
0,0,8,0,0.0,100.0,0.0,100.0,case_00102,105
0,0,919,0,0.0,100.0,0.0,100.0,case_00134,73
59,53,4,0,92.98245614035088,7.017543859649122,0.0,49.13793103448276,case_00134,280
0,0,11,0,0.0,100.0,0.0,100.0,case_00102,100
0,0,1068,0,0.0,100.0,0.0,100.0,case_00134,423
0,0,163,0,0.0,100.0,0.0,100.0,case_00125,22
1884,16,162,0,8.98876404494382,91.01123595505618,0.0,8.63239573229874,case_00154,190
598,70,74,0,48.611111111111114,51.388888888888886,0.0,19.40700808625337,case_00154,203
0,0,348,0,0.0,100.0,0.0,100.0,case_00102,476
2959,26,157,0,14.207650273224044,85.79234972677595,0.0,5.824315722469764,case_00113,156
0,0,0,0,0.0,0.0,0.0,0.0,case_00115,105
0,0,0,0,0.0,0.0,0.0,0.0,case_00113,274
11,1,34,0,2.857142857142857,97.14285714285714,0.0,76.08695652173913,case_00134,378
58,42,0,0,100.0,0.0,0.0,42.0,case_00154,310
1884,17,90,20,13.385826771653543,70.86614173228347,15.748031496062993,6.315266036797613,case_00079,407
538,9,59,0,13.235294117647058,86.76470588235294,0.0,11.221122112211221,case_00203,157
0,0,38,0,0.0,100.0,0.0,100.0,case_00113,492
0,0,0,0,0.0,0.0,0.0,0.0,case_00203,121
1052,8,167,0,4.571428571428571,95.42857142857143,0.0,14.262428687856561,case_00075,322
0,0,148,0,0.0,100.0,0.0,100.0,case_00115,258
0,0,275,0,0.0,100.0,0.0,100.0,case_00075,33
307,8,14,0,36.36363636363637,63.63636363636363,0.0,6.686930091185411,case_00133,281
0,0,129,0,0.0,100.0,0.0,100.0,case_00102,245
0,0,15,0,0.0,100.0,0.0,100.0,case_00203,459
0,0,5,0,0.0,100.0,0.0,100.0,case_00115,412
0,0,0,0,0.0,0.0,0.0,0.0,case_00075,277
0,0,79,0,0.0,100.0,0.0,100.0,case_00125,256
0,0,0,0,0.0,0.0,0.0,0.0,case_00115,226
524,18,23,0,43.90243902439025,56.09756097560975,0.0,7.256637168141593,case_00203,391
0,0,0,0,0.0,0.0,0.0,0.0,case_00203,20
0,0,0,0,0.0,0.0,0.0,0.0,case_00033,439
1031,13,25,41,16.455696202531644,31.645569620253166,51.89873417721519,7.117117117117117,case_00133,157
326,210,11,0,95.02262443438914,4.97737556561086,0.0,40.40219378427788,case_00134,201
1998,46,88,0,34.32835820895522,65.67164179104478,0.0,6.285178236397749,case_00113,132
0,0,30,0,0.0,100.0,0.0,100.0,case_00033,225
0,0,0,0,0.0,0.0,0.0,0.0,case_00086,29
0,0,146,0,0.0,100.0,0.0,100.0,case_00033,303
0,0,186,0,0.0,100.0,0.0,100.0,case_00113,490
0,0,188,0,0.0,100.0,0.0,100.0,case_00134,16
665,20,15,0,57.142857142857146,42.857142857142854,0.0,5.0,case_00115,131
418,7,62,52,5.785123966942149,51.239669421487605,42.97520661157025,22.448979591836736,case_00033,194
0,0,0,0,0.0,0.0,0.0,0.0,case_00075,469
941,10,19,0,34.48275862068966,65.51724137931035,0.0,2.9896907216494846,case_00133,301
0,0,0,0,0.0,0.0,0.0,0.0,case_00014,13
501,0,44,0,0.0,100.0,0.0,8.073394495412844,case_00014,318
556,20,71,0,21.978021978021978,78.02197802197803,0.0,14.064914992272024,case_00113,112
0,0,0,0,0.0,0.0,0.0,0.0,case_00194,225
389,3,48,0,5.882352941176471,94.11764705882354,0.0,11.590909090909092,case_00079,213
0,0,1620,0,0.0,100.0,0.0,100.0,case_00134,72
0,0,0,0,0.0,0.0,0.0,0.0,case_00075,67
0,0,0,0,0.0,0.0,0.0,0.0,case_00125,73
0,0,11,0,0.0,100.0,0.0,100.0,case_00134,256
598,18,14,0,56.25,43.75,0.0,5.079365079365079,case_00203,386
0,0,0,0,0.0,0.0,0.0,0.0,case_00203,241
0,0,0,0,0.0,0.0,0.0,0.0,case_00203,123
1584,56,89,0,38.62068965517241,61.37931034482759,0.0,8.38635049161365,case_00154,354
0,0,60,0,0.0,100.0,0.0,100.0,case_00161,100
0,0,0,0,0.0,0.0,0.0,0.0,case_00102,485
0,0,0,0,0.0,0.0,0.0,0.0,case_00203,240
1419,17,122,8,11.564625850340136,82.99319727891157,5.442176870748299,9.386973180076629,case_00194,157
925,11,49,0,18.333333333333332,81.66666666666667,0.0,6.091370558375634,case_00115,198
0,0,0,0,0.0,0.0,0.0,0.0,case_00033,504
0,0,0,0,0.0,0.0,0.0,0.0,case_00203,217
244,16,14,0,53.333333333333336,46.666666666666664,0.0,10.94890510948905,case_00079,135
1869,15,159,0,8.620689655172415,91.37931034482759,0.0,8.516886930983848,case_00102,403
0,0,0,0,0.0,0.0,0.0,0.0,case_00115,124
0,0,0,0,0.0,0.0,0.0,0.0,case_00161,467
0,0,0,0,0.0,0.0,0.0,0.0,case_00102,92
0,0,0,0,0.0,0.0,0.0,0.0,case_00125,3
0,0,0,0,0.0,0.0,0.0,0.0,case_00075,251
993,1,39,0,2.5,97.5,0.0,3.872216844143272,case_00033,142
4335,23,183,191,5.793450881612091,46.095717884130984,48.11083123425693,8.389687235841082,case_00102,349
664,30,171,9,14.285714285714286,81.42857142857143,4.285714285714286,24.02745995423341,case_00102,297
0,0,0,0,0.0,0.0,0.0,0.0,case_00079,32
776,2,152,0,1.2987012987012987,98.7012987012987,0.0,16.559139784946236,case_00075,195
8,5,0,0,100.0,0.0,0.0,38.46153846153846,case_00125,142
0,0,116,0,0.0,100.0,0.0,100.0,case_00125,403
0,0,0,0,0.0,0.0,0.0,0.0,case_00113,279
0,0,25,0,0.0,100.0,0.0,100.0,case_00125,408
1044,17,47,0,26.5625,73.4375,0.0,5.776173285198556,case_00161,383
0,0,0,0,0.0,0.0,0.0,0.0,case_00086,70
0,0,0,0,0.0,0.0,0.0,0.0,case_00113,98
1768,26,226,0,10.317460317460318,89.68253968253968,0.0,12.475247524752476,case_00113,189
0,0,0,0,0.0,0.0,0.0,0.0,case_00102,84
0,0,0,0,0.0,0.0,0.0,0.0,case_00033,102
0,0,0,0,0.0,0.0,0.0,0.0,case_00133,465
1620,12,41,0,22.641509433962263,77.35849056603773,0.0,3.167961745367603,case_00102,170
0,0,0,0,0.0,0.0,0.0,0.0,case_00161,450
0,0,0,0,0.0,0.0,0.0,0.0,case_00161,16
0,0,0,0,0.0,0.0,0.0,0.0,case_00154,16
0,0,0,0,0.0,0.0,0.0,0.0,case_00133,443
900,15,55,0,21.428571428571427,78.57142857142857,0.0,7.216494845360825,case_00079,180
0,0,5,0,0.0,100.0,0.0,100.0,case_00115,408
0,0,975,0,0.0,100.0,0.0,100.0,case_00125,35
2910,11,162,0,6.358381502890174,93.64161849710983,0.0,5.611417450535193,case_00113,151
0,0,93,0,0.0,100.0,0.0,100.0,case_00125,419
271,9,52,0,14.754098360655737,85.24590163934427,0.0,18.373493975903614,case_00086,190
487,2,84,0,2.3255813953488373,97.67441860465117,0.0,15.008726003490402,case_00161,222
12,18,21,0,46.15384615384615,53.84615384615385,0.0,76.47058823529412,case_00079,464
0,0,0,0,0.0,0.0,0.0,0.0,case_00033,297
0,0,62,0,0.0,100.0,0.0,100.0,case_00125,405
781,5,52,0,8.771929824561404,91.2280701754386,0.0,6.801909307875895,case_00086,117
1062,3,43,0,6.521739130434782,93.47826086956522,0.0,4.1516245487364625,case_00033,381
0,0,225,0,0.0,100.0,0.0,100.0,case_00102,234
0,0,83,0,0.0,100.0,0.0,100.0,case_00161,286
0,0,0,0,0.0,0.0,0.0,0.0,case_00134,208
0,0,0,0,0.0,0.0,0.0,0.0,case_00125,119
0,0,0,0,0.0,0.0,0.0,0.0,case_00203,501
0,0,0,0,0.0,0.0,0.0,0.0,case_00154,509
29,0,107,0,0.0,100.0,0.0,78.67647058823529,case_00203,422
0,0,60,0,0.0,100.0,0.0,100.0,case_00134,259
0,0,0,0,0.0,0.0,0.0,0.0,case_00133,415
0,0,0,0,0.0,0.0,0.0,0.0,case_00075,448
0,0,0,0,0.0,0.0,0.0,0.0,case_00125,133
0,0,0,0,0.0,0.0,0.0,0.0,case_00161,271
712,6,92,0,6.122448979591836,93.87755102040816,0.0,12.098765432098766,case_00125,319
1284,128,60,0,68.08510638297872,31.914893617021278,0.0,12.771739130434783,case_00134,197
811,32,149,0,17.679558011049725,82.32044198895028,0.0,18.245967741935484,case_00161,190
0,0,39,0,0.0,100.0,0.0,100.0,case_00086,482
679,6,62,0,8.823529411764707,91.17647058823529,0.0,9.103078982597054,case_00203,164
906,23,55,0,29.487179487179485,70.51282051282051,0.0,7.926829268292683,case_00113,117
1629,37,154,0,19.3717277486911,80.6282722513089,0.0,10.494505494505495,case_00161,352
0,0,0,0,0.0,0.0,0.0,0.0,case_00014,399
1154,19,77,0,19.791666666666668,80.20833333333333,0.0,7.68,case_00014,208
0,0,22,0,0.0,100.0,0.0,100.0,case_00033,215
0,0,0,0,0.0,0.0,0.0,0.0,case_00125,130
0,0,0,0,0.0,0.0,0.0,0.0,case_00115,443
3975,40,230,41,12.861736334405144,73.95498392282958,13.183279742765274,7.256182921138591,case_00102,332
0,0,0,0,0.0,0.0,0.0,0.0,case_00125,285
2552,26,55,0,32.098765432098766,67.90123456790124,0.0,3.0763387770603874,case_00115,149
3740,65,517,177,8.563899868247693,68.1159420289855,23.320158102766797,16.87041564792176,case_00113,368
289,3,25,0,10.714285714285714,89.28571428571429,0.0,8.832807570977918,case_00125,303
0,0,7,0,0.0,100.0,0.0,100.0,case_00194,211
0,0,22,0,0.0,100.0,0.0,100.0,case_00102,101
0,0,0,0,0.0,0.0,0.0,0.0,case_00033,19
0,0,9,0,0.0,100.0,0.0,100.0,case_00161,307
0,0,0,0,0.0,0.0,0.0,0.0,case_00133,267
0,0,0,0,0.0,0.0,0.0,0.0,case_00194,248
3637,9,650,93,1.196808510638298,86.43617021276596,12.367021276595745,17.133743449532922,case_00113,349
0,0,28,0,0.0,100.0,0.0,100.0,case_00133,214
0,0,0,0,0.0,0.0,0.0,0.0,case_00161,115
327,8,40,23,11.267605633802816,56.33802816901409,32.394366197183096,17.839195979899497,case_00203,400
0,0,40,0,0.0,100.0,0.0,100.0,case_00194,62
472,49,38,0,56.32183908045977,43.67816091954023,0.0,15.56350626118068,case_00113,435
117,2,34,0,5.555555555555555,94.44444444444444,0.0,23.529411764705884,case_00075,375
630,9,94,82,4.864864864864865,50.810810810810814,44.32432432432432,22.699386503067483,case_00079,335
0,0,264,0,0.0,100.0,0.0,100.0,case_00125,46
0,0,11,0,0.0,100.0,0.0,100.0,case_00194,289
698,7,71,0,8.974358974358974,91.02564102564102,0.0,10.051546391752577,case_00203,371
0,0,0,0,0.0,0.0,0.0,0.0,case_00014,277
0,0,0,0,0.0,0.0,0.0,0.0,case_00125,505
0,0,0,0,0.0,0.0,0.0,0.0,case_00161,490
0,0,71,0,0.0,100.0,0.0,100.0,case_00102,124
0,0,0,0,0.0,0.0,0.0,0.0,case_00125,427
0,0,0,0,0.0,0.0,0.0,0.0,case_00161,501
3510,10,108,0,8.474576271186441,91.52542372881356,0.0,3.252480705622933,case_00115,170
0,0,0,0,0.0,0.0,0.0,0.0,case_00154,286
0,0,0,0,0.0,0.0,0.0,0.0,case_00161,257
0,0,0,0,0.0,0.0,0.0,0.0,case_00125,486
0,0,0,0,0.0,0.0,0.0,0.0,case_00075,91
111,16,57,0,21.91780821917808,78.08219178082192,0.0,39.67391304347826,case_00033,205
0,0,66,0,0.0,100.0,0.0,100.0,case_00125,243
0,0,0,0,0.0,0.0,0.0,0.0,case_00161,313
619,15,42,0,26.31578947368421,73.6842105263158,0.0,8.431952662721894,case_00161,218
0,0,200,0,0.0,100.0,0.0,100.0,case_00075,493
2597,44,114,0,27.848101265822784,72.15189873417721,0.0,5.73502722323049,case_00134,168
0,0,63,0,0.0,100.0,0.0,100.0,case_00194,485
0,0,544,0,0.0,100.0,0.0,100.0,case_00194,378
0,0,98,0,0.0,100.0,0.0,100.0,case_00014,398
672,24,82,0,22.641509433962263,77.35849056603773,0.0,13.624678663239074,case_00086,327
0,0,48,0,0.0,100.0,0.0,100.0,case_00125,399
840,6,156,0,3.7037037037037037,96.29629629629629,0.0,16.167664670658684,case_00075,313
3580,28,91,29,18.91891891891892,61.486486486486484,19.594594594594593,3.9699570815450644,case_00102,380
0,0,0,0,0.0,0.0,0.0,0.0,case_00154,2
0,0,682,0,0.0,100.0,0.0,100.0,case_00194,417
1109,10,38,0,20.833333333333332,79.16666666666667,0.0,4.148660328435609,case_00086,361
1032,9,37,0,19.565217391304348,80.43478260869566,0.0,4.267161410018553,case_00125,168
3636,80,454,217,10.652463382157125,60.45272969374168,28.8948069241012,17.118759972646455,case_00113,369
0,0,8,0,0.0,100.0,0.0,100.0,case_00014,54
189,20,56,0,26.31578947368421,73.6842105263158,0.0,28.67924528301887,case_00079,459
0,0,0,0,0.0,0.0,0.0,0.0,case_00075,50
0,0,0,0,0.0,0.0,0.0,0.0,case_00133,425
0,0,27,0,0.0,100.0,0.0,100.0,case_00102,226
746,29,26,0,52.72727272727273,47.27272727272727,0.0,6.866416978776529,case_00014,331
1073,63,59,0,51.63934426229508,48.36065573770492,0.0,10.209205020920502,case_00113,196
0,0,0,0,0.0,0.0,0.0,0.0,case_00134,499
0,0,386,0,0.0,100.0,0.0,100.0,case_00194,364
1378,23,156,0,12.849162011173185,87.15083798882682,0.0,11.496467565831727,case_00113,193
1558,43,122,0,26.060606060606062,73.93939393939394,0.0,9.576320371445155,case_00161,171
0,0,118,0,0.0,100.0,0.0,100.0,case_00161,61
1299,18,66,0,21.428571428571427,78.57142857142857,0.0,6.073752711496746,case_00086,148
0,0,0,0,0.0,0.0,0.0,0.0,case_00154,265
0,0,0,0,0.0,0.0,0.0,0.0,case_00075,227
1015,5,161,0,3.0120481927710845,96.98795180722891,0.0,14.055884843353091,case_00075,319
0,0,0,0,0.0,0.0,0.0,0.0,case_00075,107
535,16,22,0,42.10526315789474,57.89473684210526,0.0,6.631762652705061,case_00133,333
0,0,0,0,0.0,0.0,0.0,0.0,case_00203,495
781,12,43,6,19.672131147540984,70.49180327868852,9.836065573770492,7.244655581947743,case_00079,441
0,0,37,0,0.0,100.0,0.0,100.0,case_00194,314
0,0,418,0,0.0,100.0,0.0,100.0,case_00102,462
0,0,0,0,0.0,0.0,0.0,0.0,case_00086,202
2119,67,140,32,28.03347280334728,58.57740585774059,13.389121338912133,10.13570822731128,case_00102,311
0,0,6,0,0.0,100.0,0.0,100.0,case_00134,76
0,0,38,0,0.0,100.0,0.0,100.0,case_00033,213
0,0,0,0,0.0,0.0,0.0,0.0,case_00079,467
0,0,0,0,0.0,0.0,0.0,0.0,case_00125,269
0,0,0,0,0.0,0.0,0.0,0.0,case_00079,71
685,8,55,0,12.698412698412698,87.3015873015873,0.0,8.422459893048128,case_00134,363
1818,38,167,0,18.536585365853657,81.46341463414635,0.0,10.133465150766188,case_00115,192
0,0,0,0,0.0,0.0,0.0,0.0,case_00133,451
0,0,0,0,0.0,0.0,0.0,0.0,case_00079,256
0,0,0,0,0.0,0.0,0.0,0.0,case_00033,500
0,0,7,0,0.0,100.0,0.0,100.0,case_00014,120
0,0,12,0,0.0,100.0,0.0,100.0,case_00014,154
0,0,0,0,0.0,0.0,0.0,0.0,case_00113,59
0,0,503,0,0.0,100.0,0.0,100.0,case_00161,84
0,0,0,0,0.0,0.0,0.0,0.0,case_00161,4
0,0,0,0,0.0,0.0,0.0,0.0,case_00113,103
587,9,59,0,13.235294117647058,86.76470588235294,0.0,10.381679389312977,case_00125,313
0,0,0,0,0.0,0.0,0.0,0.0,case_00014,133
0,0,684,0,0.0,100.0,0.0,100.0,case_00125,93
152,1,59,0,1.6666666666666667,98.33333333333333,0.0,28.30188679245283,case_00134,281
50,1,20,1,4.545454545454546,90.9090909090909,4.545454545454546,30.555555555555557,case_00203,418
0,0,0,0,0.0,0.0,0.0,0.0,case_00113,251
0,0,0,0,0.0,0.0,0.0,0.0,case_00014,254
0,0,1184,0,0.0,100.0,0.0,100.0,case_00161,59
1642,21,103,33,13.375796178343949,65.60509554140127,21.019108280254777,8.727070594774874,case_00161,157
0,0,110,0,0.0,100.0,0.0,100.0,case_00161,289
0,0,0,0,0.0,0.0,0.0,0.0,case_00102,496
0,0,0,0,0.0,0.0,0.0,0.0,case_00115,12
1684,11,100,0,9.90990990990991,90.09009009009009,0.0,6.183844011142061,case_00134,157
0,0,1,0,0.0,100.0,0.0,100.0,case_00161,319
0,0,83,0,0.0,100.0,0.0,100.0,case_00125,392
0,0,0,0,0.0,0.0,0.0,0.0,case_00134,478
0,0,0,0,0.0,0.0,0.0,0.0,case_00203,249
0,0,0,0,0.0,0.0,0.0,0.0,case_00133,190
36,29,26,0,52.72727272727273,47.27272727272727,0.0,60.43956043956044,case_00161,238
446,6,84,0,6.666666666666667,93.33333333333333,0.0,16.791044776119403,case_00113,310
82,23,19,0,54.76190476190476,45.23809523809524,0.0,33.87096774193548,case_00161,237
0,0,0,0,0.0,0.0,0.0,0.0,case_00014,2
0,0,0,0,0.0,0.0,0.0,0.0,case_00133,423
0,0,1,0,0.0,100.0,0.0,100.0,case_00075,486
0,0,0,0,0.0,0.0,0.0,0.0,case_00161,34
0,0,0,0,0.0,0.0,0.0,0.0,case_00133,481
0,0,0,0,0.0,0.0,0.0,0.0,case_00133,497
0,0,0,0,0.0,0.0,0.0,0.0,case_00154,36
0,0,0,0,0.0,0.0,0.0,0.0,case_00115,502
404,23,46,0,33.333333333333336,66.66666666666667,0.0,14.587737843551798,case_00161,331
0,0,0,0,0.0,0.0,0.0,0.0,case_00115,407
0,0,0,0,0.0,0.0,0.0,0.0,case_00113,82
0,0,0,0,0.0,0.0,0.0,0.0,case_00154,395
910,17,40,0,29.82456140350877,70.17543859649123,0.0,5.894519131334023,case_00014,340
48,3,13,0,18.75,81.25,0.0,25.0,case_00133,351
0,0,481,0,0.0,100.0,0.0,100.0,case_00154,61
917,16,78,0,17.02127659574468,82.97872340425532,0.0,9.297725024727992,case_00014,218
0,0,0,0,0.0,0.0,0.0,0.0,case_00033,8
0,0,0,0,0.0,0.0,0.0,0.0,case_00075,504
0,0,0,0,0.0,0.0,0.0,0.0,case_00133,262
1096,6,65,0,8.450704225352112,91.54929577464789,0.0,6.083976006855184,case_00194,124
1477,10,68,0,12.820512820512821,87.17948717948718,0.0,5.016077170418006,case_00161,375
476,3,23,0,11.538461538461538,88.46153846153847,0.0,5.179282868525896,case_00125,361
1531,22,147,44,10.328638497652582,69.01408450704226,20.657276995305164,12.213302752293577,case_00079,354
4362,31,164,103,10.40268456375839,55.033557046979865,34.56375838926174,6.394849785407725,case_00102,346
0,0,661,0,0.0,100.0,0.0,100.0,case_00102,273
0,0,0,0,0.0,0.0,0.0,0.0,case_00134,21
745,4,95,0,4.040404040404041,95.95959595959596,0.0,11.729857819905213,case_00075,309
0,0,0,0,0.0,0.0,0.0,0.0,case_00161,66
0,0,0,0,0.0,0.0,0.0,0.0,case_00125,102
0,0,43,0,0.0,100.0,0.0,100.0,case_00154,290
0,0,10,0,0.0,100.0,0.0,100.0,case_00033,306
0,0,69,0,0.0,100.0,0.0,100.0,case_00102,16
565,14,95,0,12.844036697247706,87.1559633027523,0.0,16.172106824925816,case_00203,195
1132,7,35,45,8.045977011494253,40.229885057471265,51.724137931034484,7.136997538966366,case_00133,147
0,0,0,0,0.0,0.0,0.0,0.0,case_00014,418
1612,13,32,0,28.88888888888889,71.11111111111111,0.0,2.715751357875679,case_00102,163
0,0,0,0,0.0,0.0,0.0,0.0,case_00203,454
0,0,0,0,0.0,0.0,0.0,0.0,case_00194,213
0,0,0,0,0.0,0.0,0.0,0.0,case_00102,228
3801,34,478,146,5.167173252279635,72.64437689969606,22.188449848024316,14.756671899529042,case_00113,366
0,0,0,0,0.0,0.0,0.0,0.0,case_00194,464
0,0,0,0,0.0,0.0,0.0,0.0,case_00033,442
0,0,368,0,0.0,100.0,0.0,100.0,case_00134,37
1576,70,100,33,34.48275862068966,49.26108374384236,16.25615763546798,11.410905002810567,case_00154,340
0,0,4359,0,0.0,100.0,0.0,100.0,case_00134,61
0,0,125,0,0.0,100.0,0.0,100.0,case_00154,424
0,0,0,0,0.0,0.0,0.0,0.0,case_00079,292
0,0,0,0,0.0,0.0,0.0,0.0,case_00115,113
0,0,0,0,0.0,0.0,0.0,0.0,case_00161,265
0,0,0,0,0.0,0.0,0.0,0.0,case_00033,118
635,25,49,0,33.78378378378378,66.21621621621621,0.0,10.437235543018335,case_00113,113
0,0,0,0,0.0,0.0,0.0,0.0,case_00133,100
0,12,0,0,100.0,0.0,0.0,100.0,case_00133,187
0,0,0,0,0.0,0.0,0.0,0.0,case_00014,494
0,0,0,0,0.0,0.0,0.0,0.0,case_00134,485
0,0,46,0,0.0,100.0,0.0,100.0,case_00115,378
0,0,208,0,0.0,100.0,0.0,100.0,case_00075,397
0,0,0,0,0.0,0.0,0.0,0.0,case_00161,317
0,0,31,0,0.0,100.0,0.0,100.0,case_00115,222
0,0,0,0,0.0,0.0,0.0,0.0,case_00203,498
0,0,27,0,0.0,100.0,0.0,100.0,case_00033,315
0,0,52,0,0.0,100.0,0.0,100.0,case_00194,311
0,0,25,0,0.0,100.0,0.0,100.0,case_00133,258
0,0,38,0,0.0,100.0,0.0,100.0,case_00125,247
0,0,160,0,0.0,100.0,0.0,100.0,case_00161,62
0,0,13,0,0.0,100.0,0.0,100.0,case_00033,314
2793,29,218,0,11.740890688259109,88.25910931174089,0.0,8.125,case_00113,148
3777,21,227,123,5.660377358490566,61.18598382749326,33.15363881401617,8.944069431051108,case_00113,376
0,0,0,0,0.0,0.0,0.0,0.0,case_00203,473
0,0,0,0,0.0,0.0,0.0,0.0,case_00033,464
0,0,0,0,0.0,0.0,0.0,0.0,case_00194,83
698,8,31,5,18.181818181818183,70.45454545454545,11.363636363636363,5.929919137466308,case_00133,127
0,0,0,0,0.0,0.0,0.0,0.0,case_00154,93
0,0,113,0,0.0,100.0,0.0,100.0,case_00115,282
0,0,0,0,0.0,0.0,0.0,0.0,case_00125,510
0,0,0,0,0.0,0.0,0.0,0.0,case_00154,67
0,0,119,0,0.0,100.0,0.0,100.0,case_00161,55
1039,38,14,0,73.07692307692308,26.923076923076923,0.0,4.766269477543538,case_00154,152
0,0,17,0,0.0,100.0,0.0,100.0,case_00079,236
0,0,0,0,0.0,0.0,0.0,0.0,case_00203,475
0,0,0,0,0.0,0.0,0.0,0.0,case_00203,22
397,18,78,2,18.367346938775512,79.59183673469387,2.0408163265306123,19.7979797979798,case_00133,174
0,0,262,0,0.0,100.0,0.0,100.0,case_00086,468
0,0,250,0,0.0,100.0,0.0,100.0,case_00194,447
0,0,0,0,0.0,0.0,0.0,0.0,case_00203,243
0,0,0,0,0.0,0.0,0.0,0.0,case_00014,76
0,0,0,0,0.0,0.0,0.0,0.0,case_00113,240
0,0,0,0,0.0,0.0,0.0,0.0,case_00014,12
882,16,23,3,38.095238095238095,54.76190476190476,7.142857142857143,4.545454545454546,case_00133,131
35,1,93,0,1.0638297872340425,98.93617021276596,0.0,72.86821705426357,case_00113,442
2123,29,270,0,9.698996655518394,90.3010033444816,0.0,12.345169281585466,case_00134,319
0,0,0,0,0.0,0.0,0.0,0.0,case_00161,475
0,0,46,0,0.0,100.0,0.0,100.0,case_00134,75
0,0,0,0,0.0,0.0,0.0,0.0,case_00161,315
1180,12,88,17,10.256410256410257,75.21367521367522,14.52991452991453,9.020817270624518,case_00033,184
1970,51,107,0,32.278481012658226,67.72151898734177,0.0,7.424812030075188,case_00154,180
1478,6,60,0,9.090909090909092,90.9090909090909,0.0,4.274611398963731,case_00033,366
0,0,0,0,0.0,0.0,0.0,0.0,case_00113,469
0,0,0,0,0.0,0.0,0.0,0.0,case_00194,43
0,0,0,0,0.0,0.0,0.0,0.0,case_00154,120
459,5,68,0,6.8493150684931505,93.15068493150685,0.0,13.721804511278195,case_00203,153
0,0,0,0,0.0,0.0,0.0,0.0,case_00086,34
1898,46,169,56,16.974169741697416,62.361623616236166,20.66420664206642,12.494236975564776,case_00113,420
0,0,0,0,0.0,0.0,0.0,0.0,case_00203,437
0,0,0,0,0.0,0.0,0.0,0.0,case_00079,295
0,0,0,0,0.0,0.0,0.0,0.0,case_00134,487
1263,37,67,0,35.57692307692308,64.42307692307692,0.0,7.607900512070227,case_00134,153
0,0,0,0,0.0,0.0,0.0,0.0,case_00033,280
568,0,90,31,0.0,74.3801652892562,25.619834710743802,17.56168359941945,case_00086,389
0,0,128,0,0.0,100.0,0.0,100.0,case_00102,26
0,0,127,0,0.0,100.0,0.0,100.0,case_00161,297
185,11,37,0,22.916666666666668,77.08333333333333,0.0,20.600858369098713,case_00086,193
0,0,123,0,0.0,100.0,0.0,100.0,case_00161,296
0,0,44,0,0.0,100.0,0.0,100.0,case_00154,283
360,84,19,0,81.55339805825243,18.446601941747574,0.0,22.24622030237581,case_00154,205
1148,37,55,0,40.21739130434783,59.78260869565217,0.0,7.419354838709677,case_00134,152
0,0,0,0,0.0,0.0,0.0,0.0,case_00203,494
0,0,0,0,0.0,0.0,0.0,0.0,case_00075,506
305,8,34,34,10.526315789473685,44.73684210526316,44.73684210526316,19.94750656167979,case_00086,399
0,0,0,0,0.0,0.0,0.0,0.0,case_00086,504
2606,45,181,56,15.957446808510639,64.18439716312056,19.858156028368793,9.76454293628809,case_00113,411
0,0,239,0,0.0,100.0,0.0,100.0,case_00075,407
0,0,0,0,0.0,0.0,0.0,0.0,case_00086,2
0,0,201,0,0.0,100.0,0.0,100.0,case_00194,322
2789,32,132,0,19.51219512195122,80.48780487804878,0.0,5.55367422959702,case_00134,171
0,0,0,0,0.0,0.0,0.0,0.0,case_00161,118
768,20,41,0,32.78688524590164,67.21311475409836,0.0,7.3582629674306395,case_00079,154
0,0,0,0,0.0,0.0,0.0,0.0,case_00086,26
0,0,0,0,0.0,0.0,0.0,0.0,case_00161,77
0,0,0,0,0.0,0.0,0.0,0.0,case_00161,49
0,0,0,0,0.0,0.0,0.0,0.0,case_00075,52
0,0,550,0,0.0,100.0,0.0,100.0,case_00194,355
872,5,83,0,5.681818181818182,94.31818181818181,0.0,9.166666666666666,case_00125,326
0,0,0,0,0.0,0.0,0.0,0.0,case_00115,276
792,10,93,0,9.70873786407767,90.29126213592232,0.0,11.508379888268156,case_00161,209
0,0,0,0,0.0,0.0,0.0,0.0,case_00203,248
0,0,0,0,0.0,0.0,0.0,0.0,case_00033,32
837,16,27,6,32.6530612244898,55.10204081632653,12.244897959183673,5.530474040632054,case_00133,130
896,28,44,31,27.184466019417474,42.71844660194175,30.097087378640776,10.31031031031031,case_00161,139
0,0,0,0,0.0,0.0,0.0,0.0,case_00203,289
0,0,1100,0,0.0,100.0,0.0,100.0,case_00194,52
1650,11,110,0,9.090909090909092,90.9090909090909,0.0,6.832298136645963,case_00161,370
912,14,63,12,15.730337078651685,70.78651685393258,13.48314606741573,8.89110889110889,case_00125,193
0,0,0,0,0.0,0.0,0.0,0.0,case_00134,497
1618,11,37,0,22.916666666666668,77.08333333333333,0.0,2.881152460984394,case_00102,164
2000,42,131,0,24.277456647398843,75.72254335260115,0.0,7.96134376438104,case_00154,181
3221,41,127,78,16.666666666666668,51.6260162601626,31.70731707317073,7.095471589270263,case_00113,397
0,0,0,0,0.0,0.0,0.0,0.0,case_00115,454
1767,15,150,0,9.090909090909092,90.9090909090909,0.0,8.540372670807454,case_00161,364
0,0,112,0,0.0,100.0,0.0,100.0,case_00014,94
0,0,40,0,0.0,100.0,0.0,100.0,case_00125,280
0,0,3,0,0.0,100.0,0.0,100.0,case_00033,477
3058,36,141,122,12.040133779264215,47.15719063545151,40.802675585284284,8.90676198987191,case_00113,401
2139,11,158,0,6.508875739644971,93.49112426035504,0.0,7.322357019064125,case_00102,400
2225,24,114,36,13.793103448275861,65.51724137931035,20.689655172413794,7.253022092538558,case_00134,328
0,0,0,0,0.0,0.0,0.0,0.0,case_00014,252
0,0,117,0,0.0,100.0,0.0,100.0,case_00194,480
464,6,21,0,22.22222222222222,77.77777777777777,0.0,5.4989816700611,case_00133,335
0,0,0,0,0.0,0.0,0.0,0.0,case_00014,139
0,0,0,0,0.0,0.0,0.0,0.0,case_00113,53
0,0,0,0,0.0,0.0,0.0,0.0,case_00086,25
0,0,34,0,0.0,100.0,0.0,100.0,case_00079,508
0,0,0,0,0.0,0.0,0.0,0.0,case_00086,483
0,0,0,0,0.0,0.0,0.0,0.0,case_00113,25
17,3,40,0,6.976744186046512,93.02325581395348,0.0,71.66666666666667,case_00113,212
2771,18,215,0,7.725321888412017,92.27467811158799,0.0,7.756324900133156,case_00113,173
0,0,0,0,0.0,0.0,0.0,0.0,case_00115,80
1497,6,95,0,5.9405940594059405,94.05940594059406,0.0,6.320400500625782,case_00194,148
793,18,40,0,31.03448275862069,68.96551724137932,0.0,6.81551116333725,case_00079,155
703,9,61,0,12.857142857142858,87.14285714285714,0.0,9.055627425614489,case_00203,375
542,37,13,0,74.0,26.0,0.0,8.445945945945946,case_00154,378
0,0,1,0,0.0,100.0,0.0,100.0,case_00033,270
0,0,0,0,0.0,0.0,0.0,0.0,case_00086,499
0,0,0,0,0.0,0.0,0.0,0.0,case_00203,438
0,0,10,0,0.0,100.0,0.0,100.0,case_00154,128
3204,14,169,0,7.6502732240437155,92.34972677595628,0.0,5.403011514614703,case_00115,178
0,0,3,0,0.0,100.0,0.0,100.0,case_00154,218
0,0,9,0,0.0,100.0,0.0,100.0,case_00134,431
0,0,597,0,0.0,100.0,0.0,100.0,case_00113,13
0,0,0,0,0.0,0.0,0.0,0.0,case_00113,61
0,0,8,0,0.0,100.0,0.0,100.0,case_00194,260
0,0,15,0,0.0,100.0,0.0,100.0,case_00115,286
0,0,0,0,0.0,0.0,0.0,0.0,case_00079,8
0,0,0,0,0.0,0.0,0.0,0.0,case_00154,12
0,0,0,0,0.0,0.0,0.0,0.0,case_00033,469
0,0,89,0,0.0,100.0,0.0,100.0,case_00194,46
0,0,0,0,0.0,0.0,0.0,0.0,case_00113,255
0,0,0,0,0.0,0.0,0.0,0.0,case_00033,414
0,0,4634,0,0.0,100.0,0.0,100.0,case_00134,65
0,0,0,0,0.0,0.0,0.0,0.0,case_00115,505
0,0,189,0,0.0,100.0,0.0,100.0,case_00075,478
0,0,0,0,0.0,0.0,0.0,0.0,case_00133,25
0,0,0,0,0.0,0.0,0.0,0.0,case_00161,41
0,0,0,0,0.0,0.0,0.0,0.0,case_00194,482
0,0,684,0,0.0,100.0,0.0,100.0,case_00194,504
1311,2,79,0,2.4691358024691357,97.53086419753086,0.0,5.818965517241379,case_00194,132
443,10,68,0,12.820512820512821,87.17948717948718,0.0,14.971209213051823,case_00079,210
1338,15,80,0,15.789473684210526,84.21052631578948,0.0,6.6294487090020935,case_00161,378
1087,20,147,0,11.976047904191617,88.02395209580838,0.0,13.317384370015949,case_00075,326
0,0,2,0,0.0,100.0,0.0,100.0,case_00086,426
0,0,4013,0,0.0,100.0,0.0,100.0,case_00134,58
0,0,366,0,0.0,100.0,0.0,100.0,case_00113,455
190,8,19,0,29.62962962962963,70.37037037037037,0.0,12.442396313364055,case_00125,145
0,0,0,0,0.0,0.0,0.0,0.0,case_00203,11
561,29,23,0,55.76923076923077,44.23076923076923,0.0,8.482871125611746,case_00134,288
1424,1,39,0,2.5,97.5,0.0,2.73224043715847,case_00102,155
1287,30,139,0,17.75147928994083,82.24852071005917,0.0,11.607142857142858,case_00161,179
136,28,14,0,66.66666666666667,33.333333333333336,0.0,23.59550561797753,case_00154,311
0,0,0,0,0.0,0.0,0.0,0.0,case_00134,384
294,3,45,0,6.25,93.75,0.0,14.035087719298245,case_00161,231
0,0,0,0,0.0,0.0,0.0,0.0,case_00161,18
0,0,751,0,0.0,100.0,0.0,100.0,case_00102,269
0,0,0,0,0.0,0.0,0.0,0.0,case_00086,48
0,0,0,0,0.0,0.0,0.0,0.0,case_00133,364
0,0,0,0,0.0,0.0,0.0,0.0,case_00125,423
0,0,6,0,0.0,100.0,0.0,100.0,case_00133,3
729,39,11,0,78.0,22.0,0.0,6.418485237483954,case_00115,297
841,19,140,0,11.949685534591195,88.0503144654088,0.0,15.9,case_00161,189
0,0,0,0,0.0,0.0,0.0,0.0,case_00154,454
0,0,0,0,0.0,0.0,0.0,0.0,case_00079,272
499,9,59,0,13.235294117647058,86.76470588235294,0.0,11.99294532627866,case_00075,301
1384,5,96,0,4.9504950495049505,95.04950495049505,0.0,6.801346801346801,case_00194,136
954,9,30,0,23.076923076923077,76.92307692307692,0.0,3.9274924471299095,case_00014,348
788,5,79,0,5.9523809523809526,94.04761904761905,0.0,9.63302752293578,case_00161,210
1261,2,142,18,1.2345679012345678,87.65432098765432,11.11111111111111,11.384399156711174,case_00075,341
942,14,15,17,30.434782608695652,32.608695652173914,36.95652173913044,4.65587044534413,case_00133,133
0,0,0,0,0.0,0.0,0.0,0.0,case_00014,73
1065,11,62,15,12.5,70.45454545454545,17.045454545454547,7.632263660017346,case_00125,188
0,0,0,0,0.0,0.0,0.0,0.0,case_00154,214
0,0,0,0,0.0,0.0,0.0,0.0,case_00194,305
777,62,56,0,52.54237288135593,47.45762711864407,0.0,13.184357541899441,case_00161,194
963,19,42,0,31.147540983606557,68.85245901639344,0.0,5.95703125,case_00086,339
0,0,67,0,0.0,100.0,0.0,100.0,case_00079,486
513,18,132,0,12.0,88.0,0.0,22.624434389140273,case_00102,415
1301,10,215,31,3.90625,83.984375,12.109375,16.441875401412975,case_00102,302
0,0,0,0,0.0,0.0,0.0,0.0,case_00134,29
628,50,56,0,47.16981132075472,52.83018867924528,0.0,14.44141689373297,case_00079,191
319,18,26,27,25.35211267605634,36.61971830985915,38.028169014084504,18.205128205128204,case_00086,398
2287,58,230,0,20.13888888888889,79.86111111111111,0.0,11.184466019417476,case_00134,190
0,0,0,0,0.0,0.0,0.0,0.0,case_00113,69
0,0,100,0,0.0,100.0,0.0,100.0,case_00075,502
1723,9,128,37,5.172413793103448,73.5632183908046,21.264367816091955,9.172377438060096,case_00079,359
0,0,0,0,0.0,0.0,0.0,0.0,case_00115,24
953,21,48,0,30.434782608695652,69.56521739130434,0.0,6.75146771037182,case_00079,177
1407,3,40,0,6.976744186046512,93.02325581395348,0.0,2.9655172413793105,case_00033,157
1609,25,138,40,12.31527093596059,67.98029556650246,19.704433497536947,11.20309050772627,case_00079,356
2615,23,161,35,10.502283105022832,73.51598173515981,15.981735159817351,7.727593507410021,case_00115,315
0,0,26,0,0.0,100.0,0.0,100.0,case_00203,472
1132,44,52,0,45.833333333333336,54.166666666666664,0.0,7.817589576547231,case_00113,120
0,0,66,0,0.0,100.0,0.0,100.0,case_00079,229
462,31,94,37,19.135802469135804,58.02469135802469,22.839506172839506,25.96153846153846,case_00033,193
0,0,12,0,0.0,100.0,0.0,100.0,case_00102,431
1394,21,66,31,17.796610169491526,55.932203389830505,26.271186440677965,7.804232804232805,case_00033,176
389,5,46,0,9.803921568627452,90.19607843137256,0.0,11.590909090909092,case_00203,349
0,0,0,0,0.0,0.0,0.0,0.0,case_00113,26
0,0,0,0,0.0,0.0,0.0,0.0,case_00161,305
0,0,0,0,0.0,0.0,0.0,0.0,case_00154,251
0,0,0,0,0.0,0.0,0.0,0.0,case_00154,274
484,4,67,0,5.633802816901408,94.36619718309859,0.0,12.792792792792794,case_00203,154
0,0,0,0,0.0,0.0,0.0,0.0,case_00086,239
0,0,46,0,0.0,100.0,0.0,100.0,case_00125,279
0,0,170,0,0.0,100.0,0.0,100.0,case_00115,262
327,17,7,0,70.83333333333333,29.166666666666668,0.0,6.837606837606837,case_00115,128
0,0,0,0,0.0,0.0,0.0,0.0,case_00134,491
0,2,2,0,50.0,50.0,0.0,100.0,case_00125,212
0,0,0,0,0.0,0.0,0.0,0.0,case_00125,97
0,0,0,0,0.0,0.0,0.0,0.0,case_00075,78
0,0,0,0,0.0,0.0,0.0,0.0,case_00113,72
0,0,155,0,0.0,100.0,0.0,100.0,case_00033,238
0,0,0,0,0.0,0.0,0.0,0.0,case_00033,78
650,19,88,0,17.757009345794394,82.24299065420561,0.0,14.134742404227213,case_00203,190
0,0,8,0,0.0,100.0,0.0,100.0,case_00154,301
0,0,0,0,0.0,0.0,0.0,0.0,case_00079,66
0,0,0,0,0.0,0.0,0.0,0.0,case_00154,458
0,0,0,0,0.0,0.0,0.0,0.0,case_00161,470
0,0,98,0,0.0,100.0,0.0,100.0,case_00133,61
0,0,114,0,0.0,100.0,0.0,100.0,case_00125,393
3661,18,114,26,11.39240506329114,72.15189873417721,16.455696202531644,4.1372086933752295,case_00102,379
0,0,6651,0,0.0,100.0,0.0,100.0,case_00134,46
0,0,0,0,0.0,0.0,0.0,0.0,case_00154,490
0,0,242,0,0.0,100.0,0.0,100.0,case_00079,105
0,0,341,0,0.0,100.0,0.0,100.0,case_00014,108
0,0,108,0,0.0,100.0,0.0,100.0,case_00125,87
754,8,74,0,9.75609756097561,90.2439024390244,0.0,9.808612440191387,case_00203,172
180,7,33,0,17.5,82.5,0.0,18.181818181818183,case_00086,409
2660,6,107,27,4.285714285714286,76.42857142857143,19.285714285714285,5.0,case_00115,349
0,0,0,0,0.0,0.0,0.0,0.0,case_00033,307
0,0,0,0,0.0,0.0,0.0,0.0,case_00161,123
0,0,0,0,0.0,0.0,0.0,0.0,case_00033,222
2963,66,472,52,11.186440677966102,80.0,8.813559322033898,16.60568533633549,case_00113,338
0,0,0,0,0.0,0.0,0.0,0.0,case_00102,287
739,9,56,0,13.846153846153847,86.15384615384616,0.0,8.08457711442786,case_00075,145
0,0,0,0,0.0,0.0,0.0,0.0,case_00033,66
0,0,149,0,0.0,100.0,0.0,100.0,case_00014,402
63,1,43,0,2.272727272727273,97.72727272727273,0.0,41.12149532710281,case_00075,377
0,0,0,0,0.0,0.0,0.0,0.0,case_00203,490
0,0,104,0,0.0,100.0,0.0,100.0,case_00125,49
0,0,0,0,0.0,0.0,0.0,0.0,case_00154,82
798,36,8,0,81.81818181818181,18.181818181818183,0.0,5.225653206650831,case_00154,149
526,2,31,0,6.0606060606060606,93.93939393939394,0.0,5.903398926654741,case_00033,130
0,0,0,0,0.0,0.0,0.0,0.0,case_00102,488
0,0,0,0,0.0,0.0,0.0,0.0,case_00161,24
0,0,64,0,0.0,100.0,0.0,100.0,case_00079,108
0,0,8,0,0.0,100.0,0.0,100.0,case_00079,120
0,0,0,0,0.0,0.0,0.0,0.0,case_00033,310
0,0,0,0,0.0,0.0,0.0,0.0,case_00154,10
702,13,20,0,39.39393939393939,60.60606060606061,0.0,4.489795918367347,case_00125,157
0,0,101,0,0.0,100.0,0.0,100.0,case_00014,61
0,0,0,0,0.0,0.0,0.0,0.0,case_00079,16
0,0,672,0,0.0,100.0,0.0,100.0,case_00075,418
0,0,0,0,0.0,0.0,0.0,0.0,case_00079,241
760,17,74,55,11.643835616438356,50.68493150684932,37.67123287671233,16.11479028697572,case_00079,338
0,0,0,0,0.0,0.0,0.0,0.0,case_00033,298
0,0,0,0,0.0,0.0,0.0,0.0,case_00075,75
0,0,0,0,0.0,0.0,0.0,0.0,case_00125,116
0,0,45,0,0.0,100.0,0.0,100.0,case_00115,387
0,0,0,0,0.0,0.0,0.0,0.0,case_00125,465
0,0,0,0,0.0,0.0,0.0,0.0,case_00033,37
0,0,634,0,0.0,100.0,0.0,100.0,case_00134,222
485,5,91,0,5.208333333333333,94.79166666666667,0.0,16.523235800344235,case_00079,207
0,0,0,0,0.0,0.0,0.0,0.0,case_00086,253
973,1,53,0,1.8518518518518519,98.14814814814815,0.0,5.258033106134372,case_00125,339
0,0,0,0,0.0,0.0,0.0,0.0,case_00086,222
0,0,0,0,0.0,0.0,0.0,0.0,case_00102,222
2004,37,97,0,27.611940298507463,72.38805970149254,0.0,6.267539756782039,case_00115,309
1997,13,118,41,7.558139534883721,68.6046511627907,23.837209302325583,7.929921622867681,case_00079,372
0,0,0,0,0.0,0.0,0.0,0.0,case_00134,466
0,0,0,0,0.0,0.0,0.0,0.0,case_00079,29
3810,13,600,110,1.798063623789765,82.98755186721992,15.214384508990317,15.949702183984117,case_00113,359
0,0,0,0,0.0,0.0,0.0,0.0,case_00014,115
555,1,27,0,3.5714285714285716,96.42857142857143,0.0,4.802744425385935,case_00125,359
0,0,0,0,0.0,0.0,0.0,0.0,case_00125,506
0,0,0,0,0.0,0.0,0.0,0.0,case_00086,254
0,0,0,0,0.0,0.0,0.0,0.0,case_00113,246
0,0,0,0,0.0,0.0,0.0,0.0,case_00203,432
0,0,0,0,0.0,0.0,0.0,0.0,case_00033,409
0,0,196,0,0.0,100.0,0.0,100.0,case_00102,458
4127,28,141,39,13.461538461538462,67.78846153846153,18.75,4.798154555940023,case_00102,368
1115,20,38,0,34.48275862068966,65.51724137931035,0.0,4.94458653026428,case_00115,300
0,0,13,0,0.0,100.0,0.0,100.0,case_00113,102
13,20,0,0,100.0,0.0,0.0,60.60606060606061,case_00133,271
1319,4,88,0,4.3478260869565215,95.65217391304348,0.0,6.520198440822112,case_00194,133
0,0,0,0,0.0,0.0,0.0,0.0,case_00102,492
0,0,2,0,0.0,100.0,0.0,100.0,case_00115,119
0,0,349,0,0.0,100.0,0.0,100.0,case_00194,345
0,0,58,0,0.0,100.0,0.0,100.0,case_00102,114
0,0,45,0,0.0,100.0,0.0,100.0,case_00134,78
1895,32,325,4,8.86426592797784,90.02770083102493,1.10803324099723,16.00177304964539,case_00113,329
0,0,0,0,0.0,0.0,0.0,0.0,case_00014,53
0,0,18,0,0.0,100.0,0.0,100.0,case_00102,261
0,0,42,0,0.0,100.0,0.0,100.0,case_00014,405
0,0,2,0,0.0,100.0,0.0,100.0,case_00014,294
67,0,69,0,0.0,100.0,0.0,50.73529411764706,case_00086,414
0,0,0,0,0.0,0.0,0.0,0.0,case_00133,37
347,10,11,0,47.61904761904762,52.38095238095238,0.0,5.706521739130435,case_00079,138
2836,32,174,57,12.167300380228136,66.1596958174905,21.673003802281368,8.486608583414004,case_00115,319
181,4,32,0,11.11111111111111,88.88888888888889,0.0,16.589861751152075,case_00075,294
0,0,552,0,0.0,100.0,0.0,100.0,case_00194,385
0,0,1802,0,0.0,100.0,0.0,100.0,case_00102,279
0,0,0,0,0.0,0.0,0.0,0.0,case_00194,85
2679,47,109,0,30.128205128205128,69.87179487179488,0.0,5.502645502645502,case_00134,169
0,0,50,0,0.0,100.0,0.0,100.0,case_00115,379
3005,28,126,0,18.181818181818183,81.81818181818181,0.0,4.874960430515986,case_00113,159
0,0,1354,0,0.0,100.0,0.0,100.0,case_00102,255
0,0,0,0,0.0,0.0,0.0,0.0,case_00086,59
639,10,68,0,12.820512820512821,87.17948717948718,0.0,10.878661087866108,case_00075,305
0,0,0,0,0.0,0.0,0.0,0.0,case_00014,464
0,0,0,0,0.0,0.0,0.0,0.0,case_00134,100
0,0,0,0,0.0,0.0,0.0,0.0,case_00125,63
2523,17,101,0,14.40677966101695,85.59322033898304,0.0,4.468004543733434,case_00134,167
2684,53,122,0,30.285714285714285,69.71428571428571,0.0,6.1210213361315144,case_00134,185
0,0,0,0,0.0,0.0,0.0,0.0,case_00086,250
575,11,44,0,20.0,80.0,0.0,8.73015873015873,case_00075,201
1361,50,112,32,25.77319587628866,57.7319587628866,16.49484536082474,12.47588424437299,case_00134,349
0,0,0,0,0.0,0.0,0.0,0.0,case_00075,454
0,0,100,0,0.0,100.0,0.0,100.0,case_00014,42
741,6,109,0,5.217391304347826,94.78260869565217,0.0,13.434579439252337,case_00203,182
0,0,0,0,0.0,0.0,0.0,0.0,case_00102,104
105,3,19,0,13.636363636363637,86.36363636363636,0.0,17.322834645669293,case_00075,124
0,0,0,0,0.0,0.0,0.0,0.0,case_00134,391
0,0,0,0,0.0,0.0,0.0,0.0,case_00113,54
293,31,32,0,49.20634920634921,50.79365079365079,0.0,17.696629213483146,case_00154,206
0,0,0,0,0.0,0.0,0.0,0.0,case_00134,15
0,0,0,0,0.0,0.0,0.0,0.0,case_00154,66
89,36,1,0,97.29729729729729,2.7027027027027026,0.0,29.365079365079364,case_00014,236
0,0,0,0,0.0,0.0,0.0,0.0,case_00194,84
3655,54,329,165,9.854014598540147,60.03649635036496,30.10948905109489,13.038305971924816,case_00113,371
0,0,0,0,0.0,0.0,0.0,0.0,case_00113,470
0,0,0,0,0.0,0.0,0.0,0.0,case_00033,20
636,25,66,0,27.47252747252747,72.52747252747253,0.0,12.5171939477304,case_00086,321
0,0,0,0,0.0,0.0,0.0,0.0,case_00154,40
0,0,0,0,0.0,0.0,0.0,0.0,case_00203,290
0,0,583,0,0.0,100.0,0.0,100.0,case_00194,373
0,0,0,0,0.0,0.0,0.0,0.0,case_00075,104
0,0,0,0,0.0,0.0,0.0,0.0,case_00133,510
0,0,0,0,0.0,0.0,0.0,0.0,case_00134,93
0,0,11,0,0.0,100.0,0.0,100.0,case_00115,79
2632,47,214,0,18.007662835249043,81.99233716475096,0.0,9.021776702385067,case_00113,176
0,0,0,0,0.0,0.0,0.0,0.0,case_00014,132
0,0,0,0,0.0,0.0,0.0,0.0,case_00134,443
0,0,68,0,0.0,100.0,0.0,100.0,case_00133,234
0,0,0,0,0.0,0.0,0.0,0.0,case_00194,286
1103,11,37,80,8.59375,28.90625,62.5,10.398050365556458,case_00125,179
0,0,25,0,0.0,100.0,0.0,100.0,case_00154,238
0,0,89,0,0.0,100.0,0.0,100.0,case_00115,256
0,0,0,0,0.0,0.0,0.0,0.0,case_00154,279
0,0,0,0,0.0,0.0,0.0,0.0,case_00079,12
0,0,1821,0,0.0,100.0,0.0,100.0,case_00113,505
0,0,0,0,0.0,0.0,0.0,0.0,case_00154,71
2068,13,115,39,7.7844311377245505,68.8622754491018,23.353293413173652,7.472035794183445,case_00079,377
0,0,0,0,0.0,0.0,0.0,0.0,case_00154,109
20,5,17,0,22.727272727272727,77.27272727272727,0.0,52.38095238095238,case_00102,126
0,0,0,0,0.0,0.0,0.0,0.0,case_00079,44
0,0,0,0,0.0,0.0,0.0,0.0,case_00079,38
0,0,0,0,0.0,0.0,0.0,0.0,case_00194,65
0,0,0,0,0.0,0.0,0.0,0.0,case_00079,258
0,0,0,0,0.0,0.0,0.0,0.0,case_00154,443
0,0,0,0,0.0,0.0,0.0,0.0,case_00125,448
0,0,456,0,0.0,100.0,0.0,100.0,case_00194,11
1445,51,34,0,60.0,40.0,0.0,5.555555555555555,case_00102,176
0,0,0,0,0.0,0.0,0.0,0.0,case_00115,465
0,0,122,0,0.0,100.0,0.0,100.0,case_00125,259
0,0,0,0,0.0,0.0,0.0,0.0,case_00154,39
0,0,0,0,0.0,0.0,0.0,0.0,case_00154,72
0,0,0,0,0.0,0.0,0.0,0.0,case_00115,81
0,0,0,0,0.0,0.0,0.0,0.0,case_00113,233
513,8,55,0,12.698412698412698,87.3015873015873,0.0,10.9375,case_00086,306
0,0,89,0,0.0,100.0,0.0,100.0,case_00102,53
0,0,0,0,0.0,0.0,0.0,0.0,case_00133,259
0,0,0,0,0.0,0.0,0.0,0.0,case_00086,510
508,3,50,0,5.660377358490566,94.33962264150944,0.0,9.44741532976827,case_00086,109
1558,30,129,74,12.875536480686696,55.36480686695279,31.759656652360515,13.009491903964266,case_00134,345
701,6,65,0,8.450704225352112,91.54929577464789,0.0,9.196891191709845,case_00203,374
2846,27,166,0,13.989637305699482,86.01036269430051,0.0,6.350773280684436,case_00113,149
0,0,0,0,0.0,0.0,0.0,0.0,case_00161,439
0,0,0,0,0.0,0.0,0.0,0.0,case_00086,272
530,17,34,3,31.48148148148148,62.96296296296296,5.555555555555555,9.246575342465754,case_00133,124
2297,41,227,0,15.298507462686567,84.70149253731343,0.0,10.448343079922028,case_00113,182
0,0,0,0,0.0,0.0,0.0,0.0,case_00203,471
1205,2,99,0,1.9801980198019802,98.01980198019803,0.0,7.73353751914242,case_00075,166
0,0,159,0,0.0,100.0,0.0,100.0,case_00161,87
0,0,332,0,0.0,100.0,0.0,100.0,case_00194,15
0,0,0,0,0.0,0.0,0.0,0.0,case_00102,71
0,0,5,0,0.0,100.0,0.0,100.0,case_00133,206
0,0,1,0,0.0,100.0,0.0,100.0,case_00075,3
0,0,0,0,0.0,0.0,0.0,0.0,case_00133,103
0,0,5,0,0.0,100.0,0.0,100.0,case_00014,395
0,0,714,0,0.0,100.0,0.0,100.0,case_00125,474
108,7,46,0,13.20754716981132,86.79245283018868,0.0,32.91925465838509,case_00086,412
0,0,0,0,0.0,0.0,0.0,0.0,case_00102,500
843,1,52,0,1.8867924528301887,98.11320754716981,0.0,5.915178571428571,case_00125,348
0,0,0,0,0.0,0.0,0.0,0.0,case_00033,88
0,0,12,0,0.0,100.0,0.0,100.0,case_00154,56
113,9,12,0,42.857142857142854,57.142857142857146,0.0,15.671641791044776,case_00014,166
1657,31,87,0,26.271186440677965,73.72881355932203,0.0,6.647887323943662,case_00113,127
0,0,0,0,0.0,0.0,0.0,0.0,case_00115,230
1098,1,41,0,2.380952380952381,97.61904761904762,0.0,3.6842105263157894,case_00033,145
0,0,0,0,0.0,0.0,0.0,0.0,case_00033,112
244,26,13,0,66.66666666666667,33.333333333333336,0.0,13.780918727915195,case_00125,205
1689,56,141,0,28.426395939086294,71.57360406091371,0.0,10.445387062566278,case_00154,347
720,13,37,0,26.0,74.0,0.0,6.4935064935064934,case_00086,115
0,0,8,0,0.0,100.0,0.0,100.0,case_00134,84
663,5,88,0,5.376344086021505,94.6236559139785,0.0,12.301587301587302,case_00125,316
0,0,0,0,0.0,0.0,0.0,0.0,case_00033,12
0,0,0,0,0.0,0.0,0.0,0.0,case_00161,494
0,0,373,0,0.0,100.0,0.0,100.0,case_00194,346
1062,1,38,0,2.5641025641025643,97.43589743589743,0.0,3.542234332425068,case_00102,146
805,10,62,0,13.88888888888889,86.11111111111111,0.0,8.209806157354619,case_00014,222
59,0,23,1,0.0,95.83333333333333,4.166666666666667,28.91566265060241,case_00203,415
1427,20,116,7,13.986013986013987,81.11888111888112,4.895104895104895,9.10828025477707,case_00194,156
0,0,0,0,0.0,0.0,0.0,0.0,case_00194,221
0,0,0,0,0.0,0.0,0.0,0.0,case_00133,201
0,0,0,0,0.0,0.0,0.0,0.0,case_00115,423
0,0,0,0,0.0,0.0,0.0,0.0,case_00115,13
980,28,34,0,45.16129032258065,54.83870967741935,0.0,5.950095969289827,case_00086,371
1437,17,60,20,17.52577319587629,61.855670103092784,20.61855670103093,6.3233376792698825,case_00033,174
0,0,0,0,0.0,0.0,0.0,0.0,case_00102,502
0,0,1709,0,0.0,100.0,0.0,100.0,case_00154,463
0,0,915,0,0.0,100.0,0.0,100.0,case_00113,16
0,0,565,0,0.0,100.0,0.0,100.0,case_00194,374
3093,16,161,20,8.121827411167512,81.7258883248731,10.152284263959391,5.9878419452887535,case_00102,387
0,16,0,0,100.0,0.0,0.0,100.0,case_00086,93
744,31,62,0,33.333333333333336,66.66666666666667,0.0,11.11111111111111,case_00125,321
64,0,22,0,0.0,100.0,0.0,25.58139534883721,case_00203,331
0,0,0,0,0.0,0.0,0.0,0.0,case_00079,23
0,0,0,0,0.0,0.0,0.0,0.0,case_00161,408
574,2,22,0,8.333333333333334,91.66666666666667,0.0,4.013377926421405,case_00033,393
0,0,881,0,0.0,100.0,0.0,100.0,case_00102,239
0,0,93,0,0.0,100.0,0.0,100.0,case_00033,251
1457,9,136,0,6.206896551724138,93.79310344827586,0.0,9.051186017478152,case_00033,349
1537,9,74,0,10.843373493975903,89.1566265060241,0.0,5.1234567901234565,case_00033,360
643,9,53,0,14.516129032258064,85.48387096774194,0.0,8.794326241134751,case_00133,290
0,0,0,0,0.0,0.0,0.0,0.0,case_00079,274
0,0,330,0,0.0,100.0,0.0,100.0,case_00115,473
0,0,115,0,0.0,100.0,0.0,100.0,case_00125,238
0,0,0,0,0.0,0.0,0.0,0.0,case_00161,419
0,0,16,0,0.0,100.0,0.0,100.0,case_00125,56
1514,37,105,0,26.056338028169016,73.94366197183099,0.0,8.57487922705314,case_00161,174
0,0,442,0,0.0,100.0,0.0,100.0,case_00194,358
490,17,40,0,29.82456140350877,70.17543859649123,0.0,10.420475319926874,case_00161,333
127,9,79,0,10.227272727272727,89.77272727272727,0.0,40.93023255813954,case_00079,317
1470,14,118,0,10.606060606060606,89.39393939393939,0.0,8.239700374531836,case_00194,151
1031,3,186,0,1.5873015873015872,98.41269841269842,0.0,15.491803278688524,case_00075,321
0,0,7,0,0.0,100.0,0.0,100.0,case_00161,308
357,2,45,0,4.25531914893617,95.74468085106383,0.0,11.633663366336634,case_00075,133
0,0,0,0,0.0,0.0,0.0,0.0,case_00133,363
0,0,0,0,0.0,0.0,0.0,0.0,case_00014,441
0,0,21,0,0.0,100.0,0.0,100.0,case_00134,125
0,0,0,0,0.0,0.0,0.0,0.0,case_00115,432
874,19,33,21,26.027397260273972,45.205479452054796,28.767123287671232,7.708553326293559,case_00133,163
0,0,260,0,0.0,100.0,0.0,100.0,case_00079,103
0,0,0,0,0.0,0.0,0.0,0.0,case_00203,216
0,0,190,0,0.0,100.0,0.0,100.0,case_00014,156
2841,22,122,0,15.277777777777779,84.72222222222223,0.0,4.824120603015075,case_00134,172
1595,38,195,3,16.10169491525424,82.62711864406779,1.271186440677966,12.889131622064445,case_00113,326
0,0,0,0,0.0,0.0,0.0,0.0,case_00075,460
1213,13,22,0,37.142857142857146,62.857142857142854,0.0,2.8044871794871793,case_00014,196
225,16,8,0,66.66666666666667,33.333333333333336,0.0,9.63855421686747,case_00203,343
3652,23,285,154,4.978354978354979,61.688311688311686,33.333333333333336,11.229946524064172,case_00113,381
1383,76,274,48,19.09547738693467,68.84422110552764,12.06030150753769,22.346996069623806,case_00154,329
0,0,24,0,0.0,100.0,0.0,100.0,case_00014,45
0,0,0,0,0.0,0.0,0.0,0.0,case_00154,11
0,37,0,0,100.0,0.0,0.0,100.0,case_00102,293
586,13,85,0,13.26530612244898,86.73469387755102,0.0,14.32748538011696,case_00113,312
0,0,0,0,0.0,0.0,0.0,0.0,case_00194,293
249,8,13,0,38.095238095238095,61.904761904761905,0.0,7.777777777777778,case_00133,343
0,0,565,0,0.0,100.0,0.0,100.0,case_00194,368
0,0,160,0,0.0,100.0,0.0,100.0,case_00115,382
0,0,0,0,0.0,0.0,0.0,0.0,case_00154,117
0,0,257,0,0.0,100.0,0.0,100.0,case_00102,29
479,4,38,0,9.523809523809524,90.47619047619048,0.0,8.061420345489443,case_00014,231
0,0,0,0,0.0,0.0,0.0,0.0,case_00161,282
984,0,48,0,0.0,100.0,0.0,4.651162790697675,case_00125,335
0,0,45,0,0.0,100.0,0.0,100.0,case_00115,288
0,0,482,0,0.0,100.0,0.0,100.0,case_00079,491
0,0,155,0,0.0,100.0,0.0,100.0,case_00133,1
0,0,0,0,0.0,0.0,0.0,0.0,case_00014,460
131,2,48,0,4.0,96.0,0.0,27.624309392265193,case_00086,411
1666,30,214,0,12.295081967213115,87.70491803278688,0.0,12.774869109947645,case_00115,193
0,0,0,0,0.0,0.0,0.0,0.0,case_00086,506
4194,46,226,145,11.031175059952039,54.196642685851316,34.77218225419664,9.043591411841248,case_00102,340
267,2,18,0,10.0,90.0,0.0,6.968641114982578,case_00125,301
0,0,0,0,0.0,0.0,0.0,0.0,case_00102,441
0,0,267,0,0.0,100.0,0.0,100.0,case_00102,443
0,0,0,0,0.0,0.0,0.0,0.0,case_00194,295
0,0,0,0,0.0,0.0,0.0,0.0,case_00203,230
2929,15,144,9,8.928571428571429,85.71428571428571,5.357142857142857,5.424604455925089,case_00102,389
533,14,56,0,20.0,80.0,0.0,11.608623548922056,case_00161,220
0,0,653,0,0.0,100.0,0.0,100.0,case_00194,412
0,0,0,0,0.0,0.0,0.0,0.0,case_00133,250
13,56,0,0,100.0,0.0,0.0,81.15942028985508,case_00102,423
0,0,1175,0,0.0,100.0,0.0,100.0,case_00113,8
0,0,0,0,0.0,0.0,0.0,0.0,case_00134,20
0,0,0,0,0.0,0.0,0.0,0.0,case_00125,495
74,3,7,0,30.0,70.0,0.0,11.904761904761905,case_00102,128
3472,34,140,97,12.546125461254613,51.66051660516605,35.79335793357934,7.2401816724552495,case_00113,389
0,0,0,0,0.0,0.0,0.0,0.0,case_00125,99
0,0,0,0,0.0,0.0,0.0,0.0,case_00133,389
0,0,0,0,0.0,0.0,0.0,0.0,case_00161,21
0,0,0,0,0.0,0.0,0.0,0.0,case_00115,438
0,0,5,0,0.0,100.0,0.0,100.0,case_00194,438
0,0,0,0,0.0,0.0,0.0,0.0,case_00033,7
2128,22,133,0,14.193548387096774,85.80645161290323,0.0,6.789312308366185,case_00115,310
2234,44,128,38,20.952380952380953,60.95238095238095,18.095238095238095,8.592471358428805,case_00134,325
576,12,16,0,42.857142857142854,57.142857142857146,0.0,4.635761589403973,case_00133,332
0,0,0,0,0.0,0.0,0.0,0.0,case_00014,400
0,0,69,0,0.0,100.0,0.0,100.0,case_00154,289
0,0,918,0,0.0,100.0,0.0,100.0,case_00134,424
0,0,0,0,0.0,0.0,0.0,0.0,case_00075,105
111,45,12,0,78.94736842105263,21.05263157894737,0.0,33.92857142857143,case_00113,107
0,0,0,0,0.0,0.0,0.0,0.0,case_00113,295
0,0,0,0,0.0,0.0,0.0,0.0,case_00113,223
0,0,481,0,0.0,100.0,0.0,100.0,case_00194,422
997,19,38,0,33.333333333333336,66.66666666666667,0.0,5.407969639468691,case_00086,370
0,0,0,0,0.0,0.0,0.0,0.0,case_00115,248
0,0,0,0,0.0,0.0,0.0,0.0,case_00075,87
0,0,0,0,0.0,0.0,0.0,0.0,case_00033,40
0,0,0,0,0.0,0.0,0.0,0.0,case_00161,311
3754,27,208,134,7.317073170731708,56.36856368563686,36.31436314363144,8.949793839437303,case_00113,377
0,0,14,0,0.0,100.0,0.0,100.0,case_00125,57
419,8,39,16,12.698412698412698,61.904761904761905,25.396825396825395,13.070539419087137,case_00014,172
2500,50,151,0,24.875621890547265,75.12437810945273,0.0,7.441688263606072,case_00134,188
0,0,0,0,0.0,0.0,0.0,0.0,case_00115,470
0,0,0,0,0.0,0.0,0.0,0.0,case_00014,440
0,0,0,0,0.0,0.0,0.0,0.0,case_00133,198
0,0,104,0,0.0,100.0,0.0,100.0,case_00014,477
0,0,0,0,0.0,0.0,0.0,0.0,case_00161,275
0,0,0,0,0.0,0.0,0.0,0.0,case_00133,452
0,0,0,0,0.0,0.0,0.0,0.0,case_00014,24
437,14,48,0,22.580645161290324,77.41935483870968,0.0,12.424849699398798,case_00075,207
0,0,0,0,0.0,0.0,0.0,0.0,case_00014,17
578,21,44,0,32.30769230769231,67.6923076923077,0.0,10.10886469673406,case_00161,219
1311,16,92,0,14.814814814814815,85.18518518518519,0.0,7.6109936575052854,case_00086,151
179,16,35,0,31.372549019607842,68.62745098039215,0.0,22.17391304347826,case_00079,319
0,0,0,0,0.0,0.0,0.0,0.0,case_00203,482
1360,5,105,0,4.545454545454546,95.45454545454545,0.0,7.482993197278912,case_00194,135
0,0,7,0,0.0,100.0,0.0,100.0,case_00033,229
0,0,0,0,0.0,0.0,0.0,0.0,case_00133,391
0,0,0,0,0.0,0.0,0.0,0.0,case_00079,86
1442,14,132,0,9.58904109589041,90.41095890410959,0.0,9.193954659949622,case_00033,348
568,5,79,0,5.9523809523809526,94.04761904761905,0.0,12.883435582822086,case_00203,357
1030,6,47,32,7.0588235294117645,55.294117647058826,37.64705882352941,7.623318385650224,case_00014,188
0,0,0,0,0.0,0.0,0.0,0.0,case_00075,238
1523,25,37,0,40.32258064516129,59.67741935483871,0.0,3.911671924290221,case_00102,159
0,0,0,0,0.0,0.0,0.0,0.0,case_00014,77
0,0,34,0,0.0,100.0,0.0,100.0,case_00133,215
161,0,23,0,0.0,100.0,0.0,12.5,case_00102,212
0,0,2,0,0.0,100.0,0.0,100.0,case_00115,30
0,0,834,0,0.0,100.0,0.0,100.0,case_00125,38
0,0,0,0,0.0,0.0,0.0,0.0,case_00086,28
0,0,17,0,0.0,100.0,0.0,100.0,case_00194,426
0,0,0,0,0.0,0.0,0.0,0.0,case_00075,44
0,0,0,0,0.0,0.0,0.0,0.0,case_00133,469
0,0,61,0,0.0,100.0,0.0,100.0,case_00102,120
2757,33,193,0,14.601769911504425,85.39823008849558,0.0,7.5762655045256455,case_00113,147
0,0,163,0,0.0,100.0,0.0,100.0,case_00033,237
0,0,0,0,0.0,0.0,0.0,0.0,case_00102,221
0,0,0,0,0.0,0.0,0.0,0.0,case_00086,54
0,0,0,0,0.0,0.0,0.0,0.0,case_00133,413
0,0,43,0,0.0,100.0,0.0,100.0,case_00161,112
0,0,24,0,0.0,100.0,0.0,100.0,case_00194,250
1194,19,158,0,10.734463276836157,89.26553672316385,0.0,12.910284463894968,case_00161,181
0,0,0,0,0.0,0.0,0.0,0.0,case_00033,83
428,16,82,0,16.3265306122449,83.6734693877551,0.0,18.631178707224336,case_00194,185
0,0,0,0,0.0,0.0,0.0,0.0,case_00133,398
0,0,0,0,0.0,0.0,0.0,0.0,case_00113,50
0,0,0,0,0.0,0.0,0.0,0.0,case_00203,251
924,12,70,0,14.634146341463415,85.36585365853658,0.0,8.151093439363818,case_00125,330
1649,22,106,33,13.664596273291925,65.83850931677019,20.496894409937887,8.895027624309392,case_00161,158
0,0,0,0,0.0,0.0,0.0,0.0,case_00194,254
69,0,21,0,0.0,100.0,0.0,23.333333333333332,case_00125,292
0,0,6044,0,0.0,100.0,0.0,100.0,case_00134,54
0,0,82,0,0.0,100.0,0.0,100.0,case_00194,471
2046,9,138,37,4.891304347826087,75.0,20.108695652173914,8.251121076233185,case_00079,375
0,0,20,0,0.0,100.0,0.0,100.0,case_00194,483
0,0,0,0,0.0,0.0,0.0,0.0,case_00075,284
0,0,142,0,0.0,100.0,0.0,100.0,case_00194,403
0,0,0,0,0.0,0.0,0.0,0.0,case_00079,36
0,0,49,0,0.0,100.0,0.0,100.0,case_00033,294
0,0,0,0,0.0,0.0,0.0,0.0,case_00194,40
1798,14,344,0,3.910614525139665,96.08938547486034,0.0,16.60482374768089,case_00134,310
1155,9,161,17,4.81283422459893,86.09625668449198,9.090909090909092,13.934426229508198,case_00075,331
0,0,0,0,0.0,0.0,0.0,0.0,case_00203,479
0,0,32,0,0.0,100.0,0.0,100.0,case_00134,140
0,0,0,0,0.0,0.0,0.0,0.0,case_00134,30
3238,48,219,20,16.72473867595819,76.30662020905923,6.968641114982578,8.141843971631205,case_00102,319
0,0,0,0,0.0,0.0,0.0,0.0,case_00203,485
1145,22,137,20,12.29050279329609,76.53631284916202,11.1731843575419,13.51963746223565,case_00194,173
0,0,0,0,0.0,0.0,0.0,0.0,case_00014,28
1778,26,116,0,18.309859154929576,81.69014084507042,0.0,7.395833333333333,case_00113,129
726,11,82,0,11.827956989247312,88.17204301075269,0.0,11.355311355311356,case_00203,169
238,3,10,0,23.076923076923077,76.92307692307692,0.0,5.179282868525896,case_00125,299
0,0,130,0,0.0,100.0,0.0,100.0,case_00125,227
816,38,108,0,26.027397260273972,73.97260273972603,0.0,15.176715176715177,case_00113,316
1156,8,158,0,4.819277108433735,95.18072289156626,0.0,12.556732223903177,case_00075,329
0,0,0,0,0.0,0.0,0.0,0.0,case_00125,128
0,0,0,0,0.0,0.0,0.0,0.0,case_00115,482
0,0,29,0,0.0,100.0,0.0,100.0,case_00133,446
0,0,0,0,0.0,0.0,0.0,0.0,case_00113,468
0,0,39,0,0.0,100.0,0.0,100.0,case_00115,386
363,3,60,0,4.761904761904762,95.23809523809524,0.0,14.788732394366198,case_00203,348
181,33,35,0,48.529411764705884,51.470588235294116,0.0,27.309236947791163,case_00113,210
0,0,397,0,0.0,100.0,0.0,100.0,case_00113,499
576,0,41,0,0.0,100.0,0.0,6.645056726094003,case_00033,131
0,0,0,0,0.0,0.0,0.0,0.0,case_00133,417
0,1,26,0,3.7037037037037037,96.29629629629629,0.0,100.0,case_00086,199
0,0,0,0,0.0,0.0,0.0,0.0,case_00086,83
0,0,10,0,0.0,100.0,0.0,100.0,case_00161,456
0,0,0,0,0.0,0.0,0.0,0.0,case_00134,501
0,0,0,0,0.0,0.0,0.0,0.0,case_00075,226
0,0,37,0,0.0,100.0,0.0,100.0,case_00194,207
0,0,0,0,0.0,0.0,0.0,0.0,case_00014,384
705,4,55,39,4.081632653061225,56.12244897959184,39.795918367346935,12.204234122042342,case_00086,383
0,0,27,0,0.0,100.0,0.0,100.0,case_00014,407
0,0,913,0,0.0,100.0,0.0,100.0,case_00102,274
1084,11,80,0,12.087912087912088,87.91208791208791,0.0,7.74468085106383,case_00075,184
0,0,0,0,0.0,0.0,0.0,0.0,case_00154,478
0,0,0,0,0.0,0.0,0.0,0.0,case_00134,211
391,9,47,5,14.754098360655737,77.04918032786885,8.19672131147541,13.495575221238939,case_00203,398
0,0,0,0,0.0,0.0,0.0,0.0,case_00115,65
0,0,100,0,0.0,100.0,0.0,100.0,case_00079,64
1430,18,59,11,20.454545454545453,67.04545454545455,12.5,5.797101449275362,case_00033,175
0,0,0,0,0.0,0.0,0.0,0.0,case_00113,488
3740,45,124,25,23.195876288659793,63.91752577319588,12.88659793814433,4.9313675648195225,case_00102,377
0,0,11,0,0.0,100.0,0.0,100.0,case_00194,301
643,2,33,0,5.714285714285714,94.28571428571429,0.0,5.162241887905605,case_00014,365
223,7,19,0,26.923076923076923,73.07692307692308,0.0,10.441767068273093,case_00079,221
1142,3,27,0,10.0,90.0,0.0,2.5597269624573378,case_00033,146
0,0,72,0,0.0,100.0,0.0,100.0,case_00194,206
1021,9,59,13,11.11111111111111,72.8395061728395,16.049382716049383,7.3502722323049,case_00125,190
0,0,0,0,0.0,0.0,0.0,0.0,case_00086,46
0,0,166,0,0.0,100.0,0.0,100.0,case_00134,439
0,0,0,0,0.0,0.0,0.0,0.0,case_00154,295
848,19,38,0,33.333333333333336,66.66666666666667,0.0,6.298342541436464,case_00134,292
0,0,0,0,0.0,0.0,0.0,0.0,case_00079,264
0,0,0,0,0.0,0.0,0.0,0.0,case_00134,441
0,0,0,0,0.0,0.0,0.0,0.0,case_00194,462
1403,47,42,0,52.80898876404494,47.19101123595506,0.0,5.96514745308311,case_00102,177
975,7,53,0,11.666666666666666,88.33333333333333,0.0,5.797101449275362,case_00086,123
299,15,36,0,29.41176470588235,70.58823529411765,0.0,14.571428571428571,case_00154,313
0,0,0,0,0.0,0.0,0.0,0.0,case_00075,106
0,0,0,0,0.0,0.0,0.0,0.0,case_00134,2
0,0,76,0,0.0,100.0,0.0,100.0,case_00113,243
888,13,71,0,15.476190476190476,84.52380952380952,0.0,8.641975308641975,case_00161,385
1926,11,147,0,6.962025316455696,93.0379746835443,0.0,7.581573896353167,case_00154,189
0,0,0,0,0.0,0.0,0.0,0.0,case_00133,23
0,0,0,0,0.0,0.0,0.0,0.0,case_00161,425
0,0,0,0,0.0,0.0,0.0,0.0,case_00079,250
0,0,0,0,0.0,0.0,0.0,0.0,case_00115,68
0,0,306,0,0.0,100.0,0.0,100.0,case_00125,33
0,1,0,0,100.0,0.0,0.0,100.0,case_00133,107
0,0,95,0,0.0,100.0,0.0,100.0,case_00102,40
0,0,0,0,0.0,0.0,0.0,0.0,case_00161,472
0,0,0,0,0.0,0.0,0.0,0.0,case_00033,114
0,0,0,0,0.0,0.0,0.0,0.0,case_00086,225
0,0,5,0,0.0,100.0,0.0,100.0,case_00079,117
0,0,0,0,0.0,0.0,0.0,0.0,case_00113,467
0,0,0,0,0.0,0.0,0.0,0.0,case_00133,20
0,0,0,0,0.0,0.0,0.0,0.0,case_00194,294
0,0,8,0,0.0,100.0,0.0,100.0,case_00079,118
340,13,24,0,35.13513513513514,64.86486486486487,0.0,9.814323607427056,case_00115,371
0,0,0,0,0.0,0.0,0.0,0.0,case_00033,51
1273,27,123,42,14.0625,64.0625,21.875,13.10580204778157,case_00079,348
0,0,203,0,0.0,100.0,0.0,100.0,case_00134,415
0,0,0,0,0.0,0.0,0.0,0.0,case_00014,14
0,0,0,0,0.0,0.0,0.0,0.0,case_00133,29
0,0,0,0,0.0,0.0,0.0,0.0,case_00125,219
0,0,0,0,0.0,0.0,0.0,0.0,case_00161,101
826,9,122,0,6.870229007633588,93.12977099236642,0.0,13.688610240334379,case_00102,190
0,27,0,0,100.0,0.0,0.0,100.0,case_00079,312
0,0,1131,0,0.0,100.0,0.0,100.0,case_00113,501
0,0,0,0,0.0,0.0,0.0,0.0,case_00075,275
366,8,39,0,17.02127659574468,82.97872340425532,0.0,11.380145278450364,case_00079,214
0,0,0,0,0.0,0.0,0.0,0.0,case_00154,447
0,0,529,0,0.0,100.0,0.0,100.0,case_00133,51
0,0,0,0,0.0,0.0,0.0,0.0,case_00086,502
0,0,66,0,0.0,100.0,0.0,100.0,case_00113,509
0,0,585,0,0.0,100.0,0.0,100.0,case_00102,231
0,0,0,0,0.0,0.0,0.0,0.0,case_00079,1
0,0,215,0,0.0,100.0,0.0,100.0,case_00075,394
838,7,79,6,7.608695652173913,85.8695652173913,6.521739130434782,9.89247311827957,case_00079,438
0,0,3,0,0.0,100.0,0.0,100.0,case_00133,242
1410,88,125,0,41.31455399061033,58.68544600938967,0.0,13.123844731977819,case_00161,347
717,10,20,0,33.333333333333336,66.66666666666667,0.0,4.016064257028113,case_00133,328
0,0,4207,0,0.0,100.0,0.0,100.0,case_00134,42
0,0,0,0,0.0,0.0,0.0,0.0,case_00075,441
1312,27,110,0,19.708029197080293,80.2919708029197,0.0,9.454796411318151,case_00033,343
0,0,0,0,0.0,0.0,0.0,0.0,case_00203,76
250,1,66,0,1.492537313432836,98.50746268656717,0.0,21.13564668769716,case_00113,307
180,16,8,0,66.66666666666667,33.333333333333336,0.0,11.764705882352942,case_00154,209
0,0,0,0,0.0,0.0,0.0,0.0,case_00075,58
48,0,7,0,0.0,100.0,0.0,12.727272727272727,case_00102,127
37,0,91,0,0.0,100.0,0.0,71.09375,case_00203,421
0,79,0,0,100.0,0.0,0.0,100.0,case_00113,106
1324,7,173,0,3.888888888888889,96.11111111111111,0.0,11.96808510638298,case_00134,302
1171,6,87,0,6.451612903225806,93.54838709677419,0.0,7.3575949367088604,case_00075,177
0,0,0,0,0.0,0.0,0.0,0.0,case_00125,104
0,0,0,0,0.0,0.0,0.0,0.0,case_00014,85
1662,21,59,0,26.25,73.75,0.0,4.592422502870264,case_00154,360
0,0,0,0,0.0,0.0,0.0,0.0,case_00133,78
0,0,0,0,0.0,0.0,0.0,0.0,case_00161,488
0,0,76,0,0.0,100.0,0.0,100.0,case_00115,384
0,0,0,0,0.0,0.0,0.0,0.0,case_00203,269
0,0,0,0,0.0,0.0,0.0,0.0,case_00154,87
0,0,0,0,0.0,0.0,0.0,0.0,case_00014,490
30,4,9,0,30.76923076923077,69.23076923076923,0.0,30.232558139534884,case_00133,186
0,0,0,0,0.0,0.0,0.0,0.0,case_00079,244
0,0,0,0,0.0,0.0,0.0,0.0,case_00161,79
1123,13,33,0,28.26086956521739,71.73913043478261,0.0,3.9349871685201028,case_00086,359
294,12,24,0,33.333333333333336,66.66666666666667,0.0,10.909090909090908,case_00079,218
581,16,83,0,16.161616161616163,83.83838383838383,0.0,14.558823529411764,case_00203,359
1182,16,73,0,17.97752808988764,82.02247191011236,0.0,7.002360346184107,case_00014,205
0,0,0,0,0.0,0.0,0.0,0.0,case_00115,455
0,0,6,0,0.0,100.0,0.0,100.0,case_00161,89
0,0,5,0,0.0,100.0,0.0,100.0,case_00033,217
0,0,92,0,0.0,100.0,0.0,100.0,case_00133,235
0,0,0,0,0.0,0.0,0.0,0.0,case_00014,445
1524,17,31,0,35.416666666666664,64.58333333333333,0.0,3.053435114503817,case_00154,159
1212,15,51,0,22.727272727272727,77.27272727272727,0.0,5.164319248826291,case_00014,202
0,0,0,0,0.0,0.0,0.0,0.0,case_00133,98
4258,56,169,135,15.555555555555555,46.94444444444444,37.5,7.795582503248159,case_00102,342
0,0,0,0,0.0,0.0,0.0,0.0,case_00086,491
1199,0,44,0,0.0,100.0,0.0,3.5398230088495577,case_00102,149
4,3,6,0,33.333333333333336,66.66666666666667,0.0,69.23076923076923,case_00133,108
140,98,43,1,69.01408450704226,30.281690140845072,0.704225352112676,50.354609929078016,case_00102,295
1645,50,80,0,38.46153846153846,61.53846153846154,0.0,7.323943661971831,case_00154,194
0,0,50,0,0.0,100.0,0.0,100.0,case_00033,503
0,0,75,0,0.0,100.0,0.0,100.0,case_00194,68
0,0,604,0,0.0,100.0,0.0,100.0,case_00134,221
3093,13,353,79,2.9213483146067416,79.32584269662921,17.752808988764045,12.577727529677784,case_00115,336
0,0,0,0,0.0,0.0,0.0,0.0,case_00115,71
748,0,52,0,0.0,100.0,0.0,6.5,case_00125,352
0,0,0,0,0.0,0.0,0.0,0.0,case_00086,505
0,0,0,0,0.0,0.0,0.0,0.0,case_00161,39
0,0,0,0,0.0,0.0,0.0,0.0,case_00086,14
0,0,0,0,0.0,0.0,0.0,0.0,case_00086,228
0,0,0,0,0.0,0.0,0.0,0.0,case_00161,67
0,0,0,0,0.0,0.0,0.0,0.0,case_00161,261
0,0,0,0,0.0,0.0,0.0,0.0,case_00125,96
926,1,44,0,2.2222222222222223,97.77777777777777,0.0,4.634397528321318,case_00125,343
0,0,666,0,0.0,100.0,0.0,100.0,case_00194,390
754,2,58,0,3.3333333333333335,96.66666666666667,0.0,7.371007371007371,case_00014,224
0,1,0,0,100.0,0.0,0.0,100.0,case_00079,310
0,0,430,0,0.0,100.0,0.0,100.0,case_00194,413
0,0,0,0,0.0,0.0,0.0,0.0,case_00033,71
0,0,60,0,0.0,100.0,0.0,100.0,case_00033,258
939,12,73,11,12.5,76.04166666666667,11.458333333333334,9.27536231884058,case_00079,435
0,0,718,0,0.0,100.0,0.0,100.0,case_00194,419
205,12,14,0,46.15384615384615,53.84615384615385,0.0,11.255411255411255,case_00194,103
0,0,0,0,0.0,0.0,0.0,0.0,case_00125,75
0,0,0,0,0.0,0.0,0.0,0.0,case_00102,55
0,0,0,0,0.0,0.0,0.0,0.0,case_00161,13
0,0,0,0,0.0,0.0,0.0,0.0,case_00194,237
0,0,0,0,0.0,0.0,0.0,0.0,case_00014,264
0,0,0,0,0.0,0.0,0.0,0.0,case_00113,227
0,0,0,0,0.0,0.0,0.0,0.0,case_00113,226
424,19,94,0,16.8141592920354,83.1858407079646,0.0,21.042830540037244,case_00203,200
3003,20,243,65,6.097560975609756,74.08536585365853,19.817073170731707,9.846892824977484,case_00115,324
0,0,0,0,0.0,0.0,0.0,0.0,case_00033,46
2049,6,154,53,2.816901408450704,72.30046948356808,24.88262910798122,9.416445623342176,case_00134,335
0,0,0,0,0.0,0.0,0.0,0.0,case_00154,481
0,0,0,0,0.0,0.0,0.0,0.0,case_00134,253
0,0,0,0,0.0,0.0,0.0,0.0,case_00033,103
0,0,0,0,0.0,0.0,0.0,0.0,case_00133,375
0,0,0,0,0.0,0.0,0.0,0.0,case_00154,7
0,0,0,0,0.0,0.0,0.0,0.0,case_00079,305
0,0,67,0,0.0,100.0,0.0,100.0,case_00075,27
94,2,16,0,11.11111111111111,88.88888888888889,0.0,16.071428571428573,case_00203,333
0,0,418,0,0.0,100.0,0.0,100.0,case_00194,363
0,0,0,0,0.0,0.0,0.0,0.0,case_00086,213
85,6,4,0,60.0,40.0,0.0,10.526315789473685,case_00086,96
0,0,0,0,0.0,0.0,0.0,0.0,case_00079,68
3089,29,209,58,9.797297297297296,70.60810810810811,19.594594594594593,8.744460856720828,case_00115,328
876,15,19,0,44.11764705882353,55.88235294117647,0.0,3.7362637362637363,case_00115,133
0,0,0,0,0.0,0.0,0.0,0.0,case_00115,20
778,7,79,0,8.13953488372093,91.86046511627907,0.0,9.953703703703704,case_00161,211
0,0,0,0,0.0,0.0,0.0,0.0,case_00014,509
716,21,135,0,13.461538461538462,86.53846153846153,0.0,17.889908256880734,case_00102,413
104,5,61,0,7.575757575757576,92.42424242424242,0.0,38.8235294117647,case_00086,287
0,0,0,0,0.0,0.0,0.0,0.0,case_00133,56
0,0,0,0,0.0,0.0,0.0,0.0,case_00134,32
0,0,0,0,0.0,0.0,0.0,0.0,case_00102,483
0,0,0,0,0.0,0.0,0.0,0.0,case_00113,88
252,31,12,0,72.09302325581395,27.906976744186046,0.0,14.576271186440678,case_00115,204
0,0,0,0,0.0,0.0,0.0,0.0,case_00161,2
0,6,0,0,100.0,0.0,0.0,100.0,case_00203,211
0,0,0,0,0.0,0.0,0.0,0.0,case_00014,455
397,9,65,24,9.183673469387756,66.3265306122449,24.489795918367346,19.7979797979798,case_00079,326
0,0,0,0,0.0,0.0,0.0,0.0,case_00125,273
0,0,0,0,0.0,0.0,0.0,0.0,case_00014,468
1291,24,92,0,20.689655172413794,79.3103448275862,0.0,8.24449182658138,case_00033,342
1365,25,119,0,17.36111111111111,82.63888888888889,0.0,9.542743538767395,case_00033,345
234,2,25,0,7.407407407407407,92.5925925925926,0.0,10.344827586206897,case_00125,146
0,0,671,0,0.0,100.0,0.0,100.0,case_00194,473
125,5,11,0,31.25,68.75,0.0,11.347517730496454,case_00033,403
757,2,120,0,1.639344262295082,98.36065573770492,0.0,13.879408418657565,case_00075,360
0,0,0,0,0.0,0.0,0.0,0.0,case_00133,22
0,0,6,0,0.0,100.0,0.0,100.0,case_00115,389
0,0,0,0,0.0,0.0,0.0,0.0,case_00079,69
429,4,35,0,10.256410256410257,89.74358974358974,0.0,8.333333333333334,case_00102,205
0,0,0,0,0.0,0.0,0.0,0.0,case_00203,97
0,0,0,0,0.0,0.0,0.0,0.0,case_00203,321
0,0,0,0,0.0,0.0,0.0,0.0,case_00079,30
939,16,44,0,26.666666666666668,73.33333333333333,0.0,6.006006006006006,case_00086,338
347,7,29,39,9.333333333333334,38.666666666666664,52.0,17.77251184834123,case_00033,197
0,0,0,0,0.0,0.0,0.0,0.0,case_00203,446
0,0,0,0,0.0,0.0,0.0,0.0,case_00203,21
0,0,1098,0,0.0,100.0,0.0,100.0,case_00115,45
0,0,85,0,0.0,100.0,0.0,100.0,case_00102,87
0,0,85,0,0.0,100.0,0.0,100.0,case_00203,42
1220,3,101,0,2.8846153846153846,97.11538461538461,0.0,7.854984894259819,case_00075,168
46,9,27,0,25.0,75.0,0.0,43.90243902439025,case_00161,394
0,0,155,0,0.0,100.0,0.0,100.0,case_00125,276
690,8,66,0,10.81081081081081,89.1891891891892,0.0,9.68586387434555,case_00203,376
0,0,0,0,0.0,0.0,0.0,0.0,case_00125,501
0,0,141,0,0.0,100.0,0.0,100.0,case_00194,19
0,0,0,0,0.0,0.0,0.0,0.0,case_00154,488
0,0,0,0,0.0,0.0,0.0,0.0,case_00133,24
0,0,0,0,0.0,0.0,0.0,0.0,case_00086,86
0,0,33,0,0.0,100.0,0.0,100.0,case_00014,271
0,0,13,0,0.0,100.0,0.0,100.0,case_00161,430
961,28,34,0,45.16129032258065,54.83870967741935,0.0,6.0606060606060606,case_00086,372
0,0,0,0,0.0,0.0,0.0,0.0,case_00154,245
0,0,0,0,0.0,0.0,0.0,0.0,case_00133,199
0,0,0,0,0.0,0.0,0.0,0.0,case_00033,63
1511,4,85,0,4.49438202247191,95.50561797752809,0.0,5.5625,case_00194,145
988,2,30,0,6.25,93.75,0.0,3.1372549019607843,case_00133,310
1493,8,92,0,8.0,92.0,0.0,6.277463904582548,case_00194,143
0,0,58,0,0.0,100.0,0.0,100.0,case_00033,264
0,0,0,0,0.0,0.0,0.0,0.0,case_00075,53
0,0,115,0,0.0,100.0,0.0,100.0,case_00203,508
0,0,0,0,0.0,0.0,0.0,0.0,case_00086,24
0,0,1,0,0.0,100.0,0.0,100.0,case_00115,250
0,0,0,0,0.0,0.0,0.0,0.0,case_00075,55
0,0,0,0,0.0,0.0,0.0,0.0,case_00014,8
0,0,1761,0,0.0,100.0,0.0,100.0,case_00102,240
878,4,58,0,6.451612903225806,93.54838709677419,0.0,6.595744680851064,case_00014,357
0,0,17,0,0.0,100.0,0.0,100.0,case_00194,456
0,0,500,0,0.0,100.0,0.0,100.0,case_00075,498
0,0,0,0,0.0,0.0,0.0,0.0,case_00079,80
0,0,101,0,0.0,100.0,0.0,100.0,case_00194,325
0,0,0,0,0.0,0.0,0.0,0.0,case_00154,452
1267,64,77,41,35.16483516483517,42.30769230769231,22.52747252747253,12.560386473429952,case_00134,350
1128,10,47,0,17.54385964912281,82.45614035087719,0.0,4.810126582278481,case_00125,174
790,22,45,17,26.19047619047619,53.57142857142857,20.238095238095237,9.610983981693364,case_00133,165
144,13,13,0,50.0,50.0,0.0,15.294117647058824,case_00194,101
757,23,102,0,18.4,81.6,0.0,14.17233560090703,case_00079,187
0,0,70,0,0.0,100.0,0.0,100.0,case_00203,51
0,0,150,0,0.0,100.0,0.0,100.0,case_00075,499
0,0,0,0,0.0,0.0,0.0,0.0,case_00115,270
934,32,73,0,30.476190476190474,69.52380952380952,0.0,10.105871029836381,case_00113,199
0,0,110,0,0.0,100.0,0.0,100.0,case_00102,52
1052,8,182,0,4.2105263157894735,95.78947368421052,0.0,15.297906602254429,case_00086,164
0,0,0,0,0.0,0.0,0.0,0.0,case_00113,234
1436,16,64,0,20.0,80.0,0.0,5.277044854881266,case_00161,376
0,0,0,0,0.0,0.0,0.0,0.0,case_00161,8
0,0,0,0,0.0,0.0,0.0,0.0,case_00014,34
0,0,976,0,0.0,100.0,0.0,100.0,case_00102,272
0,0,0,0,0.0,0.0,0.0,0.0,case_00125,136
388,4,30,25,6.779661016949152,50.847457627118644,42.3728813559322,13.19910514541387,case_00086,396
0,0,0,0,0.0,0.0,0.0,0.0,case_00033,467
2638,14,62,0,18.42105263157895,81.57894736842105,0.0,2.800294767870302,case_00115,150
0,0,0,0,0.0,0.0,0.0,0.0,case_00161,279
0,0,75,0,0.0,100.0,0.0,100.0,case_00014,111
656,18,106,0,14.516129032258064,85.48387096774194,0.0,15.897435897435898,case_00086,175
746,1,39,0,2.5,97.5,0.0,5.089058524173028,case_00033,389
0,0,273,0,0.0,100.0,0.0,100.0,case_00133,43
0,0,25,0,0.0,100.0,0.0,100.0,case_00133,426
2987,31,239,77,8.93371757925072,68.87608069164266,22.19020172910663,10.407918416316736,case_00115,325
0,0,0,0,0.0,0.0,0.0,0.0,case_00079,127
0,0,18,0,0.0,100.0,0.0,100.0,case_00113,298
495,18,28,0,39.130434782608695,60.869565217391305,0.0,8.502772643253234,case_00134,287
3795,7,583,138,0.9615384615384616,80.08241758241758,18.956043956043956,16.095511828432457,case_00113,356
0,0,0,0,0.0,0.0,0.0,0.0,case_00154,241
127,20,6,0,76.92307692307692,23.076923076923077,0.0,16.99346405228758,case_00154,210
0,0,0,0,0.0,0.0,0.0,0.0,case_00154,107
0,0,1,0,0.0,100.0,0.0,100.0,case_00161,320
0,0,72,0,0.0,100.0,0.0,100.0,case_00014,95
0,0,2,0,0.0,100.0,0.0,100.0,case_00161,316
0,0,0,0,0.0,0.0,0.0,0.0,case_00203,447
833,6,68,0,8.108108108108109,91.89189189189189,0.0,8.158765159867695,case_00161,202
0,0,0,0,0.0,0.0,0.0,0.0,case_00115,275
0,0,0,0,0.0,0.0,0.0,0.0,case_00115,234
613,17,18,0,48.57142857142857,51.42857142857143,0.0,5.401234567901234,case_00203,385
622,16,67,0,19.27710843373494,80.72289156626506,0.0,11.77304964539007,case_00086,317
0,0,0,0,0.0,0.0,0.0,0.0,case_00033,220
0,0,80,0,0.0,100.0,0.0,100.0,case_00086,279
0,0,467,0,0.0,100.0,0.0,100.0,case_00125,90
0,0,0,0,0.0,0.0,0.0,0.0,case_00102,54
0,0,0,0,0.0,0.0,0.0,0.0,case_00133,395
0,0,0,0,0.0,0.0,0.0,0.0,case_00014,390
1025,25,48,27,25.0,48.0,27.0,8.88888888888889,case_00161,141
0,0,0,0,0.0,0.0,0.0,0.0,case_00133,477
0,0,10,0,0.0,100.0,0.0,100.0,case_00154,475
876,53,10,0,84.12698412698413,15.873015873015873,0.0,6.7092651757188495,case_00154,150
0,0,401,0,0.0,100.0,0.0,100.0,case_00125,25
0,0,0,0,0.0,0.0,0.0,0.0,case_00194,263
0,0,453,0,0.0,100.0,0.0,100.0,case_00014,422
0,0,35,0,0.0,100.0,0.0,100.0,case_00161,443
208,15,20,0,42.857142857142854,57.142857142857146,0.0,14.40329218106996,case_00086,192
0,0,826,0,0.0,100.0,0.0,100.0,case_00134,229
0,0,0,0,0.0,0.0,0.0,0.0,case_00154,257
1568,12,103,25,8.571428571428571,73.57142857142857,17.857142857142858,8.19672131147541,case_00079,418
1154,7,79,0,8.13953488372093,91.86046511627907,0.0,6.935483870967742,case_00075,161
1965,15,124,91,6.521739130434782,53.91304347826087,39.56521739130435,10.478359908883826,case_00134,337
946,17,23,0,42.5,57.5,0.0,4.056795131845842,case_00014,345
3459,6,101,0,5.607476635514018,94.39252336448598,0.0,3.0005608524957936,case_00115,166
4159,50,103,25,28.089887640449437,57.86516853932584,14.044943820224718,4.104219506571362,case_00102,367
0,0,28,0,0.0,100.0,0.0,100.0,case_00194,457
0,0,0,0,0.0,0.0,0.0,0.0,case_00194,34
0,0,51,0,0.0,100.0,0.0,100.0,case_00033,250
0,0,0,0,0.0,0.0,0.0,0.0,case_00203,120
223,3,59,0,4.838709677419355,95.16129032258064,0.0,21.75438596491228,case_00134,282
0,0,0,0,0.0,0.0,0.0,0.0,case_00102,454
0,0,479,0,0.0,100.0,0.0,100.0,case_00194,361
4291,36,178,139,10.19830028328612,50.42492917847026,39.376770538243626,7.601205857019811,case_00102,343
0,0,0,0,0.0,0.0,0.0,0.0,case_00102,50
0,0,0,0,0.0,0.0,0.0,0.0,case_00133,91
250,4,24,0,14.285714285714286,85.71428571428571,0.0,10.071942446043165,case_00075,129
0,0,0,0,0.0,0.0,0.0,0.0,case_00075,289
776,8,52,0,13.333333333333334,86.66666666666667,0.0,7.177033492822966,case_00075,146
0,0,188,0,0.0,100.0,0.0,100.0,case_00075,432
0,0,0,0,0.0,0.0,0.0,0.0,case_00075,54
0,0,0,0,0.0,0.0,0.0,0.0,case_00075,63
472,10,72,0,12.195121951219512,87.8048780487805,0.0,14.8014440433213,case_00086,303
0,0,0,0,0.0,0.0,0.0,0.0,case_00154,263
0,0,0,0,0.0,0.0,0.0,0.0,case_00154,19
0,0,0,0,0.0,0.0,0.0,0.0,case_00033,426
0,0,0,0,0.0,0.0,0.0,0.0,case_00134,275
579,41,35,23,41.41414141414141,35.35353535353536,23.232323232323232,14.601769911504425,case_00161,135
0,0,24,0,0.0,100.0,0.0,100.0,case_00134,250
2001,27,81,0,25.0,75.0,0.0,5.120910384068279,case_00134,160
445,7,80,0,8.045977011494253,91.95402298850574,0.0,16.353383458646615,case_00161,224
0,0,0,0,0.0,0.0,0.0,0.0,case_00154,479
0,0,0,0,0.0,0.0,0.0,0.0,case_00203,8
0,0,0,0,0.0,0.0,0.0,0.0,case_00102,66
750,7,44,0,13.72549019607843,86.27450980392157,0.0,6.367041198501872,case_00115,200
0,0,0,0,0.0,0.0,0.0,0.0,case_00033,49
0,0,0,0,0.0,0.0,0.0,0.0,case_00102,91
0,0,8,0,0.0,100.0,0.0,100.0,case_00075,476
0,0,1292,0,0.0,100.0,0.0,100.0,case_00113,17
0,0,37,0,0.0,100.0,0.0,100.0,case_00075,433
0,0,18,0,0.0,100.0,0.0,100.0,case_00154,300
1464,8,52,0,13.333333333333334,86.66666666666667,0.0,3.937007874015748,case_00033,367
165,9,34,0,20.930232558139537,79.06976744186046,0.0,20.673076923076923,case_00086,289
0,0,0,0,0.0,0.0,0.0,0.0,case_00079,7
0,0,0,0,0.0,0.0,0.0,0.0,case_00154,499
1132,13,56,0,18.840579710144926,81.15942028985508,0.0,5.745212323064114,case_00086,350
0,0,0,0,0.0,0.0,0.0,0.0,case_00203,500
0,0,0,0,0.0,0.0,0.0,0.0,case_00115,486
0,0,46,0,0.0,100.0,0.0,100.0,case_00161,397
0,0,0,0,0.0,0.0,0.0,0.0,case_00134,134
0,0,239,0,0.0,100.0,0.0,100.0,case_00194,329
992,5,27,0,15.625,84.375,0.0,3.125,case_00133,308
2128,20,129,65,9.345794392523365,60.2803738317757,30.373831775700936,9.137489325362937,case_00134,331
0,0,0,0,0.0,0.0,0.0,0.0,case_00203,499
2415,39,99,28,23.49397590361446,59.63855421686747,16.867469879518072,6.431615652847733,case_00115,313
2103,16,334,0,4.571428571428571,95.42857142857143,0.0,14.268242967794537,case_00134,192
0,0,0,0,0.0,0.0,0.0,0.0,case_00079,472
0,0,0,0,0.0,0.0,0.0,0.0,case_00125,507
0,0,0,0,0.0,0.0,0.0,0.0,case_00014,10
1477,9,120,0,6.976744186046512,93.02325581395348,0.0,8.032378580323785,case_00194,150
1148,23,60,0,27.710843373493976,72.28915662650603,0.0,6.742485783915516,case_00086,132
2071,35,94,40,20.71005917159763,55.62130177514793,23.668639053254438,7.544642857142857,case_00079,385
1339,14,136,17,8.383233532934131,81.437125748503,10.179640718562874,11.088977423638779,case_00194,165
1519,4,54,0,6.896551724137931,93.10344827586206,0.0,3.677869372225745,case_00033,363
0,0,0,0,0.0,0.0,0.0,0.0,case_00086,15
3503,59,151,112,18.322981366459626,46.8944099378882,34.78260869565217,8.418300653594772,case_00113,387
0,0,0,0,0.0,0.0,0.0,0.0,case_00134,136
0,0,0,0,0.0,0.0,0.0,0.0,case_00079,483
0,0,0,0,0.0,0.0,0.0,0.0,case_00014,118
432,5,32,0,13.513513513513514,86.48648648648648,0.0,7.889125799573561,case_00086,107
936,6,84,0,6.666666666666667,93.33333333333333,0.0,8.771929824561404,case_00075,152
2050,20,114,0,14.925373134328359,85.07462686567165,0.0,6.135531135531136,case_00134,161
959,3,62,0,4.615384615384615,95.38461538461539,0.0,6.34765625,case_00125,340
0,0,946,0,0.0,100.0,0.0,100.0,case_00102,263
0,0,0,0,0.0,0.0,0.0,0.0,case_00102,107
0,0,1277,0,0.0,100.0,0.0,100.0,case_00133,429
0,0,0,0,0.0,0.0,0.0,0.0,case_00154,392
0,0,0,0,0.0,0.0,0.0,0.0,case_00154,129
1692,32,367,0,8.020050125313283,91.97994987468671,0.0,19.08177905308465,case_00134,309
0,0,900,0,0.0,100.0,0.0,100.0,case_00194,53
313,10,16,0,38.46153846153846,61.53846153846154,0.0,7.669616519174041,case_00079,137
0,0,0,0,0.0,0.0,0.0,0.0,case_00086,91
0,0,0,0,0.0,0.0,0.0,0.0,case_00102,425
3938,33,132,18,18.0327868852459,72.1311475409836,9.836065573770492,4.4406697403542825,case_00102,373
978,12,27,39,15.384615384615385,34.61538461538461,50.0,7.386363636363637,case_00133,135
0,0,1,0,0.0,100.0,0.0,100.0,case_00014,295
1232,17,73,0,18.88888888888889,81.11111111111111,0.0,6.80786686838124,case_00086,137
805,22,43,0,33.84615384615385,66.15384615384616,0.0,7.471264367816092,case_00161,198
0,0,0,0,0.0,0.0,0.0,0.0,case_00115,247
3332,45,247,20,14.423076923076923,79.16666666666667,6.410256410256411,8.562019758507136,case_00102,320
1224,3,92,0,3.1578947368421053,96.84210526315789,0.0,7.202426080363912,case_00075,170
0,0,4,0,0.0,100.0,0.0,100.0,case_00115,277
680,12,31,0,27.906976744186046,72.09302325581395,0.0,5.947441217150761,case_00194,114
0,0,427,0,0.0,100.0,0.0,100.0,case_00125,26
0,0,0,0,0.0,0.0,0.0,0.0,case_00086,478
0,0,0,0,0.0,0.0,0.0,0.0,case_00203,106
0,0,1282,0,0.0,100.0,0.0,100.0,case_00113,19
0,0,0,0,0.0,0.0,0.0,0.0,case_00086,240
217,0,60,0,0.0,100.0,0.0,21.660649819494584,case_00086,407
0,0,85,0,0.0,100.0,0.0,100.0,case_00154,427
0,0,0,0,0.0,0.0,0.0,0.0,case_00194,212
0,0,24,0,0.0,100.0,0.0,100.0,case_00014,430
0,0,0,0,0.0,0.0,0.0,0.0,case_00033,86
4356,21,171,39,9.090909090909092,74.02597402597402,16.883116883116884,5.0359712230215825,case_00102,362
0,0,0,0,0.0,0.0,0.0,0.0,case_00086,509
0,0,0,0,0.0,0.0,0.0,0.0,case_00014,78
81,15,3,0,83.33333333333333,16.666666666666668,0.0,18.181818181818183,case_00154,211
0,0,0,0,0.0,0.0,0.0,0.0,case_00075,97
0,0,0,0,0.0,0.0,0.0,0.0,case_00102,439
700,1,45,0,2.1739130434782608,97.82608695652173,0.0,6.166219839142091,case_00125,354
0,0,437,0,0.0,100.0,0.0,100.0,case_00134,216
0,0,30,0,0.0,100.0,0.0,100.0,case_00075,113
226,8,39,0,17.02127659574468,82.97872340425532,0.0,17.216117216117215,case_00086,291
0,0,0,0,0.0,0.0,0.0,0.0,case_00203,439
0,0,408,0,0.0,100.0,0.0,100.0,case_00014,38
0,0,0,0,0.0,0.0,0.0,0.0,case_00194,39
2736,20,204,0,8.928571428571429,91.07142857142857,0.0,7.5675675675675675,case_00115,185
0,0,193,0,0.0,100.0,0.0,100.0,case_00134,217
227,37,22,0,62.71186440677966,37.28813559322034,0.0,20.62937062937063,case_00134,144
0,0,695,0,0.0,100.0,0.0,100.0,case_00134,227
0,0,0,0,0.0,0.0,0.0,0.0,case_00133,21
0,0,0,0,0.0,0.0,0.0,0.0,case_00079,87
0,0,0,0,0.0,0.0,0.0,0.0,case_00133,105
0,0,0,0,0.0,0.0,0.0,0.0,case_00161,121
0,0,0,0,0.0,0.0,0.0,0.0,case_00086,1
0,0,0,0,0.0,0.0,0.0,0.0,case_00014,99
0,0,0,0,0.0,0.0,0.0,0.0,case_00102,504
0,0,0,0,0.0,0.0,0.0,0.0,case_00033,107
0,0,0,0,0.0,0.0,0.0,0.0,case_00125,68
0,0,0,0,0.0,0.0,0.0,0.0,case_00194,229
0,0,0,0,0.0,0.0,0.0,0.0,case_00194,247
0,0,0,0,0.0,0.0,0.0,0.0,case_00113,273
0,0,0,0,0.0,0.0,0.0,0.0,case_00014,59
1309,8,93,12,7.079646017699115,82.30088495575221,10.619469026548673,7.946554149085794,case_00033,181
3194,21,187,75,7.420494699646643,66.07773851590106,26.501766784452297,8.13920046016681,case_00113,398
378,12,57,0,17.391304347826086,82.6086956521739,0.0,15.436241610738255,case_00203,202
0,0,0,0,0.0,0.0,0.0,0.0,case_00154,76
0,0,22,0,0.0,100.0,0.0,100.0,case_00113,45
1993,25,197,0,11.26126126126126,88.73873873873873,0.0,10.022573363431151,case_00154,184
0,0,561,0,0.0,100.0,0.0,100.0,case_00194,381
1208,11,59,0,15.714285714285714,84.28571428571429,0.0,5.477308294209703,case_00086,135
827,1,38,0,2.5641025641025643,97.43589743589743,0.0,4.503464203233256,case_00125,349
0,0,333,0,0.0,100.0,0.0,100.0,case_00194,10
1068,10,92,0,9.803921568627452,90.19607843137256,0.0,8.717948717948717,case_00086,127
0,0,0,0,0.0,0.0,0.0,0.0,case_00133,380
0,0,0,0,0.0,0.0,0.0,0.0,case_00115,251
0,0,0,0,0.0,0.0,0.0,0.0,case_00086,8
0,0,0,0,0.0,0.0,0.0,0.0,case_00161,46
0,0,0,0,0.0,0.0,0.0,0.0,case_00125,482
653,4,67,0,5.633802816901408,94.36619718309859,0.0,9.806629834254144,case_00102,196
491,4,14,0,22.22222222222222,77.77777777777777,0.0,3.536345776031434,case_00102,136
583,30,182,0,14.150943396226415,85.84905660377359,0.0,26.666666666666668,case_00194,182
0,0,0,0,0.0,0.0,0.0,0.0,case_00075,434
1269,14,48,0,22.580645161290324,77.41935483870968,0.0,4.658151765589782,case_00086,139
0,0,0,0,0.0,0.0,0.0,0.0,case_00134,454
0,0,0,0,0.0,0.0,0.0,0.0,case_00154,231
0,0,0,0,0.0,0.0,0.0,0.0,case_00125,108
0,0,0,0,0.0,0.0,0.0,0.0,case_00203,462
1439,11,139,0,7.333333333333333,92.66666666666667,0.0,9.439899307740717,case_00194,153
1240,12,26,0,31.57894736842105,68.42105263157895,0.0,2.97339593114241,case_00154,369
0,0,89,0,0.0,100.0,0.0,100.0,case_00033,505
724,3,95,0,3.061224489795918,96.93877551020408,0.0,11.922141119221411,case_00086,172
404,44,36,12,47.82608695652174,39.130434782608695,13.043478260869565,18.548387096774192,case_00161,133
0,0,0,0,0.0,0.0,0.0,0.0,case_00102,12
0,0,0,0,0.0,0.0,0.0,0.0,case_00133,81
0,0,1091,0,0.0,100.0,0.0,100.0,case_00102,464
1126,1,116,30,0.6802721088435374,78.91156462585035,20.408163265306122,11.547525530243519,case_00075,350
0,0,68,0,0.0,100.0,0.0,100.0,case_00115,411
0,0,303,0,0.0,100.0,0.0,100.0,case_00033,302
0,0,0,0,0.0,0.0,0.0,0.0,case_00113,84
0,0,27,0,0.0,100.0,0.0,100.0,case_00154,278
0,0,0,0,0.0,0.0,0.0,0.0,case_00033,52
0,0,0,0,0.0,0.0,0.0,0.0,case_00033,5
822,24,138,0,14.814814814814815,85.18518518518519,0.0,16.463414634146343,case_00134,356
0,0,0,0,0.0,0.0,0.0,0.0,case_00033,461
1017,2,194,0,1.0204081632653061,98.9795918367347,0.0,16.15828524319868,case_00086,165
420,14,84,28,11.11111111111111,66.66666666666667,22.22222222222222,23.076923076923077,case_00079,327
113,14,55,0,20.28985507246377,79.71014492753623,0.0,37.91208791208791,case_00134,143
0,0,0,0,0.0,0.0,0.0,0.0,case_00203,235
0,0,0,0,0.0,0.0,0.0,0.0,case_00033,458
977,4,41,0,8.88888888888889,91.11111111111111,0.0,4.403131115459883,case_00125,338
1221,13,42,0,23.636363636363637,76.36363636363636,0.0,4.310344827586207,case_00014,199
574,0,131,0,0.0,100.0,0.0,18.581560283687942,case_00086,179
0,0,80,0,0.0,100.0,0.0,100.0,case_00134,110
0,0,0,0,0.0,0.0,0.0,0.0,case_00113,73
0,0,0,0,0.0,0.0,0.0,0.0,case_00014,492
0,0,172,0,0.0,100.0,0.0,100.0,case_00075,12
0,0,246,0,0.0,100.0,0.0,100.0,case_00134,234
0,0,757,0,0.0,100.0,0.0,100.0,case_00194,48
0,0,93,0,0.0,100.0,0.0,100.0,case_00113,40
0,0,0,0,0.0,0.0,0.0,0.0,case_00086,448
0,0,0,0,0.0,0.0,0.0,0.0,case_00125,282
757,3,96,0,3.0303030303030303,96.96969696969697,0.0,11.565420560747663,case_00203,175
0,0,10,0,0.0,100.0,0.0,100.0,case_00203,460
0,0,0,0,0.0,0.0,0.0,0.0,case_00134,254
788,2,49,0,3.9215686274509802,96.07843137254902,0.0,6.0786650774731825,case_00014,361
0,0,837,0,0.0,100.0,0.0,100.0,case_00134,438
806,9,89,0,9.183673469387756,90.81632653061224,0.0,10.84070796460177,case_00161,204
0,0,0,0,0.0,0.0,0.0,0.0,case_00203,115
0,0,167,0,0.0,100.0,0.0,100.0,case_00102,25
3935,9,256,39,2.960526315789474,84.21052631578948,12.828947368421053,7.171502712903987,case_00102,330
0,0,0,0,0.0,0.0,0.0,0.0,case_00133,449
86,0,19,0,0.0,100.0,0.0,18.095238095238095,case_00102,214
0,13,27,0,32.5,67.5,0.0,100.0,case_00033,316
431,5,15,0,25.0,75.0,0.0,4.434589800443459,case_00102,135
974,28,110,0,20.28985507246377,79.71014492753623,0.0,12.410071942446043,case_00113,198
0,0,153,0,0.0,100.0,0.0,100.0,case_00079,57
0,0,0,0,0.0,0.0,0.0,0.0,case_00075,254
0,0,0,0,0.0,0.0,0.0,0.0,case_00154,91
0,0,0,0,0.0,0.0,0.0,0.0,case_00113,477
0,0,189,0,0.0,100.0,0.0,100.0,case_00133,54
972,17,42,0,28.8135593220339,71.1864406779661,0.0,5.722599418040737,case_00134,294
0,0,0,0,0.0,0.0,0.0,0.0,case_00154,130
1403,40,16,0,71.42857142857143,28.571428571428573,0.0,3.838245373543523,case_00154,157
0,0,0,0,0.0,0.0,0.0,0.0,case_00133,476
2079,10,131,39,5.555555555555555,72.77777777777777,21.666666666666668,7.968127490039841,case_00079,378
2112,6,130,74,2.857142857142857,61.904761904761905,35.23809523809524,9.043927648578812,case_00134,332
0,0,684,0,0.0,100.0,0.0,100.0,case_00194,391
0,0,25,0,0.0,100.0,0.0,100.0,case_00133,493
0,0,0,0,0.0,0.0,0.0,0.0,case_00086,447
1232,20,73,11,19.23076923076923,70.1923076923077,10.576923076923077,7.7844311377245505,case_00033,183
0,0,0,0,0.0,0.0,0.0,0.0,case_00115,217
326,5,25,0,16.666666666666668,83.33333333333333,0.0,8.426966292134832,case_00086,104
0,0,965,0,0.0,100.0,0.0,100.0,case_00113,497
248,4,37,0,9.75609756097561,90.2439024390244,0.0,14.186851211072664,case_00033,202
0,0,0,0,0.0,0.0,0.0,0.0,case_00014,102
112,1,31,0,3.125,96.875,0.0,22.22222222222222,case_00115,205
0,0,0,0,0.0,0.0,0.0,0.0,case_00115,6
501,7,87,0,7.446808510638298,92.55319148936171,0.0,15.798319327731093,case_00079,206
0,0,0,0,0.0,0.0,0.0,0.0,case_00134,132
1501,33,183,45,12.64367816091954,70.11494252873563,17.24137931034483,14.812712826333712,case_00113,423
0,0,7,0,0.0,100.0,0.0,100.0,case_00115,216
0,0,0,0,0.0,0.0,0.0,0.0,case_00125,2
0,0,0,0,0.0,0.0,0.0,0.0,case_00161,52
0,0,0,0,0.0,0.0,0.0,0.0,case_00033,466
0,0,0,0,0.0,0.0,0.0,0.0,case_00033,97
0,0,0,0,0.0,0.0,0.0,0.0,case_00075,268
0,0,5,0,0.0,100.0,0.0,100.0,case_00134,214
0,0,116,0,0.0,100.0,0.0,100.0,case_00014,35
2805,22,182,52,8.59375,71.09375,20.3125,8.36327997386475,case_00113,408
515,7,76,0,8.433734939759036,91.56626506024097,0.0,13.879598662207357,case_00079,205
0,0,0,0,0.0,0.0,0.0,0.0,case_00075,237
2640,12,218,0,5.217391304347826,94.78260869565217,0.0,8.013937282229966,case_00115,186
0,0,24,0,0.0,100.0,0.0,100.0,case_00033,224
0,0,0,0,0.0,0.0,0.0,0.0,case_00194,497
0,0,0,0,0.0,0.0,0.0,0.0,case_00133,99
3505,5,124,0,3.875968992248062,96.12403100775194,0.0,3.5498073747936156,case_00115,169
0,0,0,0,0.0,0.0,0.0,0.0,case_00134,389
0,0,50,0,0.0,100.0,0.0,100.0,case_00102,102
582,10,57,0,14.925373134328359,85.07462686567165,0.0,10.323574730354391,case_00203,159
0,0,1327,0,0.0,100.0,0.0,100.0,case_00115,476
0,0,310,0,0.0,100.0,0.0,100.0,case_00086,467
0,0,0,0,0.0,0.0,0.0,0.0,case_00033,232
2238,39,95,31,23.636363636363637,57.57575757575758,18.78787878787879,6.866416978776529,case_00134,326
0,0,269,0,0.0,100.0,0.0,100.0,case_00194,444
1632,44,79,0,35.77235772357724,64.22764227642277,0.0,7.0085470085470085,case_00154,357
0,0,0,0,0.0,0.0,0.0,0.0,case_00033,31
67,20,36,0,35.714285714285715,64.28571428571429,0.0,45.52845528455285,case_00079,462
0,0,0,0,0.0,0.0,0.0,0.0,case_00086,72
683,48,49,15,42.857142857142854,43.75,13.392857142857142,14.08805031446541,case_00133,167
0,0,0,0,0.0,0.0,0.0,0.0,case_00203,468
0,0,0,0,0.0,0.0,0.0,0.0,case_00113,474
0,0,0,0,0.0,0.0,0.0,0.0,case_00133,41
0,0,0,0,0.0,0.0,0.0,0.0,case_00154,451
926,32,50,0,39.02439024390244,60.97560975609756,0.0,8.134920634920634,case_00079,178
2899,30,285,52,8.174386920980927,77.65667574931881,14.168937329700272,11.236987140232701,case_00102,316
1155,3,40,0,6.976744186046512,93.02325581395348,0.0,3.5893155258764606,case_00102,148
2333,32,117,4,20.915032679738562,76.47058823529412,2.6143790849673203,6.154465004022526,case_00115,312
0,0,0,0,0.0,0.0,0.0,0.0,case_00086,252
0,0,86,0,0.0,100.0,0.0,100.0,case_00113,242
0,0,0,0,0.0,0.0,0.0,0.0,case_00014,292
4069,30,269,90,7.712082262210797,69.15167095115682,23.13624678663239,8.725886047554958,case_00102,335
0,0,0,0,0.0,0.0,0.0,0.0,case_00161,303
0,0,0,0,0.0,0.0,0.0,0.0,case_00161,253
0,0,0,0,0.0,0.0,0.0,0.0,case_00075,69
1119,29,92,24,20.0,63.44827586206897,16.551724137931036,11.471518987341772,case_00033,185
2074,18,92,29,12.949640287769784,66.18705035971223,20.863309352517987,6.281066425666516,case_00079,393
0,0,0,0,0.0,0.0,0.0,0.0,case_00161,120
0,0,86,0,0.0,100.0,0.0,100.0,case_00194,205
4014,29,234,38,9.634551495016611,77.74086378737542,12.624584717607974,6.975666280417149,case_00102,333
0,0,726,0,0.0,100.0,0.0,100.0,case_00194,420
834,23,86,44,15.032679738562091,56.209150326797385,28.758169934640524,15.501519756838906,case_00033,189
0,0,0,0,0.0,0.0,0.0,0.0,case_00154,136
2386,29,61,13,28.155339805825243,59.22330097087379,12.62135922330097,4.13820811570912,case_00115,352
0,0,2,0,0.0,100.0,0.0,100.0,case_00113,32
0,0,798,0,0.0,100.0,0.0,100.0,case_00102,268
1081,12,25,0,32.432432432432435,67.56756756756756,0.0,3.309481216457961,case_00086,364
0,0,0,0,0.0,0.0,0.0,0.0,case_00133,503
0,0,0,0,0.0,0.0,0.0,0.0,case_00134,135
1216,17,26,0,39.53488372093023,60.46511627906977,0.0,3.415409054805401,case_00115,136
0,0,26,0,0.0,100.0,0.0,100.0,case_00014,412
147,4,10,0,28.571428571428573,71.42857142857143,0.0,8.695652173913043,case_00086,98
0,0,15,0,0.0,100.0,0.0,100.0,case_00161,427
0,0,0,0,0.0,0.0,0.0,0.0,case_00102,498
0,0,0,0,0.0,0.0,0.0,0.0,case_00154,435
0,0,0,0,0.0,0.0,0.0,0.0,case_00102,219
961,13,95,11,10.92436974789916,79.83193277310924,9.243697478991596,11.018518518518519,case_00079,434
1054,1,92,0,1.075268817204301,98.9247311827957,0.0,8.108108108108109,case_00075,156
0,0,0,0,0.0,0.0,0.0,0.0,case_00161,266
0,0,544,0,0.0,100.0,0.0,100.0,case_00194,507
0,0,12,0,0.0,100.0,0.0,100.0,case_00102,44
0,0,0,0,0.0,0.0,0.0,0.0,case_00086,75
1199,13,30,0,30.232558139534884,69.76744186046511,0.0,3.4621578099838968,case_00014,195
1275,11,52,0,17.46031746031746,82.53968253968254,0.0,4.708520179372197,case_00086,140
3217,13,176,56,5.3061224489795915,71.83673469387755,22.857142857142858,7.07683419988446,case_00115,332
0,0,17,0,0.0,100.0,0.0,100.0,case_00086,430
0,0,0,0,0.0,0.0,0.0,0.0,case_00203,105
1563,22,71,25,18.64406779661017,60.16949152542373,21.1864406779661,7.019631171921476,case_00161,153
0,0,0,0,0.0,0.0,0.0,0.0,case_00134,120
0,0,0,0,0.0,0.0,0.0,0.0,case_00086,452
137,4,21,0,16.0,84.0,0.0,15.432098765432098,case_00125,208
386,4,46,0,8.0,92.0,0.0,11.46788990825688,case_00161,227
0,0,454,0,0.0,100.0,0.0,100.0,case_00133,439
0,0,0,0,0.0,0.0,0.0,0.0,case_00154,88
875,16,79,0,16.842105263157894,83.15789473684211,0.0,9.793814432989691,case_00079,160
0,0,132,0,0.0,100.0,0.0,100.0,case_00075,387
0,0,0,0,0.0,0.0,0.0,0.0,case_00134,506
646,6,18,0,25.0,75.0,0.0,3.582089552238806,case_00133,330
0,0,0,0,0.0,0.0,0.0,0.0,case_00194,255
0,0,7,0,0.0,100.0,0.0,100.0,case_00133,221
0,0,0,0,0.0,0.0,0.0,0.0,case_00154,80
764,61,51,0,54.464285714285715,45.535714285714285,0.0,12.785388127853881,case_00113,432
0,0,0,0,0.0,0.0,0.0,0.0,case_00033,486
151,4,30,0,11.764705882352942,88.23529411764706,0.0,18.37837837837838,case_00075,374
902,2,27,0,6.896551724137931,93.10344827586206,0.0,3.1149301825993554,case_00133,319
0,0,338,0,0.0,100.0,0.0,100.0,case_00102,447
0,0,0,0,0.0,0.0,0.0,0.0,case_00113,493
1838,18,37,0,32.72727272727273,67.27272727272727,0.0,2.9054410987849972,case_00154,165
0,0,23,0,0.0,100.0,0.0,100.0,case_00033,245
1951,9,115,46,5.294117647058823,67.6470588235294,27.058823529411764,8.015087223008015,case_00079,369
3758,45,493,163,6.419400855920114,70.32810271041369,23.25249643366619,15.721013680197354,case_00113,364
0,0,0,0,0.0,0.0,0.0,0.0,case_00115,78
0,0,0,0,0.0,0.0,0.0,0.0,case_00102,76
0,0,20,0,0.0,100.0,0.0,100.0,case_00194,274
2730,7,133,0,5.0,95.0,0.0,4.878048780487805,case_00102,392
0,0,248,0,0.0,100.0,0.0,100.0,case_00134,70
0,0,0,0,0.0,0.0,0.0,0.0,case_00161,461
971,13,30,0,30.232558139534884,69.76744186046511,0.0,4.240631163708087,case_00133,305
1584,17,25,0,40.476190476190474,59.523809523809526,0.0,2.5830258302583027,case_00154,160
0,0,0,0,0.0,0.0,0.0,0.0,case_00033,81
1109,12,66,0,15.384615384615385,84.61538461538461,0.0,6.571187868576243,case_00086,129
0,0,792,0,0.0,100.0,0.0,100.0,case_00125,92
424,18,20,0,47.36842105263158,52.63157894736842,0.0,8.225108225108226,case_00115,203
543,2,49,0,3.9215686274509802,96.07843137254902,0.0,8.585858585858587,case_00102,201
0,0,0,0,0.0,0.0,0.0,0.0,case_00125,382
0,0,0,0,0.0,0.0,0.0,0.0,case_00194,2
60,22,21,0,51.16279069767442,48.83720930232558,0.0,41.74757281553398,case_00079,315
0,0,0,0,0.0,0.0,0.0,0.0,case_00033,421
1149,11,87,0,11.224489795918368,88.77551020408163,0.0,7.858861267040898,case_00134,297
0,0,15,0,0.0,100.0,0.0,100.0,case_00134,138
842,1,31,0,3.125,96.875,0.0,3.6613272311212817,case_00102,142
0,0,0,0,0.0,0.0,0.0,0.0,case_00115,75
0,0,487,0,0.0,100.0,0.0,100.0,case_00194,386
0,0,76,0,0.0,100.0,0.0,100.0,case_00154,428
16,8,31,0,20.512820512820515,79.48717948717949,0.0,70.9090909090909,case_00133,352
0,0,0,0,0.0,0.0,0.0,0.0,case_00154,65
1597,11,32,0,25.58139534883721,74.4186046511628,0.0,2.6219512195121952,case_00102,162
0,0,0,0,0.0,0.0,0.0,0.0,case_00134,130
0,0,0,0,0.0,0.0,0.0,0.0,case_00014,386
1653,41,204,36,14.590747330960854,72.59786476868328,12.811387900355871,14.52947259565667,case_00154,335
1888,26,39,0,40.0,60.0,0.0,3.3282130056323607,case_00115,142
0,0,498,0,0.0,100.0,0.0,100.0,case_00194,362
2856,32,161,0,16.580310880829014,83.41968911917098,0.0,6.329944244014431,case_00113,166
0,0,43,0,0.0,100.0,0.0,100.0,case_00154,429
0,0,0,0,0.0,0.0,0.0,0.0,case_00194,32
0,0,0,0,0.0,0.0,0.0,0.0,case_00134,268
0,0,0,0,0.0,0.0,0.0,0.0,case_00014,510
858,6,29,0,17.142857142857142,82.85714285714286,0.0,3.9193729003359463,case_00133,322
0,0,0,0,0.0,0.0,0.0,0.0,case_00154,229
1700,32,142,0,18.39080459770115,81.60919540229885,0.0,9.28495197438634,case_00161,354
0,0,163,0,0.0,100.0,0.0,100.0,case_00075,402
0,0,35,0,0.0,100.0,0.0,100.0,case_00102,113
0,0,0,0,0.0,0.0,0.0,0.0,case_00154,389
2270,56,322,27,13.82716049382716,79.50617283950618,6.666666666666667,15.14018691588785,case_00113,333
0,0,0,0,0.0,0.0,0.0,0.0,case_00079,275
988,25,57,33,21.73913043478261,49.56521739130435,28.695652173913043,10.42611060743427,case_00079,343
0,0,830,0,0.0,100.0,0.0,100.0,case_00113,5
0,0,0,0,0.0,0.0,0.0,0.0,case_00125,454
0,0,129,0,0.0,100.0,0.0,100.0,case_00203,37
0,0,0,0,0.0,0.0,0.0,0.0,case_00113,281
0,0,0,0,0.0,0.0,0.0,0.0,case_00075,475
0,0,573,0,0.0,100.0,0.0,100.0,case_00194,369
0,0,0,0,0.0,0.0,0.0,0.0,case_00014,131
0,0,0,0,0.0,0.0,0.0,0.0,case_00079,510
0,0,0,0,0.0,0.0,0.0,0.0,case_00115,111
0,0,370,0,0.0,100.0,0.0,100.0,case_00194,336
0,0,1764,0,0.0,100.0,0.0,100.0,case_00102,280
0,0,5060,0,0.0,100.0,0.0,100.0,case_00134,67
0,0,0,0,0.0,0.0,0.0,0.0,case_00102,493
0,0,0,0,0.0,0.0,0.0,0.0,case_00113,100
0,0,319,0,0.0,100.0,0.0,100.0,case_00102,37
286,11,15,0,42.30769230769231,57.69230769230769,0.0,8.333333333333334,case_00014,373
0,0,0,0,0.0,0.0,0.0,0.0,case_00075,59
0,0,0,0,0.0,0.0,0.0,0.0,case_00014,286
225,16,10,0,61.53846153846154,38.46153846153846,0.0,10.358565737051793,case_00154,208
93,3,10,0,23.076923076923077,76.92307692307692,0.0,12.264150943396226,case_00133,349
0,0,0,0,0.0,0.0,0.0,0.0,case_00133,442
0,0,0,0,0.0,0.0,0.0,0.0,case_00086,237
0,0,208,0,0.0,100.0,0.0,100.0,case_00113,459
143,46,78,0,37.096774193548384,62.903225806451616,0.0,46.441947565543074,case_00203,207
934,32,68,0,32.0,68.0,0.0,9.671179883945841,case_00134,150
3753,43,232,146,10.21377672209026,55.10688836104513,34.679334916864605,10.086248203162434,case_00113,373
892,12,69,7,13.636363636363637,78.4090909090909,7.954545454545454,8.979591836734693,case_00125,194
1408,9,83,0,9.782608695652174,90.21739130434783,0.0,6.133333333333334,case_00194,137
0,0,48,0,0.0,100.0,0.0,100.0,case_00113,292
4242,34,131,32,17.258883248730964,66.49746192893402,16.243654822335024,4.437936472178419,case_00102,365
0,0,0,0,0.0,0.0,0.0,0.0,case_00079,99
0,0,0,0,0.0,0.0,0.0,0.0,case_00125,120
0,0,30,0,0.0,100.0,0.0,100.0,case_00113,447
0,0,33,0,0.0,100.0,0.0,100.0,case_00033,254
109,3,7,0,30.0,70.0,0.0,8.403361344537815,case_00133,348
0,0,0,0,0.0,0.0,0.0,0.0,case_00134,271
120,11,17,0,39.285714285714285,60.714285714285715,0.0,18.91891891891892,case_00014,377
343,12,141,0,7.8431372549019605,92.15686274509804,0.0,30.846774193548388,case_00102,417
0,0,0,0,0.0,0.0,0.0,0.0,case_00115,72
1782,37,248,3,12.847222222222221,86.11111111111111,1.0416666666666667,13.91304347826087,case_00113,328
1217,16,40,0,28.571428571428573,71.42857142857143,0.0,4.399057344854674,case_00014,200
265,12,28,0,30.0,70.0,0.0,13.114754098360656,case_00154,207
942,11,38,0,22.448979591836736,77.55102040816327,0.0,4.944500504540867,case_00014,344
0,0,0,0,0.0,0.0,0.0,0.0,case_00115,457
0,0,0,0,0.0,0.0,0.0,0.0,case_00134,382
0,0,196,0,0.0,100.0,0.0,100.0,case_00033,249
1152,4,57,16,5.194805194805195,74.02597402597402,20.77922077922078,6.265256305939788,case_00125,183
2408,27,121,0,18.243243243243242,81.75675675675676,0.0,5.790297339593114,case_00113,139
917,15,63,7,17.647058823529413,74.11764705882354,8.235294117647058,8.48303393213573,case_00079,436
0,0,0,0,0.0,0.0,0.0,0.0,case_00086,12
1263,3,147,22,1.744186046511628,85.46511627906976,12.790697674418604,11.986062717770034,case_00075,340
0,0,123,0,0.0,100.0,0.0,100.0,case_00194,405
0,0,0,0,0.0,0.0,0.0,0.0,case_00133,472
0,0,0,0,0.0,0.0,0.0,0.0,case_00086,4
0,0,31,0,0.0,100.0,0.0,100.0,case_00033,293
0,0,245,0,0.0,100.0,0.0,100.0,case_00075,412
532,27,20,0,57.4468085106383,42.5531914893617,0.0,8.117443868739205,case_00133,288
0,0,0,0,0.0,0.0,0.0,0.0,case_00075,7
3390,19,142,0,11.801242236024844,88.19875776397515,0.0,4.533934103069558,case_00115,175
0,0,0,0,0.0,0.0,0.0,0.0,case_00079,13
0,0,2,0,0.0,100.0,0.0,100.0,case_00079,21
0,0,41,0,0.0,100.0,0.0,100.0,case_00125,407
0,0,129,0,0.0,100.0,0.0,100.0,case_00154,59
2166,23,239,0,8.778625954198473,91.22137404580153,0.0,10.790774299835256,case_00113,184
614,16,56,0,22.22222222222222,77.77777777777777,0.0,10.495626822157435,case_00086,316
0,0,0,0,0.0,0.0,0.0,0.0,case_00161,246
481,2,55,38,2.1052631578947367,57.89473684210526,40.0,16.493055555555557,case_00086,392
0,0,0,0,0.0,0.0,0.0,0.0,case_00133,454
1532,97,135,54,33.91608391608391,47.2027972027972,18.88111888111888,15.731573157315731,case_00154,344
2791,13,176,61,5.2,70.4,24.4,8.220979940808945,case_00115,318
54,2,7,0,22.22222222222222,77.77777777777777,0.0,14.285714285714286,case_00133,272
0,0,3,0,0.0,100.0,0.0,100.0,case_00075,483
0,0,0,0,0.0,0.0,0.0,0.0,case_00113,230
0,0,454,0,0.0,100.0,0.0,100.0,case_00133,486
0,0,11,0,0.0,100.0,0.0,100.0,case_00113,28
0,0,0,0,0.0,0.0,0.0,0.0,case_00161,122
0,0,0,0,0.0,0.0,0.0,0.0,case_00194,256
0,0,0,0,0.0,0.0,0.0,0.0,case_00033,27
0,0,253,0,0.0,100.0,0.0,100.0,case_00194,71
2533,27,270,0,9.090909090909092,90.9090909090909,0.0,10.49469964664311,case_00113,178
0,0,0,0,0.0,0.0,0.0,0.0,case_00075,66
0,0,238,0,0.0,100.0,0.0,100.0,case_00075,38
1001,18,36,0,33.333333333333336,66.66666666666667,0.0,5.118483412322274,case_00115,299
23,2,29,0,6.451612903225806,93.54838709677419,0.0,57.407407407407405,case_00075,223
0,0,43,0,0.0,100.0,0.0,100.0,case_00102,18
0,0,4,0,0.0,100.0,0.0,100.0,case_00075,35
49,12,19,0,38.70967741935484,61.29032258064516,0.0,38.75,case_00161,126
42,3,36,0,7.6923076923076925,92.3076923076923,0.0,48.148148148148145,case_00075,378
0,0,0,0,0.0,0.0,0.0,0.0,case_00086,35
323,7,14,0,33.333333333333336,66.66666666666667,0.0,6.104651162790698,case_00079,217
0,0,0,0,0.0,0.0,0.0,0.0,case_00161,451
0,0,193,0,0.0,100.0,0.0,100.0,case_00075,392
390,15,50,0,23.076923076923077,76.92307692307692,0.0,14.285714285714286,case_00125,307
0,0,556,0,0.0,100.0,0.0,100.0,case_00194,383
0,0,20,0,0.0,100.0,0.0,100.0,case_00161,63
84,31,13,0,70.45454545454545,29.545454545454547,0.0,34.375,case_00203,141
584,26,58,0,30.952380952380953,69.04761904761905,0.0,12.574850299401197,case_00079,198
665,0,53,0,0.0,100.0,0.0,7.381615598885793,case_00033,133
1369,16,41,0,28.07017543859649,71.9298245614035,0.0,3.997194950911641,case_00115,362
0,0,192,0,0.0,100.0,0.0,100.0,case_00194,414
1208,3,100,0,2.912621359223301,97.0873786407767,0.0,7.856598016781083,case_00075,172
0,0,10,0,0.0,100.0,0.0,100.0,case_00133,73
0,0,271,0,0.0,100.0,0.0,100.0,case_00125,40
0,0,0,0,0.0,0.0,0.0,0.0,case_00086,90
0,0,24,0,0.0,100.0,0.0,100.0,case_00203,214
864,8,135,0,5.594405594405594,94.4055944055944,0.0,14.200595829195631,case_00075,192
1973,33,240,0,12.087912087912088,87.91208791208791,0.0,12.154942119323241,case_00115,191
459,9,34,0,20.930232558139537,79.06976744186046,0.0,8.565737051792828,case_00203,395
446,6,60,0,9.090909090909092,90.9090909090909,0.0,12.890625,case_00086,301
913,6,84,0,6.666666666666667,93.33333333333333,0.0,8.97308075772682,case_00125,329
0,0,0,0,0.0,0.0,0.0,0.0,case_00079,46
0,0,0,0,0.0,0.0,0.0,0.0,case_00086,56
0,0,0,0,0.0,0.0,0.0,0.0,case_00033,487
2662,57,213,0,21.11111111111111,78.88888888888889,0.0,9.208731241473396,case_00113,175
711,5,41,0,10.869565217391305,89.1304347826087,0.0,6.07661822985469,case_00134,362
635,14,94,5,12.389380530973451,83.1858407079646,4.424778761061947,15.106951871657754,case_00125,199
0,0,0,0,0.0,0.0,0.0,0.0,case_00161,474
1571,16,33,0,32.6530612244898,67.34693877551021,0.0,3.0246913580246915,case_00102,161
638,63,47,0,57.27272727272727,42.72727272727273,0.0,14.705882352941176,case_00079,190
0,0,260,0,0.0,100.0,0.0,100.0,case_00075,414
405,8,76,0,9.523809523809524,90.47619047619048,0.0,17.177914110429448,case_00203,151
1116,11,46,0,19.29824561403509,80.70175438596492,0.0,4.859335038363171,case_00086,360
0,0,24,0,0.0,100.0,0.0,100.0,case_00194,276
917,0,57,0,0.0,100.0,0.0,5.852156057494867,case_00033,140
619,16,42,0,27.586206896551722,72.41379310344827,0.0,8.567208271787297,case_00086,112
980,0,61,0,0.0,100.0,0.0,5.859750240153699,case_00125,334
0,0,0,0,0.0,0.0,0.0,0.0,case_00133,416
0,0,464,0,0.0,100.0,0.0,100.0,case_00133,488
0,0,0,0,0.0,0.0,0.0,0.0,case_00115,112
3666,55,426,200,8.076358296622614,62.55506607929515,29.368575624082233,15.665976535541754,case_00113,370
0,0,4411,0,0.0,100.0,0.0,100.0,case_00134,62
0,0,0,0,0.0,0.0,0.0,0.0,case_00125,12
0,0,0,0,0.0,0.0,0.0,0.0,case_00033,499
0,0,0,0,0.0,0.0,0.0,0.0,case_00134,385
0,0,0,0,0.0,0.0,0.0,0.0,case_00102,77
0,0,0,0,0.0,0.0,0.0,0.0,case_00014,486
1536,3,54,0,5.2631578947368425,94.73684210526316,0.0,3.5781544256120528,case_00033,362
0,0,44,0,0.0,100.0,0.0,100.0,case_00154,224
0,0,0,0,0.0,0.0,0.0,0.0,case_00133,386
0,0,102,0,0.0,100.0,0.0,100.0,case_00079,495
0,0,402,0,0.0,100.0,0.0,100.0,case_00075,431
0,0,0,0,0.0,0.0,0.0,0.0,case_00194,487
483,2,117,0,1.680672268907563,98.31932773109244,0.0,19.767441860465116,case_00086,183
0,0,0,0,0.0,0.0,0.0,0.0,case_00133,90
0,0,0,0,0.0,0.0,0.0,0.0,case_00086,427
963,4,63,0,5.970149253731344,94.02985074626865,0.0,6.504854368932039,case_00079,172
0,0,0,0,0.0,0.0,0.0,0.0,case_00154,264
336,2,25,0,7.407407407407407,92.5925925925926,0.0,7.43801652892562,case_00125,364
0,0,0,0,0.0,0.0,0.0,0.0,case_00086,204
0,0,0,0,0.0,0.0,0.0,0.0,case_00125,436
244,10,13,0,43.47826086956522,56.52173913043478,0.0,8.614232209737828,case_00014,374
0,0,12,0,0.0,100.0,0.0,100.0,case_00033,260
0,0,0,0,0.0,0.0,0.0,0.0,case_00161,495
937,14,64,25,13.592233009708737,62.13592233009709,24.271844660194176,9.903846153846153,case_00125,192
1664,47,113,46,22.815533980582526,54.85436893203884,22.33009708737864,11.016042780748663,case_00113,422
0,0,137,0,0.0,100.0,0.0,100.0,case_00154,405
0,0,0,0,0.0,0.0,0.0,0.0,case_00014,141
0,0,0,0,0.0,0.0,0.0,0.0,case_00033,490
0,0,0,0,0.0,0.0,0.0,0.0,case_00079,2
0,0,0,0,0.0,0.0,0.0,0.0,case_00115,106
793,6,164,0,3.5294117647058822,96.47058823529412,0.0,17.653167185877468,case_00134,357
0,0,0,0,0.0,0.0,0.0,0.0,case_00079,296
0,0,0,0,0.0,0.0,0.0,0.0,case_00125,500
0,0,0,0,0.0,0.0,0.0,0.0,case_00194,277
0,0,0,0,0.0,0.0,0.0,0.0,case_00161,259
643,12,20,0,37.5,62.5,0.0,4.7407407407407405,case_00203,383
0,0,6,0,0.0,100.0,0.0,100.0,case_00014,396
0,0,77,0,0.0,100.0,0.0,100.0,case_00125,278
0,0,0,0,0.0,0.0,0.0,0.0,case_00134,469
511,9,49,0,15.517241379310345,84.48275862068965,0.0,10.193321616871705,case_00075,204
1031,3,119,16,2.1739130434782608,86.23188405797102,11.594202898550725,11.804961505560309,case_00079,431
1296,25,66,0,27.47252747252747,72.52747252747253,0.0,6.560922855082913,case_00086,147
0,0,111,0,0.0,100.0,0.0,100.0,case_00125,401
0,0,0,0,0.0,0.0,0.0,0.0,case_00203,84
598,29,57,0,33.72093023255814,66.27906976744185,0.0,12.573099415204679,case_00154,317
0,0,0,0,0.0,0.0,0.0,0.0,case_00014,23
0,0,0,0,0.0,0.0,0.0,0.0,case_00125,487
1508,7,85,0,7.608695652173913,92.3913043478261,0.0,5.75,case_00194,146
0,0,0,0,0.0,0.0,0.0,0.0,case_00014,55
0,0,25,0,0.0,100.0,0.0,100.0,case_00194,45
0,0,0,0,0.0,0.0,0.0,0.0,case_00134,446
0,0,0,0,0.0,0.0,0.0,0.0,case_00079,243
876,9,95,0,8.653846153846153,91.34615384615384,0.0,10.612244897959183,case_00125,327
839,10,24,0,29.41176470588235,70.58823529411765,0.0,3.8946162657502863,case_00133,323
1763,25,80,0,23.80952380952381,76.19047619047619,0.0,5.620985010706638,case_00134,158
1585,35,66,39,25.0,47.142857142857146,27.857142857142858,8.115942028985508,case_00161,154
0,0,0,0,0.0,0.0,0.0,0.0,case_00133,251
0,0,0,0,0.0,0.0,0.0,0.0,case_00033,93
0,0,0,0,0.0,0.0,0.0,0.0,case_00115,54
0,0,58,0,0.0,100.0,0.0,100.0,case_00161,292
2843,15,110,73,7.575757575757576,55.55555555555556,36.86868686868687,6.511016113120684,case_00115,346
0,0,468,0,0.0,100.0,0.0,100.0,case_00113,22
1240,2,119,17,1.4492753623188406,86.23188405797102,12.318840579710145,10.014513788098693,case_00075,344
454,43,17,0,71.66666666666667,28.333333333333332,0.0,11.673151750972762,case_00133,287
0,0,0,0,0.0,0.0,0.0,0.0,case_00115,96
125,7,23,0,23.333333333333332,76.66666666666667,0.0,19.35483870967742,case_00115,293
0,0,525,0,0.0,100.0,0.0,100.0,case_00133,427
126,8,12,0,40.0,60.0,0.0,13.698630136986301,case_00133,182
0,0,0,0,0.0,0.0,0.0,0.0,case_00134,23
939,5,55,43,4.854368932038835,53.398058252427184,41.74757281553398,9.884836852207293,case_00014,186
2045,78,237,11,23.926380368098158,72.69938650306749,3.374233128834356,13.749472796288487,case_00113,331
3912,14,260,24,4.697986577181208,87.24832214765101,8.053691275167786,7.078384798099762,case_00102,329
0,0,525,0,0.0,100.0,0.0,100.0,case_00194,396
0,0,0,0,0.0,0.0,0.0,0.0,case_00014,240
0,0,0,0,0.0,0.0,0.0,0.0,case_00154,58
645,15,45,0,25.0,75.0,0.0,8.51063829787234,case_00134,289
188,18,26,0,40.90909090909091,59.09090909090909,0.0,18.96551724137931,case_00014,310
0,0,0,0,0.0,0.0,0.0,0.0,case_00154,507
1613,13,100,0,11.504424778761061,88.49557522123894,0.0,6.546929316338354,case_00115,306
2948,77,128,97,25.496688741721854,42.384105960264904,32.11920529801324,9.292307692307693,case_00113,403
421,2,32,42,2.6315789473684212,42.10526315789474,55.26315789473684,15.29175050301811,case_00086,394
0,0,0,0,0.0,0.0,0.0,0.0,case_00102,62
915,6,72,0,7.6923076923076925,92.3076923076923,0.0,7.854984894259819,case_00014,354
0,0,61,0,0.0,100.0,0.0,100.0,case_00125,264
216,7,29,0,19.444444444444443,80.55555555555556,0.0,14.285714285714286,case_00075,128
0,0,0,0,0.0,0.0,0.0,0.0,case_00014,287
0,0,0,0,0.0,0.0,0.0,0.0,case_00125,58
199,3,27,0,10.0,90.0,0.0,13.100436681222707,case_00014,168
0,0,0,0,0.0,0.0,0.0,0.0,case_00115,235
0,0,0,0,0.0,0.0,0.0,0.0,case_00203,467
0,0,44,0,0.0,100.0,0.0,100.0,case_00102,106
0,0,0,0,0.0,0.0,0.0,0.0,case_00113,270
0,0,0,0,0.0,0.0,0.0,0.0,case_00014,261
3730,15,563,169,2.0080321285140563,75.36813922356092,22.623828647925034,16.68528032164396,case_00113,353
0,0,0,0,0.0,0.0,0.0,0.0,case_00115,446
0,0,202,0,0.0,100.0,0.0,100.0,case_00115,472
0,0,129,0,0.0,100.0,0.0,100.0,case_00154,425
890,6,125,0,4.580152671755725,95.41984732824427,0.0,12.830558276199804,case_00075,191
0,0,86,0,0.0,100.0,0.0,100.0,case_00086,473
0,0,0,0,0.0,0.0,0.0,0.0,case_00161,267
0,0,0,0,0.0,0.0,0.0,0.0,case_00079,268
0,0,0,0,0.0,0.0,0.0,0.0,case_00125,453
0,0,34,0,0.0,100.0,0.0,100.0,case_00033,228
1373,8,56,0,12.5,87.5,0.0,4.453723034098817,case_00033,371
605,28,20,0,58.333333333333336,41.666666666666664,0.0,7.3506891271056665,case_00079,147
0,0,0,0,0.0,0.0,0.0,0.0,case_00203,99
0,0,5,0,0.0,100.0,0.0,100.0,case_00079,238
0,0,0,0,0.0,0.0,0.0,0.0,case_00133,13
739,7,26,0,21.21212121212121,78.78787878787878,0.0,4.274611398963731,case_00133,327
1089,4,84,0,4.545454545454546,95.45454545454545,0.0,7.4766355140186915,case_00075,158
0,0,35,0,0.0,100.0,0.0,100.0,case_00075,384
0,0,91,0,0.0,100.0,0.0,100.0,case_00154,401
283,8,30,0,21.05263157894737,78.94736842105263,0.0,11.838006230529595,case_00033,201
0,0,18,0,0.0,100.0,0.0,100.0,case_00133,83
514,1,101,0,0.9803921568627451,99.01960784313725,0.0,16.558441558441558,case_00086,182
0,0,0,0,0.0,0.0,0.0,0.0,case_00014,459
0,0,0,0,0.0,0.0,0.0,0.0,case_00125,110
0,0,0,0,0.0,0.0,0.0,0.0,case_00014,485
0,0,0,0,0.0,0.0,0.0,0.0,case_00194,95
0,0,0,0,0.0,0.0,0.0,0.0,case_00086,3
0,0,312,0,0.0,100.0,0.0,100.0,case_00102,260
0,0,0,0,0.0,0.0,0.0,0.0,case_00079,90
1122,21,89,0,19.09090909090909,80.9090909090909,0.0,8.928571428571429,case_00102,184
0,0,21,0,0.0,100.0,0.0,100.0,case_00113,294
532,38,46,0,45.23809523809524,54.76190476190476,0.0,13.636363636363637,case_00161,335
170,3,42,0,6.666666666666667,93.33333333333333,0.0,20.930232558139537,case_00075,373
511,28,45,0,38.35616438356164,61.64383561643836,0.0,12.5,case_00113,206
0,0,0,0,0.0,0.0,0.0,0.0,case_00133,191
0,0,0,0,0.0,0.0,0.0,0.0,case_00033,221
0,0,0,0,0.0,0.0,0.0,0.0,case_00115,393
0,0,0,0,0.0,0.0,0.0,0.0,case_00154,228
0,0,81,0,0.0,100.0,0.0,100.0,case_00194,402
0,0,0,0,0.0,0.0,0.0,0.0,case_00115,481
0,0,118,0,0.0,100.0,0.0,100.0,case_00133,18
796,18,75,0,19.35483870967742,80.64516129032258,0.0,10.46119235095613,case_00161,206
0,0,0,0,0.0,0.0,0.0,0.0,case_00125,53
0,0,0,0,0.0,0.0,0.0,0.0,case_00133,224
0,0,0,0,0.0,0.0,0.0,0.0,case_00203,78
929,10,56,0,15.151515151515152,84.84848484848484,0.0,6.633165829145729,case_00079,164
560,6,53,0,10.169491525423728,89.83050847457628,0.0,9.531502423263328,case_00075,140
0,0,0,0,0.0,0.0,0.0,0.0,case_00115,115
0,0,0,0,0.0,0.0,0.0,0.0,case_00203,113
3136,7,209,83,2.3411371237458196,69.89966555183946,27.759197324414714,8.704512372634643,case_00115,338
0,0,0,0,0.0,0.0,0.0,0.0,case_00125,446
0,0,0,0,0.0,0.0,0.0,0.0,case_00125,98
0,0,0,0,0.0,0.0,0.0,0.0,case_00161,71
0,0,14,0,0.0,100.0,0.0,100.0,case_00079,122
415,10,59,0,14.492753623188406,85.5072463768116,0.0,14.256198347107437,case_00161,225
0,0,0,0,0.0,0.0,0.0,0.0,case_00134,0
0,0,15,0,0.0,100.0,0.0,100.0,case_00134,87
602,11,113,0,8.870967741935484,91.12903225806451,0.0,17.079889807162534,case_00203,193
0,0,1490,0,0.0,100.0,0.0,100.0,case_00102,264
0,0,31,0,0.0,100.0,0.0,100.0,case_00203,43
0,0,0,0,0.0,0.0,0.0,0.0,case_00203,253
911,26,48,0,35.13513513513514,64.86486486486487,0.0,7.5126903553299496,case_00079,179
0,0,0,0,0.0,0.0,0.0,0.0,case_00075,258
1231,33,104,0,24.087591240875913,75.91240875912409,0.0,10.014619883040936,case_00086,156
0,0,0,0,0.0,0.0,0.0,0.0,case_00161,65
2369,38,139,59,16.10169491525424,58.898305084745765,25.0,9.059500959692897,case_00113,415
3713,52,213,138,12.903225806451612,52.853598014888334,34.24317617866005,9.7910592808552,case_00113,372
0,0,0,0,0.0,0.0,0.0,0.0,case_00115,436
1246,5,43,0,10.416666666666666,89.58333333333333,0.0,3.7094281298299845,case_00033,150
1508,76,105,0,41.988950276243095,58.011049723756905,0.0,10.716400236826525,case_00134,196
0,0,0,0,0.0,0.0,0.0,0.0,case_00133,225
0,0,0,0,0.0,0.0,0.0,0.0,case_00115,26
3509,70,458,64,11.824324324324325,77.36486486486487,10.81081081081081,14.435503535722994,case_00113,347
0,0,0,0,0.0,0.0,0.0,0.0,case_00102,111
3630,40,185,84,12.944983818770227,59.8705501618123,27.184466019417474,7.844630616907844,case_00113,384
0,0,0,0,0.0,0.0,0.0,0.0,case_00033,15
751,8,100,15,6.504065040650406,81.30081300813008,12.195121951219512,14.073226544622425,case_00125,197
0,0,0,0,0.0,0.0,0.0,0.0,case_00154,85
1708,16,163,0,8.938547486033519,91.06145251396649,0.0,9.485956544780073,case_00161,356
0,0,0,0,0.0,0.0,0.0,0.0,case_00203,23
0,0,0,0,0.0,0.0,0.0,0.0,case_00203,25
0,0,522,0,0.0,100.0,0.0,100.0,case_00113,453
0,0,219,0,0.0,100.0,0.0,100.0,case_00194,327
707,6,111,0,5.128205128205129,94.87179487179488,0.0,14.199029126213592,case_00161,214
722,10,138,41,5.291005291005291,73.01587301587301,21.693121693121693,20.74643249176729,case_00033,190
1226,25,98,28,16.556291390728475,64.90066225165563,18.543046357615893,10.965867828612927,case_00113,426
3066,16,175,50,6.639004149377594,72.61410788381743,20.74688796680498,7.287571817357121,case_00115,343
638,8,48,6,12.903225806451612,77.41935483870968,9.67741935483871,8.857142857142858,case_00133,126
0,0,0,0,0.0,0.0,0.0,0.0,case_00134,465
0,0,0,0,0.0,0.0,0.0,0.0,case_00102,63
909,4,86,0,4.444444444444445,95.55555555555556,0.0,9.00900900900901,case_00075,151
0,0,0,0,0.0,0.0,0.0,0.0,case_00203,130
768,7,24,0,22.580645161290324,77.41935483870968,0.0,3.8798498122653315,case_00133,326
651,37,66,0,35.922330097087375,64.07766990291262,0.0,13.660477453580901,case_00154,318
1893,119,53,0,69.18604651162791,30.813953488372093,0.0,8.329297820823244,case_00154,178
0,0,730,0,0.0,100.0,0.0,100.0,case_00133,50
0,0,0,0,0.0,0.0,0.0,0.0,case_00154,31
0,0,23,0,0.0,100.0,0.0,100.0,case_00203,285
0,0,0,0,0.0,0.0,0.0,0.0,case_00086,255
164,7,8,0,46.666666666666664,53.333333333333336,0.0,8.379888268156424,case_00133,346
0,0,0,0,0.0,0.0,0.0,0.0,case_00203,231
1192,2,40,0,4.761904761904762,95.23809523809524,0.0,3.4035656401944894,case_00033,148
0,0,0,0,0.0,0.0,0.0,0.0,case_00133,58
0,0,0,0,0.0,0.0,0.0,0.0,case_00033,431
826,35,45,36,30.17241379310345,38.793103448275865,31.03448275862069,12.314225053078557,case_00161,138
1741,38,104,0,26.760563380281692,73.2394366197183,0.0,7.541157727031333,case_00154,193
1077,10,42,0,19.23076923076923,80.76923076923077,0.0,4.605845881310895,case_00125,170
1554,40,172,15,17.621145374449338,75.77092511013215,6.607929515418502,12.74564851207187,case_00161,165
464,6,83,0,6.741573033707865,93.25842696629213,0.0,16.09403254972875,case_00161,223
0,0,0,0,0.0,0.0,0.0,0.0,case_00086,32
0,0,94,0,0.0,100.0,0.0,100.0,case_00075,386
0,0,1068,0,0.0,100.0,0.0,100.0,case_00115,49
0,0,0,0,0.0,0.0,0.0,0.0,case_00133,189
0,0,0,0,0.0,0.0,0.0,0.0,case_00134,489
1581,13,32,0,28.88888888888889,71.11111111111111,0.0,2.7675276752767526,case_00102,173
0,0,0,0,0.0,0.0,0.0,0.0,case_00014,499
0,0,0,0,0.0,0.0,0.0,0.0,case_00113,463
0,0,69,0,0.0,100.0,0.0,100.0,case_00133,241
0,0,0,0,0.0,0.0,0.0,0.0,case_00079,262
3787,22,292,35,6.303724928366762,83.6676217765043,10.02865329512894,8.438104448742747,case_00102,327
0,0,0,0,0.0,0.0,0.0,0.0,case_00033,463
0,0,0,0,0.0,0.0,0.0,0.0,case_00102,499
0,0,68,0,0.0,100.0,0.0,100.0,case_00194,298
554,16,20,0,44.44444444444444,55.55555555555556,0.0,6.101694915254237,case_00079,145
0,0,0,0,0.0,0.0,0.0,0.0,case_00115,88
0,0,0,0,0.0,0.0,0.0,0.0,case_00086,230
0,0,0,0,0.0,0.0,0.0,0.0,case_00203,114
0,0,12,0,0.0,100.0,0.0,100.0,case_00134,266
0,0,32,0,0.0,100.0,0.0,100.0,case_00133,249
0,0,0,0,0.0,0.0,0.0,0.0,case_00014,21
0,0,0,0,0.0,0.0,0.0,0.0,case_00161,441
3401,26,108,15,17.449664429530202,72.48322147651007,10.06711409395973,4.197183098591549,case_00102,383
0,0,18,0,0.0,100.0,0.0,100.0,case_00154,432
0,0,123,0,0.0,100.0,0.0,100.0,case_00079,506
959,11,101,0,9.821428571428571,90.17857142857143,0.0,10.457516339869281,case_00075,188
0,0,0,0,0.0,0.0,0.0,0.0,case_00134,451
210,34,25,1,56.666666666666664,41.666666666666664,1.6666666666666667,22.22222222222222,case_00154,312
0,0,5213,0,0.0,100.0,0.0,100.0,case_00134,47
0,0,0,0,0.0,0.0,0.0,0.0,case_00033,491
0,0,0,0,0.0,0.0,0.0,0.0,case_00033,64
0,0,0,0,0.0,0.0,0.0,0.0,case_00154,94
0,0,0,0,0.0,0.0,0.0,0.0,case_00133,411
0,0,0,0,0.0,0.0,0.0,0.0,case_00134,14
0,0,12,0,0.0,100.0,0.0,100.0,case_00102,284
0,0,0,0,0.0,0.0,0.0,0.0,case_00134,85
0,0,36,0,0.0,100.0,0.0,100.0,case_00154,47
0,0,0,0,0.0,0.0,0.0,0.0,case_00079,242
0,0,0,0,0.0,0.0,0.0,0.0,case_00086,247
0,0,0,0,0.0,0.0,0.0,0.0,case_00102,94
0,0,58,0,0.0,100.0,0.0,100.0,case_00113,290
353,9,19,0,32.142857142857146,67.85714285714286,0.0,7.349081364829396,case_00133,339
1119,8,26,48,9.75609756097561,31.70731707317073,58.53658536585366,6.827643630308077,case_00133,150
0,0,0,0,0.0,0.0,0.0,0.0,case_00033,242
473,7,80,0,8.045977011494253,91.95402298850574,0.0,15.535714285714286,case_00079,208
0,0,0,0,0.0,0.0,0.0,0.0,case_00086,268
0,0,227,0,0.0,100.0,0.0,100.0,case_00102,446
0,0,112,0,0.0,100.0,0.0,100.0,case_00079,496
179,10,11,0,47.61904761904762,52.38095238095238,0.0,10.5,case_00125,207
1642,25,150,0,14.285714285714286,85.71428571428571,0.0,9.631260319207485,case_00102,405
0,0,0,0,0.0,0.0,0.0,0.0,case_00133,509
0,0,0,0,0.0,0.0,0.0,0.0,case_00133,470
0,0,0,0,0.0,0.0,0.0,0.0,case_00203,98
0,0,6,0,0.0,100.0,0.0,100.0,case_00125,217
0,0,0,0,0.0,0.0,0.0,0.0,case_00115,490
0,0,0,0,0.0,0.0,0.0,0.0,case_00033,94
0,0,0,0,0.0,0.0,0.0,0.0,case_00125,271
0,0,0,0,0.0,0.0,0.0,0.0,case_00194,262
444,26,30,0,46.42857142857143,53.57142857142857,0.0,11.2,case_00161,390
1451,7,34,0,17.073170731707318,82.92682926829268,0.0,2.74798927613941,case_00033,160
0,0,0,0,0.0,0.0,0.0,0.0,case_00203,470
0,0,0,0,0.0,0.0,0.0,0.0,case_00154,26
1269,13,73,12,13.26530612244898,74.48979591836735,12.244897959183673,7.168983174835406,case_00033,182
0,0,113,0,0.0,100.0,0.0,100.0,case_00134,112
688,7,101,0,6.481481481481482,93.51851851851852,0.0,13.5678391959799,case_00203,368
0,0,0,0,0.0,0.0,0.0,0.0,case_00033,456
0,0,446,0,0.0,100.0,0.0,100.0,case_00194,59
0,0,27,0,0.0,100.0,0.0,100.0,case_00133,216
0,0,1,0,0.0,100.0,0.0,100.0,case_00075,102
450,13,89,4,12.264150943396226,83.9622641509434,3.7735849056603774,19.06474820143885,case_00133,173
0,0,0,0,0.0,0.0,0.0,0.0,case_00125,477
825,17,145,0,10.493827160493828,89.50617283950618,0.0,16.41337386018237,case_00102,412
1069,22,132,2,14.102564102564102,84.61538461538461,1.2820512820512822,12.73469387755102,case_00194,175
0,0,39,0,0.0,100.0,0.0,100.0,case_00194,436
83,1,31,0,3.125,96.875,0.0,27.82608695652174,case_00194,200
0,0,0,0,0.0,0.0,0.0,0.0,case_00115,456
169,11,27,0,28.94736842105263,71.05263157894737,0.0,18.357487922705314,case_00194,194
0,0,0,0,0.0,0.0,0.0,0.0,case_00014,262
1080,10,72,25,9.345794392523365,67.28971962616822,23.364485981308412,9.014321819713563,case_00125,187
0,0,31,0,0.0,100.0,0.0,100.0,case_00203,225
0,0,0,0,0.0,0.0,0.0,0.0,case_00033,510
0,0,539,0,0.0,100.0,0.0,100.0,case_00194,375
0,0,0,0,0.0,0.0,0.0,0.0,case_00014,416
0,0,0,0,0.0,0.0,0.0,0.0,case_00079,249
0,0,41,0,0.0,100.0,0.0,100.0,case_00134,101
0,0,0,0,0.0,0.0,0.0,0.0,case_00154,483
0,0,0,0,0.0,0.0,0.0,0.0,case_00033,73
0,0,0,0,0.0,0.0,0.0,0.0,case_00161,242
833,17,46,0,26.984126984126984,73.01587301587301,0.0,7.03125,case_00079,157
0,0,0,0,0.0,0.0,0.0,0.0,case_00134,473
0,0,0,0,0.0,0.0,0.0,0.0,case_00014,266
0,0,0,0,0.0,0.0,0.0,0.0,case_00194,308
0,0,1,0,0.0,100.0,0.0,100.0,case_00102,223
0,0,0,0,0.0,0.0,0.0,0.0,case_00014,497
659,16,64,0,20.0,80.0,0.0,10.825439783491204,case_00086,326
0,0,0,0,0.0,0.0,0.0,0.0,case_00134,212
0,0,0,0,0.0,0.0,0.0,0.0,case_00194,93
0,0,0,0,0.0,0.0,0.0,0.0,case_00079,83
0,0,0,0,0.0,0.0,0.0,0.0,case_00014,80
0,0,0,0,0.0,0.0,0.0,0.0,case_00086,492
937,13,28,0,31.70731707317073,68.29268292682927,0.0,4.192229038854806,case_00115,366
0,0,547,0,0.0,100.0,0.0,100.0,case_00194,376
1183,46,13,0,77.96610169491525,22.033898305084747,0.0,4.750402576489533,case_00154,154
0,0,484,0,0.0,100.0,0.0,100.0,case_00102,36
0,0,0,0,0.0,0.0,0.0,0.0,case_00033,4
0,0,1705,0,0.0,100.0,0.0,100.0,case_00102,241
0,0,0,0,0.0,0.0,0.0,0.0,case_00014,414
0,0,0,0,0.0,0.0,0.0,0.0,case_00075,466
0,0,63,0,0.0,100.0,0.0,100.0,case_00154,223
0,0,0,0,0.0,0.0,0.0,0.0,case_00102,484
0,0,0,0,0.0,0.0,0.0,0.0,case_00102,22
0,0,0,0,0.0,0.0,0.0,0.0,case_00086,261
0,0,134,0,0.0,100.0,0.0,100.0,case_00014,424
0,0,0,0,0.0,0.0,0.0,0.0,case_00161,255
0,0,0,0,0.0,0.0,0.0,0.0,case_00194,502
4034,15,158,19,7.8125,82.29166666666667,9.895833333333334,4.543303360151444,case_00102,371
1201,5,121,10,3.676470588235294,88.97058823529412,7.352941176470588,10.172026925953627,case_00075,347
0,0,31,0,0.0,100.0,0.0,100.0,case_00033,214
0,0,0,0,0.0,0.0,0.0,0.0,case_00079,309
0,0,0,0,0.0,0.0,0.0,0.0,case_00161,506
0,0,0,0,0.0,0.0,0.0,0.0,case_00014,29
2076,10,106,23,7.194244604316546,76.2589928057554,16.546762589928058,6.275395033860045,case_00079,396
3691,10,325,41,2.6595744680851063,86.43617021276596,10.904255319148936,9.245143840668797,case_00102,325
0,0,0,0,0.0,0.0,0.0,0.0,case_00014,282
0,0,0,0,0.0,0.0,0.0,0.0,case_00125,479
0,0,0,0,0.0,0.0,0.0,0.0,case_00203,303
0,0,0,0,0.0,0.0,0.0,0.0,case_00102,11
612,16,95,0,14.414414414414415,85.58558558558559,0.0,15.352697095435685,case_00203,362
0,0,0,0,0.0,0.0,0.0,0.0,case_00161,33
1741,29,147,0,16.477272727272727,83.52272727272727,0.0,9.181011997913407,case_00102,404
0,0,1464,0,0.0,100.0,0.0,100.0,case_00115,46
958,9,39,0,18.75,81.25,0.0,4.7713717693836974,case_00014,349
1058,20,52,0,27.77777777777778,72.22222222222223,0.0,6.371681415929204,case_00086,343
0,0,0,0,0.0,0.0,0.0,0.0,case_00079,43
0,0,99,0,0.0,100.0,0.0,100.0,case_00033,265
808,13,26,0,33.333333333333336,66.66666666666667,0.0,4.6044864226682405,case_00125,160
0,0,0,0,0.0,0.0,0.0,0.0,case_00014,289
0,0,0,0,0.0,0.0,0.0,0.0,case_00154,13
0,0,0,0,0.0,0.0,0.0,0.0,case_00115,237
0,0,23,0,0.0,100.0,0.0,100.0,case_00134,252
0,0,0,0,0.0,0.0,0.0,0.0,case_00102,426
0,0,0,0,0.0,0.0,0.0,0.0,case_00086,264
403,7,16,0,30.434782608695652,69.56521739130434,0.0,5.39906103286385,case_00133,337
0,0,0,0,0.0,0.0,0.0,0.0,case_00154,486
0,0,0,0,0.0,0.0,0.0,0.0,case_00203,492
0,0,12,0,0.0,100.0,0.0,100.0,case_00154,216
989,23,13,0,63.888888888888886,36.111111111111114,0.0,3.5121951219512195,case_00115,134
2843,23,190,0,10.7981220657277,89.2018779342723,0.0,6.969895287958115,case_00113,170
0,0,12,0,0.0,100.0,0.0,100.0,case_00075,15
2902,22,183,56,8.42911877394636,70.11494252873563,21.455938697318008,8.251659816629783,case_00115,320
0,0,0,0,0.0,0.0,0.0,0.0,case_00014,447
3087,6,231,122,1.6713091922005572,64.34540389972145,33.98328690807799,10.417875798026698,case_00115,339
0,0,0,0,0.0,0.0,0.0,0.0,case_00113,473
2869,26,167,0,13.471502590673575,86.52849740932642,0.0,6.303069888961463,case_00113,165
0,0,0,0,0.0,0.0,0.0,0.0,case_00113,76
2993,14,98,0,12.5,87.5,0.0,3.607085346215781,case_00115,155
1379,85,113,0,42.92929292929293,57.07070707070707,0.0,12.555485098287889,case_00161,346
98,9,9,0,50.0,50.0,0.0,15.517241379310345,case_00133,183
0,0,0,0,0.0,0.0,0.0,0.0,case_00133,63
45,7,17,0,29.166666666666668,70.83333333333333,0.0,34.78260869565217,case_00161,322
0,0,0,0,0.0,0.0,0.0,0.0,case_00079,82
399,8,24,0,25.0,75.0,0.0,7.424593967517401,case_00133,285
892,33,203,0,13.983050847457626,86.01694915254237,0.0,20.921985815602838,case_00161,339
0,0,0,0,0.0,0.0,0.0,0.0,case_00086,19
1652,36,118,30,19.565217391304348,64.1304347826087,16.304347826086957,10.021786492374728,case_00161,161
235,1,31,0,3.125,96.875,0.0,11.985018726591761,case_00075,216
750,24,79,0,23.300970873786408,76.69902912621359,0.0,12.075029308323565,case_00113,315
0,0,13,0,0.0,100.0,0.0,100.0,case_00133,248
1155,16,22,7,35.55555555555556,48.888888888888886,15.555555555555555,3.75,case_00125,176
542,4,96,0,4.0,96.0,0.0,15.576323987538942,case_00203,356
0,0,0,0,0.0,0.0,0.0,0.0,case_00203,79
0,0,568,0,0.0,100.0,0.0,100.0,case_00113,11
0,0,0,0,0.0,0.0,0.0,0.0,case_00133,406
804,6,72,0,7.6923076923076925,92.3076923076923,0.0,8.843537414965986,case_00161,208
0,0,0,0,0.0,0.0,0.0,0.0,case_00079,294
960,2,34,0,5.555555555555555,94.44444444444444,0.0,3.6144578313253013,case_00133,313
147,6,8,0,42.857142857142854,57.142857142857146,0.0,8.695652173913043,case_00033,321
0,0,0,0,0.0,0.0,0.0,0.0,case_00133,74
0,0,674,0,0.0,100.0,0.0,100.0,case_00133,47
0,0,0,0,0.0,0.0,0.0,0.0,case_00086,479
0,0,0,0,0.0,0.0,0.0,0.0,case_00086,449
600,1,101,0,0.9803921568627451,99.01960784313725,0.0,14.52991452991453,case_00086,178
0,0,0,0,0.0,0.0,0.0,0.0,case_00033,234
326,32,14,0,69.56521739130434,30.434782608695652,0.0,12.365591397849462,case_00079,324
0,0,0,0,0.0,0.0,0.0,0.0,case_00125,504
0,0,0,0,0.0,0.0,0.0,0.0,case_00125,44
381,35,19,0,64.81481481481481,35.18518518518518,0.0,12.413793103448276,case_00134,145
947,4,44,0,8.333333333333334,91.66666666666667,0.0,4.824120603015075,case_00125,341
683,29,19,0,60.416666666666664,39.583333333333336,0.0,6.566347469220246,case_00079,150
0,0,0,0,0.0,0.0,0.0,0.0,case_00134,464
352,23,22,0,51.111111111111114,48.888888888888886,0.0,11.335012594458439,case_00125,306
0,0,31,0,0.0,100.0,0.0,100.0,case_00014,245
779,7,63,0,10.0,90.0,0.0,8.244994110718492,case_00014,223
0,0,0,0,0.0,0.0,0.0,0.0,case_00125,481
0,0,0,0,0.0,0.0,0.0,0.0,case_00194,267
0,0,0,0,0.0,0.0,0.0,0.0,case_00161,438
0,0,0,0,0.0,0.0,0.0,0.0,case_00154,248
323,7,41,0,14.583333333333334,85.41666666666667,0.0,12.93800539083558,case_00161,328
19,1,71,0,1.3888888888888888,98.61111111111111,0.0,79.12087912087912,case_00134,141
1479,6,39,0,13.333333333333334,86.66666666666667,0.0,2.952755905511811,case_00033,163
0,0,0,0,0.0,0.0,0.0,0.0,case_00194,38
900,11,71,0,13.414634146341463,86.58536585365853,0.0,8.35030549898167,case_00079,162
0,0,0,0,0.0,0.0,0.0,0.0,case_00161,50
0,0,34,0,0.0,100.0,0.0,100.0,case_00079,113
1682,33,169,0,16.336633663366335,83.66336633663366,0.0,10.721868365180468,case_00113,190
1324,36,20,0,64.28571428571429,35.714285714285715,0.0,4.057971014492754,case_00115,137
0,0,38,0,0.0,100.0,0.0,100.0,case_00033,227
0,0,0,0,0.0,0.0,0.0,0.0,case_00133,396
0,0,0,0,0.0,0.0,0.0,0.0,case_00125,18
284,25,35,0,41.666666666666664,58.333333333333336,0.0,17.441860465116278,case_00086,189
0,0,0,0,0.0,0.0,0.0,0.0,case_00079,22
955,17,87,0,16.346153846153847,83.65384615384616,0.0,9.820585457979226,case_00014,217
0,0,0,0,0.0,0.0,0.0,0.0,case_00014,457
0,0,0,0,0.0,0.0,0.0,0.0,case_00194,427
0,0,0,0,0.0,0.0,0.0,0.0,case_00079,304
0,0,0,0,0.0,0.0,0.0,0.0,case_00115,419
167,24,10,10,54.54545454545455,22.727272727272727,22.727272727272727,20.85308056872038,case_00203,407
99,1,23,0,4.166666666666667,95.83333333333333,0.0,19.51219512195122,case_00125,209
0,0,0,0,0.0,0.0,0.0,0.0,case_00154,391
1187,52,67,0,43.69747899159664,56.30252100840336,0.0,9.111791730474732,case_00113,121
1884,93,89,0,51.0989010989011,48.9010989010989,0.0,8.809293320425944,case_00154,175
0,0,0,0,0.0,0.0,0.0,0.0,case_00115,18
0,0,282,0,0.0,100.0,0.0,100.0,case_00086,461
31,3,7,0,30.0,70.0,0.0,24.390243902439025,case_00133,109
0,0,0,0,0.0,0.0,0.0,0.0,case_00115,268
0,0,0,0,0.0,0.0,0.0,0.0,case_00075,17
0,0,0,0,0.0,0.0,0.0,0.0,case_00079,479
0,0,0,0,0.0,0.0,0.0,0.0,case_00033,96
0,0,0,0,0.0,0.0,0.0,0.0,case_00154,262
0,0,0,0,0.0,0.0,0.0,0.0,case_00133,409
0,0,0,0,0.0,0.0,0.0,0.0,case_00133,357
0,0,0,0,0.0,0.0,0.0,0.0,case_00161,40
0,0,0,0,0.0,0.0,0.0,0.0,case_00033,53
907,3,23,0,11.538461538461538,88.46153846153847,0.0,2.7867095391211145,case_00102,143
1156,4,40,0,9.090909090909092,90.9090909090909,0.0,3.6666666666666665,case_00115,364
332,4,30,0,11.764705882352942,88.23529411764706,0.0,9.289617486338798,case_00161,230
0,0,242,0,0.0,100.0,0.0,100.0,case_00079,493
0,0,0,0,0.0,0.0,0.0,0.0,case_00194,5
0,0,35,0,0.0,100.0,0.0,100.0,case_00033,244
0,0,0,0,0.0,0.0,0.0,0.0,case_00133,473
0,0,80,0,0.0,100.0,0.0,100.0,case_00014,479
364,24,46,0,34.285714285714285,65.71428571428571,0.0,16.129032258064516,case_00113,208
1393,4,38,0,9.523809523809524,90.47619047619048,0.0,2.926829268292683,case_00102,154
1435,77,74,0,50.99337748344371,49.00662251655629,0.0,9.520807061790668,case_00154,196
1065,0,41,0,0.0,100.0,0.0,3.7070524412296564,case_00033,144
0,1,4,0,20.0,80.0,0.0,100.0,case_00154,139
0,0,0,0,0.0,0.0,0.0,0.0,case_00102,17
0,0,0,0,0.0,0.0,0.0,0.0,case_00014,506
593,5,89,0,5.319148936170213,94.68085106382979,0.0,13.682678311499272,case_00075,363
283,6,17,0,26.08695652173913,73.91304347826087,0.0,7.516339869281046,case_00133,280
0,0,0,0,0.0,0.0,0.0,0.0,case_00133,38
0,0,21,0,0.0,100.0,0.0,100.0,case_00033,476
878,23,170,0,11.917098445595855,88.08290155440415,0.0,18.020541549953315,case_00161,186
0,0,0,0,0.0,0.0,0.0,0.0,case_00203,102
1947,38,263,0,12.624584717607974,87.37541528239203,0.0,13.38967971530249,case_00134,314
0,0,0,0,0.0,0.0,0.0,0.0,case_00086,36
0,0,0,0,0.0,0.0,0.0,0.0,case_00014,91
0,0,78,0,0.0,100.0,0.0,100.0,case_00133,245
0,0,0,0,0.0,0.0,0.0,0.0,case_00154,489
0,0,0,0,0.0,0.0,0.0,0.0,case_00079,3
613,6,62,0,8.823529411764707,91.17647058823529,0.0,9.985315712187958,case_00014,228
0,0,157,0,0.0,100.0,0.0,100.0,case_00125,260
411,14,44,0,24.137931034482758,75.86206896551724,0.0,12.366737739872068,case_00079,453
0,0,0,0,0.0,0.0,0.0,0.0,case_00194,257
0,0,0,0,0.0,0.0,0.0,0.0,case_00033,299
0,0,110,0,0.0,100.0,0.0,100.0,case_00102,118
1475,7,135,0,4.929577464788732,95.07042253521126,0.0,8.78169449598021,case_00033,350
0,0,1329,0,0.0,100.0,0.0,100.0,case_00113,502
1541,8,62,0,11.428571428571429,88.57142857142857,0.0,4.345127250155183,case_00033,361
4187,46,127,31,22.54901960784314,62.254901960784316,15.196078431372548,4.645866545206103,case_00102,366
0,0,352,0,0.0,100.0,0.0,100.0,case_00203,506
0,0,0,0,0.0,0.0,0.0,0.0,case_00154,21
0,0,0,0,0.0,0.0,0.0,0.0,case_00134,492
0,0,0,0,0.0,0.0,0.0,0.0,case_00203,63
0,0,4,0,0.0,100.0,0.0,100.0,case_00125,390
0,0,568,0,0.0,100.0,0.0,100.0,case_00102,474
0,0,55,0,0.0,100.0,0.0,100.0,case_00203,458
374,5,23,0,17.857142857142858,82.14285714285714,0.0,6.965174129353234,case_00134,371
935,15,65,0,18.75,81.25,0.0,7.8817733990147785,case_00125,331
0,0,0,0,0.0,0.0,0.0,0.0,case_00075,455
0,0,0,0,0.0,0.0,0.0,0.0,case_00102,289
345,14,32,0,30.434782608695652,69.56521739130434,0.0,11.764705882352942,case_00079,455
0,0,214,0,0.0,100.0,0.0,100.0,case_00086,459
151,11,22,0,33.333333333333336,66.66666666666667,0.0,17.934782608695652,case_00194,195
0,0,0,0,0.0,0.0,0.0,0.0,case_00014,251
2924,18,125,0,12.587412587412587,87.41258741258741,0.0,4.662536680795566,case_00113,152
0,0,0,0,0.0,0.0,0.0,0.0,case_00102,20
0,0,0,0,0.0,0.0,0.0,0.0,case_00086,489
1025,4,54,0,6.896551724137931,93.10344827586206,0.0,5.355493998153278,case_00194,122
0,0,0,0,0.0,0.0,0.0,0.0,case_00203,227
0,0,667,0,0.0,100.0,0.0,100.0,case_00102,266
651,12,91,0,11.650485436893204,88.3495145631068,0.0,13.660477453580901,case_00113,313
1675,16,81,20,13.675213675213675,69.23076923076923,17.094017094017094,6.529017857142857,case_00079,414
1373,6,123,0,4.651162790697675,95.34883720930233,0.0,8.588548601864181,case_00134,304
233,8,25,0,24.242424242424242,75.75757575757575,0.0,12.406015037593985,case_00194,190
0,0,0,0,0.0,0.0,0.0,0.0,case_00079,254
0,0,25,0,0.0,100.0,0.0,100.0,case_00133,72
0,0,0,0,0.0,0.0,0.0,0.0,case_00161,102
0,0,950,0,0.0,100.0,0.0,100.0,case_00134,420
1057,18,21,0,46.15384615384615,53.84615384615385,0.0,3.5583941605839415,case_00086,366
254,27,37,0,42.1875,57.8125,0.0,20.12578616352201,case_00203,205
0,0,0,0,0.0,0.0,0.0,0.0,case_00203,30
0,0,19,0,0.0,100.0,0.0,100.0,case_00102,79
0,0,63,0,0.0,100.0,0.0,100.0,case_00115,380
1214,17,25,0,40.476190476190474,59.523809523809526,0.0,3.343949044585987,case_00014,197
0,0,0,0,0.0,0.0,0.0,0.0,case_00154,482
300,37,18,0,67.27272727272727,32.72727272727273,0.0,15.492957746478874,case_00154,381
0,0,0,0,0.0,0.0,0.0,0.0,case_00079,65
914,23,32,19,31.08108108108108,43.24324324324324,25.675675675675677,7.489878542510121,case_00133,162
0,0,0,0,0.0,0.0,0.0,0.0,case_00203,477
1282,6,123,24,3.9215686274509802,80.3921568627451,15.686274509803921,10.662020905923345,case_00075,335
3718,9,129,28,5.421686746987952,77.71084337349397,16.867469879518072,4.27394438722966,case_00102,378
0,0,0,0,0.0,0.0,0.0,0.0,case_00014,301
0,0,4041,0,0.0,100.0,0.0,100.0,case_00134,60
0,0,0,0,0.0,0.0,0.0,0.0,case_00154,37
599,27,42,0,39.130434782608695,60.869565217391305,0.0,10.32934131736527,case_00113,205
0,0,0,0,0.0,0.0,0.0,0.0,case_00203,487
0,0,0,0,0.0,0.0,0.0,0.0,case_00133,456
0,0,0,0,0.0,0.0,0.0,0.0,case_00154,506
625,7,111,0,5.932203389830509,94.0677966101695,0.0,15.88156123822342,case_00203,363
0,0,175,0,0.0,100.0,0.0,100.0,case_00102,459
0,0,20,0,0.0,100.0,0.0,100.0,case_00079,119
0,0,0,0,0.0,0.0,0.0,0.0,case_00033,312
0,0,0,0,0.0,0.0,0.0,0.0,case_00203,118
0,0,0,0,0.0,0.0,0.0,0.0,case_00113,74
526,5,48,0,9.433962264150944,90.56603773584905,0.0,9.153713298791018,case_00014,230
0,0,0,0,0.0,0.0,0.0,0.0,case_00115,497
0,0,0,0,0.0,0.0,0.0,0.0,case_00102,68
0,0,19,0,0.0,100.0,0.0,100.0,case_00115,388
0,0,0,0,0.0,0.0,0.0,0.0,case_00113,511
0,0,325,0,0.0,100.0,0.0,100.0,case_00014,429
0,0,161,0,0.0,100.0,0.0,100.0,case_00075,40
0,0,0,0,0.0,0.0,0.0,0.0,case_00134,498
0,0,0,0,0.0,0.0,0.0,0.0,case_00133,392
0,0,515,0,0.0,100.0,0.0,100.0,case_00125,77
0,0,0,0,0.0,0.0,0.0,0.0,case_00033,111
0,0,0,0,0.0,0.0,0.0,0.0,case_00079,240
888,2,80,0,2.4390243902439024,97.5609756097561,0.0,8.45360824742268,case_00075,150
0,0,0,0,0.0,0.0,0.0,0.0,case_00134,22
2883,43,135,0,24.15730337078652,75.84269662921348,0.0,5.815093106827834,case_00134,181
0,0,0,0,0.0,0.0,0.0,0.0,case_00203,319
0,0,380,0,0.0,100.0,0.0,100.0,case_00194,353
0,0,0,0,0.0,0.0,0.0,0.0,case_00134,24
0,0,38,0,0.0,100.0,0.0,100.0,case_00033,257
0,0,0,0,0.0,0.0,0.0,0.0,case_00125,421
0,0,255,0,0.0,100.0,0.0,100.0,case_00102,39
0,0,0,0,0.0,0.0,0.0,0.0,case_00115,110
46,10,23,0,30.303030303030305,69.6969696969697,0.0,41.77215189873418,case_00079,463
867,48,51,0,48.484848484848484,51.515151515151516,0.0,10.248447204968944,case_00113,431
502,13,58,0,18.309859154929576,81.69014084507042,0.0,12.390924956369982,case_00161,334
0,0,0,0,0.0,0.0,0.0,0.0,case_00203,466
0,0,0,0,0.0,0.0,0.0,0.0,case_00154,54
0,0,73,0,0.0,100.0,0.0,100.0,case_00102,290
0,0,441,0,0.0,100.0,0.0,100.0,case_00194,424
0,0,0,0,0.0,0.0,0.0,0.0,case_00102,507
0,0,0,0,0.0,0.0,0.0,0.0,case_00086,232
0,0,880,0,0.0,100.0,0.0,100.0,case_00102,472
0,0,0,0,0.0,0.0,0.0,0.0,case_00014,448
0,0,1987,0,0.0,100.0,0.0,100.0,case_00102,254
0,0,0,0,0.0,0.0,0.0,0.0,case_00125,129
472,4,31,0,11.428571428571429,88.57142857142857,0.0,6.903353057199211,case_00033,129
0,0,11,0,0.0,100.0,0.0,100.0,case_00102,82
1002,10,24,67,9.900990099009901,23.762376237623762,66.33663366336634,9.15684496826836,case_00133,137
500,13,28,0,31.70731707317073,68.29268292682927,0.0,7.578558225508318,case_00134,368
933,11,48,0,18.64406779661017,81.35593220338983,0.0,5.94758064516129,case_00014,343
0,0,0,0,0.0,0.0,0.0,0.0,case_00086,270
0,0,0,0,0.0,0.0,0.0,0.0,case_00014,1
1367,8,141,10,5.031446540880503,88.67924528301887,6.289308176100629,10.419397116644824,case_00194,162
0,0,0,0,0.0,0.0,0.0,0.0,case_00113,51
2148,63,268,12,18.367346938775512,78.134110787172,3.498542274052478,13.76957045363308,case_00113,332
1438,20,115,4,14.388489208633093,82.73381294964028,2.8776978417266186,8.8142041851617,case_00194,155
615,12,14,0,46.15384615384615,53.84615384615385,0.0,4.056162246489859,case_00133,331
0,0,0,0,0.0,0.0,0.0,0.0,case_00154,497
0,59,0,0,100.0,0.0,0.0,100.0,case_00113,303
0,0,0,0,0.0,0.0,0.0,0.0,case_00194,234
0,0,0,0,0.0,0.0,0.0,0.0,case_00161,245
0,0,107,0,0.0,100.0,0.0,100.0,case_00102,14
0,0,447,0,0.0,100.0,0.0,100.0,case_00133,489
262,5,15,0,25.0,75.0,0.0,7.092198581560283,case_00033,400
0,0,0,0,0.0,0.0,0.0,0.0,case_00133,445
0,0,82,0,0.0,100.0,0.0,100.0,case_00154,410
460,3,29,0,9.375,90.625,0.0,6.504065040650406,case_00102,204
0,0,181,0,0.0,100.0,0.0,100.0,case_00134,118
0,0,0,0,0.0,0.0,0.0,0.0,case_00125,502
823,19,200,0,8.67579908675799,91.32420091324201,0.0,21.017274472168907,case_00194,179
0,0,0,0,0.0,0.0,0.0,0.0,case_00079,293
0,0,0,0,0.0,0.0,0.0,0.0,case_00102,503
0,0,0,0,0.0,0.0,0.0,0.0,case_00161,452
0,0,0,0,0.0,0.0,0.0,0.0,case_00203,488
83,0,52,0,0.0,100.0,0.0,38.51851851851852,case_00075,221
0,0,11,0,0.0,100.0,0.0,100.0,case_00154,402
0,0,998,0,0.0,100.0,0.0,100.0,case_00115,475
0,0,0,0,0.0,0.0,0.0,0.0,case_00125,4
0,0,1935,0,0.0,100.0,0.0,100.0,case_00125,470
0,24,0,0,100.0,0.0,0.0,100.0,case_00014,237
1032,2,41,0,4.651162790697675,95.34883720930233,0.0,4.0,case_00033,382
0,0,0,0,0.0,0.0,0.0,0.0,case_00133,264
0,0,304,0,0.0,100.0,0.0,100.0,case_00161,431
0,0,0,0,0.0,0.0,0.0,0.0,case_00033,38
0,0,39,0,0.0,100.0,0.0,100.0,case_00134,139
568,5,75,0,6.25,93.75,0.0,12.345679012345679,case_00086,310
0,0,0,0,0.0,0.0,0.0,0.0,case_00133,506
0,0,0,0,0.0,0.0,0.0,0.0,case_00113,44
2867,27,156,0,14.754098360655737,85.24590163934427,0.0,6.0,case_00113,167
0,0,0,0,0.0,0.0,0.0,0.0,case_00154,121
0,0,570,0,0.0,100.0,0.0,100.0,case_00194,380
0,0,0,0,0.0,0.0,0.0,0.0,case_00154,118
168,1,22,0,4.3478260869565215,95.65217391304348,0.0,12.041884816753926,case_00203,339
1148,4,91,0,4.2105263157894735,95.78947368421052,0.0,7.642799678197909,case_00075,181
0,0,0,0,0.0,0.0,0.0,0.0,case_00154,134
0,0,0,0,0.0,0.0,0.0,0.0,case_00033,408
0,0,1460,0,0.0,100.0,0.0,100.0,case_00134,6
0,0,0,0,0.0,0.0,0.0,0.0,case_00203,429
0,0,0,0,0.0,0.0,0.0,0.0,case_00161,489
0,0,0,0,0.0,0.0,0.0,0.0,case_00014,270
686,7,75,0,8.536585365853659,91.46341463414635,0.0,10.677083333333334,case_00133,291
0,0,1269,0,0.0,100.0,0.0,100.0,case_00102,270
69,2,18,0,10.0,90.0,0.0,22.471910112359552,case_00079,131
0,0,94,0,0.0,100.0,0.0,100.0,case_00134,413
0,0,0,0,0.0,0.0,0.0,0.0,case_00134,445
0,0,0,0,0.0,0.0,0.0,0.0,case_00154,485
3191,75,456,100,11.885895404120443,72.2662440570523,15.847860538827259,16.50968079539508,case_00113,342
0,0,0,0,0.0,0.0,0.0,0.0,case_00014,18
55,46,5,0,90.19607843137256,9.803921568627452,0.0,48.113207547169814,case_00102,294
0,0,40,0,0.0,100.0,0.0,100.0,case_00133,11
0,0,0,0,0.0,0.0,0.0,0.0,case_00113,480
1501,3,59,0,4.838709677419355,95.16129032258064,0.0,3.966730646193218,case_00033,364
0,0,0,0,0.0,0.0,0.0,0.0,case_00086,500
1285,33,142,0,18.857142857142858,81.14285714285714,0.0,11.986301369863014,case_00113,194
0,0,0,0,0.0,0.0,0.0,0.0,case_00079,11
0,0,0,0,0.0,0.0,0.0,0.0,case_00086,203
0,0,0,0,0.0,0.0,0.0,0.0,case_00134,502
0,0,0,0,0.0,0.0,0.0,0.0,case_00014,275
0,0,0,0,0.0,0.0,0.0,0.0,case_00125,94
0,0,14,0,0.0,100.0,0.0,100.0,case_00033,267
0,0,66,0,0.0,100.0,0.0,100.0,case_00113,3
0,0,75,0,0.0,100.0,0.0,100.0,case_00102,115
0,0,0,0,0.0,0.0,0.0,0.0,case_00134,504
384,8,43,0,15.686274509803921,84.31372549019608,0.0,11.724137931034482,case_00134,285
0,0,0,0,0.0,0.0,0.0,0.0,case_00154,436
0,0,0,0,0.0,0.0,0.0,0.0,case_00033,271
0,0,33,0,0.0,100.0,0.0,100.0,case_00133,356
0,0,0,0,0.0,0.0,0.0,0.0,case_00033,455
335,57,8,0,87.6923076923077,12.307692307692308,0.0,16.25,case_00033,327
4106,23,141,35,11.557788944723619,70.85427135678393,17.587939698492463,4.6225319396051106,case_00102,369
0,0,89,0,0.0,100.0,0.0,100.0,case_00194,404
3424,19,302,36,5.322128851540616,84.593837535014,10.084033613445378,9.441946574980165,case_00102,321
0,0,0,0,0.0,0.0,0.0,0.0,case_00113,485
0,0,1194,0,0.0,100.0,0.0,100.0,case_00113,7
0,0,0,0,0.0,0.0,0.0,0.0,case_00134,83
0,0,0,0,0.0,0.0,0.0,0.0,case_00075,446
0,0,0,0,0.0,0.0,0.0,0.0,case_00203,453
0,0,696,0,0.0,100.0,0.0,100.0,case_00125,36
0,0,0,0,0.0,0.0,0.0,0.0,case_00102,78
0,0,491,0,0.0,100.0,0.0,100.0,case_00125,31
0,0,41,0,0.0,100.0,0.0,100.0,case_00115,385
0,0,0,0,0.0,0.0,0.0,0.0,case_00033,100
0,0,0,0,0.0,0.0,0.0,0.0,case_00125,445
899,23,156,0,12.849162011173185,87.15083798882682,0.0,16.60482374768089,case_00102,188
0,0,0,0,0.0,0.0,0.0,0.0,case_00075,79
0,0,0,0,0.0,0.0,0.0,0.0,case_00154,393
0,0,127,0,0.0,100.0,0.0,100.0,case_00161,72
0,0,30,0,0.0,100.0,0.0,100.0,case_00134,113
2342,37,99,0,27.205882352941178,72.79411764705883,0.0,5.488297013720743,case_00134,165
0,0,297,0,0.0,100.0,0.0,100.0,case_00075,30
0,0,331,0,0.0,100.0,0.0,100.0,case_00014,43
0,0,45,0,0.0,100.0,0.0,100.0,case_00075,0
0,0,13,0,0.0,100.0,0.0,100.0,case_00125,387
823,20,57,0,25.974025974025974,74.02597402597402,0.0,8.555555555555555,case_00161,201
1077,26,28,33,29.885057471264368,32.18390804597701,37.93103448275862,7.474226804123711,case_00133,154
0,0,0,0,0.0,0.0,0.0,0.0,case_00125,443
0,0,0,0,0.0,0.0,0.0,0.0,case_00194,265
1007,65,63,38,39.1566265060241,37.95180722891566,22.89156626506024,14.151747655583973,case_00154,324
0,16,125,0,11.347517730496454,88.65248226950355,0.0,100.0,case_00161,240
1022,58,136,0,29.896907216494846,70.10309278350516,0.0,15.953947368421053,case_00161,184
0,0,0,0,0.0,0.0,0.0,0.0,case_00115,93
1925,9,54,0,14.285714285714286,85.71428571428571,0.0,3.1690140845070425,case_00115,357
0,0,0,0,0.0,0.0,0.0,0.0,case_00033,39
748,10,77,4,10.989010989010989,84.61538461538461,4.395604395604396,10.846245530393325,case_00079,442
629,14,59,0,19.17808219178082,80.82191780821918,0.0,10.398860398860398,case_00079,446
0,0,0,0,0.0,0.0,0.0,0.0,case_00075,47
0,0,0,0,0.0,0.0,0.0,0.0,case_00086,209
0,0,26,0,0.0,100.0,0.0,100.0,case_00125,101
283,33,34,0,49.25373134328358,50.74626865671642,0.0,19.142857142857142,case_00203,204
0,0,98,0,0.0,100.0,0.0,100.0,case_00134,237
0,0,0,0,0.0,0.0,0.0,0.0,case_00075,265
0,0,0,0,0.0,0.0,0.0,0.0,case_00125,417
0,0,0,0,0.0,0.0,0.0,0.0,case_00014,463
1038,14,57,15,16.27906976744186,66.27906976744185,17.441860465116278,7.6512455516014235,case_00125,189
206,4,19,0,17.391304347826086,82.6086956521739,0.0,10.043668122270743,case_00133,116
0,0,0,0,0.0,0.0,0.0,0.0,case_00154,221
0,0,0,0,0.0,0.0,0.0,0.0,case_00079,247
1088,6,92,0,6.122448979591836,93.87755102040816,0.0,8.263069139966273,case_00033,336
0,0,50,0,0.0,100.0,0.0,100.0,case_00125,248
0,0,0,0,0.0,0.0,0.0,0.0,case_00014,100
0,0,92,0,0.0,100.0,0.0,100.0,case_00194,73
410,13,48,0,21.311475409836067,78.68852459016394,0.0,12.951167728237792,case_00075,208
190,9,62,0,12.67605633802817,87.32394366197182,0.0,27.203065134099617,case_00203,144
1470,56,196,0,22.22222222222222,77.77777777777777,0.0,14.634146341463415,case_00113,325
0,0,0,0,0.0,0.0,0.0,0.0,case_00014,269
564,24,83,84,12.565445026178011,43.455497382198956,43.97905759162304,25.29801324503311,case_00079,333
2844,18,98,0,15.517241379310345,84.48275862068965,0.0,3.918918918918919,case_00115,153
0,0,45,0,0.0,100.0,0.0,100.0,case_00113,214
0,0,31,0,0.0,100.0,0.0,100.0,case_00014,161
2243,22,138,0,13.75,86.25,0.0,6.658343736995422,case_00115,311
0,0,220,0,0.0,100.0,0.0,100.0,case_00115,477
0,0,0,0,0.0,0.0,0.0,0.0,case_00161,459
0,0,0,0,0.0,0.0,0.0,0.0,case_00161,464
1677,35,149,0,19.02173913043478,80.97826086956522,0.0,9.887157442235358,case_00161,353
0,0,189,0,0.0,100.0,0.0,100.0,case_00075,409
3483,7,132,0,5.0359712230215825,94.96402877697842,0.0,3.8376587520706793,case_00115,172
0,0,0,0,0.0,0.0,0.0,0.0,case_00102,0
0,0,0,0,0.0,0.0,0.0,0.0,case_00014,79
0,0,0,0,0.0,0.0,0.0,0.0,case_00075,283
408,7,35,0,16.666666666666668,83.33333333333333,0.0,9.333333333333334,case_00134,370
0,0,82,0,0.0,100.0,0.0,100.0,case_00014,437
0,0,0,0,0.0,0.0,0.0,0.0,case_00113,271
0,0,0,0,0.0,0.0,0.0,0.0,case_00086,27
689,11,102,0,9.734513274336283,90.26548672566372,0.0,14.089775561097257,case_00125,318
0,0,339,0,0.0,100.0,0.0,100.0,case_00194,335
0,0,1011,0,0.0,100.0,0.0,100.0,case_00102,466
1603,16,35,0,31.372549019607842,68.62745098039215,0.0,3.083434099153567,case_00102,172
0,0,58,0,0.0,100.0,0.0,100.0,case_00102,238
0,0,0,0,0.0,0.0,0.0,0.0,case_00075,89
852,11,85,0,11.458333333333334,88.54166666666667,0.0,10.126582278481013,case_00125,325
0,0,98,0,0.0,100.0,0.0,100.0,case_00113,289
0,0,274,0,0.0,100.0,0.0,100.0,case_00194,12
0,0,793,0,0.0,100.0,0.0,100.0,case_00102,248
0,0,0,0,0.0,0.0,0.0,0.0,case_00154,275
1601,73,93,0,43.975903614457835,56.024096385542165,0.0,9.394453876627052,case_00154,352
0,0,14,0,0.0,100.0,0.0,100.0,case_00134,510
547,5,74,0,6.329113924050633,93.67088607594937,0.0,12.619808306709265,case_00079,203
0,0,0,0,0.0,0.0,0.0,0.0,case_00125,20
453,22,42,0,34.375,65.625,0.0,12.379110251450676,case_00125,309
0,0,0,0,0.0,0.0,0.0,0.0,case_00161,249
0,0,0,0,0.0,0.0,0.0,0.0,case_00115,460
873,32,15,0,68.08510638297872,31.914893617021278,0.0,5.108695652173913,case_00115,298
0,0,0,0,0.0,0.0,0.0,0.0,case_00014,503
0,0,7,0,0.0,100.0,0.0,100.0,case_00113,462
0,0,0,0,0.0,0.0,0.0,0.0,case_00113,68
0,0,5,0,0.0,100.0,0.0,100.0,case_00134,251
430,0,81,0,0.0,100.0,0.0,15.851272015655578,case_00075,367
0,0,0,0,0.0,0.0,0.0,0.0,case_00075,70
688,9,34,0,20.930232558139537,79.06976744186046,0.0,5.882352941176471,case_00115,368
0,0,12,0,0.0,100.0,0.0,100.0,case_00203,263
1005,29,114,0,20.27972027972028,79.72027972027972,0.0,12.456445993031359,case_00102,186
0,0,276,0,0.0,100.0,0.0,100.0,case_00161,99
451,98,30,0,76.5625,23.4375,0.0,22.107081174438687,case_00154,204
1104,9,36,87,6.818181818181818,27.272727272727273,65.9090909090909,10.679611650485437,case_00125,180
0,0,0,0,0.0,0.0,0.0,0.0,case_00079,93
940,48,128,4,26.666666666666668,71.11111111111111,2.2222222222222223,16.071428571428573,case_00134,354
591,7,89,0,7.291666666666667,92.70833333333333,0.0,13.973799126637555,case_00102,199
0,0,0,0,0.0,0.0,0.0,0.0,case_00194,284
0,0,0,0,0.0,0.0,0.0,0.0,case_00113,81
408,5,50,0,9.090909090909092,90.9090909090909,0.0,11.879049676025918,case_00079,212
46,4,9,0,30.76923076923077,69.23076923076923,0.0,22.033898305084747,case_00133,110
0,0,0,0,0.0,0.0,0.0,0.0,case_00203,315
0,0,0,0,0.0,0.0,0.0,0.0,case_00134,459
0,0,102,0,0.0,100.0,0.0,100.0,case_00134,407
0,0,0,0,0.0,0.0,0.0,0.0,case_00113,465
3727,19,300,52,5.121293800539084,80.86253369272237,14.016172506738544,9.053196681307956,case_00102,326
336,5,25,0,16.666666666666668,83.33333333333333,0.0,8.19672131147541,case_00079,216
0,0,0,0,0.0,0.0,0.0,0.0,case_00161,47
0,0,0,0,0.0,0.0,0.0,0.0,case_00133,79
416,11,33,0,25.0,75.0,0.0,9.565217391304348,case_00133,122
0,0,0,0,0.0,0.0,0.0,0.0,case_00133,66
0,0,0,0,0.0,0.0,0.0,0.0,case_00161,496
218,10,14,0,41.666666666666664,58.333333333333336,0.0,9.917355371900827,case_00203,342
0,0,0,0,0.0,0.0,0.0,0.0,case_00086,488
0,0,0,0,0.0,0.0,0.0,0.0,case_00033,17
1094,8,43,12,12.698412698412698,68.25396825396825,19.047619047619047,5.445116681071737,case_00014,190
1552,51,84,0,37.77777777777778,62.22222222222222,0.0,8.002371072910492,case_00154,195
0,0,0,0,0.0,0.0,0.0,0.0,case_00133,247
2569,22,147,0,13.017751479289942,86.98224852071006,0.0,6.1723886048210375,case_00102,394
0,0,0,0,0.0,0.0,0.0,0.0,case_00161,312
634,26,75,0,25.742574257425744,74.25742574257426,0.0,13.741496598639456,case_00086,322
883,19,185,0,9.313725490196079,90.68627450980392,0.0,18.767249310027598,case_00086,168
0,0,0,0,0.0,0.0,0.0,0.0,case_00079,72
0,0,0,0,0.0,0.0,0.0,0.0,case_00079,59
0,0,0,0,0.0,0.0,0.0,0.0,case_00102,13
0,0,0,0,0.0,0.0,0.0,0.0,case_00125,413
0,0,5,0,0.0,100.0,0.0,100.0,case_00133,84
23,1,19,0,5.0,95.0,0.0,46.51162790697674,case_00075,120
0,0,0,0,0.0,0.0,0.0,0.0,case_00113,302
914,0,56,0,0.0,100.0,0.0,5.77319587628866,case_00125,344
72,11,12,0,47.82608695652174,52.17391304347826,0.0,24.210526315789473,case_00194,99
0,0,0,0,0.0,0.0,0.0,0.0,case_00203,110
0,0,0,0,0.0,0.0,0.0,0.0,case_00133,261
0,0,0,0,0.0,0.0,0.0,0.0,case_00014,439
1491,9,37,0,19.565217391304348,80.43478260869566,0.0,2.992843201040989,case_00102,157
0,0,0,0,0.0,0.0,0.0,0.0,case_00014,508
0,0,0,0,0.0,0.0,0.0,0.0,case_00115,4
25,7,156,0,4.294478527607362,95.70552147239263,0.0,86.70212765957447,case_00203,210
0,0,0,0,0.0,0.0,0.0,0.0,case_00115,269
0,0,0,0,0.0,0.0,0.0,0.0,case_00033,484
0,0,0,0,0.0,0.0,0.0,0.0,case_00014,472
0,0,0,0,0.0,0.0,0.0,0.0,case_00161,1
1031,0,51,0,0.0,100.0,0.0,4.7134935304990755,case_00033,143
0,0,10,0,0.0,100.0,0.0,100.0,case_00033,104
638,5,118,0,4.065040650406504,95.9349593495935,0.0,16.16294349540079,case_00203,364
0,0,11,0,0.0,100.0,0.0,100.0,case_00086,78
0,0,0,0,0.0,0.0,0.0,0.0,case_00014,505
0,0,0,0,0.0,0.0,0.0,0.0,case_00102,491
680,53,61,0,46.49122807017544,53.50877192982456,0.0,14.357682619647354,case_00079,189
0,0,75,0,0.0,100.0,0.0,100.0,case_00203,300
609,5,61,33,5.05050505050505,61.61616161616162,33.333333333333336,13.983050847457626,case_00086,387
3026,40,244,32,12.658227848101266,77.21518987341773,10.126582278481013,9.45541591861161,case_00102,317
0,0,77,0,0.0,100.0,0.0,100.0,case_00102,89
0,0,0,0,0.0,0.0,0.0,0.0,case_00115,242
0,0,0,0,0.0,0.0,0.0,0.0,case_00033,115
206,7,9,0,43.75,56.25,0.0,7.207207207207207,case_00014,375
494,14,42,0,25.0,75.0,0.0,10.181818181818182,case_00086,305
1191,8,60,0,11.764705882352942,88.23529411764706,0.0,5.401111993645751,case_00194,127
0,0,0,0,0.0,0.0,0.0,0.0,case_00033,437
0,0,0,0,0.0,0.0,0.0,0.0,case_00079,279
414,13,100,0,11.504424778761061,88.49557522123894,0.0,21.44212523719165,case_00102,416
0,0,0,0,0.0,0.0,0.0,0.0,case_00086,218
165,3,15,0,16.666666666666668,83.33333333333333,0.0,9.836065573770492,case_00014,167
0,0,10,0,0.0,100.0,0.0,100.0,case_00102,112
0,0,0,0,0.0,0.0,0.0,0.0,case_00161,15
0,0,0,0,0.0,0.0,0.0,0.0,case_00203,0
0,0,653,0,0.0,100.0,0.0,100.0,case_00113,14
0,0,0,0,0.0,0.0,0.0,0.0,case_00125,125
0,0,0,0,0.0,0.0,0.0,0.0,case_00133,474
141,42,14,0,75.0,25.0,0.0,28.426395939086294,case_00154,383
0,1,2,0,33.333333333333336,66.66666666666667,0.0,100.0,case_00154,307
0,0,0,0,0.0,0.0,0.0,0.0,case_00133,31
0,0,0,0,0.0,0.0,0.0,0.0,case_00079,291
0,0,0,0,0.0,0.0,0.0,0.0,case_00161,280
0,0,0,0,0.0,0.0,0.0,0.0,case_00075,508
0,0,0,0,0.0,0.0,0.0,0.0,case_00014,452
0,0,1,0,0.0,100.0,0.0,100.0,case_00203,73
0,0,0,0,0.0,0.0,0.0,0.0,case_00134,272
0,0,0,0,0.0,0.0,0.0,0.0,case_00075,43
0,0,0,0,0.0,0.0,0.0,0.0,case_00113,70
517,0,59,32,0.0,64.83516483516483,35.16483516483517,14.967105263157896,case_00086,391
1045,14,19,0,42.42424242424242,57.57575757575758,0.0,3.061224489795918,case_00086,367
0,0,0,0,0.0,0.0,0.0,0.0,case_00133,9
1766,23,151,0,13.218390804597702,86.7816091954023,0.0,8.969072164948454,case_00161,363
616,4,58,0,6.451612903225806,93.54838709677419,0.0,9.144542772861357,case_00014,323
0,0,457,0,0.0,100.0,0.0,100.0,case_00134,4
0,0,0,0,0.0,0.0,0.0,0.0,case_00194,245
0,0,0,0,0.0,0.0,0.0,0.0,case_00125,65
534,0,116,0,0.0,100.0,0.0,17.846153846153847,case_00086,181
106,10,11,0,47.61904761904762,52.38095238095238,0.0,16.53543307086614,case_00079,225
1043,8,26,63,8.24742268041237,26.804123711340207,64.94845360824742,8.508771929824562,case_00133,139
1302,17,51,0,25.0,75.0,0.0,4.963503649635037,case_00086,145
68,15,74,0,16.853932584269664,83.14606741573034,0.0,56.68789808917197,case_00154,142
0,0,6,0,0.0,100.0,0.0,100.0,case_00115,404
0,0,172,0,0.0,100.0,0.0,100.0,case_00113,4
736,9,88,0,9.278350515463918,90.72164948453609,0.0,11.644657863145259,case_00203,184
0,0,0,0,0.0,0.0,0.0,0.0,case_00203,481
0,0,0,0,0.0,0.0,0.0,0.0,case_00154,137
57,9,7,0,56.25,43.75,0.0,21.91780821917808,case_00014,306
0,0,0,0,0.0,0.0,0.0,0.0,case_00102,10
0,0,0,0,0.0,0.0,0.0,0.0,case_00203,455
330,4,17,0,19.047619047619047,80.95238095238095,0.0,5.982905982905983,case_00133,340
0,0,44,0,0.0,100.0,0.0,100.0,case_00194,9
0,0,886,0,0.0,100.0,0.0,100.0,case_00102,236
0,0,0,0,0.0,0.0,0.0,0.0,case_00133,499
1475,7,89,0,7.291666666666667,92.70833333333333,0.0,6.110757479312539,case_00194,141
0,0,0,0,0.0,0.0,0.0,0.0,case_00154,235
0,0,493,0,0.0,100.0,0.0,100.0,case_00014,110
0,0,8,0,0.0,100.0,0.0,100.0,case_00134,122
1306,12,136,8,7.6923076923076925,87.17948717948718,5.128205128205129,10.6703146374829,case_00194,168
0,0,632,0,0.0,100.0,0.0,100.0,case_00194,371
0,0,0,0,0.0,0.0,0.0,0.0,case_00154,284
265,10,24,17,19.607843137254903,47.05882352941177,33.333333333333336,16.139240506329113,case_00203,403
45,0,16,0,0.0,100.0,0.0,26.229508196721312,case_00125,291
0,0,41,0,0.0,100.0,0.0,100.0,case_00161,285
0,0,0,0,0.0,0.0,0.0,0.0,case_00133,106
0,0,0,0,0.0,0.0,0.0,0.0,case_00203,220
279,12,14,16,28.571428571428573,33.333333333333336,38.095238095238095,13.08411214953271,case_00086,401
71,9,31,0,22.5,77.5,0.0,36.03603603603604,case_00079,226
0,0,0,0,0.0,0.0,0.0,0.0,case_00203,15
0,0,91,0,0.0,100.0,0.0,100.0,case_00115,52
0,0,0,0,0.0,0.0,0.0,0.0,case_00014,122
0,0,0,0,0.0,0.0,0.0,0.0,case_00203,291
0,0,0,0,0.0,0.0,0.0,0.0,case_00079,31
0,0,0,0,0.0,0.0,0.0,0.0,case_00079,19
0,0,136,0,0.0,100.0,0.0,100.0,case_00161,429
0,0,0,0,0.0,0.0,0.0,0.0,case_00161,12
804,11,38,48,11.34020618556701,39.175257731958766,49.48453608247423,10.76581576026637,case_00086,378
536,13,40,0,24.528301886792452,75.47169811320755,0.0,8.99830220713073,case_00075,203
717,34,8,0,80.95238095238095,19.047619047619047,0.0,5.533596837944664,case_00154,376
1096,4,206,0,1.9047619047619047,98.0952380952381,0.0,16.079632465543646,case_00086,163
0,0,58,0,0.0,100.0,0.0,100.0,case_00113,213
590,1,32,0,3.0303030303030303,96.96969696969697,0.0,5.296950240770466,case_00125,358
0,0,0,0,0.0,0.0,0.0,0.0,case_00154,477
0,38,0,0,100.0,0.0,0.0,100.0,case_00079,313
0,0,0,0,0.0,0.0,0.0,0.0,case_00133,40
771,7,60,25,7.608695652173913,65.21739130434783,27.17391304347826,10.660486674391658,case_00014,181
0,0,0,0,0.0,0.0,0.0,0.0,case_00086,74
1564,27,151,45,12.10762331838565,67.71300448430493,20.179372197309416,12.479015109121432,case_00079,355
0,0,0,0,0.0,0.0,0.0,0.0,case_00134,493
2265,26,229,0,10.196078431372548,89.80392156862744,0.0,10.119047619047619,case_00113,183
0,0,0,0,0.0,0.0,0.0,0.0,case_00133,19
0,0,0,0,0.0,0.0,0.0,0.0,case_00154,96
0,0,103,0,0.0,100.0,0.0,100.0,case_00113,484
0,0,59,0,0.0,100.0,0.0,100.0,case_00125,45
0,0,0,0,0.0,0.0,0.0,0.0,case_00102,285
0,0,0,0,0.0,0.0,0.0,0.0,case_00154,24
0,0,41,0,0.0,100.0,0.0,100.0,case_00115,213
0,0,38,0,0.0,100.0,0.0,100.0,case_00102,81
1102,10,32,51,10.75268817204301,34.40860215053763,54.83870967741935,7.7824267782426775,case_00133,143
0,0,0,0,0.0,0.0,0.0,0.0,case_00161,301
0,0,140,0,0.0,100.0,0.0,100.0,case_00194,23
0,0,0,0,0.0,0.0,0.0,0.0,case_00161,299
0,0,0,0,0.0,0.0,0.0,0.0,case_00086,23
1399,9,148,1,5.69620253164557,93.67088607594937,0.6329113924050633,10.14771997430957,case_00194,159
0,0,0,0,0.0,0.0,0.0,0.0,case_00203,284
634,3,56,0,5.084745762711864,94.91525423728814,0.0,8.513708513708513,case_00102,197
0,0,0,0,0.0,0.0,0.0,0.0,case_00079,37
0,0,13,0,0.0,100.0,0.0,100.0,case_00154,288
0,0,0,0,0.0,0.0,0.0,0.0,case_00075,447
1625,7,100,20,5.511811023622047,78.74015748031496,15.748031496062993,7.248858447488584,case_00079,416
937,38,44,36,32.20338983050848,37.28813559322034,30.508474576271187,11.184834123222748,case_00079,342
1911,38,51,0,42.69662921348315,57.30337078651685,0.0,4.45,case_00154,168
0,0,49,0,0.0,100.0,0.0,100.0,case_00125,275
0,0,0,0,0.0,0.0,0.0,0.0,case_00079,15
0,0,0,0,0.0,0.0,0.0,0.0,case_00115,21
0,0,0,0,0.0,0.0,0.0,0.0,case_00102,7
0,0,194,0,0.0,100.0,0.0,100.0,case_00079,488
0,0,0,0,0.0,0.0,0.0,0.0,case_00133,394
953,3,32,0,8.571428571428571,91.42857142857143,0.0,3.54251012145749,case_00133,314
3640,5,559,136,0.7142857142857143,79.85714285714286,19.428571428571427,16.129032258064516,case_00113,350
0,0,0,0,0.0,0.0,0.0,0.0,case_00075,261
4396,22,261,141,5.188679245283019,61.556603773584904,33.25471698113208,8.796680497925312,case_00102,350
0,0,27,0,0.0,100.0,0.0,100.0,case_00134,277
14,22,14,0,61.111111111111114,38.888888888888886,0.0,72.0,case_00033,317
2505,27,268,0,9.152542372881356,90.84745762711864,0.0,10.535714285714286,case_00113,179
0,0,0,0,0.0,0.0,0.0,0.0,case_00154,258
655,7,67,35,6.422018348623853,61.46788990825688,32.11009174311926,14.267015706806284,case_00086,385
0,0,483,0,0.0,100.0,0.0,100.0,case_00133,5
0,0,0,0,0.0,0.0,0.0,0.0,case_00133,393
0,0,0,0,0.0,0.0,0.0,0.0,case_00102,434
0,0,0,0,0.0,0.0,0.0,0.0,case_00086,435
0,0,0,0,0.0,0.0,0.0,0.0,case_00203,309
0,0,10,0,0.0,100.0,0.0,100.0,case_00154,302
0,0,15,0,0.0,100.0,0.0,100.0,case_00161,444
1553,100,73,0,57.80346820809248,42.19653179190752,0.0,10.023174971031287,case_00154,353
1786,45,158,49,17.857142857142858,62.698412698412696,19.444444444444443,12.365063788027477,case_00113,421
0,0,106,0,0.0,100.0,0.0,100.0,case_00086,455
299,9,38,25,12.5,52.77777777777778,34.72222222222222,19.40700808625337,case_00203,401
0,0,0,0,0.0,0.0,0.0,0.0,case_00115,495
0,0,0,0,0.0,0.0,0.0,0.0,case_00033,407
0,0,1297,0,0.0,100.0,0.0,100.0,case_00154,466
787,21,54,0,28.0,72.0,0.0,8.700696055684455,case_00014,333
0,0,185,0,0.0,100.0,0.0,100.0,case_00154,403
0,0,0,0,0.0,0.0,0.0,0.0,case_00014,128
0,0,0,0,0.0,0.0,0.0,0.0,case_00014,263
2937,15,153,0,8.928571428571429,91.07142857142857,0.0,5.4106280193236715,case_00113,153
0,0,0,0,0.0,0.0,0.0,0.0,case_00161,22
0,0,0,0,0.0,0.0,0.0,0.0,case_00154,46
2453,29,106,0,21.48148148148148,78.51851851851852,0.0,5.216383307573416,case_00134,166
0,0,0,0,0.0,0.0,0.0,0.0,case_00086,439
499,16,35,0,31.372549019607842,68.62745098039215,0.0,9.272727272727273,case_00079,450
0,0,0,0,0.0,0.0,0.0,0.0,case_00079,89
0,0,0,0,0.0,0.0,0.0,0.0,case_00203,233
714,4,70,0,5.405405405405405,94.5945945945946,0.0,9.390862944162437,case_00203,167
877,19,127,0,13.013698630136986,86.98630136986301,0.0,14.271749755620723,case_00113,317
1387,15,128,0,10.48951048951049,89.5104895104895,0.0,9.34640522875817,case_00033,346
2545,52,131,58,21.57676348547718,54.356846473029044,24.066390041493776,8.650394831299353,case_00113,412
0,0,0,0,0.0,0.0,0.0,0.0,case_00086,71
0,0,0,0,0.0,0.0,0.0,0.0,case_00075,279
272,16,49,0,24.615384615384617,75.38461538461539,0.0,19.287833827893174,case_00133,177
0,0,0,0,0.0,0.0,0.0,0.0,case_00133,33
0,0,0,0,0.0,0.0,0.0,0.0,case_00075,252
859,1,61,0,1.6129032258064515,98.38709677419355,0.0,6.731813246471227,case_00125,347
0,0,0,0,0.0,0.0,0.0,0.0,case_00075,260
0,0,0,0,0.0,0.0,0.0,0.0,case_00134,470
1055,13,76,0,14.606741573033707,85.3932584269663,0.0,7.77972027972028,case_00113,119
365,3,50,0,5.660377358490566,94.33962264150944,0.0,12.679425837320574,case_00075,298
593,12,87,0,12.121212121212121,87.87878787878788,0.0,14.306358381502891,case_00203,360
615,22,145,35,10.891089108910892,71.78217821782178,17.326732673267326,24.724602203182375,case_00033,191
0,0,0,0,0.0,0.0,0.0,0.0,case_00115,118
0,0,3,0,0.0,100.0,0.0,100.0,case_00115,37
0,0,0,0,0.0,0.0,0.0,0.0,case_00014,469
0,0,0,0,0.0,0.0,0.0,0.0,case_00203,449
0,0,0,0,0.0,0.0,0.0,0.0,case_00125,51
2501,27,149,47,12.10762331838565,66.81614349775785,21.076233183856502,8.186490455212923,case_00113,413
0,0,35,0,0.0,100.0,0.0,100.0,case_00014,391
1070,19,144,0,11.656441717791411,88.34355828220859,0.0,13.219789132197892,case_00075,323
0,0,1883,0,0.0,100.0,0.0,100.0,case_00102,252
0,0,0,0,0.0,0.0,0.0,0.0,case_00115,83
0,0,0,0,0.0,0.0,0.0,0.0,case_00033,449
264,7,59,0,10.606060606060606,89.39393939393939,0.0,20.0,case_00079,457
470,8,36,1,17.77777777777778,80.0,2.2222222222222223,8.737864077669903,case_00133,123
0,48,0,0,100.0,0.0,0.0,100.0,case_00134,279
0,0,60,0,0.0,100.0,0.0,100.0,case_00154,53
0,0,0,0,0.0,0.0,0.0,0.0,case_00125,284
0,0,124,0,0.0,100.0,0.0,100.0,case_00134,107
0,0,0,0,0.0,0.0,0.0,0.0,case_00075,436
0,0,404,0,0.0,100.0,0.0,100.0,case_00203,510
0,0,0,0,0.0,0.0,0.0,0.0,case_00125,139
0,0,0,0,0.0,0.0,0.0,0.0,case_00079,39
0,0,0,0,0.0,0.0,0.0,0.0,case_00194,44
1501,33,107,0,23.571428571428573,76.42857142857143,0.0,8.531383302864107,case_00161,175
0,0,0,0,0.0,0.0,0.0,0.0,case_00203,125
0,0,0,0,0.0,0.0,0.0,0.0,case_00115,391
0,0,926,0,0.0,100.0,0.0,100.0,case_00134,422
0,0,20,0,0.0,100.0,0.0,100.0,case_00033,292
0,0,0,0,0.0,0.0,0.0,0.0,case_00133,374
0,0,11,0,0.0,100.0,0.0,100.0,case_00014,163
660,10,40,0,20.0,80.0,0.0,7.042253521126761,case_00134,364
0,0,0,0,0.0,0.0,0.0,0.0,case_00075,285
0,0,0,0,0.0,0.0,0.0,0.0,case_00161,95
964,11,58,0,15.942028985507246,84.05797101449275,0.0,6.679574056147144,case_00161,384
0,0,0,0,0.0,0.0,0.0,0.0,case_00075,81
0,0,0,0,0.0,0.0,0.0,0.0,case_00033,18
1730,31,121,0,20.394736842105264,79.60526315789474,0.0,8.076514346439957,case_00113,128
379,10,60,35,9.523809523809524,57.142857142857146,33.333333333333336,21.694214876033058,case_00033,196
1061,34,95,46,19.428571428571427,54.285714285714285,26.285714285714285,14.158576051779935,case_00079,345
0,0,814,0,0.0,100.0,0.0,100.0,case_00134,230
0,0,0,0,0.0,0.0,0.0,0.0,case_00154,123
1509,37,297,35,10.02710027100271,80.48780487804878,9.48509485094851,19.64856230031949,case_00154,330
1536,18,230,0,7.258064516129032,92.74193548387096,0.0,13.90134529147982,case_00102,406
0,0,0,0,0.0,0.0,0.0,0.0,case_00115,74
0,0,1151,0,0.0,100.0,0.0,100.0,case_00102,242
2443,23,150,47,10.454545454545455,68.18181818181819,21.363636363636363,8.261359369132558,case_00113,414
0,0,0,0,0.0,0.0,0.0,0.0,case_00134,390
0,0,0,0,0.0,0.0,0.0,0.0,case_00033,283
0,0,307,0,0.0,100.0,0.0,100.0,case_00133,2
0,0,0,0,0.0,0.0,0.0,0.0,case_00154,430
1719,12,102,0,10.526315789473685,89.47368421052632,0.0,6.219312602291326,case_00161,368
0,0,40,0,0.0,100.0,0.0,100.0,case_00033,246
2382,91,217,33,26.686217008797655,63.63636363636363,9.67741935483871,12.52295262578039,case_00102,313
1470,12,39,14,18.46153846153846,60.0,21.53846153846154,4.234527687296417,case_00033,172
0,0,0,0,0.0,0.0,0.0,0.0,case_00154,501
0,0,0,0,0.0,0.0,0.0,0.0,case_00133,479
0,0,20,0,0.0,100.0,0.0,100.0,case_00075,1
0,0,91,0,0.0,100.0,0.0,100.0,case_00134,3
0,0,231,0,0.0,100.0,0.0,100.0,case_00125,83
0,0,0,0,0.0,0.0,0.0,0.0,case_00134,133
0,0,25,0,0.0,100.0,0.0,100.0,case_00203,222
0,0,0,0,0.0,0.0,0.0,0.0,case_00134,453
0,0,417,0,0.0,100.0,0.0,100.0,case_00133,44
0,0,0,0,0.0,0.0,0.0,0.0,case_00133,383
0,0,0,0,0.0,0.0,0.0,0.0,case_00086,234
0,0,0,0,0.0,0.0,0.0,0.0,case_00203,108
1129,13,154,0,7.7844311377245505,92.21556886227545,0.0,12.885802469135802,case_00075,328
0,0,0,0,0.0,0.0,0.0,0.0,case_00115,233
0,0,0,0,0.0,0.0,0.0,0.0,case_00125,86
0,0,0,0,0.0,0.0,0.0,0.0,case_00161,90
0,0,0,0,0.0,0.0,0.0,0.0,case_00075,256
0,0,711,0,0.0,100.0,0.0,100.0,case_00194,505
1019,5,28,73,4.716981132075472,26.41509433962264,68.86792452830188,9.422222222222222,case_00133,138
0,0,0,0,0.0,0.0,0.0,0.0,case_00115,494
0,0,234,0,0.0,100.0,0.0,100.0,case_00154,52
865,9,104,0,7.964601769911504,92.03539823008849,0.0,11.554192229038854,case_00014,220
0,0,0,0,0.0,0.0,0.0,0.0,case_00161,273
0,0,0,0,0.0,0.0,0.0,0.0,case_00133,27
3468,19,114,18,12.582781456953642,75.49668874172185,11.920529801324504,4.172423321359491,case_00102,382
0,0,0,0,0.0,0.0,0.0,0.0,case_00203,272
2016,9,68,0,11.688311688311689,88.31168831168831,0.0,3.678929765886288,case_00115,356
19,2,7,0,22.22222222222222,77.77777777777777,0.0,32.142857142857146,case_00125,290
48,12,9,0,57.142857142857146,42.857142857142854,0.0,30.434782608695652,case_00134,377
941,39,201,17,15.17509727626459,78.21011673151752,6.614785992217898,21.452420701168613,case_00102,299
0,0,0,0,0.0,0.0,0.0,0.0,case_00161,117
2957,28,138,0,16.867469879518072,83.13253012048193,0.0,5.315401857188601,case_00113,162
0,0,39,0,0.0,100.0,0.0,100.0,case_00203,26
0,0,0,0,0.0,0.0,0.0,0.0,case_00075,439
246,4,19,0,17.391304347826086,82.6086956521739,0.0,8.550185873605948,case_00125,300
0,0,0,0,0.0,0.0,0.0,0.0,case_00075,459
0,0,0,0,0.0,0.0,0.0,0.0,case_00161,502
1804,14,108,20,9.859154929577464,76.05633802816901,14.084507042253522,7.297019527235355,case_00079,410
1779,20,137,125,7.092198581560283,48.58156028368794,44.326241134751776,13.682678311499272,case_00134,340
0,0,0,0,0.0,0.0,0.0,0.0,case_00075,509
3304,50,152,109,16.077170418006432,48.87459807073955,35.048231511254016,8.603042876901798,case_00113,393
345,1,75,0,1.3157894736842106,98.6842105263158,0.0,18.052256532066508,case_00075,369
0,0,0,0,0.0,0.0,0.0,0.0,case_00079,499
0,0,0,0,0.0,0.0,0.0,0.0,case_00033,453
683,15,18,0,45.45454545454545,54.54545454545455,0.0,4.608938547486034,case_00133,329
1981,48,214,0,18.3206106870229,81.6793893129771,0.0,11.680784663397235,case_00134,316
0,0,0,0,0.0,0.0,0.0,0.0,case_00079,75
0,0,792,0,0.0,100.0,0.0,100.0,case_00113,495
0,0,58,0,0.0,100.0,0.0,100.0,case_00014,148
0,0,75,0,0.0,100.0,0.0,100.0,case_00014,60
0,0,126,0,0.0,100.0,0.0,100.0,case_00154,426
0,0,0,0,0.0,0.0,0.0,0.0,case_00161,420
0,0,0,0,0.0,0.0,0.0,0.0,case_00125,450
1115,32,41,0,43.83561643835616,56.16438356164384,0.0,6.1447811447811445,case_00086,353
0,0,0,0,0.0,0.0,0.0,0.0,case_00134,25
0,0,315,0,0.0,100.0,0.0,100.0,case_00075,29
1064,26,74,29,20.155038759689923,57.36434108527132,22.48062015503876,10.813076278290024,case_00033,186
299,13,13,15,31.70731707317073,31.70731707317073,36.58536585365854,12.058823529411764,case_00086,400
0,0,0,0,0.0,0.0,0.0,0.0,case_00102,482
698,9,48,0,15.789473684210526,84.21052631578948,0.0,7.549668874172186,case_00102,193
0,0,4,0,0.0,100.0,0.0,100.0,case_00203,109
0,18,12,0,60.0,40.0,0.0,100.0,case_00086,198
0,0,431,0,0.0,100.0,0.0,100.0,case_00194,344
0,0,0,0,0.0,0.0,0.0,0.0,case_00086,257
264,20,44,0,31.25,68.75,0.0,19.51219512195122,case_00113,438
0,0,0,0,0.0,0.0,0.0,0.0,case_00075,458
0,0,0,0,0.0,0.0,0.0,0.0,case_00102,45
396,18,46,0,28.125,71.875,0.0,13.91304347826087,case_00203,350
608,404,7,0,98.29683698296837,1.70316301703163,0.0,40.333660451422965,case_00134,199
637,20,22,0,47.61904761904762,52.38095238095238,0.0,6.185567010309279,case_00154,377
360,0,24,0,0.0,100.0,0.0,6.25,case_00102,207
859,40,112,0,26.31578947368421,73.6842105263158,0.0,15.034619188921859,case_00134,355
2170,17,144,57,7.798165137614679,66.05504587155963,26.146788990825687,9.128978224455611,case_00134,329
2907,24,142,0,14.457831325301205,85.5421686746988,0.0,5.401887406443215,case_00113,163
0,0,0,0,0.0,0.0,0.0,0.0,case_00079,259
1335,55,189,0,22.540983606557376,77.45901639344262,0.0,15.45281823939202,case_00113,324
0,0,11,0,0.0,100.0,0.0,100.0,case_00075,111
0,0,0,0,0.0,0.0,0.0,0.0,case_00133,418
0,0,0,0,0.0,0.0,0.0,0.0,case_00075,118
0,0,0,0,0.0,0.0,0.0,0.0,case_00086,73
0,0,0,0,0.0,0.0,0.0,0.0,case_00102,449
1052,39,220,0,15.057915057915057,84.94208494208495,0.0,19.75591151792525,case_00161,341
0,0,0,0,0.0,0.0,0.0,0.0,case_00115,422
0,0,1,0,0.0,100.0,0.0,100.0,case_00154,125
0,0,0,0,0.0,0.0,0.0,0.0,case_00014,0
0,0,0,0,0.0,0.0,0.0,0.0,case_00086,79
98,32,34,0,48.484848484848484,51.515151515151516,0.0,40.24390243902439,case_00113,211
0,0,0,0,0.0,0.0,0.0,0.0,case_00014,456
0,0,16,0,0.0,100.0,0.0,100.0,case_00203,264
0,0,0,0,0.0,0.0,0.0,0.0,case_00203,27
0,0,29,0,0.0,100.0,0.0,100.0,case_00134,18
0,0,0,0,0.0,0.0,0.0,0.0,case_00161,32
0,0,0,0,0.0,0.0,0.0,0.0,case_00194,492
1066,24,59,0,28.91566265060241,71.08433734939759,0.0,7.2236727589208005,case_00134,151
0,0,0,0,0.0,0.0,0.0,0.0,case_00102,286
0,0,636,0,0.0,100.0,0.0,100.0,case_00102,475
0,0,0,0,0.0,0.0,0.0,0.0,case_00154,18
446,3,25,0,10.714285714285714,89.28571428571429,0.0,5.9071729957805905,case_00033,396
0,0,0,0,0.0,0.0,0.0,0.0,case_00113,89
2004,12,120,46,6.741573033707865,67.41573033707866,25.84269662921348,8.157653528872594,case_00079,373
2216,48,90,0,34.78260869565217,65.21739130434783,0.0,5.862361937128292,case_00113,136
0,0,0,0,0.0,0.0,0.0,0.0,case_00161,406
0,0,25,0,0.0,100.0,0.0,100.0,case_00134,435
1050,6,29,67,5.882352941176471,28.431372549019606,65.68627450980392,8.854166666666666,case_00133,140
704,7,44,0,13.72549019607843,86.27450980392157,0.0,6.754966887417218,case_00014,327
0,0,0,0,0.0,0.0,0.0,0.0,case_00133,361
764,11,51,0,17.741935483870968,82.25806451612904,0.0,7.506053268765133,case_00194,116
1134,19,33,0,36.53846153846154,63.46153846153846,0.0,4.3844856661045535,case_00086,354
2,34,60,0,36.170212765957444,63.829787234042556,0.0,97.91666666666667,case_00086,284
0,0,0,0,0.0,0.0,0.0,0.0,case_00203,87
196,32,37,0,46.3768115942029,53.6231884057971,0.0,26.037735849056602,case_00113,108
0,0,0,0,0.0,0.0,0.0,0.0,case_00154,480
3792,18,545,131,2.5936599423631126,78.53025936599424,18.876080691642652,15.470352206865805,case_00113,357
0,0,1,0,0.0,100.0,0.0,100.0,case_00079,501
0,0,0,0,0.0,0.0,0.0,0.0,case_00194,29
0,0,0,0,0.0,0.0,0.0,0.0,case_00125,111
1017,38,59,0,39.175257731958766,60.824742268041234,0.0,8.707360861759426,case_00113,429
898,7,41,0,14.583333333333334,85.41666666666667,0.0,5.07399577167019,case_00133,298
0,0,0,0,0.0,0.0,0.0,0.0,case_00133,16
0,0,0,0,0.0,0.0,0.0,0.0,case_00115,227
0,0,0,0,0.0,0.0,0.0,0.0,case_00161,42
0,0,0,0,0.0,0.0,0.0,0.0,case_00134,267
0,0,0,0,0.0,0.0,0.0,0.0,case_00194,31
686,12,49,0,19.672131147540984,80.32786885245902,0.0,8.165997322623829,case_00203,377
0,0,0,0,0.0,0.0,0.0,0.0,case_00115,278
0,0,417,0,0.0,100.0,0.0,100.0,case_00194,409
1282,6,61,0,8.955223880597014,91.04477611940298,0.0,4.966641957005189,case_00194,130
95,2,32,0,5.882352941176471,94.11764705882354,0.0,26.356589147286822,case_00075,292
0,0,0,0,0.0,0.0,0.0,0.0,case_00115,510
773,51,39,0,56.666666666666664,43.333333333333336,0.0,10.428736964078794,case_00113,115
0,0,0,0,0.0,0.0,0.0,0.0,case_00125,492
1256,6,92,0,6.122448979591836,93.87755102040816,0.0,7.23781388478582,case_00033,340
0,0,84,0,0.0,100.0,0.0,100.0,case_00014,481
61,0,29,0,0.0,100.0,0.0,32.22222222222222,case_00203,414
129,1,24,0,4.0,96.0,0.0,16.233766233766232,case_00075,125
0,0,256,0,0.0,100.0,0.0,100.0,case_00194,445
0,0,92,0,0.0,100.0,0.0,100.0,case_00194,442
0,0,0,0,0.0,0.0,0.0,0.0,case_00154,306
0,0,0,0,0.0,0.0,0.0,0.0,case_00134,392
0,0,0,0,0.0,0.0,0.0,0.0,case_00079,28
0,0,0,0,0.0,0.0,0.0,0.0,case_00086,428
2947,45,91,0,33.088235294117645,66.91176470588235,0.0,4.411287706779111,case_00134,178
476,9,104,0,7.964601769911504,92.03539823008849,0.0,19.185059422750424,case_00203,199
0,0,81,0,0.0,100.0,0.0,100.0,case_00033,479
0,0,0,0,0.0,0.0,0.0,0.0,case_00125,499
4436,9,149,47,4.390243902439025,72.6829268292683,22.926829268292682,4.417151475975006,case_00102,359
1918,70,91,0,43.47826086956522,56.52173913043478,0.0,7.744107744107744,case_00154,173
2740,75,105,0,41.666666666666664,58.333333333333336,0.0,6.164383561643835,case_00134,184
213,8,55,0,12.698412698412698,87.3015873015873,0.0,22.82608695652174,case_00075,372
302,2,83,0,2.3529411764705883,97.6470588235294,0.0,21.963824289405686,case_00075,370
428,3,49,0,5.769230769230769,94.23076923076923,0.0,10.833333333333334,case_00075,136
0,0,0,0,0.0,0.0,0.0,0.0,case_00133,368
0,0,0,0,0.0,0.0,0.0,0.0,case_00194,428
124,6,8,0,42.857142857142854,57.142857142857146,0.0,10.144927536231885,case_00133,113
0,0,0,0,0.0,0.0,0.0,0.0,case_00125,435
0,0,477,0,0.0,100.0,0.0,100.0,case_00075,496
0,0,0,0,0.0,0.0,0.0,0.0,case_00203,5
0,0,0,0,0.0,0.0,0.0,0.0,case_00014,299
0,0,0,0,0.0,0.0,0.0,0.0,case_00113,75
0,0,56,0,0.0,100.0,0.0,100.0,case_00033,253
641,8,169,0,4.519774011299435,95.48022598870057,0.0,21.638141809290953,case_00075,199
0,0,0,0,0.0,0.0,0.0,0.0,case_00086,31
716,38,11,0,77.55102040816327,22.448979591836736,0.0,6.405228758169935,case_00154,148
0,0,0,0,0.0,0.0,0.0,0.0,case_00161,0
0,0,479,0,0.0,100.0,0.0,100.0,case_00194,387
0,6,0,0,100.0,0.0,0.0,100.0,case_00154,308
906,7,46,0,13.20754716981132,86.79245283018868,0.0,5.526590198123045,case_00194,119
0,0,319,0,0.0,100.0,0.0,100.0,case_00113,452
0,0,0,0,0.0,0.0,0.0,0.0,case_00203,324
0,0,6,0,0.0,100.0,0.0,100.0,case_00033,480
0,0,0,0,0.0,0.0,0.0,0.0,case_00086,432
47,0,78,0,0.0,100.0,0.0,62.4,case_00086,415
700,12,65,9,13.953488372093023,75.5813953488372,10.465116279069768,10.94147582697201,case_00125,198
0,0,0,0,0.0,0.0,0.0,0.0,case_00194,232
0,0,111,0,0.0,100.0,0.0,100.0,case_00134,102
0,0,33,0,0.0,100.0,0.0,100.0,case_00133,353
0,0,0,0,0.0,0.0,0.0,0.0,case_00154,69
0,0,269,0,0.0,100.0,0.0,100.0,case_00134,109
0,0,0,0,0.0,0.0,0.0,0.0,case_00086,248
0,0,39,0,0.0,100.0,0.0,100.0,case_00086,275
0,0,0,0,0.0,0.0,0.0,0.0,case_00203,67
0,0,230,0,0.0,100.0,0.0,100.0,case_00014,40
0,0,0,0,0.0,0.0,0.0,0.0,case_00086,238
0,0,0,0,0.0,0.0,0.0,0.0,case_00113,224
277,4,18,0,18.181818181818183,81.81818181818181,0.0,7.357859531772576,case_00134,283
305,5,37,0,11.904761904761905,88.0952380952381,0.0,12.103746397694524,case_00033,200
835,1,62,0,1.5873015873015872,98.41269841269842,0.0,7.015590200445434,case_00014,359
3902,28,117,17,17.28395061728395,72.22222222222223,10.493827160493828,3.986220472440945,case_00102,374
0,0,454,0,0.0,100.0,0.0,100.0,case_00194,354
0,0,279,0,0.0,100.0,0.0,100.0,case_00194,330
593,9,43,0,17.307692307692307,82.6923076923077,0.0,8.062015503875969,case_00014,322
1659,37,105,36,20.786516853932586,58.98876404494382,20.224719101123597,9.689711486118672,case_00161,160
0,0,0,0,0.0,0.0,0.0,0.0,case_00154,84
689,6,62,0,8.823529411764707,91.17647058823529,0.0,8.982826948480845,case_00203,165
0,0,53,0,0.0,100.0,0.0,100.0,case_00113,483
794,11,81,19,9.90990990990991,72.97297297297297,17.117117117117118,12.265193370165745,case_00125,196
0,0,9,0,0.0,100.0,0.0,100.0,case_00125,281
18,0,39,0,0.0,100.0,0.0,68.42105263157895,case_00075,379
1481,31,52,28,27.92792792792793,46.846846846846844,25.225225225225227,6.972361809045226,case_00161,151
4474,18,291,72,4.724409448818897,76.37795275590551,18.89763779527559,7.8475798146240985,case_00102,351
132,11,13,0,45.833333333333336,54.166666666666664,0.0,15.384615384615385,case_00079,224
2909,8,186,0,4.123711340206185,95.87628865979381,0.0,6.2520141798259745,case_00115,183
0,0,0,0,0.0,0.0,0.0,0.0,case_00102,21
0,0,102,0,0.0,100.0,0.0,100.0,case_00102,24
0,0,0,0,0.0,0.0,0.0,0.0,case_00194,86
0,0,0,0,0.0,0.0,0.0,0.0,case_00014,465
1176,22,192,0,10.280373831775702,89.7196261682243,0.0,15.39568345323741,case_00161,182
859,14,47,0,22.950819672131146,77.04918032786885,0.0,6.630434782608695,case_00194,118
416,14,16,0,46.666666666666664,53.333333333333336,0.0,6.726457399103139,case_00125,150
0,0,0,0,0.0,0.0,0.0,0.0,case_00113,83
0,0,0,0,0.0,0.0,0.0,0.0,case_00014,488
0,0,0,0,0.0,0.0,0.0,0.0,case_00125,213
1377,18,73,14,17.142857142857142,69.52380952380952,13.333333333333334,7.08502024291498,case_00033,178
0,0,0,0,0.0,0.0,0.0,0.0,case_00203,489
0,0,0,0,0.0,0.0,0.0,0.0,case_00014,4
0,0,0,0,0.0,0.0,0.0,0.0,case_00079,246
0,0,0,0,0.0,0.0,0.0,0.0,case_00033,75
395,4,53,0,7.017543859649122,92.98245614035088,0.0,12.610619469026549,case_00113,309
0,0,1,0,0.0,100.0,0.0,100.0,case_00161,300
0,0,0,0,0.0,0.0,0.0,0.0,case_00033,496
0,0,0,0,0.0,0.0,0.0,0.0,case_00133,210
0,0,0,0,0.0,0.0,0.0,0.0,case_00161,11
0,47,0,0,100.0,0.0,0.0,100.0,case_00086,197
0,0,0,0,0.0,0.0,0.0,0.0,case_00075,505
0,0,50,0,0.0,100.0,0.0,100.0,case_00125,245
0,0,0,0,0.0,0.0,0.0,0.0,case_00134,448
0,0,0,0,0.0,0.0,0.0,0.0,case_00134,95
0,0,9,0,0.0,100.0,0.0,100.0,case_00079,4
2436,33,204,0,13.924050632911392,86.07594936708861,0.0,8.866442199775532,case_00134,189
0,0,21,0,0.0,100.0,0.0,100.0,case_00154,413
2076,19,86,27,14.393939393939394,65.15151515151516,20.454545454545453,5.978260869565218,case_00079,394
1089,6,37,57,6.0,37.0,57.0,8.410428931875526,case_00133,142
2872,17,149,0,10.240963855421686,89.75903614457832,0.0,5.464121132323897,case_00113,164
0,0,86,0,0.0,100.0,0.0,100.0,case_00115,36
3096,5,189,0,2.577319587628866,97.42268041237114,0.0,5.896656534954407,case_00115,180
630,6,63,39,5.555555555555555,58.333333333333336,36.111111111111114,14.634146341463415,case_00086,386
0,0,34,0,0.0,100.0,0.0,100.0,case_00133,87
0,0,43,0,0.0,100.0,0.0,100.0,case_00113,244
0,0,0,0,0.0,0.0,0.0,0.0,case_00113,104
2836,98,492,36,15.654952076677317,78.59424920127796,5.7507987220447285,18.08203350664356,case_00113,337
592,28,64,0,30.434782608695652,69.56521739130434,0.0,13.450292397660819,case_00075,200
4332,30,174,124,9.146341463414634,53.048780487804876,37.80487804878049,7.03862660944206,case_00102,345
0,0,0,0,0.0,0.0,0.0,0.0,case_00203,323
2939,43,113,0,27.564102564102566,72.43589743589743,0.0,5.040387722132472,case_00134,180
0,0,0,0,0.0,0.0,0.0,0.0,case_00161,484
0,0,0,0,0.0,0.0,0.0,0.0,case_00014,438
861,3,151,0,1.948051948051948,98.05194805194805,0.0,15.172413793103448,case_00161,187
25,3,72,0,4.0,96.0,0.0,75.0,case_00154,141
647,0,42,0,0.0,100.0,0.0,6.095791001451379,case_00125,356
0,0,0,0,0.0,0.0,0.0,0.0,case_00086,43
0,0,0,0,0.0,0.0,0.0,0.0,case_00194,489
2282,59,143,63,22.264150943396228,53.9622641509434,23.77358490566038,10.404397330192383,case_00113,416
0,0,220,0,0.0,100.0,0.0,100.0,case_00203,36
61,4,20,7,12.903225806451612,64.51612903225806,22.580645161290324,33.69565217391305,case_00203,413
0,0,0,0,0.0,0.0,0.0,0.0,case_00079,81
0,0,0,0,0.0,0.0,0.0,0.0,case_00014,32
0,0,0,0,0.0,0.0,0.0,0.0,case_00194,494
1158,9,171,28,4.326923076923077,82.21153846153847,13.461538461538462,15.226939970717423,case_00075,332
1307,2,34,0,5.555555555555555,94.44444444444444,0.0,2.680565897244974,case_00033,152
399,20,83,0,19.41747572815534,80.58252427184466,0.0,20.51792828685259,case_00203,201
0,0,0,0,0.0,0.0,0.0,0.0,case_00154,276
0,0,0,0,0.0,0.0,0.0,0.0,case_00079,284
0,0,0,0,0.0,0.0,0.0,0.0,case_00033,0
1602,49,239,34,15.217391304347826,74.22360248447205,10.559006211180124,16.735966735966738,case_00154,332
0,0,299,0,0.0,100.0,0.0,100.0,case_00203,505
1777,31,40,0,43.66197183098591,56.33802816901409,0.0,3.841991341991342,case_00115,141
187,18,19,0,48.648648648648646,51.351351351351354,0.0,16.517857142857142,case_00079,222
0,0,0,0,0.0,0.0,0.0,0.0,case_00161,493
0,0,0,0,0.0,0.0,0.0,0.0,case_00125,415
626,1,42,0,2.3255813953488373,97.67441860465117,0.0,6.4275037369207775,case_00033,132
0,0,1686,0,0.0,100.0,0.0,100.0,case_00102,257
384,4,42,0,8.695652173913043,91.30434782608695,0.0,10.69767441860465,case_00075,134
0,0,404,0,0.0,100.0,0.0,100.0,case_00194,349
673,20,67,0,22.988505747126435,77.01149425287356,0.0,11.447368421052632,case_00086,174
0,0,44,0,0.0,100.0,0.0,100.0,case_00133,233
620,12,73,0,14.117647058823529,85.88235294117646,0.0,12.056737588652481,case_00086,177
0,0,0,0,0.0,0.0,0.0,0.0,case_00075,452
839,0,31,0,0.0,100.0,0.0,3.5632183908045976,case_00033,387
0,0,0,0,0.0,0.0,0.0,0.0,case_00115,417
0,0,0,0,0.0,0.0,0.0,0.0,case_00102,90
0,0,164,0,0.0,100.0,0.0,100.0,case_00075,404
0,0,0,0,0.0,0.0,0.0,0.0,case_00115,496
0,0,0,0,0.0,0.0,0.0,0.0,case_00133,422
0,0,0,0,0.0,0.0,0.0,0.0,case_00115,403
1448,14,138,0,9.210526315789474,90.78947368421052,0.0,9.5,case_00194,152
0,0,37,0,0.0,100.0,0.0,100.0,case_00075,86
0,0,0,0,0.0,0.0,0.0,0.0,case_00033,441
1115,7,48,0,12.727272727272727,87.27272727272727,0.0,4.700854700854701,case_00125,173
694,12,118,0,9.23076923076923,90.76923076923077,0.0,15.776699029126213,case_00203,187
0,0,180,0,0.0,100.0,0.0,100.0,case_00102,31
47,0,26,3,0.0,89.65517241379311,10.344827586206897,38.1578947368421,case_00203,419
973,14,230,0,5.737704918032787,94.26229508196721,0.0,20.049301561216105,case_00161,340
0,0,0,0,0.0,0.0,0.0,0.0,case_00154,30
597,14,68,16,14.285714285714286,69.38775510204081,16.3265306122449,14.100719424460431,case_00014,176
0,0,0,0,0.0,0.0,0.0,0.0,case_00203,96
888,7,54,26,8.045977011494253,62.06896551724138,29.885057471264368,8.923076923076923,case_00014,184
0,0,0,0,0.0,0.0,0.0,0.0,case_00033,412
0,0,0,0,0.0,0.0,0.0,0.0,case_00115,444
3057,9,112,0,7.43801652892562,92.56198347107438,0.0,3.8074260541220895,case_00115,156
671,3,120,0,2.4390243902439024,97.5609756097561,0.0,15.4911838790932,case_00203,366
0,0,1124,0,0.0,100.0,0.0,100.0,case_00133,428
0,0,661,0,0.0,100.0,0.0,100.0,case_00075,424
0,0,188,0,0.0,100.0,0.0,100.0,case_00075,24
0,0,0,0,0.0,0.0,0.0,0.0,case_00133,483
0,0,138,0,0.0,100.0,0.0,100.0,case_00115,287
0,0,36,0,0.0,100.0,0.0,100.0,case_00102,429
0,0,0,0,0.0,0.0,0.0,0.0,case_00014,419
0,0,0,0,0.0,0.0,0.0,0.0,case_00194,63
2585,57,196,41,19.387755102040817,66.66666666666667,13.945578231292517,10.211879124696075,case_00102,314
0,0,0,0,0.0,0.0,0.0,0.0,case_00086,62
1514,9,118,0,7.086614173228346,92.91338582677166,0.0,7.739183424741012,case_00033,354
0,0,74,0,0.0,100.0,0.0,100.0,case_00154,266
0,0,0,0,0.0,0.0,0.0,0.0,case_00086,58
0,0,308,0,0.0,100.0,0.0,100.0,case_00194,332
0,0,0,0,0.0,0.0,0.0,0.0,case_00115,469
0,0,90,0,0.0,100.0,0.0,100.0,case_00102,119
0,0,0,0,0.0,0.0,0.0,0.0,case_00203,312
0,0,0,0,0.0,0.0,0.0,0.0,case_00014,90
0,0,0,0,0.0,0.0,0.0,0.0,case_00161,7
0,0,25,0,0.0,100.0,0.0,100.0,case_00102,217
0,0,0,0,0.0,0.0,0.0,0.0,case_00033,288
543,11,94,0,10.476190476190476,89.52380952380952,0.0,16.203703703703702,case_00203,196
0,0,0,0,0.0,0.0,0.0,0.0,case_00203,497
0,0,55,0,0.0,100.0,0.0,100.0,case_00113,39
948,11,64,0,14.666666666666666,85.33333333333333,0.0,7.331378299120234,case_00014,351
0,0,0,0,0.0,0.0,0.0,0.0,case_00075,235
1125,21,88,0,19.26605504587156,80.73394495412845,0.0,8.833063209076174,case_00086,352
81,1,24,0,4.0,96.0,0.0,23.58490566037736,case_00075,123
3826,25,443,101,4.393673110720562,77.85588752196837,17.75043936731107,12.946530147895336,case_00113,361
0,0,101,0,0.0,100.0,0.0,100.0,case_00161,293
0,0,7,0,0.0,100.0,0.0,100.0,case_00194,461
684,5,42,0,10.638297872340425,89.36170212765957,0.0,6.429548563611491,case_00086,114
0,0,0,0,0.0,0.0,0.0,0.0,case_00033,422
0,0,432,0,0.0,100.0,0.0,100.0,case_00113,454
255,9,28,0,24.324324324324323,75.67567567567568,0.0,12.67123287671233,case_00194,189
0,0,0,0,0.0,0.0,0.0,0.0,case_00075,64
693,5,80,0,5.882352941176471,94.11764705882354,0.0,10.925449871465295,case_00203,369
0,0,0,0,0.0,0.0,0.0,0.0,case_00102,510
0,0,146,0,0.0,100.0,0.0,100.0,case_00075,13
0,0,0,0,0.0,0.0,0.0,0.0,case_00154,237
0,0,0,0,0.0,0.0,0.0,0.0,case_00154,445
0,0,0,0,0.0,0.0,0.0,0.0,case_00115,229
0,0,0,0,0.0,0.0,0.0,0.0,case_00075,288
0,0,0,0,0.0,0.0,0.0,0.0,case_00033,305
751,22,77,0,22.22222222222222,77.77777777777777,0.0,11.647058823529411,case_00134,148
0,0,24,0,0.0,100.0,0.0,100.0,case_00134,400
12,0,32,0,0.0,100.0,0.0,72.72727272727273,case_00161,321
688,16,87,61,9.75609756097561,53.048780487804876,37.19512195121951,19.248826291079812,case_00079,336
0,0,0,0,0.0,0.0,0.0,0.0,case_00086,471
0,0,19,0,0.0,100.0,0.0,100.0,case_00154,42
0,0,0,0,0.0,0.0,0.0,0.0,case_00014,417
0,0,0,0,0.0,0.0,0.0,0.0,case_00203,274
0,0,0,0,0.0,0.0,0.0,0.0,case_00203,282
0,0,0,0,0.0,0.0,0.0,0.0,case_00014,290
0,0,0,0,0.0,0.0,0.0,0.0,case_00194,228
0,0,0,0,0.0,0.0,0.0,0.0,case_00161,310
0,0,549,0,0.0,100.0,0.0,100.0,case_00125,89
0,0,155,0,0.0,100.0,0.0,100.0,case_00125,82
1926,8,114,34,5.128205128205129,73.07692307692308,21.794871794871796,7.492795389048991,case_00079,366
0,0,0,0,0.0,0.0,0.0,0.0,case_00203,57
26,3,71,0,4.054054054054054,95.94594594594595,0.0,74.0,case_00086,416
0,0,191,0,0.0,100.0,0.0,100.0,case_00194,61
0,0,0,0,0.0,0.0,0.0,0.0,case_00203,496
0,0,147,0,0.0,100.0,0.0,100.0,case_00134,418
725,26,40,0,39.39393939393939,60.60606060606061,0.0,8.34386852085967,case_00134,290
0,0,0,0,0.0,0.0,0.0,0.0,case_00115,430
0,0,173,0,0.0,100.0,0.0,100.0,case_00194,316
0,0,0,0,0.0,0.0,0.0,0.0,case_00086,42
0,0,0,0,0.0,0.0,0.0,0.0,case_00125,385
811,16,51,0,23.880597014925375,76.11940298507463,0.0,7.6309794988610475,case_00161,199
0,0,0,0,0.0,0.0,0.0,0.0,case_00033,223
0,0,4760,0,0.0,100.0,0.0,100.0,case_00134,45
1275,26,59,24,23.853211009174313,54.12844036697248,22.01834862385321,7.875722543352601,case_00161,146
1048,13,44,0,22.80701754385965,77.19298245614036,0.0,5.158371040723982,case_00125,169
0,0,0,0,0.0,0.0,0.0,0.0,case_00154,135
0,0,0,0,0.0,0.0,0.0,0.0,case_00161,466
0,0,0,0,0.0,0.0,0.0,0.0,case_00033,43
577,1,68,49,0.847457627118644,57.6271186440678,41.52542372881356,16.97841726618705,case_00086,388
0,0,0,0,0.0,0.0,0.0,0.0,case_00115,414
0,0,0,0,0.0,0.0,0.0,0.0,case_00033,22
0,0,8,0,0.0,100.0,0.0,100.0,case_00194,458
0,0,571,0,0.0,100.0,0.0,100.0,case_00133,438
0,0,0,0,0.0,0.0,0.0,0.0,case_00115,60
0,0,34,0,0.0,100.0,0.0,100.0,case_00102,122
247,3,3,0,50.0,50.0,0.0,2.3715415019762847,case_00033,324
0,0,36,0,0.0,100.0,0.0,100.0,case_00125,265
0,0,175,0,0.0,100.0,0.0,100.0,case_00125,467
0,0,0,0,0.0,0.0,0.0,0.0,case_00154,6
0,0,0,0,0.0,0.0,0.0,0.0,case_00133,494
0,0,83,0,0.0,100.0,0.0,100.0,case_00154,411
0,0,0,0,0.0,0.0,0.0,0.0,case_00133,441
1495,9,136,0,6.206896551724138,93.79310344827586,0.0,8.841463414634147,case_00033,352
743,12,15,0,44.44444444444444,55.55555555555556,0.0,3.5064935064935066,case_00125,158
3590,31,608,66,4.397163120567376,86.24113475177305,9.361702127659575,16.41443538998836,case_00113,348
0,0,0,0,0.0,0.0,0.0,0.0,case_00033,218
0,0,162,0,0.0,100.0,0.0,100.0,case_00194,510
1120,3,195,0,1.5151515151515151,98.48484848484848,0.0,15.022761760242792,case_00086,162
1098,16,30,0,34.78260869565217,65.21739130434783,0.0,4.020979020979021,case_00086,362
0,0,0,0,0.0,0.0,0.0,0.0,case_00194,226
0,0,0,0,0.0,0.0,0.0,0.0,case_00102,15
0,0,0,0,0.0,0.0,0.0,0.0,case_00033,24
0,0,14,0,0.0,100.0,0.0,100.0,case_00075,46
0,0,137,0,0.0,100.0,0.0,100.0,case_00115,257
0,0,0,0,0.0,0.0,0.0,0.0,case_00154,15
0,0,0,0,0.0,0.0,0.0,0.0,case_00086,88
0,0,3,0,0.0,100.0,0.0,100.0,case_00102,93
0,0,0,0,0.0,0.0,0.0,0.0,case_00203,280
0,0,747,0,0.0,100.0,0.0,100.0,case_00102,445
0,0,0,0,0.0,0.0,0.0,0.0,case_00194,501
1524,43,127,0,25.294117647058822,74.70588235294117,0.0,10.035419126328216,case_00161,349
1306,14,97,0,12.612612612612613,87.38738738738739,0.0,7.8334509527170075,case_00086,152
0,0,0,0,0.0,0.0,0.0,0.0,case_00033,34
0,0,25,0,0.0,100.0,0.0,100.0,case_00014,159
808,11,88,0,11.11111111111111,88.88888888888889,0.0,10.915104740904079,case_00161,203
0,0,0,0,0.0,0.0,0.0,0.0,case_00125,496
0,0,0,0,0.0,0.0,0.0,0.0,case_00115,507
418,18,42,0,30.0,70.0,0.0,12.552301255230125,case_00203,351
0,0,238,0,0.0,100.0,0.0,100.0,case_00113,47
0,0,3,0,0.0,100.0,0.0,100.0,case_00203,326
0,0,0,0,0.0,0.0,0.0,0.0,case_00033,74
1972,15,68,22,14.285714285714286,64.76190476190476,20.952380952380953,5.055368319691863,case_00079,403
0,0,0,0,0.0,0.0,0.0,0.0,case_00014,298
2082,22,94,29,15.172413793103448,64.82758620689656,20.0,6.511001347103727,case_00079,392
0,0,0,0,0.0,0.0,0.0,0.0,case_00194,287
605,21,56,0,27.272727272727273,72.72727272727273,0.0,11.290322580645162,case_00079,197
3792,39,127,22,20.74468085106383,67.55319148936171,11.702127659574469,4.723618090452261,case_00102,376
698,4,89,0,4.301075268817204,95.6989247311828,0.0,11.757269279393173,case_00161,387
0,0,0,0,0.0,0.0,0.0,0.0,case_00115,33
3026,60,427,54,11.090573012939002,78.9279112754159,9.981515711645102,15.166806840482199,case_00113,339
0,0,0,0,0.0,0.0,0.0,0.0,case_00203,320
0,0,0,0,0.0,0.0,0.0,0.0,case_00161,453
3670,15,520,197,2.0491803278688523,71.03825136612022,26.91256830601093,16.628805088596092,case_00113,352
0,0,0,0,0.0,0.0,0.0,0.0,case_00161,405
0,0,197,0,0.0,100.0,0.0,100.0,case_00033,301
788,4,121,0,3.2,96.8,0.0,13.691128148959475,case_00075,311
0,0,0,0,0.0,0.0,0.0,0.0,case_00115,427
787,43,123,0,25.903614457831324,74.09638554216868,0.0,17.418677859391394,case_00161,191
159,11,22,0,33.333333333333336,66.66666666666667,0.0,17.1875,case_00079,223
0,0,0,0,0.0,0.0,0.0,0.0,case_00079,121
1134,21,66,0,24.137931034482758,75.86206896551724,0.0,7.125307125307125,case_00086,131
0,0,0,0,0.0,0.0,0.0,0.0,case_00154,442
0,0,0,0,0.0,0.0,0.0,0.0,case_00033,59
738,27,100,0,21.25984251968504,78.74015748031496,0.0,14.68208092485549,case_00086,171
0,0,0,0,0.0,0.0,0.0,0.0,case_00086,251
383,65,26,0,71.42857142857143,28.571428571428573,0.0,19.19831223628692,case_00154,145
0,5,0,0,100.0,0.0,0.0,100.0,case_00133,270
0,0,0,0,0.0,0.0,0.0,0.0,case_00154,252
248,2,21,0,8.695652173913043,91.30434782608695,0.0,8.487084870848708,case_00079,220
0,0,209,0,0.0,100.0,0.0,100.0,case_00194,319
0,0,0,0,0.0,0.0,0.0,0.0,case_00033,478
890,35,73,0,32.407407407407405,67.5925925925926,0.0,10.821643286573146,case_00113,200
0,0,0,0,0.0,0.0,0.0,0.0,case_00134,406
1154,8,36,0,18.181818181818183,81.81818181818181,0.0,3.672787979966611,case_00014,192
0,0,0,0,0.0,0.0,0.0,0.0,case_00079,260
0,0,212,0,0.0,100.0,0.0,100.0,case_00115,260
0,0,135,0,0.0,100.0,0.0,100.0,case_00194,16
377,3,21,0,12.5,87.5,0.0,5.985037406483791,case_00133,338
1368,37,59,24,30.833333333333332,49.166666666666664,20.0,8.064516129032258,case_00161,148
0,0,0,0,0.0,0.0,0.0,0.0,case_00133,14
0,0,217,0,0.0,100.0,0.0,100.0,case_00014,36
387,12,43,0,21.818181818181817,78.18181818181819,0.0,12.44343891402715,case_00075,209
0,0,0,0,0.0,0.0,0.0,0.0,case_00125,377
0,0,0,0,0.0,0.0,0.0,0.0,case_00203,17
100,0,65,0,0.0,100.0,0.0,39.39393939393939,case_00115,373
0,0,188,0,0.0,100.0,0.0,100.0,case_00154,101
1262,5,38,0,11.627906976744185,88.37209302325581,0.0,3.2950191570881224,case_00033,375
0,0,0,0,0.0,0.0,0.0,0.0,case_00014,500
0,0,0,0,0.0,0.0,0.0,0.0,case_00075,255
0,0,60,0,0.0,100.0,0.0,100.0,case_00113,491
0,0,0,0,0.0,0.0,0.0,0.0,case_00079,498
0,0,0,0,0.0,0.0,0.0,0.0,case_00134,505
0,0,17,0,0.0,100.0,0.0,100.0,case_00086,276
2921,53,128,87,19.776119402985074,47.76119402985075,32.46268656716418,8.403888366259016,case_00113,404
886,42,32,48,34.42622950819672,26.229508196721312,39.34426229508197,12.103174603174603,case_00079,341
926,12,44,0,21.428571428571427,78.57142857142857,0.0,5.7026476578411405,case_00125,164
0,0,1628,0,0.0,100.0,0.0,100.0,case_00102,278
0,0,0,0,0.0,0.0,0.0,0.0,case_00194,273
0,0,877,0,0.0,100.0,0.0,100.0,case_00102,282
132,13,8,0,61.904761904761905,38.095238095238095,0.0,13.72549019607843,case_00102,130
0,0,219,0,0.0,100.0,0.0,100.0,case_00194,323
0,0,4,0,0.0,100.0,0.0,100.0,case_00154,277
34,0,60,0,0.0,100.0,0.0,63.829787234042556,case_00194,203
0,0,0,0,0.0,0.0,0.0,0.0,case_00115,31
1142,20,157,37,9.345794392523365,73.3644859813084,17.289719626168225,15.781710914454278,case_00079,346
0,0,690,0,0.0,100.0,0.0,100.0,case_00134,224
0,0,0,0,0.0,0.0,0.0,0.0,case_00014,253
0,0,425,0,0.0,100.0,0.0,100.0,case_00194,69
0,11,26,0,29.72972972972973,70.27027027027027,0.0,100.0,case_00086,417
0,0,0,0,0.0,0.0,0.0,0.0,case_00079,234
0,0,0,0,0.0,0.0,0.0,0.0,case_00086,259
0,0,0,0,0.0,0.0,0.0,0.0,case_00203,61
150,1,25,0,3.8461538461538463,96.15384615384616,0.0,14.772727272727273,case_00203,337
0,0,0,0,0.0,0.0,0.0,0.0,case_00113,55
86,11,5,0,68.75,31.25,0.0,15.686274509803921,case_00033,319
0,0,682,0,0.0,100.0,0.0,100.0,case_00102,463
0,0,2,0,0.0,100.0,0.0,100.0,case_00154,433
0,0,0,0,0.0,0.0,0.0,0.0,case_00203,476
49,15,19,0,44.11764705882353,55.88235294117647,0.0,40.963855421686745,case_00115,126
0,0,0,0,0.0,0.0,0.0,0.0,case_00115,447
0,0,0,0,0.0,0.0,0.0,0.0,case_00115,220
1800,16,25,0,39.02439024390244,60.97560975609756,0.0,2.2270505160239003,case_00154,164
1846,37,23,0,61.666666666666664,38.333333333333336,0.0,3.147953830010493,case_00154,166
0,0,0,0,0.0,0.0,0.0,0.0,case_00134,97
0,0,110,0,0.0,100.0,0.0,100.0,case_00125,258
1127,3,40,0,6.976744186046512,93.02325581395348,0.0,3.675213675213675,case_00033,379
0,0,0,0,0.0,0.0,0.0,0.0,case_00161,455
0,0,0,0,0.0,0.0,0.0,0.0,case_00086,201
783,68,51,0,57.142857142857146,42.857142857142854,0.0,13.19290465631929,case_00161,196
0,0,679,0,0.0,100.0,0.0,100.0,case_00075,417
0,0,0,0,0.0,0.0,0.0,0.0,case_00033,87
0,0,0,0,0.0,0.0,0.0,0.0,case_00115,461
0,0,10,0,0.0,100.0,0.0,100.0,case_00075,85
3091,65,462,96,10.43338683788122,74.15730337078652,15.409309791332264,16.774367259019925,case_00113,340
0,0,0,0,0.0,0.0,0.0,0.0,case_00033,286
588,36,40,0,47.36842105263158,52.63157894736842,0.0,11.44578313253012,case_00113,434
0,0,0,0,0.0,0.0,0.0,0.0,case_00075,45
0,0,0,0,0.0,0.0,0.0,0.0,case_00033,492
0,0,0,0,0.0,0.0,0.0,0.0,case_00075,280
0,0,254,0,0.0,100.0,0.0,100.0,case_00154,49
0,0,0,0,0.0,0.0,0.0,0.0,case_00113,64
0,0,0,0,0.0,0.0,0.0,0.0,case_00203,119
916,8,16,10,23.529411764705884,47.05882352941177,29.41176470588235,3.5789473684210527,case_00133,132
995,1,41,0,2.380952380952381,97.61904761904762,0.0,4.050144648023144,case_00033,383
0,0,83,0,0.0,100.0,0.0,100.0,case_00133,236
0,0,15,0,0.0,100.0,0.0,100.0,case_00115,208
1750,16,76,20,14.285714285714286,67.85714285714286,17.857142857142858,6.015037593984962,case_00079,412
0,0,0,0,0.0,0.0,0.0,0.0,case_00154,508
1062,23,23,41,26.436781609195403,26.436781609195403,47.12643678160919,7.5718015665796345,case_00133,155
0,0,0,0,0.0,0.0,0.0,0.0,case_00154,230
0,0,59,0,0.0,100.0,0.0,100.0,case_00115,210
0,0,1,0,0.0,100.0,0.0,100.0,case_00133,197
0,0,0,0,0.0,0.0,0.0,0.0,case_00161,497
0,0,193,0,0.0,100.0,0.0,100.0,case_00194,324
1119,10,34,51,10.526315789473685,35.78947368421053,53.68421052631579,7.825370675453048,case_00133,149
827,18,67,0,21.176470588235293,78.82352941176471,0.0,9.320175438596491,case_00125,324
0,0,0,0,0.0,0.0,0.0,0.0,case_00134,265
0,0,212,0,0.0,100.0,0.0,100.0,case_00075,395
0,0,0,0,0.0,0.0,0.0,0.0,case_00154,494
0,0,0,0,0.0,0.0,0.0,0.0,case_00079,233
0,0,0,0,0.0,0.0,0.0,0.0,case_00113,284
793,10,23,0,30.303030303030305,69.6969696969697,0.0,3.9951573849878934,case_00133,325
787,40,62,4,37.735849056603776,58.490566037735846,3.7735849056603774,11.87010078387458,case_00154,320
1614,22,159,58,9.205020920502092,66.52719665271967,24.267782426778243,12.898003237992445,case_00134,344
0,0,278,0,0.0,100.0,0.0,100.0,case_00014,93
0,0,22,0,0.0,100.0,0.0,100.0,case_00194,208
0,0,0,0,0.0,0.0,0.0,0.0,case_00125,272
20,0,96,0,0.0,100.0,0.0,82.75862068965517,case_00194,204
2616,34,106,0,24.285714285714285,75.71428571428571,0.0,5.079825834542816,case_00113,143
0,0,0,0,0.0,0.0,0.0,0.0,case_00161,256
0,0,0,0,0.0,0.0,0.0,0.0,case_00134,210
0,0,0,0,0.0,0.0,0.0,0.0,case_00154,122
1397,10,266,23,3.3444816053511706,88.96321070234114,7.6923076923076925,17.629716981132077,case_00102,303
361,9,41,0,18.0,82.0,0.0,12.165450121654501,case_00161,228
0,0,15,0,0.0,100.0,0.0,100.0,case_00194,465
584,9,24,0,27.272727272727273,72.72727272727273,0.0,5.348460291734198,case_00125,154
3,0,20,0,0.0,100.0,0.0,86.95652173913044,case_00115,292
0,0,546,0,0.0,100.0,0.0,100.0,case_00194,416
0,0,0,0,0.0,0.0,0.0,0.0,case_00075,26
0,0,615,0,0.0,100.0,0.0,100.0,case_00133,45
0,0,92,0,0.0,100.0,0.0,100.0,case_00133,62
0,0,0,0,0.0,0.0,0.0,0.0,case_00079,92
0,0,289,0,0.0,100.0,0.0,100.0,case_00125,475
0,0,9,0,0.0,100.0,0.0,100.0,case_00075,83
0,18,0,0,100.0,0.0,0.0,100.0,case_00203,424
0,0,0,0,0.0,0.0,0.0,0.0,case_00079,76
914,7,52,0,11.864406779661017,88.13559322033899,0.0,6.063720452209661,case_00014,355
380,25,35,0,41.666666666666664,58.333333333333336,0.0,13.636363636363637,case_00161,330
0,0,0,0,0.0,0.0,0.0,0.0,case_00086,40
0,0,0,0,0.0,0.0,0.0,0.0,case_00014,283
0,0,0,0,0.0,0.0,0.0,0.0,case_00115,395
0,0,0,0,0.0,0.0,0.0,0.0,case_00033,57
0,0,126,0,0.0,100.0,0.0,100.0,case_00125,228
1424,17,26,0,39.53488372093023,60.46511627906977,0.0,2.931152010906612,case_00154,366
0,0,0,0,0.0,0.0,0.0,0.0,case_00154,492
0,0,10,0,0.0,100.0,0.0,100.0,case_00194,468
0,0,0,0,0.0,0.0,0.0,0.0,case_00161,119
192,6,58,0,9.375,90.625,0.0,25.0,case_00086,290
0,0,0,0,0.0,0.0,0.0,0.0,case_00033,509
0,0,145,0,0.0,100.0,0.0,100.0,case_00125,277
633,24,18,0,57.142857142857146,42.857142857142854,0.0,6.222222222222222,case_00079,148
0,0,0,0,0.0,0.0,0.0,0.0,case_00102,61
0,0,0,0,0.0,0.0,0.0,0.0,case_00203,262
0,0,0,0,0.0,0.0,0.0,0.0,case_00115,445
0,0,8,0,0.0,100.0,0.0,100.0,case_00102,96
0,0,0,0,0.0,0.0,0.0,0.0,case_00014,69
0,0,0,0,0.0,0.0,0.0,0.0,case_00033,68
0,0,0,0,0.0,0.0,0.0,0.0,case_00134,432
0,0,0,0,0.0,0.0,0.0,0.0,case_00014,157
0,0,63,0,0.0,100.0,0.0,100.0,case_00115,390
1390,13,130,9,8.552631578947368,85.52631578947368,5.921052631578948,9.857328145265889,case_00194,160
0,0,0,0,0.0,0.0,0.0,0.0,case_00154,111
0,0,0,0,0.0,0.0,0.0,0.0,case_00134,270
0,0,0,0,0.0,0.0,0.0,0.0,case_00125,442
0,0,238,0,0.0,100.0,0.0,100.0,case_00079,62
0,0,0,0,0.0,0.0,0.0,0.0,case_00194,453
1303,11,195,0,5.339805825242719,94.66019417475728,0.0,13.65142478462558,case_00102,408
0,0,49,0,0.0,100.0,0.0,100.0,case_00113,300
710,30,60,0,33.333333333333336,66.66666666666667,0.0,11.25,case_00113,203
176,1,19,0,5.0,95.0,0.0,10.204081632653061,case_00086,99
0,0,0,0,0.0,0.0,0.0,0.0,case_00133,96
0,0,72,0,0.0,100.0,0.0,100.0,case_00125,84
911,3,29,0,9.375,90.625,0.0,3.393425238600212,case_00133,318
654,4,73,0,5.194805194805195,94.8051948051948,0.0,10.533515731874145,case_00203,163
339,18,43,0,29.508196721311474,70.49180327868852,0.0,15.25,case_00161,329
0,0,234,0,0.0,100.0,0.0,100.0,case_00203,287
618,9,32,0,21.951219512195124,78.04878048780488,0.0,6.22154779969651,case_00125,155
0,0,0,0,0.0,0.0,0.0,0.0,case_00125,127
0,0,0,0,0.0,0.0,0.0,0.0,case_00133,379
0,0,420,0,0.0,100.0,0.0,100.0,case_00075,419
1942,45,132,36,21.12676056338028,61.971830985915496,16.901408450704224,9.883990719257541,case_00102,309
0,0,574,0,0.0,100.0,0.0,100.0,case_00075,426
0,0,202,0,0.0,100.0,0.0,100.0,case_00194,320
0,0,366,0,0.0,100.0,0.0,100.0,case_00075,497
0,0,0,0,0.0,0.0,0.0,0.0,case_00115,39
0,0,0,0,0.0,0.0,0.0,0.0,case_00133,59
0,0,5,0,0.0,100.0,0.0,100.0,case_00125,370
0,0,0,0,0.0,0.0,0.0,0.0,case_00033,230
0,0,532,0,0.0,100.0,0.0,100.0,case_00194,367
328,4,16,0,20.0,80.0,0.0,5.747126436781609,case_00014,372
0,0,0,0,0.0,0.0,0.0,0.0,case_00079,18
0,0,0,0,0.0,0.0,0.0,0.0,case_00086,485
0,0,72,0,0.0,100.0,0.0,100.0,case_00134,17
0,0,0,0,0.0,0.0,0.0,0.0,case_00154,78
810,8,121,0,6.2015503875969,93.7984496124031,0.0,13.738019169329073,case_00075,194
3653,25,217,102,7.267441860465116,63.08139534883721,29.651162790697676,8.606454841130848,case_00113,383
726,13,39,0,25.0,75.0,0.0,6.683804627249358,case_00134,361
