gt_to_pred_mean,gt_to_pred_std,gt_to_pred_max,pred_to_gt_mean,pred_to_gt_std,pred_to_gt_max,gt_boundary_length,pred_boundary_length,case_id,slice_idx
0.32098765432098764,0.4668560592886182,1.0,0.7380230172069366,1.57394410575814,9.219544457292887,182,162,case_00102,180
0.7919026754380465,0.5905876455632098,2.0,0.796893200285915,0.5940648403726551,2.0,83,83,case_00086,315
0.8540567811058749,0.9500301441902357,4.123105625617661,0.8501738188087407,0.8696122451030354,4.123105625617661,286,269,case_00134,195
0.5073966707566624,0.5102996779953893,1.4142135623730951,1.4457667473013318,1.9596719286536923,8.06225774829855,72,56,case_00203,345
0.37609944567401205,0.6026791054615737,3.0,8.038579938678941,11.237968982657977,35.34119409414458,168,107,case_00154,323
0.6731670744554182,1.0295093822447676,7.0,0.925471030925356,1.216252356328909,6.708203932499369,137,115,case_00079,379
0.4074074074074074,0.5392673992059643,2.0,0.4972326955604225,0.558479571167964,2.0,93,81,case_00079,409
0.6208950781532715,0.6490523576276356,3.0,0.7798710031112718,0.9123739466393255,6.4031242374328485,320,295,case_00154,339
0.6772875272403358,0.622443131216433,2.0,0.7406753872144669,0.5854095306712956,2.0,46,39,case_00102,384
0.40177075290500924,0.4994326534062793,1.4142135623730951,0.38262741699796954,0.4955766941266124,1.4142135623730951,125,129,case_00102,151
0.5788561808316413,0.5985472873936858,3.0,0.5676776695296637,0.5027345855591894,1.4142135623730951,80,75,case_00079,415
0.2553191489361702,0.43604045812594033,1.0,0.2857142857142857,0.45175395145262565,1.0,49,47,case_00125,298
0.6475893683746685,1.6380988175307054,9.219544457292887,0.5396163737427928,1.3176537593247517,8.602325267042627,146,146,case_00102,158
0.501330624944266,0.846202640530516,4.0,0.573129794277186,0.9503163611557004,4.123105625617661,95,92,case_00014,225
0.8037950364527939,0.6178117165865581,2.0,0.8570891937685079,0.6558903272772713,3.0,267,252,case_00134,336
0.4186046511627907,0.4933303124557308,1.0,0.48779611588277283,0.511913029068103,1.4142135623730951,48,43,case_00075,126
0.9927673395753469,1.051082515911867,6.0,1.1706442530129508,1.3238840417365387,9.219544457292887,195,166,case_00113,395
1.1148081778237242,1.3124100418549438,5.0,1.0455368073249345,1.1438934079673149,5.0,122,115,case_00075,314
1.3786116485532693,0.7266370146398171,2.23606797749979,1.824734928343694,1.0018362014899778,3.605551275463989,12,7,case_00079,228
0.5384615384615384,0.4985185152621432,1.0,2.0989810910286355,1.6661622253917594,6.4031242374328485,44,13,case_00079,429
0.5813953488372093,0.49333031245573084,1.0,0.55,0.4974937185533099,1.0,40,43,case_00014,309
0.25874125874125875,0.4977331370426362,2.0,0.30565628449263293,0.49420296783052237,2.0,154,143,case_00134,293
1.7605975155480418,1.3877814719497765,4.47213595499958,1.2666666666666666,1.0624918300339483,4.0,30,39,case_00086,286
0.634803882952238,0.6228427739789971,2.0,1.2383878667437647,1.405728604979164,7.211102550927978,155,110,case_00079,376
0.4852307254378488,0.7672191454631023,3.1622776601683795,0.5073871747056019,0.6956562119963385,2.8284271247461903,116,108,case_00014,336
0.29576058859750654,0.4750920830947088,2.0,0.7527390483467937,1.7379437855439623,9.848857801796104,201,182,case_00154,364
0.8524144906635783,0.8794256853803807,4.123105625617661,0.9823818678012697,1.1482630166331784,5.0990195135927845,134,128,case_00086,158
0.9310252373563176,1.6580687583467737,6.324555320336759,1.4593601379470134,2.6360651388656358,11.180339887498949,140,125,case_00014,210
0.5178571428571429,0.5172410127842942,2.0,1.5291969528133906,2.6079526106442925,10.44030650891055,143,112,case_00079,175
0.6262882812240457,1.0279798541985954,5.656854249492381,1.1719170956182117,2.064297785423535,11.045361017187261,386,343,case_00115,322
0.5182802466530742,0.6514074331940917,3.1622776601683795,0.7857812990144926,1.1678275379347745,5.656854249492381,267,241,case_00154,198
0.7055766553102569,0.9029357101214373,4.0,1.1906534436520084,1.3784679301615816,5.830951894845301,129,99,case_00203,354
0.4777056089509483,0.6136674753793624,4.0,0.5753357679550103,0.6776278401943368,3.605551275463989,367,334,case_00154,174
0.49230769230769234,0.558103296837448,2.0,0.5649676806454698,0.5697781465311168,2.0,73,65,case_00079,215
0.6767380993682913,0.7320454736819559,3.605551275463989,1.096537339792268,1.6008141248881131,9.219544457292887,200,163,case_00194,172
0.5043626848452705,0.5615072691276681,2.23606797749979,0.9858010161464891,1.3090954693067722,8.246211251235321,318,244,case_00161,359
0.27741935483870966,0.44772520188122505,1.0,0.3094933361785478,0.4700894182987702,1.4142135623730951,161,155,case_00115,139
0.7939712809277725,1.317242136602539,6.0,0.8277802378933483,1.1168237171445388,6.0,326,290,case_00134,315
0.4570853855092762,0.6804759162871452,5.0,0.6295447530757102,0.8679809433386985,5.0,354,314,case_00154,179
0.9019351482810404,1.4112787795081676,6.082762530298219,0.48976541469080115,0.5483341856142914,2.0,74,77,case_00133,172
2.2368828366698996,1.0427196487650527,4.123105625617661,1.1035533905932737,0.17935973380357526,1.4142135623730951,4,11,case_00161,127
0.463768115942029,0.4986855227271088,1.0,0.5695789830867423,0.502046183394682,1.4142135623730951,85,69,case_00079,141
0.8769274980359147,0.9600237732487977,4.0,1.263819220513407,1.266001965978286,5.656854249492381,185,139,case_00113,402
0.9166356147135835,1.094419404699567,5.0,0.8020896167231357,0.7711987323901481,3.605551275463989,84,79,case_00113,110
0.5102355298292883,0.5540463847075602,2.23606797749979,0.49514563106796117,0.5374117476931282,2.0,103,104,case_00203,158
0.5795370992780529,0.8650138149723916,3.605551275463989,0.7392685157317074,1.1693054199378854,6.324555320336759,116,107,case_00014,335
0.6002220869120796,0.6840017882892616,2.0,0.6245907050248336,0.6402237508844709,2.23606797749979,70,64,case_00075,132
0.7255922317655457,0.4727746960249614,1.4142135623730951,0.7136614592336129,0.47939311257793327,1.4142135623730951,23,24,case_00203,330
0.835892728864208,0.7300620952392464,3.0,0.877502138377538,0.6908703388479182,3.0,93,82,case_00075,303
0.32608695652173914,0.46877953593147437,1.0,0.3404255319148936,0.47385228619829967,1.0,47,46,case_00033,323
0.32727272727272727,0.46921774183868875,1.0,1.624257007180098,2.6486407734074047,11.180339887498949,228,165,case_00033,355
1.1376176459169358,1.221106942621342,6.082762530298219,1.5635140270637233,2.2727327157114385,11.180339887498949,182,163,case_00102,322
1.0409931237057406,1.184193660179187,6.0,0.9180960410215293,0.9248231493960305,4.242640687119285,222,214,case_00134,342
1.1429906592198114,1.338332293769383,7.0710678118654755,1.6557981990207713,2.0793147225525814,9.433981132056603,138,123,case_00086,166
0.6048784641567778,0.644934279921233,2.23606797749979,0.5980450696983343,0.642638542607255,2.23606797749979,109,110,case_00086,124
0.7987206559928398,0.6472680146554894,2.0,2.275626014996027,3.2537606455667167,12.529964086141668,162,123,case_00075,343
0.5521472392638037,0.6281082145943044,2.0,0.6434965306261906,0.633030038692376,2.23606797749979,189,163,case_00161,156
0.2565789473684211,0.43674499554744084,1.0,0.26143790849673204,0.43941794284893104,1.0,153,152,case_00154,368
0.6416541483194776,0.7028088867557781,2.23606797749979,0.8882613810448772,0.8784063863328341,3.605551275463989,132,106,case_00079,361
0.7585628598610448,0.9966893834535284,4.123105625617661,0.9658232798643679,1.3240603480563775,6.708203932499369,121,109,case_00014,334
1.5451056737346234,1.4377739431282412,4.47213595499958,1.0499162931611665,0.9748370921862196,3.605551275463989,38,44,case_00086,288
1.0563584477138928,1.251812150129478,5.385164807134504,0.7219593662298651,0.596085466514253,2.23606797749979,81,82,case_00079,211
1.0099851976829595,1.4481526223701113,7.0710678118654755,1.0208444903437748,1.107748751191139,5.0,312,273,case_00154,333
0.31016042780748665,0.462559117118843,1.0,0.32460732984293195,0.468227947964636,1.0,191,187,case_00115,359
0.4370860927152318,0.5468290159825964,2.0,0.5579922200339599,0.5992488863870491,2.23606797749979,176,151,case_00161,377
0.6,0.48989794855663565,1.0,0.832850213954448,0.7497829516629477,3.1622776601683795,43,35,case_00194,100
0.4408629483996871,0.5368407587573978,2.0,2.4899607138983284,4.345103862511923,14.866068747318506,238,172,case_00161,367
0.360536767944288,0.48615827939432743,1.4142135623730951,0.3904761904761905,0.5070031106364253,2.0,105,101,case_00014,329
2.032948195248357,1.5307880688151851,5.656854249492381,0.875,0.5994789404140899,2.0,8,21,case_00154,140
0.5898979377025761,0.6194576177329797,2.23606797749979,0.5042652873343662,0.5396026922135717,2.0,77,82,case_00086,309
0.5581395348837209,0.5693322178908075,2.0,1.8172649047253358,3.157837631981108,12.36931687685298,164,129,case_00194,134
0.40725806451612906,0.49132365443025994,1.0,1.626741253413093,3.8351729562200214,16.76305461424021,279,248,case_00115,167
1.0070805737157793,0.6155900512570762,3.0,1.1086817570206577,0.6419081988067984,3.0,131,117,case_00075,348
0.3508771929824561,0.4772445792538752,1.0,0.421875,0.4938587696649721,1.0,64,57,case_00075,130
0.6747057846752174,0.7519246377309564,3.0,0.7958787493097338,0.813154274132548,3.605551275463989,224,194,case_00113,390
0.7037251152217234,0.8712785793895292,4.0,0.8485788190392993,0.9771970056635807,4.0,320,287,case_00134,321
0.24358974358974358,0.4292479241739284,1.0,1.6294348463851438,3.729927319898192,13.892443989449804,178,156,case_00102,165
0.22857142857142856,0.4199125273342591,1.0,0.28146523141548907,0.46698460445877926,1.4142135623730951,37,35,case_00133,347
0.24709260086031856,0.44058785774597414,1.4142135623730951,0.24709260086031856,0.44058785774597414,1.4142135623730951,145,145,case_00154,370
0.3979605586615845,0.9087102826956144,5.0,0.2217225382210429,0.44583965765994715,2.0,121,126,case_00133,300
0.388444317093722,0.4961550524251504,1.4142135623730951,0.388444317093722,0.49615505242515034,1.4142135623730951,68,68,case_00014,170
1.1342866617813403,1.5452547924391322,5.830951894845301,0.6749603634307205,0.6710520551631193,2.8284271247461903,85,86,case_00079,209
1.0697197126344902,1.3582452544308015,6.0,0.9703375417512055,1.0239360600487841,4.242640687119285,100,92,case_00113,311
0.5272727272727272,0.5344341256981479,2.0,0.7333466420278775,0.7326865416384267,3.605551275463989,134,110,case_00079,381
0.4074074074074074,0.4913518207933925,1.0,0.9575790874941428,1.4801130358476655,7.0,65,54,case_00086,397
0.4375,0.49607837082461076,1.0,0.648982522841163,0.7018652210324966,3.1622776601683795,58,48,case_00194,193
0.9021607390720479,1.4272292015858674,7.0710678118654755,0.6443034391035717,0.7704096877748351,4.0,231,228,case_00154,201
0.43859649122807015,0.4962152850431912,1.0,0.46464768749784907,0.5086047558658314,1.4142135623730951,59,57,case_00125,304
0.39394174659912273,0.5287650792006643,2.0,2.967028682590233,3.8759292760844604,11.40175425099138,138,92,case_00203,373
0.7865690527282216,1.1136124346926057,6.0,0.6564719627727306,0.634787048304701,2.8284271247461903,289,255,case_00161,345
0.5647515689813025,0.6220434215344887,3.0,0.7072305514954627,0.7802943130282294,4.0,321,289,case_00154,338
0.8131868131868132,0.9128158091118763,3.0,0.9567086460757133,0.9415467956112312,3.605551275463989,111,91,case_00161,216
0.8640337160035695,1.3805752824422213,6.0,0.5090750301593645,0.7403931814985377,3.605551275463989,109,118,case_00014,219
0.6349670690042282,0.8048833638754407,4.0,0.8100896825727322,0.8484238812395523,3.605551275463989,117,98,case_00203,352
0.6189435765389355,0.6434363203430106,2.0,0.7970673511815932,0.7466289051581838,3.1622776601683795,166,138,case_00161,149
0.43540058966839545,0.5532436176129437,2.0,0.6384952645196684,0.8652015933792301,4.47213595499958,128,115,case_00133,156
0.6705084094231522,0.618143705953289,2.23606797749979,1.5251163581384315,2.461675621561889,19.235384061671343,127,101,case_00102,358
0.7610548280596394,0.8259578300790273,3.0,0.7803327117761978,0.785902894085526,3.0,256,241,case_00113,168
11.141421800542092,17.296310908863088,45.617978911828175,0.4639593991448431,0.5746270280796942,2.0,88,126,case_00102,200
0.8968191741770091,0.7354953868424755,3.0,0.940694372230788,0.6963373928778996,2.8284271247461903,192,168,case_00075,327
0.6161661254260963,0.6085550968296891,2.0,1.2236636335711462,1.3779284871994828,7.280109889280518,202,144,case_00194,174
0.39404611588277283,0.5009767046058133,1.4142135623730951,0.4002930631417133,0.5021320519756162,1.4142135623730951,97,96,case_00125,161
0.26191993171457273,0.4696323837605938,2.23606797749979,0.23567002185504965,0.42862972888009304,1.4142135623730951,163,166,case_00154,162
0.9184261858264723,1.3680082646739657,7.0,0.8488633286655043,0.9507384619792041,4.47213595499958,237,214,case_00154,327
0.8578911740987922,0.698500773384197,3.0,1.1142252983685728,1.1583761555767618,5.385164807134504,72,67,case_00102,300
1.242185213176012,1.9892148944161026,8.0,0.8369866147312274,1.2960010401295818,5.0,121,124,case_00014,216
0.5081218345563352,0.5829677666332665,2.0,1.5113406614288953,1.6885891377358233,6.4031242374328485,155,102,case_00203,361
0.6572262226082476,0.5823555869616877,2.23606797749979,0.5981647980704151,0.5441002005104697,2.0,78,83,case_00086,312
1.2763323088130383,2.0381171639319677,8.0,1.1484284637653859,2.1743934932788673,10.770329614269007,128,129,case_00014,215
0.39473684210526316,0.4887940952896503,1.0,0.3783783783783784,0.4849826606736854,1.0,37,38,case_00203,335
0.40476190476190477,0.49084590781162624,1.0,0.5255618119971752,0.642396817130296,2.23606797749979,45,42,case_00125,367
0.8818712915711426,0.8880735929632038,3.605551275463989,0.976828090690976,0.9280040391192476,4.0,130,113,case_00075,190
0.6267049374944825,0.5370291813392377,2.0,0.637955060707034,0.5413070667544296,2.0,70,69,case_00115,372
0.8007166122471775,0.6855392169544454,3.0,0.9002119541395622,0.7322247544911173,3.0,101,90,case_00075,362
0.6585365853658537,0.47420053890789227,1.0,0.6980936347194021,0.47305009066204096,1.4142135623730951,45,41,case_00161,236
0.3620689655172414,0.480598616026426,1.0,0.43103448275862066,0.7681610141360504,5.0,58,58,case_00115,127
0.4818181818181818,0.49966931213313803,1.0,0.5079496831510704,0.5050055421949315,1.4142135623730951,115,110,case_00125,171
1.1161677234283685,1.2424344237774723,5.0,0.7008360919042997,0.550405686147165,2.0,34,38,case_00194,199
0.5388561808316412,0.6242067096559741,3.0,0.8094167823678041,0.9475848764726436,4.47213595499958,179,150,case_00113,124
0.5405405405405406,0.5332846337639187,2.0,1.239837852865011,2.130124166398457,9.486832980505138,134,111,case_00079,167
0.234375,0.4236075534914362,1.0,0.234375,0.4236075534914362,1.0,64,64,case_00033,126
0.8488166108458983,0.7212843419157411,2.8284271247461903,1.1709606926037803,1.1071883226217705,5.0,134,108,case_00079,350
1.0829488796376732,0.8982280116018441,3.0,1.195484659925899,0.95233968816981,4.242640687119285,119,98,case_00113,418
0.773992717280199,0.5950296409400241,2.0,2.781692635618055,3.7067457235054646,13.601470508735444,180,128,case_00075,334
0.8344411222273092,0.8296525767762152,2.8284271247461903,0.8506045275774243,0.8269699783379044,3.1622776601683795,81,78,case_00102,308
0.7324167807475828,0.7435397592362238,2.23606797749979,1.1817334795510654,1.3518086330257906,5.385164807134504,67,56,case_00203,404
0.6821427904657101,0.6040446114824114,2.23606797749979,0.8145270161129335,0.7726900683345382,4.123105625617661,119,106,case_00086,384
0.5979381443298969,0.49031430724099445,1.0,0.5851063829787234,0.49270366710252805,1.0,94,97,case_00033,134
0.44730390153182165,0.521169197940513,2.0,0.6816656288246389,0.7738372141291562,3.605551275463989,126,106,case_00033,328
0.4130683736675127,0.504882593846622,1.4142135623730951,0.45656854249492385,0.5210999577855107,1.4142135623730951,50,47,case_00133,277
0.6813763444485098,0.9322336673599162,3.605551275463989,0.5932607866960953,0.7697311760693955,3.0,72,72,case_00203,396
0.6101694915254238,0.6727198143906219,3.0,0.7857832041339032,0.8258702466571954,4.242640687119285,207,177,case_00113,131
0.44086021505376344,0.5176947577294935,2.0,0.46002809241616266,0.5370047990362345,2.0,94,93,case_00014,174
0.3228346456692913,0.46756008942688254,1.0,0.4047593461834431,0.511567968671582,1.4142135623730951,141,127,case_00134,147
0.8072060383377374,0.8833100211643005,3.605551275463989,1.2589006354228458,2.1036326200724704,10.0,99,88,case_00079,202
0.39215686274509803,0.4882313567838719,1.0,0.4832945553972497,0.5656834815467069,2.23606797749979,56,51,case_00133,344
1.0553055874621862,1.4559064016633845,7.0,1.7374217402025305,2.5248382759342096,11.40175425099138,183,150,case_00102,323
0.4740740740740741,0.5281642509622485,2.0,2.6243229210785537,4.083199076475418,15.231546211727817,193,135,case_00194,140
0.5799218048969337,0.5883223033656936,2.0,2.0872635661986774,2.7600162643684825,12.649110640673518,234,148,case_00194,163
0.6007106781186548,0.6849428306028364,3.0,1.248714735327329,1.4999572710980507,7.0,131,100,case_00203,358
0.36655122646461624,0.5210782583436601,2.0,1.7807760650904976,2.473211343413956,9.899494936611665,257,170,case_00033,344
0.767702839963874,0.5857880904684862,2.23606797749979,1.192213326511031,1.1418169150532953,5.656854249492381,211,163,case_00075,330
0.359375,0.47981726664950275,1.0,0.36923076923076925,0.48259652742640374,1.0,195,192,case_00115,146
0.7559055118110236,0.9938118410061084,4.0,0.7124080932576713,0.8365895744439903,4.0,135,127,case_00113,118
0.8840579710144928,0.6710630088574044,2.0,0.9614354332309538,0.680545301745599,2.8284271247461903,80,69,case_00161,226
0.48148148148148145,0.49965694678637185,1.0,0.4939759036144578,0.4999637089456971,1.0,83,81,case_00203,388
0.4503384181517404,0.5700641077233033,2.8284271247461903,0.9295014744034624,1.2339084555048856,6.082762530298219,326,252,case_00161,358
0.3404255319148936,0.4738522861982998,1.0,1.4134956814945137,3.8163503453425713,17.0,256,235,case_00115,161
0.5252080338015875,0.5831796894746745,2.23606797749979,0.6906277810775081,0.9026829713096853,5.830951894845301,305,276,case_00134,327
0.24761904761904763,0.4316293026142727,1.0,0.24761904761904763,0.4316293026142727,1.0,105,105,case_00133,321
0.6500566466900197,0.5882358348625498,2.0,0.6362862494888037,0.5447501371613211,2.0,124,121,case_00086,138
0.2127659574468085,0.40926349067385837,1.0,0.22916666666666666,0.420296687538167,1.0,96,94,case_00102,140
0.6416221298568471,0.6224037781365976,3.0,0.6556351153631252,0.606917517896532,3.0,223,214,case_00115,308
0.2857142857142857,0.45175395145262565,1.0,0.2975206611570248,0.45716749375006055,1.0,121,119,case_00102,147
0.8684798045105449,0.9144911209299346,4.242640687119285,1.0457803269606922,1.2700828418001802,5.385164807134504,133,127,case_00086,159
0.6642895979028007,0.7989997528275797,4.0,0.6921333699686343,0.7826585792099748,3.1622776601683795,262,251,case_00115,187
0.45019741058851515,0.5056239955072634,1.4142135623730951,0.46408629947740404,0.5335015526100831,2.0,72,72,case_00014,371
0.33498395025251215,0.48448377535623066,1.4142135623730951,2.721978904977873,4.035148030234106,13.152946437965905,214,147,case_00033,180
1.311558367519044,1.8481388253393147,8.06225774829855,0.49381935642158176,0.5932936587417461,2.8284271247461903,193,243,case_00154,202
0.46729920468483516,0.5931942238299511,2.23606797749979,0.6406966547146942,0.7677941108379251,3.0,135,121,case_00133,144
0.7484958492284289,0.8896079559762068,4.0,0.7848406084094007,0.9544144486656041,4.47213595499958,93,91,case_00014,226
1.3129287320078653,0.9128860836988786,3.1622776601683795,1.2275495385788713,0.9090959595488992,3.0,63,70,case_00086,296
0.39215686274509803,0.5268638761782118,2.0,0.4779410646863032,0.5770405942899102,2.8284271247461903,114,102,case_00014,330
0.4230769230769231,0.49404740687173576,1.0,0.4478553390593274,0.5117866696935892,1.4142135623730951,80,78,case_00014,316
0.5225463373701271,0.5579972309220267,2.23606797749979,0.7653117424852437,0.8603142643496117,3.605551275463989,89,77,case_00125,308
0.5185185185185185,0.4996569467863719,1.0,0.5714285714285714,0.5624291338579865,2.0,28,27,case_00133,350
0.6720458262936843,0.7993055653410074,4.0,1.5608811254724153,3.7421639404513516,21.02379604162864,284,243,case_00113,374
0.8014984026484653,0.6800701547980647,3.0,3.621513136256554,4.319833144161347,13.92838827718412,228,143,case_00102,336
1.1553581150158732,1.0937996279332738,4.123105625617661,1.2922379544936204,1.25997889329163,5.0,101,96,case_00086,331
0.4343065693430657,0.5447745071857452,2.0,0.5700050860743978,0.586318088280158,2.23606797749979,332,274,case_00161,348
0.5978340832967692,0.6406649293553179,2.23606797749979,1.415004052280208,1.7592571597844393,6.0,144,112,case_00203,191
0.5843975468733301,1.0198325620300888,5.0,0.6392945321014217,0.8342383736174702,3.0,86,76,case_00033,198
0.9139781017596245,1.7194894676920456,6.324555320336759,1.3626216464711287,2.62194689727889,11.661903789690601,134,125,case_00014,212
0.6101207080505674,1.009735404502066,7.0710678118654755,0.9717865860175597,1.9999801311087193,12.806248474865697,359,342,case_00115,330
0.4701492537313433,0.5421116604078807,2.0,0.6431148295818742,0.6786878166357964,3.1622776601683795,159,134,case_00161,147
1.3333333333333333,2.2978671059734883,11.0,0.7398324431629113,0.8906332950145784,4.0,138,138,case_00113,321
0.3429538337576401,0.6265674341550078,5.0,0.327707564595612,0.5049988707802852,2.0,149,147,case_00115,365
1.014746529969782,1.0200673574811536,5.830951894845301,0.9324643338782661,0.7262622328955689,3.1622776601683795,262,242,case_00134,338
0.3684210526315789,0.48237638894271995,1.0,0.7636725394160709,1.7227020799124335,11.313708498984761,167,152,case_00033,168
0.30392156862745096,0.4599491806172511,1.0,0.3106796116504854,0.46277185583739755,1.0,103,102,case_00033,386
0.5965273563060391,0.6761946652614619,3.0,0.6779213648025093,0.6946735805217309,3.0,121,107,case_00075,149
0.45726229884347136,0.5509230727362855,2.0,1.5204900906045726,2.5165991287242946,9.899494936611665,155,119,case_00125,178
0.4222222222222222,0.4939135726865082,1.0,0.8641601729380489,2.95318680443528,20.615528128088304,47,45,case_00133,180
1.3220334982947712,1.5668364848572935,6.324555320336759,1.8511886862461209,2.2205510412480054,9.848857801796104,355,291,case_00113,346
0.6417935972128219,0.6199978023129781,2.0,0.7384522631560878,0.6743057578277469,2.23606797749979,60,54,case_00075,215
0.5926562015175055,0.6145979087335592,2.0,1.1080421208798295,2.079284434779987,11.0,127,107,case_00079,163
0.34077083548453946,0.5039891941431275,2.23606797749979,0.9546939717234795,2.1922758824218804,10.816653826391969,177,154,case_00102,178
0.5873015873015873,0.6077520545738618,2.0,0.7280236468459531,0.656901842874246,2.8284271247461903,78,63,case_00079,420
0.8602497714804771,0.9325912439159841,3.1622776601683795,1.4986952877974904,1.6937994810842305,9.433981132056603,113,82,case_00079,337
0.6593558739158498,0.5379477321888706,2.0,0.6816582489435278,0.5341741585356256,1.4142135623730951,60,58,case_00014,234
0.38345864661654133,0.5445810214205059,3.0,0.45169297234843536,0.5990914134488147,3.1622776601683795,286,266,case_00134,175
1.0559598797983292,0.9840132446210426,4.123105625617661,0.8345761216304173,0.6801276397083419,2.23606797749979,44,48,case_00086,194
0.7268296281007827,0.8174027545484841,3.1622776601683795,0.7285660777426483,0.713802529421026,2.8284271247461903,124,112,case_00075,153
0.7043716101826427,0.6327814463988671,2.0,0.8107891440038032,0.6462359971137326,3.0,280,232,case_00161,167
0.5817446955995018,0.6043813472018694,2.0,0.7098790095958608,0.623200998108068,2.0,65,54,case_00075,296
1.3068018551083986,1.045116697543986,4.0,1.1852286514348707,0.6762410881742691,2.8284271247461903,29,25,case_00079,227
0.40722068187774474,0.61114413925657,2.0,1.011020568712295,2.442852457945455,11.313708498984761,97,89,case_00203,380
0.4645311903721045,0.5054454876518014,1.4142135623730951,0.5046023729152566,0.5485726941835948,2.0,90,87,case_00014,173
0.40714285714285714,0.5056315509401311,2.0,0.5153451102389884,0.553035250939157,2.0,161,140,case_00161,381
0.42403642327061086,0.5441095300630054,2.0,1.6196826656576337,2.345554958334633,9.486832980505138,200,145,case_00033,187
0.3108276447409576,0.5089757148996135,2.23606797749979,0.5956979662975729,1.0990607947804136,5.385164807134504,215,194,case_00154,362
0.4785409854952451,0.5577480734049143,2.0,0.8160689351082863,0.9644286901388582,5.0,307,237,case_00161,360
0.2357142857142857,0.4244444147641594,1.0,0.2357142857142857,0.4244444147641594,1.0,140,140,case_00033,159
0.5769230769230769,0.6308161333406433,3.0,0.6026561293575139,0.5682007579858782,2.0,86,78,case_00079,413
0.45157509972333154,0.5163992298638533,2.0,0.5673655229891194,0.6165088144464526,2.23606797749979,151,136,case_00125,332
0.550561797752809,0.6705898117472706,2.0,0.7366126883580643,0.7393831629376066,2.8284271247461903,112,89,case_00161,217
0.4953178935490584,0.6463884892748059,3.1622776601683795,0.5471941726774258,0.5797349015536811,2.23606797749979,107,95,case_00125,310
2.1345789251400706,3.5744798426737834,14.317821063276353,0.9356056581358755,0.8776170421757431,4.123105625617661,79,87,case_00102,307
0.24812030075187969,0.43192200349909987,1.0,0.24812030075187969,0.43192200349909987,1.0,133,133,case_00033,153
0.5329833643067983,0.9048383677154521,4.123105625617661,0.5787083156220533,0.841546275439294,3.605551275463989,116,107,case_00014,332
0.6876968210687633,1.150593119283348,6.4031242374328485,0.5404656678156202,0.6354314680375921,2.8284271247461903,194,187,case_00134,154
0.6942809041582064,0.501305654720348,1.4142135623730951,0.8779805776821235,0.6467915385981436,2.8284271247461903,37,30,case_00102,386
0.7107539236032775,0.6990393555275508,3.0,0.6850891973670657,0.6609862265213622,2.8284271247461903,160,162,case_00115,305
1.4785637139827732,2.7360519898632143,10.770329614269007,0.7222102650923063,0.5843167220142153,2.23606797749979,73,61,case_00079,323
0.2595419847328244,0.43838332871332,1.0,0.2898103938409786,0.45839675247601874,1.4142135623730951,136,131,case_00154,373
0.4410097083316067,0.5371253433195856,2.0,0.7094445185377485,0.9340386073857743,5.385164807134504,338,294,case_00154,188
0.3928548595687688,0.5546984548102681,2.0,2.0143503326811594,2.7604740543989417,9.899494936611665,239,158,case_00033,351
0.540934935628646,0.5517284846639395,2.0,0.5064720869120796,0.5388515799168848,2.0,64,67,case_00102,208
0.9954406896614137,0.983357803756351,4.47213595499958,0.9854692412381768,0.893353873783632,4.242640687119285,104,95,case_00075,308
0.5700934579439252,0.5135937070666948,2.0,1.1788165250352882,1.562868974825324,7.0,143,107,case_00079,388
0.6529824368986923,0.6976083538510094,2.8284271247461903,2.8460449330932205,4.122210672855888,15.620499351813308,162,115,case_00102,352
0.5752800109066554,0.5513379580365145,2.0,0.6864704183231809,0.5848860556557407,2.0,75,63,case_00075,210
0.6003985110945728,0.5589443837602293,2.0,1.0222604077360933,1.0317813236685025,5.0,146,107,case_00079,370
0.8982467089716142,0.9250565047272674,6.0,0.9880943750832073,0.8444780578200076,3.0,190,163,case_00113,396
0.7304107088058568,0.7101964406701246,3.0,0.9843683310839434,0.9661563088596252,5.385164807134504,164,132,case_00113,406
0.38190954773869346,0.48585455136771133,1.0,0.39908928216849554,0.49263427527117976,1.4142135623730951,204,199,case_00115,148
0.9564001274858609,0.8751310483011016,3.605551275463989,0.8426883318574361,0.7862789481517076,3.1622776601683795,67,72,case_00086,300
0.680884650070612,1.0577093336426084,6.0,1.0455543813900376,1.7630799508077597,10.04987562112089,367,340,case_00115,321
1.3170716982103232,1.576559148358085,6.324555320336759,2.2479448274546914,2.7291303566198377,10.63014581273465,355,277,case_00113,344
0.475043279966004,0.8216430130767052,4.0,0.6388152737722507,1.1208036225320646,6.0,140,131,case_00014,203
0.7531377352300301,0.7659175579778381,3.0,0.9572748203377383,0.9297563316028402,4.242640687119285,219,182,case_00113,392
0.3958158111598078,0.49328474904045366,1.4142135623730951,0.4667464149974773,0.5525636542824932,2.23606797749979,151,140,case_00154,155
0.5154215990010557,0.531989794690534,2.0,0.5628600313905422,0.5626028069574229,2.23606797749979,120,113,case_00086,356
0.5966583895723977,1.3165977595536975,6.4031242374328485,0.5587952627137258,1.2636608577698396,6.4031242374328485,121,123,case_00133,307
1.0014904548118528,1.6534974768525608,8.602325267042627,1.1005710948168996,1.682296815546638,8.0,290,270,case_00134,191
0.8784550745285397,0.8250440196838047,3.0,2.814105033585758,3.2520840941134033,16.278820596099706,210,126,case_00134,200
2.050663444434651,1.84550549952324,6.4031242374328485,0.9012921420339178,0.6441624034206277,2.0,22,36,case_00194,202
0.5549598594968419,0.7053900409722276,4.123105625617661,0.7366548530712288,0.9162169222322942,4.47213595499958,123,108,case_00079,391
0.4338235294117647,0.4956013264111432,1.0,0.5615466836325749,0.5494991107531848,2.0,162,136,case_00161,382
0.4396551724137931,0.49634514380982003,1.0,0.4491525423728814,0.4974078166382776,1.0,118,116,case_00086,346
0.722336134437819,0.708415525048346,2.8284271247461903,0.7396223279690469,0.722626861665422,2.8284271247461903,130,127,case_00086,150
1.220235769365281,1.2669024276472973,6.082762530298219,1.5588407419579506,1.7233733029184324,6.708203932499369,125,117,case_00086,169
0.42857142857142855,0.6226998490772391,2.0,0.4280763297370033,0.5779204402244665,2.0,29,28,case_00133,184
0.8102489489763598,0.8642947486896636,3.1622776601683795,0.6493425018934441,0.6698691555857256,2.23606797749979,54,57,case_00086,191
0.6162637691793988,0.6868071893272901,3.0,0.7024619787719536,0.7054768676984864,3.0,113,101,case_00161,388
0.43239320285820493,0.5594963075141992,2.23606797749979,0.3893493374976927,0.5221585177247731,2.0,165,172,case_00102,169
0.5079365079365079,0.6636363479481546,3.0,0.6150865955875494,0.7447703229825314,3.1622776601683795,209,189,case_00113,135
0.4437742195970092,0.5878925356818433,2.23606797749979,3.3186996533789883,3.97680773157942,11.704699910719626,146,94,case_00203,370
0.2358490566037736,0.4245283018867924,1.0,0.2358490566037736,0.42452830188679236,1.0,106,106,case_00133,320
0.5422730940626345,0.5531183340441151,2.0,0.9560524418111187,1.2814614718312431,8.246211251235321,356,295,case_00154,185
0.4418604651162791,0.49660829079215396,1.0,0.42857142857142855,0.49487165930539345,1.0,42,43,case_00203,338
0.5253409874988965,0.5213855903361791,2.0,0.5479394427923083,0.5333930349604492,2.0,118,115,case_00086,355
0.7588358009062873,0.7119078980894137,3.1622776601683795,0.8042932984055164,0.6467841072910826,2.8284271247461903,138,121,case_00075,183
0.8260869565217391,0.7010658911563956,2.0,0.7537346249879139,0.6571789064587579,2.0,21,23,case_00194,98
0.4682704115122292,0.6288695572714769,2.23606797749979,0.6026664452962893,0.764043750503616,2.8284271247461903,132,122,case_00133,146
0.6701831983640476,0.64839779304208,2.0,0.7060112615949155,0.6492673551790171,2.23606797749979,25,23,case_00079,130
0.3669724770642202,0.48197891877297977,1.0,0.4020037467082999,0.5006732361399748,1.4142135623730951,114,109,case_00115,199
0.6941348439444398,0.5640716429871548,2.23606797749979,1.3764917752812729,1.2820810937864064,5.0,65,45,case_00203,142
4.394773643338713,3.960551050525088,12.727922061357855,0.8987756931808959,0.543737555452324,2.23606797749979,29,60,case_00033,206
0.4090909090909091,0.5767535245658872,2.0,1.341484992249936,2.748004571808297,13.038404810405298,225,176,case_00161,369
0.5318228744908381,0.5196248248723175,2.0,0.6293979149699261,0.5731456584420141,2.23606797749979,138,123,case_00075,162
0.5738432679271822,0.7419785913588812,3.1622776601683795,0.7739546651533006,1.0406663795146807,5.385164807134504,261,233,case_00134,305
0.36,0.48000000000000004,1.0,0.3684210526315789,0.48237638894271995,1.0,76,75,case_00033,395
0.5213617167407908,0.5615495736084639,2.0,0.9558496134545197,1.0487012612039672,5.0,149,109,case_00079,371
0.9616081067482706,0.8073292000611034,2.8284271247461903,0.9218586427840145,0.7838764934670058,2.8284271247461903,84,85,case_00086,176
0.5142857142857142,0.4997958767010257,1.0,0.5,0.5,1.0,34,35,case_00203,334
0.5161290322580645,0.560585393451057,2.0,0.5066808639092434,0.5400570330274167,2.0,124,124,case_00086,141
0.35,0.47696960070847283,1.0,0.500626141548769,0.6103784663592693,2.23606797749979,69,60,case_00115,294
0.861648439134718,0.5913266698658186,2.0,0.9429407852003795,0.6571532012603145,3.0,81,76,case_00102,370
0.7626964914362037,0.8330751626113687,5.0990195135927845,1.2393467162055083,2.678861776722534,21.93171219946131,285,243,case_00113,375
0.4148048245103071,0.5208031553621179,2.23606797749979,0.48117085396484643,0.5315009886007037,1.4142135623730951,107,97,case_00079,398
0.3225806451612903,0.4674637660061109,1.0,0.34375,0.47495887979908324,1.0,32,31,case_00133,273
0.564387446932513,0.581901767386779,2.23606797749979,1.1942470700593135,2.525551364998176,14.0,302,280,case_00115,181
0.5122758405309199,0.6804878098002719,3.0,0.5724081257036019,0.6890704415594668,2.23606797749979,162,153,case_00033,330
0.49656413173622366,0.7051423373799167,3.605551275463989,0.7666620345816889,1.068082746467938,5.0990195135927845,140,121,case_00033,329
0.3360750360126473,0.4929358716495771,1.4142135623730951,0.7317015556489465,1.140275963009427,5.0,73,59,case_00194,105
0.4477505360166912,0.5195425313874138,2.0,0.5783135204482456,0.704626873462836,4.0,349,321,case_00154,341
0.4596833956535533,0.529354889926628,2.0,0.5197762167520014,0.6252916993630772,2.8284271247461903,121,118,case_00014,180
0.7045510759179693,0.6578839724798293,2.8284271247461903,2.6450332103665493,3.802708171752707,14.866068747318506,162,113,case_00102,353
0.2761904761904762,0.447112175021162,1.0,0.2621359223300971,0.4397961806953835,1.0,103,105,case_00033,385
0.8326283591353877,1.1108567607195083,5.385164807134504,1.325333006413557,2.447599879343752,11.0,182,165,case_00102,187
0.3925233644859813,0.4883121673874068,1.0,0.9565217391304348,2.1361945211370865,10.0,115,107,case_00133,317
0.7597166567465881,0.779128441129944,3.0,1.4067754030537762,2.4141511598294216,11.40175425099138,140,114,case_00075,189
0.5066183022418413,0.8513632463966694,3.0,0.5125206606944805,0.7888461983008364,2.8284271247461903,113,108,case_00014,337
1.1492871349580045,1.805228303109487,7.810249675906654,0.699422070856773,1.0338995607321555,5.0990195135927845,129,138,case_00014,214
0.8225858561302023,0.9468491120563292,4.123105625617661,0.8669865070422207,0.9293648433157696,5.0,273,246,case_00113,187
0.24175824175824176,0.428148565687432,1.0,0.24175824175824176,0.428148565687432,1.0,91,91,case_00102,139
0.4335965474513536,0.5063975498387709,1.4142135623730951,0.4686185836985587,0.5295249031087745,1.4142135623730951,56,54,case_00086,102
0.5974070603828988,0.5857514867285133,2.23606797749979,0.5578022285844378,0.5305179227687102,2.0,108,110,case_00203,162
0.5660377358490566,0.49561983156844136,1.0,0.7735018969798731,0.6337939849576816,2.8284271247461903,69,53,case_00079,424
0.325,0.4683748498798799,1.0,0.34146341463414637,0.47420053890789227,1.0,41,40,case_00133,275
0.556844657861411,0.6710101381675279,2.8284271247461903,0.8279205202474655,1.2885698560059915,7.615773105863909,133,121,case_00133,151
0.5503259571694066,0.6581655946664428,3.0,0.6610747815544465,0.7133905516185975,2.8284271247461903,222,197,case_00113,137
0.425712973861329,0.5051060287204854,1.4142135623730951,0.6867587771788107,0.8822484808532484,4.123105625617661,68,55,case_00194,104
0.5750308749977134,0.5558589141490885,2.0,1.0190993157911041,1.1679559701942934,6.082762530298219,149,111,case_00079,186
0.40540540540540543,0.49097032769148513,1.0,0.42105263157894735,0.4937279747182557,1.0,38,37,case_00086,97
1.0492917624226832,1.1804627447816363,4.242640687119285,0.7022140901890429,0.7724240812426579,3.0,78,91,case_00086,311
0.4734658633068537,0.5431950345077401,2.23606797749979,0.6099617628125776,0.688230291124169,3.605551275463989,350,312,case_00154,187
0.4090909090909091,0.4916660830178166,1.0,0.4157303370786517,0.4928474651564339,1.0,89,88,case_00033,391
0.522518338104995,0.5380284252193318,2.0,0.5658197032843306,0.5810044614119595,2.23606797749979,149,144,case_00115,301
0.29927007299270075,0.4579383106965875,1.0,0.30434782608695654,0.46013066279384185,1.0,138,137,case_00033,156
0.2814170677420929,0.4780133279269,2.0,2.613932426025425,4.346962235449965,13.416407864998739,188,143,case_00033,170
0.4470588235294118,0.4971893319791868,1.0,0.5246348322691132,0.5053420006964775,1.4142135623730951,98,85,case_00194,112
0.7903054807804221,0.9710740520763561,4.47213595499958,0.7126092512560291,0.7103053808304336,3.0,81,74,case_00113,209
0.941348320166533,0.6554790719800725,3.0,0.9902275154546597,0.6425667985410635,2.8284271247461903,122,114,case_00075,352
0.6154892698313797,0.6197253881039403,3.1622776601683795,1.3486666461031216,1.6754176206590652,7.810249675906654,270,194,case_00161,162
0.5230774189432259,0.6536395907886805,2.8284271247461903,0.6779526421061574,0.8339178465239864,3.605551275463989,129,117,case_00133,153
2.050323740189573,1.6328816339664405,5.385164807134504,2.4752761780834467,1.7832625678997072,7.211102550927978,114,77,case_00079,331
2.1086576369603147,1.7398986121654494,5.0,0.8558375965793723,0.7350301225177892,2.0,11,19,case_00075,380
0.8680211816550814,1.3110154272243857,5.0990195135927845,0.6482705491564934,0.9679298281586302,4.123105625617661,70,72,case_00203,397
0.6847435062254175,0.7195783469149054,3.1622776601683795,0.6350187409963661,0.6766552369519513,2.8284271247461903,72,75,case_00086,304
0.8097560975609757,0.9916246531358135,5.0,0.838411252477003,0.8633321688602301,4.123105625617661,232,205,case_00113,327
0.5208333333333334,0.6919050793923173,3.0,0.8384932303888052,0.9596505106506985,4.0,125,96,case_00161,212
1.294927749414129,1.4083168317372836,7.0710678118654755,2.5639928923505644,3.793496324107784,17.029386365926403,368,309,case_00113,351
0.5638146790040138,0.6959244283235091,2.23606797749979,0.6724075767862515,0.7531835940915046,2.8284271247461903,103,91,case_00075,141
0.3953488372093023,0.4889254893402009,1.0,0.48,0.4995998398718718,1.0,100,86,case_00079,149
0.5026229775277754,0.5503868621403212,2.23606797749979,0.5612023596776401,0.5320630857130789,2.0,102,90,case_00079,404
0.11764705882352941,0.32218973970892123,1.0,0.11764705882352941,0.32218973970892123,1.0,68,68,case_00102,134
0.5780263286541233,0.6769478892341475,3.0,1.4143050615417208,3.382925603282152,16.278820596099706,270,236,case_00113,158
0.8037948331979536,0.8440405394067336,2.8284271247461903,0.7117757466616818,0.7561789860960334,2.23606797749979,51,53,case_00086,101
3.7214274958152638,3.4392436302519833,11.704699910719626,0.8328427124746189,0.5063329105222365,1.4142135623730951,20,31,case_00161,130
0.6229508196721312,0.8130883126319505,5.0,2.4219450031503977,3.668823974823071,13.0,92,61,case_00194,187
1.768648383052813,5.108589761248947,25.079872407968907,0.5638401485756774,0.6618079771846074,2.8284271247461903,127,124,case_00113,318
0.30359589903757406,0.4790697775542607,2.0,0.32536344982820536,0.490996335043443,2.0,147,143,case_00154,156
0.7178259488233436,0.9429847767691366,4.123105625617661,0.7890416407000664,1.097041587982464,5.0,92,89,case_00014,227
0.9301574967927024,0.6186034909565106,3.0,1.0390449822506391,0.6629249537658224,3.0,131,117,case_00075,349
1.1307504593993911,1.8889812718539356,8.54400374531753,1.796547106974036,2.273241754249104,10.0,167,111,case_00079,188
0.9864908094733178,1.5159229279559843,7.0,0.6862238743870135,0.8352461433996405,3.605551275463989,178,177,case_00134,346
0.43478260869565216,0.49572844569527735,1.0,0.6928615698264218,0.6505141439732725,2.23606797749979,31,23,case_00125,143
0.42241963281073747,0.5021127456773004,1.4142135623730951,0.4303316926352479,0.503160807990094,1.4142135623730951,73,72,case_00014,314
0.9414213562373096,0.623478812807865,2.0,1.0269589656976599,0.6935917880767324,2.8284271247461903,84,80,case_00075,366
0.7133204399190733,0.9825028656589977,4.47213595499958,0.4740313023526949,0.5876970157604453,2.8284271247461903,107,116,case_00014,221
0.7058823529411765,0.8235294117647058,2.0,1.7558914317794891,1.3214059075417754,5.0,41,17,case_00161,132
0.6446157115532605,1.0636473026425084,5.0,0.7321100091578999,1.200607572653686,6.324555320336759,133,128,case_00014,207
0.5211142786572984,0.6854949476207901,4.0,0.6727187632235184,0.8219821128298037,4.47213595499958,234,205,case_00113,141
0.6048731007338011,0.602943029410374,2.0,0.8870151066847107,0.8471531657424157,5.0,224,170,case_00161,159
0.691124781573604,0.620890031351511,2.0,0.6913026893957475,0.6218391471816005,2.23606797749979,96,95,case_00086,390
1.0425792882442322,1.2050043651052607,5.656854249492381,1.5745192169758893,2.05108160417901,9.219544457292887,172,141,case_00161,192
0.8793949636425774,0.6626114083314922,2.23606797749979,0.9332890915513661,0.6899847169378137,3.0,121,113,case_00075,353
0.6728882227466483,0.5149467522351948,1.4142135623730951,0.6226170433992526,0.5012353799939326,1.4142135623730951,36,39,case_00014,308
0.5142832262887275,0.5822036061552063,2.0,1.585947660550165,2.3194557363960087,7.615773105863909,143,116,case_00203,183
0.5839855932449443,0.6004779180853839,2.0,1.7186888004787904,3.153338659983205,12.041594578792296,156,124,case_00075,179
0.5625,0.6465050270492876,3.0,0.8156377713500328,0.9560572005767949,4.0,145,128,case_00014,187
0.26865671641791045,0.4432609673109701,1.0,0.2740740740740741,0.4460464953281361,1.0,135,134,case_00033,154
0.6628103968294002,0.6288029275190326,2.8284271247461903,1.01493073553713,1.6164073573574214,7.615773105863909,126,121,case_00203,173
0.8434390674404464,0.7866379210033503,3.605551275463989,1.4838704376097605,1.5871542952548618,6.082762530298219,129,106,case_00203,198
0.45901639344262296,0.5602625406765593,2.0,0.5263304336497703,0.5787197708057912,2.23606797749979,201,183,case_00134,155
0.5555555555555556,0.4969039949999533,1.0,0.52,0.4995998398718719,1.0,25,27,case_00125,210
0.9523832360348131,0.7585659576271102,2.8284271247461903,0.955231272056623,0.7894602603040709,2.8284271247461903,112,114,case_00086,125
0.7212759600115156,0.7158000315462696,3.0,0.966846189507213,0.9922151767868422,5.385164807134504,223,184,case_00113,391
0.7701149425287356,0.9309635278766246,4.0,0.7756146314453873,0.8248253373320061,4.0,188,174,case_00113,130
0.4398654316830953,0.5742597112489546,2.0,0.42807632973700327,0.5366703119560354,2.0,87,86,case_00154,380
0.6390535539283814,0.5263975932498624,2.0,0.7258591146239177,0.5783099638866004,2.23606797749979,137,124,case_00075,164
0.4206605422039018,0.5550447264432657,2.23606797749979,0.5732122844309137,0.7784809449239242,4.0,367,334,case_00154,351
1.3994011882673298,1.814793342347019,6.324555320336759,0.8280141106518082,0.9991076828717013,4.123105625617661,136,139,case_00194,184
0.6451612903225806,0.47846441852230076,1.0,0.6206896551724138,0.48521542343000995,1.0,29,31,case_00203,332
0.4827631908953597,0.5060337303966398,1.4142135623730951,0.4972326955604225,0.5185447702212228,1.4142135623730951,93,92,case_00125,353
0.5090046426602847,0.5124972235876585,1.4142135623730951,0.6332441295408399,0.5712045165041951,2.0,55,46,case_00125,366
13.885389186973152,16.813173681121366,43.9089968002003,0.4392849300257945,0.5638247205201491,2.0,92,152,case_00102,198
0.7326750149415368,0.9516911568952412,5.385164807134504,1.0968346634513704,1.9707638729159436,11.0,184,174,case_00102,185
0.3116883116883117,0.46318323376953263,1.0,0.4531046957148814,0.6438782304572792,3.0,171,154,case_00033,166
1.5758741334464326,1.829177139649789,6.082762530298219,1.9007739778381225,1.8042946926167627,6.324555320336759,114,82,case_00079,330
0.5821808590903996,0.564099551898086,2.23606797749979,0.691111974541851,0.7039733832746445,3.605551275463989,112,105,case_00125,311
0.612483531907191,0.8667760407116065,3.605551275463989,0.44735886391975044,0.5750949872875736,2.23606797749979,81,87,case_00102,202
0.5245861239784494,0.7508400025242997,4.0,0.5030688102367467,0.5902078106154376,3.1622776601683795,281,267,case_00134,174
0.5465116279069767,0.5206654227264678,2.0,0.7486944850377159,0.6418205608223321,2.23606797749979,109,86,case_00161,137
0.41919417382415924,0.5116407378540929,1.4142135623730951,0.4808122035641769,0.5320764411148786,1.4142135623730951,35,32,case_00133,112
0.3333333333333333,0.47140452079103173,1.0,0.34285714285714286,0.4746642207381757,1.0,70,69,case_00033,127
0.375,0.4841229182759271,1.0,1.1945373993744273,1.0776435846853203,4.242640687119285,17,8,case_00203,412
0.4663158451811577,0.5443445603869765,2.0,0.5410866306783357,0.6044376859700463,2.23606797749979,117,109,case_00014,178
0.6400097655919551,0.6938851553807893,3.1622776601683795,0.6580543308381454,0.6192562144484708,2.0,109,101,case_00075,144
0.35754761391753964,0.4835926296392951,1.4142135623730951,2.3957532497668885,3.3445399925221744,11.40175425099138,215,141,case_00033,338
0.32142857142857145,0.4670248868079294,1.0,0.3522727272727273,0.47767839902235687,1.0,88,84,case_00203,384
0.6731045207161447,0.6081504508410362,2.23606797749979,0.9938173857408874,0.8682741718530002,4.242640687119285,267,192,case_00161,170
0.6045167417052989,0.5267035711433442,2.0,0.604327546714608,0.5207224333995413,2.0,99,98,case_00086,118
0.5900425612360919,0.5732516486654264,2.0,0.5695117596610236,0.5518354238260242,2.0,97,99,case_00203,155
0.19626168224299065,0.46240436922814876,2.0,0.23531679224419533,0.5775074858188345,3.0,108,107,case_00115,369
0.30256410256410254,0.45936811644222963,1.0,0.3152233008200661,0.4677778199123172,1.4142135623730951,198,195,case_00115,147
0.45,0.49749371855331004,1.0,0.40540540540540543,0.4909703276914851,1.0,37,40,case_00203,336
0.5841600165570912,0.6369811825032573,2.0,0.6063906325513535,0.6574879472309506,2.23606797749979,85,83,case_00014,229
0.9735082430825179,0.7142219724648594,2.23606797749979,0.9969382450418954,0.7195429400317468,2.23606797749979,86,83,case_00086,319
1.0,0.0,1.0,2.775424041338685,1.2504751326699413,5.0,15,4,case_00161,128
1.1793158462374846,1.906000047758987,7.0,1.5176870266077331,2.776968034097783,12.529964086141668,134,127,case_00014,213
0.4,0.48989794855663565,1.0,0.4069767441860465,0.49127046916924666,1.0,86,85,case_00086,113
0.6351316319018564,0.6081641424082591,2.0,2.021742401803779,4.041785131412083,17.08800749063506,196,172,case_00115,307
0.39938299245470854,0.499975983381814,1.4142135623730951,1.0617907231851529,3.0235205911947802,16.492422502470642,249,232,case_00115,159
0.38156662002139036,0.6525607143507978,3.0,3.452986001863799,7.58411155878188,25.0,129,105,case_00134,351
0.3453905413285983,0.5174960368488694,2.0,0.3819758019191722,0.5337262570994948,2.0,65,62,case_00102,298
0.6132234985579373,0.8785703926830243,4.123105625617661,0.6036173811019269,0.6632336401785236,3.1622776601683795,189,169,case_00113,195
1.9726555780127095,2.6787940687635987,8.94427190999916,1.99294419381432,2.6836033908441195,9.899494936611665,121,104,case_00075,198
0.5957446808510638,0.6411284754603983,2.0,0.5765685424949238,0.554588780814469,2.0,50,47,case_00075,127
0.3547252991699948,0.506480901224546,2.0,1.7782203519768933,3.755096921869752,13.892443989449804,156,136,case_00033,369
0.5192821689225217,0.6300894346882737,2.23606797749979,0.7146453820536747,0.797463882928891,3.1622776601683795,75,63,case_00203,402
0.20625,0.4046120827409878,1.0,0.22699386503067484,0.4332869590922595,2.0,163,160,case_00154,161
0.6138881002875897,0.7826257742069027,4.0,0.545134475394886,0.6279472632618683,3.0,94,94,case_00133,166
14.78968618086744,2.233249850258779,18.439088914585774,17.66860655165563,3.8171118038108154,23.0,24,18,case_00102,215
1.7078244105010145,1.987007963688552,7.615773105863909,1.4128629577876848,1.5576366892234155,6.708203932499369,116,111,case_00075,196
0.9774280766514496,0.7964784646913173,3.1622776601683795,1.4063998709525565,1.3154363292527567,5.656854249492381,48,39,case_00079,428
0.916512687693621,0.9019256287695059,4.0,1.0173003667312823,0.8775415756307113,3.605551275463989,241,202,case_00113,192
0.3258426966292135,0.4686888452722295,1.0,0.4174757281553398,0.4931427222990405,1.0,103,89,case_00079,151
0.38686131386861317,0.5017949559794807,2.0,2.8615938309919176,4.13984238400914,15.652475842498529,211,137,case_00194,144
0.35825497361628317,0.48198455533773515,1.4142135623730951,1.7975213948389812,4.312612546939924,18.0,276,244,case_00115,165
0.834540725156401,2.3267760110594304,11.40175425099138,0.2949640287769784,0.4560265896903735,1.0,139,145,case_00102,156
0.2839506172839506,0.450913144882708,1.0,0.31938603719935943,0.48096350441111724,1.4142135623730951,168,162,case_00115,140
0.5071422934560398,0.5045051478311673,1.4142135623730951,2.062275944385871,4.006704954931674,15.033296378372908,300,256,case_00115,174
0.4426229508196721,0.4966969641817416,1.0,0.5853326496610338,0.5375543103810205,1.4142135623730951,76,61,case_00079,422
0.32432432432432434,0.46812183988348033,1.0,1.215791973774193,2.767480198790915,11.704699910719626,124,111,case_00133,312
0.6031972173488521,0.5547926712091444,2.0,0.727882566949178,0.5616271574359369,2.0,84,67,case_00075,299
0.6677596427347715,0.667824042264594,2.0,0.750732281597526,0.6518487466382135,2.0,87,74,case_00075,205
0.3287671232876712,0.46976515615019854,1.0,0.36363636363636365,0.48104569292083466,1.0,77,73,case_00125,152
0.3425925925925926,0.4745765566199815,1.0,0.4077079707422726,0.5465221782279038,2.23606797749979,114,108,case_00115,132
0.41179630403062056,0.5125249930518996,2.0,1.1185535481136657,1.9649777162204591,10.295630140987,187,155,case_00102,179
1.1746614278589906,2.1343653289646745,11.0,0.731585233000891,0.6847990314842003,3.0,240,232,case_00113,385
0.44955819212806286,0.528563064706596,2.0,0.6559420159243416,0.8103681839042307,3.605551275463989,92,81,case_00115,295
0.7873617123381166,0.874458071355839,4.0,0.7126092512560291,0.656094246250181,2.8284271247461903,81,78,case_00113,308
0.4283873533637576,0.5510569504665395,2.0,0.44955819212806286,0.5514256716881437,2.0,81,78,case_00203,390
0.6443304961889061,0.6788750028777004,2.8284271247461903,1.7245516459179604,2.4435116547232894,8.0,145,121,case_00203,176
0.8140615848271009,1.3111528964720212,5.0,0.42828427124746193,0.675701548763972,3.0,50,55,case_00033,203
0.45991028778873017,0.5074197229593099,1.4142135623730951,1.6390361563566482,2.8034964284242223,12.041594578792296,315,258,case_00115,177
1.0570476834773375,1.2768374000854863,5.385164807134504,1.1269550096390029,1.2648680189792716,5.830951894845301,123,107,case_00075,193
0.6377389413517578,0.6763775377315074,2.0,0.7206657250697218,0.7009947224350374,2.8284271247461903,93,81,case_00075,139
1.301543256139754,1.9956091151907533,7.810249675906654,0.6079725090509719,0.8047426964866539,3.605551275463989,58,68,case_00133,176
0.3539242503427093,0.4815396994664183,1.4142135623730951,0.37384816154302236,0.5196860760927434,2.0,183,182,case_00115,360
0.5346534653465347,0.5727190045140423,2.0,0.5230537339083782,0.5483358616642521,2.0,101,101,case_00203,156
0.6477323141169089,0.618085876586786,2.23606797749979,0.6504334552777234,0.5948608216873579,2.0,130,126,case_00086,149
0.6840168668967295,0.6281886068696103,2.23606797749979,0.8985084715814815,1.022230528681783,6.4031242374328485,88,80,case_00086,393
0.5666666666666667,0.4955356249106168,1.0,0.8099868190849437,0.8338301411318771,4.242640687119285,74,60,case_00079,421
0.610402362715437,0.9079530012952813,4.123105625617661,1.0149225327446891,1.7531059661039246,8.602325267042627,145,132,case_00014,204
0.5425502727998845,0.7872752324400447,3.0,2.031934971802324,4.406693028857207,17.0,283,233,case_00113,154
0.7816292172558617,0.6237433500503144,2.0,0.9091791117649909,0.6924707876219864,2.8284271247461903,49,42,case_00075,219
1.2646715537509723,1.8730962811773684,11.0,1.0817577369289233,0.9834656977989047,5.0,262,241,case_00113,382
0.7283950617283951,0.968801546509306,4.0,0.8103262497214166,0.8707841213720543,3.605551275463989,94,81,case_00113,207
0.708238983168196,0.6188803820903233,2.0,0.6820079097175221,0.5591448728733137,2.0,27,26,case_00075,291
0.34633414891083647,0.48638914094441016,1.4142135623730951,0.36646305667050244,0.49705207000786344,1.4142135623730951,118,115,case_00086,348
0.5468092918492794,0.6232973594900669,2.0,0.9853978983462357,1.4141406937228171,8.602325267042627,137,112,case_00161,142
0.740262089196741,0.7368318194860799,3.0,0.8976288675247225,0.8090611080157942,3.605551275463989,252,209,case_00113,191
1.284461981716665,1.103541787313932,3.605551275463989,1.0755197674385615,0.9882259676724934,3.1622776601683795,60,68,case_00086,295
0.7280512731978351,0.8043784413622387,4.0,1.0552372581820966,1.0660554999362517,4.47213595499958,128,96,case_00161,213
0.7769392860915283,0.7143454320988535,2.8284271247461903,0.9434695926378438,0.7843011447540529,2.8284271247461903,95,79,case_00203,206
0.3509933774834437,0.47728086746297355,1.0,0.3717948717948718,0.48328402115309654,1.0,156,151,case_00154,158
0.4444444444444444,0.49690399499995336,1.0,0.586967716615477,0.6748843602064084,2.8284271247461903,40,36,case_00079,132
1.2432388890567114,1.2707678355614482,4.123105625617661,2.1565679700139566,2.056337748410379,8.54400374531753,116,81,case_00079,334
0.37502447978215925,0.5865315134340502,2.8284271247461903,1.0272986102312043,2.6385790543173337,12.649110640673518,172,163,case_00102,171
0.6788726424704566,0.622793249083112,2.8284271247461903,0.6471910201003278,0.5773045432336811,2.23606797749979,117,119,case_00203,171
0.5155545063764513,0.5868899142321108,2.23606797749979,0.8854515121148292,0.9953644530865753,5.0,333,254,case_00161,355
0.3467741935483871,0.47594311869933875,1.0,0.8049861889712625,1.657612949033318,8.54400374531753,139,124,case_00014,191
0.72662835567157,0.7095475837563916,3.1622776601683795,0.9576833567435862,0.9008695757276168,4.0,188,159,case_00102,318
0.5975609756097561,0.5708307189496805,2.0,1.1571956228542457,2.439338429709477,13.601470508735444,190,164,case_00161,371
0.7744360902255639,0.8098690263866763,4.0,1.053605896996139,1.0605915202617384,5.0,166,133,case_00113,405
0.736603224830512,0.7003381614684149,2.8284271247461903,1.6043413479837116,2.41685398375087,11.180339887498949,159,121,case_00161,193
0.38117711866468307,0.5033414873176448,2.0,2.8982915567295575,4.421611128134893,13.416407864998739,203,148,case_00033,177
0.3681596544101058,0.5033362273406519,2.0,0.6808267838428846,0.9815661646477112,5.385164807134504,363,306,case_00154,349
0.5593473554242625,0.625167369336874,2.23606797749979,0.9944059433432977,1.1621559108518658,6.4031242374328485,109,81,case_00079,339
0.34108527131782945,0.47407394888126064,1.0,0.3359375,0.472317156255995,1.0,128,129,case_00033,149
0.38461538461538464,0.4865042554105199,1.0,0.4192466013131178,0.5057778510925728,1.4142135623730951,95,91,case_00125,159
0.3333333333333333,0.47140452079103173,1.0,0.3333333333333333,0.47140452079103173,1.0,108,108,case_00033,384
0.8296779369579249,0.6704964991765433,3.0,0.8551586212679582,0.5944065251042163,2.8284271247461903,130,116,case_00075,155
0.3333333333333333,0.4714045207910317,1.0,0.3559322033898305,0.47879480989239104,1.0,59,57,case_00133,342
0.5221238938053098,0.5169232519118667,2.0,0.8779875192630794,1.0193120576878514,5.385164807134504,142,113,case_00079,382
0.4173639100204577,0.4982179841353417,1.4142135623730951,0.4721404149131567,0.560601026800933,2.23606797749979,121,116,case_00014,350
0.3083707870214847,0.465842643539399,1.4142135623730951,0.3127481871036272,0.467594127065264,1.4142135623730951,158,157,case_00154,367
0.5808486324121052,0.8699653959998324,5.0990195135927845,0.6349268931236551,0.8009747672795381,4.47213595499958,358,329,case_00154,177
0.3684210526315789,0.48237638894271995,1.0,0.4166264518421819,0.5026449122612457,1.4142135623730951,61,57,case_00125,148
0.6160222725448655,0.6614454049889129,2.23606797749979,1.4846178955116007,2.0022169381187616,9.219544457292887,216,153,case_00194,171
2.746640872891193,7.3867781235899095,30.066592756745816,0.6514388319747034,0.7390640591244793,3.1622776601683795,136,129,case_00113,319
0.4266666666666667,0.4945929864264375,1.0,0.5105082018663574,0.5065794657677345,1.4142135623730951,87,75,case_00194,108
0.6065373358561837,0.6386026893084011,2.0,0.893403125629293,0.851010525679502,3.0,134,107,case_00079,362
0.4557757701075921,0.5031282267973272,1.4142135623730951,0.4696119793421448,0.5040246621394567,1.4142135623730951,118,115,case_00086,344
0.8083216870038771,0.6275827792470051,2.0,2.236808649874874,2.9086017087258846,12.083045973594572,177,127,case_00075,337
0.4710823674384927,0.5038728556902505,1.4142135623730951,0.8259491576676087,1.8098492942290545,12.041594578792296,142,124,case_00194,129
0.24161073825503357,0.428059562928912,1.0,0.42334719450971786,0.8345978375339101,5.0,161,149,case_00033,165
0.6696359887665428,0.7518552205615392,3.0,0.7121905757607493,0.7400249350344066,3.1622776601683795,237,219,case_00113,146
0.49389805794138636,0.582578785826484,2.0,0.6285706649655188,0.6404753341527525,2.23606797749979,113,96,case_00113,204
0.7281985513465151,0.9453980657523208,5.385164807134504,0.7357163892729511,0.6654685407156041,2.8284271247461903,189,158,case_00161,337
0.7054189936925849,0.6649384027730081,2.23606797749979,0.6817011577635569,0.642909256420866,2.0,82,83,case_00086,314
0.5217391304347826,0.5166417661743634,2.0,0.5929648041922787,0.5376037025441813,2.0,128,115,case_00194,123
0.5958527918129818,0.5658384272054617,2.23606797749979,0.6950378429057277,0.8012005971845959,4.242640687119285,120,117,case_00014,353
0.41935483870967744,0.4934535013154308,1.0,0.5640951438582035,0.567271247883755,2.23606797749979,75,62,case_00079,325
0.3473684210526316,0.4761340159115217,1.0,0.3882842712474619,0.499234739077548,1.4142135623730951,100,95,case_00014,366
0.4287592098484721,0.5130159914854339,2.0,0.7259345514138432,0.9484985302287985,5.830951894845301,368,302,case_00154,348
1.0489818426419808,1.5000954784468838,7.0,1.1047726046797635,1.5116959411157633,7.280109889280518,174,154,case_00194,181
0.34579439252336447,0.4756265663551205,1.0,1.2890794693837453,3.085223167044125,13.0,122,107,case_00125,337
0.5593908663182694,0.7466272356739114,3.0,0.6366817233410046,0.7765791664273057,3.605551275463989,237,216,case_00113,145
0.8374391260213615,0.7901120841737679,3.605551275463989,0.9535116703570419,0.8205728281740653,3.605551275463989,103,86,case_00075,306
0.28,0.44899888641287283,1.0,0.296875,0.4568809849129202,1.0,128,125,case_00033,376
0.8383883476483185,0.8198200891217062,2.0,0.7912578159510714,0.6964353378508672,2.0,18,16,case_00086,94
0.8718552113537315,0.8861845382818894,4.123105625617661,0.7871680723223327,0.6506744029117136,2.8284271247461903,93,88,case_00079,204
0.42028985507246375,0.4936054019109102,1.0,0.42857142857142855,0.4948716593053935,1.0,70,69,case_00154,314
0.4540283790047832,0.5053678784774023,1.4142135623730951,0.48447704551999127,0.5210132741786847,1.4142135623730951,81,78,case_00014,369
0.38677459923729246,0.4990531615303929,1.4142135623730951,2.59602014049294,3.811728541157847,15.0,242,148,case_00194,154
0.73179907845874,0.6870980254324693,2.8284271247461903,0.749843407278199,0.7218505370883603,2.8284271247461903,132,131,case_00086,153
0.7491634548983763,0.644450632589284,2.8284271247461903,2.4442674241116316,3.416665253161937,13.0,179,128,case_00075,336
0.7487402396605198,0.9876591151505216,5.656854249492381,0.8101735215929485,0.8695509559017689,4.0,320,291,case_00154,336
0.7169811320754716,0.6257782623312076,2.0,0.8799385078390035,0.7151381042402605,2.8284271247461903,63,53,case_00161,233
0.7113743252291314,0.6335250403987243,2.0,1.0626242749253043,0.9687090470863988,4.47213595499958,74,54,case_00161,134
0.5427860277530429,0.9436993765290185,5.0,0.8057949164716195,1.4213325008639692,7.211102550927978,118,108,case_00133,296
1.4164806839501327,1.614083740328678,7.0,2.196063321564107,2.815036824708059,12.206555615733702,348,291,case_00113,345
1.2138174584659156,1.2468830550464394,6.082762530298219,4.015109809062414,5.209514029087692,17.46424919657298,419,285,case_00113,365
0.509090909090909,0.5350523261658967,2.0,0.5641674354487393,0.5369101245351711,2.0,122,110,case_00194,121
0.35430697375857323,0.4829546503557452,1.4142135623730951,0.3640166433261135,0.48570869460322413,1.4142135623730951,133,131,case_00102,153
0.8873083872590725,1.3174635257528677,7.280109889280518,0.719524521260579,0.7886488464375475,4.123105625617661,315,304,case_00154,334
1.16775278638495,0.8947248372364529,3.605551275463989,1.000347816372764,0.7448891204963318,2.8284271247461903,63,67,case_00086,188
0.41935483870967744,0.5147831915520785,2.0,0.5101044133194856,0.5444237881438402,2.0,106,93,case_00079,401
0.45454545454545453,0.49792959773196904,1.0,0.4444444444444444,0.49690399499995336,1.0,54,55,case_00102,211
0.6547469758027309,1.125592542437192,6.324555320336759,0.5472400401675814,0.6673711902049513,2.23606797749979,243,230,case_00154,200
0.725873090960321,0.6091530509594277,2.23606797749979,0.8048413235485327,0.6891095365343658,3.1622776601683795,106,98,case_00102,360
0.8940726348637531,0.8592255420958668,4.242640687119285,0.9636275026599374,0.8683975724342393,4.242640687119285,104,93,case_00075,307
0.476679611211369,0.5361738809456492,2.0,0.526120387496374,0.5931009749040155,2.0,70,68,case_00014,313
0.4583110323852099,0.7128343536725913,3.0,0.42819122615391203,0.6010783068683035,2.8284271247461903,112,110,case_00086,368
0.40875912408759124,0.5062347703474366,2.0,2.787072367254964,4.233025174681546,15.524174696260024,204,137,case_00194,142
0.4411764705882353,0.4965277357686509,1.0,0.476057532984936,0.5048274029505312,1.4142135623730951,108,102,case_00125,165
0.5053191489361702,0.510499759575786,2.0,1.259775219320593,1.6587252450634633,7.810249675906654,263,188,case_00161,365
0.535361923668049,0.7543591411119969,3.605551275463989,0.5329144820257267,0.730878904490388,3.605551275463989,99,97,case_00014,326
0.5967741935483871,0.6080024782248634,2.0,0.7052778270443639,0.626892451369204,2.0,73,62,case_00161,229
0.4810126582278481,0.4996393507845708,1.0,0.5693626743013255,0.5356652464212646,2.0,90,79,case_00079,411
0.3838383838383838,0.5066640890498768,2.0,0.4711738113904362,0.5314320447817121,2.0,113,99,case_00194,117
0.7547761969829971,1.58968144167826,7.810249675906654,0.5284747558903654,1.0507367728027566,6.082762530298219,120,124,case_00133,304
0.6438822509939086,0.5228916205630162,2.0,0.6513576810465513,0.5311142793136571,2.0,126,125,case_00086,142
2.3205156322308085,3.908862647954319,14.7648230602334,0.5904452313494645,0.8129564799547926,3.1622776601683795,105,125,case_00033,195
0.774704488454284,0.5808037151816321,2.8284271247461903,0.7124002980741339,0.5115824318080657,2.0,91,96,case_00203,152
1.3211282009796035,1.7333840533985527,7.0,2.333922709495585,2.959696246348414,11.40175425099138,343,264,case_00113,343
0.45977011494252873,0.54254821706694,2.0,0.5378044513850433,0.5538284644454712,2.0,99,87,case_00079,406
0.3761467889908257,0.4844175699979481,1.0,0.37037037037037035,0.48290388186686295,1.0,108,109,case_00133,315
0.39285714285714285,0.48838551182776235,1.0,1.0289215661471787,1.484748566409168,6.0,38,28,case_00014,165
0.47540136634573804,0.8951347765277209,4.47213595499958,0.4395005300818972,0.6218289289111922,3.0,119,110,case_00133,294
0.9501652050263572,0.9452419687326189,4.123105625617661,1.1628225858822396,1.0920713132232374,5.0,134,108,case_00079,349
0.44665659158597737,0.6027030161116205,3.605551275463989,0.6021031827437312,0.7780288556261984,4.47213595499958,280,247,case_00154,197
0.6391557799033205,0.6256835374342034,2.23606797749979,2.460782049122887,3.8976024622154335,16.278820596099706,154,110,case_00102,354
1.47451654694307,1.4957862532768678,6.4031242374328485,3.469765051964911,4.452367165557106,15.811388300841896,401,311,case_00113,358
0.9442945354658887,1.1358371415425026,6.0,0.9474556598988235,0.9701953841299742,4.47213595499958,267,242,case_00113,188
0.7877585023800209,0.8155677946328387,3.0,0.7270997033161407,0.7471830720624704,2.8284271247461903,115,119,case_00086,128
0.5243829924547085,0.5094165641642748,1.4142135623730951,0.5160388344275981,0.5099212790581406,1.4142135623730951,57,58,case_00133,119
0.35185185185185186,0.4775480354899121,1.0,0.40369333728229473,0.5008241137187378,1.4142135623730951,58,54,case_00102,132
0.44929830514457053,0.5088372497367961,1.4142135623730951,0.46837515230212906,0.5343024290025232,2.0,103,102,case_00014,363
0.6569277370529004,0.7783502591125984,3.1622776601683795,0.8906496206218472,0.9701124951706168,4.123105625617661,128,107,case_00203,355
0.955507543197618,1.001396429280963,4.47213595499958,1.0717898950291778,1.1667332261118408,5.0,100,95,case_00086,330
0.47935516861054556,0.5702312489432777,2.0,0.510236436162423,0.599983028782684,2.0,187,182,case_00115,144
1.0549115200011587,1.125252835158997,6.082762530298219,1.5881027485632686,2.1528228161918577,9.848857801796104,134,124,case_00086,161
0.760591817735949,0.8116577002569156,2.8284271247461903,0.8468294252433551,0.9587719024385547,4.0,121,118,case_00086,382
0.39655172413793105,0.4891814123831416,1.0,0.8978297583009361,1.505799168838258,6.708203932499369,68,58,case_00125,305
0.7021922520506776,0.5848853531460955,2.0,0.7785691226584981,0.6195402498972739,2.23606797749979,100,91,case_00102,364
0.4644356916539102,0.7097351257684861,4.0,1.1585853500747731,2.5297664325294194,12.649110640673518,314,278,case_00134,182
0.5345974666488614,0.6264714025538889,2.8284271247461903,0.5438768853087258,0.6066823549810614,2.8284271247461903,119,115,case_00086,349
0.7392051210025381,0.6813325817513527,3.0,4.164813147824713,4.042175148178872,11.661903789690601,165,94,case_00203,367
0.5840218812281084,0.8876658719987479,7.211102550927978,0.9937182786773988,2.034513638614356,12.649110640673518,363,341,case_00115,331
0.37254901960784315,0.48348345121325303,1.0,2.563869231958754,4.338424068555831,13.601470508735444,129,102,case_00086,375
0.30396691782172397,0.4716131122909712,1.4142135623730951,0.32882524218523385,0.4807906762693476,1.4142135623730951,56,54,case_00133,118
0.5238095238095238,0.5450249115361713,2.0,0.6483234333773723,0.5868412119872949,2.23606797749979,51,42,case_00079,133
0.9211456797912336,1.1485696128617056,10.816653826391969,2.488015165566392,3.4655862635526526,14.0,394,316,case_00115,335
0.4090909090909091,0.4916660830178166,1.0,0.3157894736842105,0.464829519280413,1.0,19,22,case_00014,381
0.495914931541576,0.5271412566700104,1.4142135623730951,0.6863389981249824,0.7272817745913859,2.23606797749979,24,21,case_00033,122
2.938186253992294,3.638652059427777,13.0,1.2613149128452406,1.0651642533959893,4.123105625617661,51,55,case_00079,318
0.5971404520791032,0.6000749512831135,2.0,0.6653893054523844,0.5761119331462744,2.0,71,60,case_00075,212
0.5956622499846176,0.6102943643980258,2.0,0.7885800941716263,0.7267334002756918,2.23606797749979,40,33,case_00102,385
0.5636363636363636,0.4959338798903947,1.0,1.1092247161412576,1.4048851062469156,7.615773105863909,147,110,case_00079,383
0.5454545454545454,0.4979295977319692,1.0,0.5454545454545454,0.4979295977319692,1.0,33,33,case_00125,293
0.3442622950819672,0.4751271064324406,1.0,0.38461538461538464,0.48650425541051995,1.0,65,61,case_00014,312
0.5598191738241592,0.5294832316691774,2.0,0.7775895077526759,1.7931810957973646,20.615528128088304,139,128,case_00115,196
0.547945205479452,0.7409933334958093,4.0,0.4805194805194805,0.4996203652382168,1.0,77,73,case_00079,417
1.123363237040259,0.8980802794580015,3.1622776601683795,1.057923881204575,0.8673094217207716,3.1622776601683795,70,73,case_00086,185
0.41304347826086957,0.5427821629074692,2.0,0.8038490797735707,1.0160699215696782,5.830951894845301,308,230,case_00161,362
0.7958822509939085,0.5920907384454422,2.0,0.9237923621324097,0.6499767231457907,2.8284271247461903,145,125,case_00075,345
0.35353535353535354,0.478067053179767,1.0,0.43127147775583835,0.5603614123708871,2.23606797749979,106,99,case_00133,289
0.3878621869446566,0.4977881200210422,1.4142135623730951,0.4208207987245117,0.5134080457711575,1.4142135623730951,118,113,case_00086,357
0.26495726495726496,0.4413104493478833,1.0,0.25862068965517243,0.4378767275586309,1.0,116,117,case_00033,380
0.2634730538922156,0.44051674629340165,1.0,0.2634730538922156,0.44051674629340165,1.0,167,167,case_00154,163
0.43243243243243246,0.49541358864387464,1.0,0.4380299130050418,0.5040592636374631,1.4142135623730951,74,74,case_00014,171
1.1065379511549276,1.0127061581000953,5.0990195135927845,1.568977716340473,1.9810060259863227,10.770329614269007,158,132,case_00075,320
0.3926776695296637,0.49578649422180937,1.4142135623730951,2.769972433959291,7.734807865429215,42.5440947723653,92,80,case_00154,316
0.7328284331176088,0.6030318558096576,2.23606797749979,1.7298813145008793,2.404130805860787,10.198039027185569,347,292,case_00115,340
0.49046817359701056,0.5612455133397222,1.4142135623730951,2.4404730303561104,2.8778788414732994,10.04987562112089,21,9,case_00079,430
0.37662337662337664,0.4845391715890295,1.0,0.41975308641975306,0.5179302953926673,2.0,81,77,case_00133,334
0.4802444665708583,0.7064665470196033,3.0,1.032393853314112,1.4871231268502831,7.0710678118654755,137,111,case_00086,376
0.6050021656913298,0.646983588759549,2.23606797749979,0.9156408990528939,1.153979970013558,5.385164807134504,147,130,case_00086,379
0.8,0.7916228058025279,3.0,2.7669948126057693,2.3737899965075027,10.0,79,30,case_00113,424
0.6123588564905141,0.6059331610479032,2.23606797749979,1.5601100402081238,2.1054033649418518,9.486832980505138,225,159,case_00194,170
0.5471269339931484,0.5353406561239834,2.23606797749979,2.154822645549629,4.123922812835674,15.524174696260024,300,256,case_00115,173
0.7816292172558617,0.44562268373120156,1.4142135623730951,0.7058823529411765,0.45564509955381377,1.0,17,21,case_00194,97
0.33034572263163425,0.4776503010025841,1.4142135623730951,0.3847487717653853,0.5281426651576816,2.0,178,169,case_00102,174
0.5289256198347108,0.5154534257690141,2.0,0.601563602645059,0.5364291830885488,2.0,137,121,case_00194,126
0.4468175013817025,0.6800854965525838,2.8284271247461903,0.4455472180437047,0.631577607183878,2.8284271247461903,77,74,case_00203,394
0.8711255768864016,1.4103799932490981,5.830951894845301,1.3909823562587131,2.526132331285357,11.661903789690601,136,127,case_00014,209
0.6274006927548464,0.7065589243565475,3.0,0.7174149205228177,1.1981946593689679,10.04987562112089,282,280,case_00115,182
1.7085303154789653,1.612996433481079,5.0,0.9851559934011787,0.8863211774753813,3.605551275463989,41,48,case_00134,142
0.40847675355381535,0.5217002319819669,2.0,1.4100066372973226,2.277176755851042,10.816653826391969,167,123,case_00125,186
0.6252719965219186,0.7859583847376442,3.1622776601683795,0.7333958400694587,0.8444589592903113,3.1622776601683795,255,230,case_00113,150
0.3062200956937799,0.4609222805279347,1.0,0.3275079700575493,0.4721981445201985,1.4142135623730951,215,209,case_00115,355
0.2323943661971831,0.422359118235883,1.0,0.5020464738528099,1.6638801889852042,11.045361017187261,146,142,case_00033,161
0.7365685424949239,0.545405154180728,2.0,1.1767634902256296,0.8001422923905439,3.1622776601683795,40,25,case_00113,304
0.7167982737256767,0.6701963874468831,4.0,1.159681516651681,1.4079576209138536,8.0,272,216,case_00161,164
1.5324003155631067,2.7164355321146165,15.652475842498529,0.48265880693618135,0.5990636116313689,2.23606797749979,49,55,case_00033,204
0.764344577931153,0.718176417175646,2.8284271247461903,2.002580369642736,2.528310983024033,8.0,149,120,case_00203,181
0.7762937772708571,0.8431825552896365,4.0,0.9966681554760243,1.165698865797533,6.0,318,287,case_00134,322
0.6809813210855749,0.5646885300630067,2.23606797749979,0.7816689836400926,0.6083795488728749,2.8284271247461903,106,92,case_00075,361
0.7654298388123723,0.6997062669212514,2.8284271247461903,1.406440431340577,1.5463363419131368,6.0,130,106,case_00203,197
0.49389805794138636,0.5060283671512171,1.4142135623730951,0.5370558483873197,0.5346292560789678,2.0,101,96,case_00125,162
0.35587507727644974,0.5171475604933469,2.0,1.1417037844429654,1.9499730309749894,8.246211251235321,255,203,case_00154,359
0.43139805794138636,0.5013937730012213,1.4142135623730951,0.505337082353883,0.5266352756622904,1.4142135623730951,107,96,case_00079,400
0.632,0.6136578851444835,2.0,2.0209775030872064,3.4395932095477386,13.416407864998739,165,125,case_00075,173
0.9095608042104747,1.17944476260726,5.0,0.6556283087328342,0.6809130965464525,2.8284271247461903,169,174,case_00134,347
0.9203492699757518,1.144262129967669,5.0,0.8703077140028602,0.9842535034926682,4.0,252,243,case_00115,190
1.1249481884888177,1.1414519814023305,5.385164807134504,3.7631364229757467,5.938959226540097,19.1049731745428,111,95,case_00102,312
0.5606409085875721,0.6430963598720543,3.0,0.6829011539197474,0.7098479479530618,3.1622776601683795,168,147,case_00113,123
1.2864506719437803,6.095522085616752,48.041648597857254,0.5275944069753254,0.6489204062448052,2.8284271247461903,183,174,case_00134,296
0.847935356685976,0.8002378589405944,3.605551275463989,0.9351058908751386,0.9739886528741167,4.242640687119285,130,128,case_00086,154
0.6671825410541354,0.5812799023164961,2.23606797749979,2.257290672405095,3.7381284538541926,17.204650534085253,145,106,case_00102,356
0.677218446635389,0.6589630629966249,3.0,0.7513495115919026,0.6678324844001549,3.0,95,84,case_00161,392
1.2506911531382718,1.7923608324629765,8.0,0.826101060302963,0.7598681187228213,3.0,254,224,case_00161,342
0.5149253731343284,0.5287986190464737,2.0,2.2430414044997464,3.638750388269933,12.649110640673518,184,134,case_00194,139
0.7826245075996364,0.7813269821767322,3.0,1.089857553098741,1.041603469023072,4.47213595499958,187,148,case_00113,399
1.7904206461862089,5.817356616556901,35.12833614050059,0.7351202580913686,0.7821586278928065,3.605551275463989,138,127,case_00113,320
0.6558790038256673,0.6047653261287299,3.0,2.6486175062901705,3.8120366387181917,13.0,203,147,case_00102,331
0.6593534791239372,0.6820945605758483,2.23606797749979,0.699345584570462,0.6707063821462581,2.8284271247461903,131,120,case_00075,157
0.62597890112334,0.636150306048195,3.0,0.7455020829012139,0.6367843041593867,2.23606797749979,284,231,case_00161,168
0.5095785440613027,0.5714338141763114,2.0,0.7326557920700141,0.7191020135663109,4.123105625617661,334,261,case_00161,351
0.9215281049756385,1.367438143147804,5.830951894845301,0.8550971473993918,1.3829269790661267,7.0710678118654755,87,89,case_00133,168
0.6069555068865754,0.5945244463399482,2.23606797749979,1.4087097829096447,1.8455986622105214,9.433981132056603,215,151,case_00194,166
0.8610915368722029,0.6649773187972826,2.23606797749979,1.3768612006307883,1.673523769065177,7.211102550927978,56,49,case_00203,406
1.403174221965648,1.6021287053559035,7.211102550927978,2.63565960379602,3.659620335408703,14.560219778561036,377,308,case_00113,354
0.4758126376063096,0.5313889947286151,2.0,0.540882841865477,0.6093531796864713,2.23606797749979,119,114,case_00014,356
0.6966292134831461,0.8919678331231164,4.0,0.605176569361159,0.6348165791211092,2.8284271247461903,91,89,case_00134,284
0.5660377358490566,0.4956198315684414,1.0,0.6451609339363726,0.5437203105476276,2.23606797749979,59,53,case_00194,191
0.38271604938271603,0.48604986876616124,1.0,0.45652173913043476,0.4981060537995478,1.0,92,81,case_00194,110
0.6824334281048997,0.6946657313225982,3.1622776601683795,0.9606884767013939,1.051121034187278,5.656854249492381,144,116,case_00113,410
0.7032702678210974,0.9070170928400758,4.0,0.6585056259626776,0.7884835502120187,4.0,253,249,case_00115,188
0.8266657012361956,1.2210695063675103,7.0,0.9385643658696585,1.4221431668416367,8.246211251235321,383,367,case_00115,326
0.37349397590361444,0.4837315638526442,1.0,0.38095238095238093,0.48562090605645564,1.0,84,83,case_00203,387
0.41382022983052225,0.5494279724885749,2.0,2.9836262304177663,3.869726878135713,11.40175425099138,138,93,case_00203,372
0.5555555555555556,0.49690399499995336,1.0,0.5652173913043478,0.49572844569527746,1.0,46,45,case_00125,297
0.3875,0.5699506557588999,2.0,0.4968033556248387,0.6233342136141732,2.23606797749979,181,160,case_00161,373
0.39473684210526316,0.48879409528965023,1.0,0.4334511479382189,0.5175097147713131,1.4142135623730951,79,76,case_00014,315
0.4872655122255021,0.5124181111120284,1.4142135623730951,0.4666666666666667,0.49888765156985887,1.0,45,46,case_00133,115
0.3191489361702128,0.4661468574512052,1.0,0.37254901960784315,0.4834834512132531,1.0,51,47,case_00033,401
0.5816941738241592,0.5693258189639996,2.0,1.4482998446318003,1.997927244502466,8.94427190999916,224,160,case_00194,169
0.565522847498308,0.5889402139640934,2.0,1.7089819364417218,2.4364982245137714,12.041594578792296,224,150,case_00194,167
0.48214285714285715,0.5822085852464681,2.0,1.4305722056814267,2.507813290497543,10.198039027185569,143,112,case_00079,176
0.2758677508428797,0.4557200542314049,1.4142135623730951,1.889976709267247,3.976285349579993,13.416407864998739,175,148,case_00102,166
0.4818627266293312,0.5992600942090448,2.0,0.6096722370957152,0.6635735366202272,2.23606797749979,133,115,case_00161,386
1.2658046123235525,1.590119722816614,9.0,1.2408469614083724,1.3345611770708532,6.708203932499369,318,283,case_00113,334
0.413811585159257,0.5179965362320704,1.4142135623730951,0.4371704758009934,0.5410664865151682,2.0,93,91,case_00014,321
0.9361977276927036,1.076683844207437,5.0,0.6675777924598137,0.5574496815181961,2.0,78,84,case_00086,308
0.4933433359360579,0.5496061301896362,2.0,0.5007896423540609,0.5315478035362625,1.4142135623730951,90,88,case_00014,320
0.38586162367886717,0.5316857669153174,2.0,0.5491401461978265,0.6833473628780229,2.23606797749979,108,95,case_00154,147
0.3142847458036657,0.4726232638813251,1.4142135623730951,2.9873081051279806,4.489823443842902,13.601470508735444,206,149,case_00033,173
1.1353688352380993,1.408946825241172,7.280109889280518,1.3459082110879095,1.5828558038484892,8.06225774829855,142,124,case_00086,167
0.5,0.5333692516640697,2.0,0.7764626909129007,0.9228494699384899,3.605551275463989,66,58,case_00134,204
0.7581238760262444,0.7693600296776603,3.605551275463989,0.9190565542011976,0.8982777935754019,4.123105625617661,287,246,case_00113,186
1.18255550406696,1.486011152874569,7.0,1.3451794068908904,1.5779599500362433,8.0,187,150,case_00194,180
0.8306274169979695,0.6245463106377951,3.0,2.4720900041513674,3.299813784348277,12.649110640673518,171,125,case_00075,342
0.3076923076923077,0.4615384615384615,1.0,2.1205979572130436,3.8784520296840714,13.152946437965905,178,143,case_00033,169
0.5132743362831859,0.5662333901963325,2.0,1.5411394304670079,2.7600536677511944,11.0,143,113,case_00079,173
0.9650475911627605,0.9820057640889879,4.123105625617661,0.9161167006045028,0.8641734574979792,3.605551275463989,244,230,case_00134,339
0.35032303550847943,0.49082597163199126,1.4142135623730951,0.33809440876290914,0.480124730637941,1.4142135623730951,87,88,case_00203,381
1.157299412697281,0.8462940534625563,3.1622776601683795,1.3103960096868121,0.9606572218002009,3.605551275463989,100,90,case_00086,329
0.35434973706604816,0.49219138126875567,1.4142135623730951,0.3610829145100356,0.5103172802777579,2.0,87,87,case_00203,382
0.7461251169051873,0.6973579157157338,3.0,0.8076666802047447,0.6875132970983518,2.8284271247461903,208,186,case_00161,188
0.6227301160708034,0.7824367083275449,3.0,0.6818108738249699,0.7645006779553049,3.0,223,203,case_00113,140
0.5,0.5,1.0,0.600748082230163,0.5202698233274754,1.4142135623730951,19,16,case_00203,329
0.5420401291654581,0.6521043761714168,4.0,0.6247094786382225,0.7194670278349561,4.123105625617661,228,210,case_00134,159
0.4528301886792453,0.5343321606983508,2.0,0.47063358448839065,0.5449977501514363,2.0,54,53,case_00133,279
1.2264612799757049,1.1832362603763005,5.0,2.8141852573702235,3.4605054803171966,12.529964086141668,114,94,case_00086,170
0.3866837584926815,0.5176402216533347,2.0,0.4250346604170007,0.552563883958606,2.23606797749979,107,103,case_00133,134
0.4976917194942668,0.6005563848284746,2.8284271247461903,0.8560447077046214,1.8749370382121717,12.806248474865697,278,263,case_00115,345
0.3373493975903614,0.47280522579153217,1.0,0.3373493975903614,0.47280522579153217,1.0,83,83,case_00102,137
0.39285714285714285,0.4883855118277623,1.0,0.44023689270621824,0.5061536113675114,1.4142135623730951,60,56,case_00086,103
0.8422001819308407,0.7447810776031163,3.605551275463989,0.9648760736498756,0.9411737648424816,4.242640687119285,131,125,case_00086,155
0.6149608583321159,0.6549120222538716,3.0,0.7177013935437473,0.7406139007526451,3.605551275463989,283,254,case_00134,334
0.7373493438387375,0.9231193197381997,4.123105625617661,1.1894023841709354,1.343782748830843,5.0,186,144,case_00194,177
0.5263157894736842,0.5199616435885671,2.0,0.5871947234633895,0.5271089699205619,2.0,106,95,case_00079,153
1.1331085580538236,2.8344746980431847,13.92838827718412,1.161986579207401,1.1990270962829284,5.0990195135927845,33,22,case_00154,212
0.31666666666666665,0.4651761912317621,1.0,0.32786885245901637,0.4694367561729952,1.0,61,60,case_00133,282
0.3197142726221375,0.4961845155528916,2.0,0.6283302777434477,1.324920999284682,7.0,233,221,case_00154,167
1.2687070875734294,2.6700329198865003,16.0312195418814,0.6984899441911425,0.7981928325059394,4.47213595499958,192,199,case_00134,298
0.5360824742268041,0.5931195820058773,2.0,0.8758318058636417,0.8974618274930126,4.0,131,97,case_00161,207
0.3438273161395446,0.48093382058561207,1.4142135623730951,6.6686185033089584,10.724196962792226,36.235341863986875,142,103,case_00154,322
0.8589743589743589,1.0708774137313632,4.0,0.9425967394876427,0.9103203303667244,3.605551275463989,99,78,case_00161,221
0.5079000825144152,0.5435398462249823,1.4142135623730951,1.6275997122944459,3.3418128418073936,18.601075237738275,131,103,case_00102,357
0.3735702260395516,0.5103384036271995,2.0,1.8540632881959627,3.223926072875117,12.206555615733702,160,120,case_00125,185
0.5098039215686274,0.5376984000314544,2.0,0.5439325872593621,0.5548972205940456,2.0,53,51,case_00133,278
0.6010626962521941,0.6290731125778904,2.0,1.0432301389172096,1.0984693468785365,5.0,139,107,case_00079,363
0.7814031113759053,0.7279457708515445,2.8284271247461903,2.1770759482449984,2.6253758550137674,8.0,155,121,case_00203,179
1.2897596920218246,0.9071970146127326,3.605551275463989,1.246175991014606,0.9066671933067639,3.1622776601683795,72,74,case_00086,184
0.5208627916547873,0.5698494909498532,2.23606797749979,0.6048896256950715,0.594480265728402,2.23606797749979,171,151,case_00161,152
0.5039076751167273,0.5415227292360031,2.0,0.6140371441628741,0.6503525087122382,2.8284271247461903,115,106,case_00014,177
0.5337432203652853,0.6049630101746815,2.0,0.9000217669025188,1.030578462147668,5.385164807134504,305,232,case_00161,361
0.9880580245561107,0.9473794107311316,4.0,1.1402614158586883,1.0973046102962676,5.0,117,103,case_00075,312
1.198293392721212,1.2041834815514572,5.0990195135927845,1.4379591466358963,1.481836490331856,6.324555320336759,129,114,case_00075,316
1.235673837429295,1.4694844937244766,7.0,1.6058395725211543,2.5159125288234745,10.770329614269007,164,153,case_00102,189
1.1371567101593354,1.869789369073702,11.0,0.8372331937962847,0.7338503781596087,3.605551275463989,238,223,case_00113,386
0.21212121212121213,0.40881022918884974,1.0,0.21212121212121213,0.40881022918884974,1.0,33,33,case_00102,129
0.39836597261663037,0.500827676336897,1.4142135623730951,0.435968099328091,0.506320439837089,1.4142135623730951,112,105,case_00125,167
0.37735849056603776,0.522201981248983,2.0,0.49265981489431393,0.5977343112021429,2.23606797749979,180,159,case_00161,374
0.4953258018108523,0.548744705256848,2.0,0.8842200708074176,2.0286246540325545,13.341664064126334,282,269,case_00115,344
1.0920329611450734,0.7883003870002957,3.0,1.0299033593949847,0.6970012182298551,2.23606797749979,86,86,case_00086,318
0.7943679959493319,0.5913955679413507,2.23606797749979,0.8088232977134285,0.5723836605758033,2.0,55,52,case_00102,381
0.8384216725252035,0.6924460495031168,3.0,2.255580662669885,2.2256860039635575,8.246211251235321,242,148,case_00102,339
0.6726244987167749,0.7060854593339747,2.8284271247461903,0.9591537754921089,0.9110565487165071,3.1622776601683795,132,102,case_00079,360
0.563433151948377,0.553530752799419,2.0,0.6525949589988235,0.5993694907412893,2.23606797749979,121,109,case_00125,314
1.7010086871546228,1.766002425869151,6.082762530298219,1.8764594317981373,1.6691068104454734,7.0710678118654755,114,82,case_00079,329
0.4372125131157172,0.5032789115584749,1.4142135623730951,0.4507736573779891,0.50461315392613,1.4142135623730951,83,81,case_00133,125
0.5412403538010373,0.5134010309180952,1.4142135623730951,0.5564140190634947,0.5164054858638576,1.4142135623730951,118,115,case_00086,347
0.7262344826067721,0.7448323684526551,3.605551275463989,1.1048709793316118,1.1628555765888462,5.385164807134504,185,146,case_00194,176
1.093612987659271,0.7026135535532714,2.8284271247461903,1.0436754966965944,0.6702260783173507,2.8284271247461903,26,29,case_00075,222
2.311995284406741,2.2049931696156624,8.06225774829855,1.262032742767943,1.0050942904286202,4.242640687119285,68,82,case_00203,208
0.9327714473579487,1.133519741538958,5.0,0.9220085164274249,0.9013325111385361,3.1622776601683795,80,71,case_00161,393
0.5816380462911631,0.6302653196783427,2.8284271247461903,1.8706417125786738,2.5831927945130806,8.0,151,121,case_00203,177
0.6206896551724138,0.715049701838887,2.0,0.5802905905084894,0.6495256116755376,2.0,29,29,case_00075,122
0.7065461158827727,0.6852317754825498,2.0,0.7427162458618666,0.6553660455078166,2.0,106,96,case_00075,143
1.2077746551348296,1.7774876091258025,7.280109889280518,1.81854403493216,2.4944194439274696,10.295630140987,325,275,case_00134,311
0.31971971263449017,0.49558590810215825,2.0,0.45672267529199956,0.6669855653676264,2.8284271247461903,101,92,case_00115,130
0.3,0.45825756949558394,1.0,0.32456140350877194,0.46821074193271994,1.0,114,110,case_00086,365
0.8012493438828425,0.6492238076498565,2.8284271247461903,0.8377057358655536,0.6333958292951887,2.8284271247461903,68,63,case_00102,375
0.25742574257425743,0.43721588447167553,1.0,0.2647058823529412,0.4411764705882354,1.0,102,101,case_00133,324
0.6853553390593274,0.5294223826236235,2.0,0.7516151775423972,0.5465445896944497,2.0,44,40,case_00075,293
0.48120300751879697,0.5288873803028263,2.0,1.9922264684060726,3.3882845070668814,12.649110640673518,178,133,case_00194,138
0.7331001327323042,0.7772022227620907,3.1622776601683795,2.4683479774724004,3.5659102587629286,14.0,402,311,case_00115,334
0.4194560207551235,0.49567977333864816,1.4142135623730951,0.5316416381602962,0.652449616374759,3.605551275463989,288,268,case_00154,356
0.4212497400290508,0.5510723473348624,2.23606797749979,0.6555687178893941,0.9544050485952997,5.385164807134504,364,318,case_00154,182
0.42857142857142855,0.4948716593053935,1.0,0.5047069722996942,0.5065910663204712,1.4142135623730951,88,77,case_00194,109
0.44568837981459364,0.8018906002472588,4.242640687119285,0.6325227248805655,1.1911392195310084,6.082762530298219,127,120,case_00133,303
0.6388458519714577,0.541876704965045,2.0,1.026824053226165,1.1669360506328208,6.324555320336759,149,114,case_00079,185
0.4966164173572853,0.7940813034364649,3.0,0.8134124392591204,1.1439009823362647,4.123105625617661,67,57,case_00125,204
0.5420235643179242,0.5637915759932799,2.0,0.6911654217974662,0.6807839821116284,3.1622776601683795,119,103,case_00161,140
0.2980177162390233,0.4666420296901796,1.4142135623730951,1.4692171530204416,2.363439316275109,7.810249675906654,180,137,case_00033,335
1.229634751582587,2.62970507948151,12.806248474865697,1.2066839782239445,1.8767874261313362,8.48528137423857,139,117,case_00079,192
0.38341968911917096,0.4967612358220469,2.0,0.40613239172915705,0.5141492095503832,2.0,198,193,case_00115,358
0.3842397901775642,0.4911707162822213,1.4142135623730951,0.3842397901775642,0.4911707162822213,1.4142135623730951,126,126,case_00102,150
1.364110378798856,1.4417339608427002,5.385164807134504,0.9729815964171402,0.9203029972157795,3.1622776601683795,63,66,case_00113,306
0.4964809063666638,0.668460950951265,2.23606797749979,0.4967422871787252,0.6111466801721261,2.0,79,75,case_00203,393
0.4634146341463415,0.4986597146405091,1.0,0.9859713769438498,3.201575028961475,21.95449840010015,45,41,case_00133,181
1.074614904059597,1.0905987834780067,6.082762530298219,3.088058570092559,4.490085073208256,16.492422502470642,396,276,case_00113,367
0.38814723236982357,0.5953959734318868,3.0,0.3987748349961523,0.5882424126364033,2.8284271247461903,99,97,case_00115,370
0.6262649536249386,0.6180499625825168,2.0,0.6905742965519216,0.5970263597825074,2.23606797749979,72,62,case_00075,211
0.8890437359295466,0.8393131694601109,4.0,1.052859296293707,1.0438800220361144,5.0,111,97,case_00075,310
0.45329161333802365,0.7101910115334492,4.0,0.6620777299723924,0.9346548480477651,5.0,218,193,case_00154,326
0.7002292510060176,0.6037530171460601,2.0,1.4120672327251313,2.691497978516652,13.416407864998739,147,124,case_00075,167
0.7066995376150277,1.234815497117607,6.324555320336759,0.7923408860990993,1.2714717317581774,6.4031242374328485,135,124,case_00125,333
0.32231404958677684,0.4673624963834277,1.0,0.3387096774193548,0.47327099197165207,1.0,124,121,case_00033,378
0.4722222222222222,0.49922779876698414,1.0,0.523441373394182,0.5142671164684274,1.4142135623730951,39,36,case_00125,144
0.4537037037037037,0.5508286562124388,2.0,0.8195526015351408,1.7275223683984477,10.770329614269007,125,108,case_00079,165
0.5435339791606236,0.6092926063596089,2.0,1.0014100661670067,1.1229722918524216,5.656854249492381,144,105,case_00079,365
0.7416417399289758,0.7834475446335837,4.242640687119285,0.8219185109513432,0.7888317970193367,3.1622776601683795,319,293,case_00154,337
0.6536379596353343,0.9356867591783796,4.0,0.7031059403734337,0.8515598814725485,3.1622776601683795,123,109,case_00203,353
1.3407736472545666,1.381379158583502,4.123105625617661,0.9885618083164126,1.1927889801378047,4.0,15,17,case_00161,395
0.5920242717007754,0.6999519938053324,2.23606797749979,0.8644717234779347,0.9769559996601695,4.0,114,94,case_00161,389
0.5434782608695652,0.5788489980736673,2.0,0.6172295816591975,0.6034282747274097,2.23606797749979,51,46,case_00133,345
0.6025641025641025,0.7791033130378716,4.0,2.518949196124197,4.78209726682542,16.1245154965971,295,234,case_00113,155
0.6254291075559014,0.6339888640170984,2.8284271247461903,1.6525685057061685,2.056392199356009,7.0,149,116,case_00203,189
0.3778651707710731,0.5289169348638342,2.0,1.4067530199233793,2.053539831713507,8.54400374531753,199,142,case_00033,188
0.4254076797510219,0.5529502416363213,2.0,0.4377148678650146,0.5631852486300349,2.0,114,113,case_00014,341
0.367910977882663,0.49149220673017757,1.4142135623730951,0.8997828992158811,2.5276313311168166,13.601470508735444,136,130,case_00033,373
0.869136235517412,0.8246067873662486,5.0,2.7252715814117985,3.7645521833124547,12.727922061357855,192,147,case_00102,328
0.870799547585698,0.9632759815046728,5.0990195135927845,1.0233138106276076,0.9725155995960568,4.123105625617661,284,239,case_00113,379
0.7821610239360995,0.7000146711468703,3.605551275463989,0.9124898544465804,0.7625638856341631,3.605551275463989,198,167,case_00075,325
0.49416023586735813,0.6037394416976831,2.0,0.8763170657056119,1.2174023165548464,7.211102550927978,140,115,case_00161,143
0.9643000233953893,1.0270057689687222,4.47213595499958,0.7839602666036639,0.7022098034626261,3.0,65,65,case_00161,326
1.1303802482766696,0.8553797148460593,3.605551275463989,1.3676403555602066,1.0871056359955555,5.0,134,106,case_00079,352
0.35903255238783965,0.5178363156976199,2.0,0.4086085907499478,0.5339417703138514,2.0,73,68,case_00133,286
0.2608695652173913,0.43910891036356864,1.0,0.5357142857142857,0.7783748113465488,3.0,28,23,case_00133,185
0.5114540024702215,0.5532373532524338,2.8284271247461903,0.7514560782612066,0.8631180993081874,5.0,352,303,case_00154,186
0.2607540087773769,0.4427779248412825,1.4142135623730951,0.32202624932545243,0.6339200661762783,4.123105625617661,180,178,case_00154,365
0.5877291234069303,0.8221016197794542,4.0,0.5875918256293732,0.7829873433120575,3.605551275463989,96,94,case_00014,324
0.49699651794652405,0.6857374428010878,3.0,0.5935269364502463,0.7462015041521254,3.1622776601683795,319,290,case_00134,187
0.7421216536873251,0.6390924225789082,2.0,0.7638732334761994,0.6154362957463688,2.0,106,98,case_00203,203
0.5040609172781676,0.5780639115100848,2.0,0.9663354280900998,1.6019350300239783,8.0,122,102,case_00079,158
0.5522586078173076,0.6552750797120925,3.0,0.6303797069104516,0.8423132755234994,5.830951894845301,262,256,case_00115,347
0.7091176048347112,0.6790553633375165,3.1622776601683795,0.8830657245999151,0.9193448352151804,4.0,120,111,case_00086,337
0.38545454545454544,0.4867025157557491,1.0,0.5455903805104744,0.7169514965342826,4.123105625617661,308,275,case_00154,355
1.0094797617115712,1.0450175700943314,4.0,1.12755906182576,1.1929186923420456,5.0,108,99,case_00086,332
0.6546274169979694,0.5894598755764183,2.0,1.3315988058413193,2.561284434344477,13.0,147,125,case_00075,169
0.5321149575618758,0.5799333569364638,2.23606797749979,0.5682968811753012,0.6501174431855716,2.8284271247461903,114,113,case_00014,358
0.613254833995939,0.5365803840810929,2.0,0.6130368308501531,0.5318984891418282,2.0,126,125,case_00086,143
0.8201652377401214,0.6369932145256415,2.0,0.8676250492065718,0.616417177584428,2.0,113,102,case_00075,357
0.8555733992905966,0.7332510346222825,3.605551275463989,0.7614567601655647,0.5617227426475306,2.0,86,89,case_00203,149
0.3767258898432212,0.48707727373436316,1.4142135623730951,1.795575378443149,4.436089960196435,18.0,268,240,case_00115,163
0.9338997860981935,0.8569647405669201,3.605551275463989,0.8115701346873357,0.7167759130907148,3.0,58,61,case_00086,294
0.5871439960712109,0.6590134710861358,3.1622776601683795,0.7125185711592488,0.823337291796297,4.47213595499958,388,353,case_00154,345
0.6077521847567809,0.8402260098787613,3.605551275463989,1.1039943201225526,1.5701614781457773,7.0,171,146,case_00033,331
0.4902181402015594,0.556089673134535,2.0,1.0371126963243278,1.424906144285842,7.0710678118654755,151,111,case_00079,184
0.38621055271628774,0.4920830791610969,1.4142135623730951,0.39670268002028286,0.4943039402777676,1.4142135623730951,117,115,case_00086,345
0.28186272662933126,0.45553257301340083,1.4142135623730951,0.3208960919400512,0.4770788305660779,1.4142135623730951,121,115,case_00014,347
0.6422941147539694,0.6953528728801412,3.0,1.0414935310425655,1.5321194438517476,8.94427190999916,324,279,case_00134,324
0.3241913398713364,0.4726173171151256,1.4142135623730951,3.268767025025756,4.194393867280711,12.0,216,137,case_00033,339
0.6133249700939002,0.720994092249941,2.8284271247461903,0.802923397543445,0.9055952462726695,4.123105625617661,142,125,case_00086,377
0.34851706643001945,0.4803510302566745,1.4142135623730951,2.0158603935052066,2.9822699395831185,10.63014581273465,236,159,case_00033,356
0.41664137693168135,0.49908954647398357,1.4142135623730951,0.42424242424242425,0.49422746758485125,1.0,99,97,case_00125,350
0.47282608695652173,0.5607842452799947,2.0,0.6731881594835689,0.6490721757854236,2.8284271247461903,239,184,case_00161,173
0.3774137137566862,0.5468092264307797,2.23606797749979,0.7114250817764561,1.5102183944453205,8.94427190999916,122,111,case_00086,340
0.5055118655987171,0.6459854951248859,3.0,0.9799261286534563,1.8351531572118382,10.63014581273465,189,162,case_00102,183
0.9668185197695002,1.1197261004346764,6.4031242374328485,1.0807028701022623,1.0504807842037398,4.47213595499958,280,244,case_00113,380
1.1457080077455772,1.5884681374151262,8.246211251235321,1.5641424545353806,2.5768709586387115,13.92838827718412,288,262,case_00134,307
0.23357664233576642,0.42310589039969165,1.0,0.25295866830266495,0.43949376477192414,1.4142135623730951,140,137,case_00154,372
0.6993921029633157,0.6669429889154651,2.23606797749979,2.5013644077695263,3.987745791408324,17.804493814764857,151,106,case_00102,355
0.8492468168467907,1.227869161540862,7.0,0.8176053821078758,1.10360682851549,7.0,361,367,case_00115,327
0.4091370591204783,0.4970123552474934,1.4142135623730951,0.4600720267072324,0.5409318205790855,2.0,117,111,case_00102,192
1.2065401752645297,1.7923597541786829,8.602325267042627,1.0326937467283488,0.9136105898460303,5.0,263,205,case_00161,183
0.6266812159069932,0.5260153431532565,2.0,0.6924807251015211,0.5446006319753459,2.23606797749979,134,121,case_00075,159
1.4478239087248859,2.0637845396718872,10.0,1.2147391040503588,1.334714276774989,6.4031242374328485,319,287,case_00113,335
0.5680912769620103,0.6377934601114877,2.23606797749979,0.6407961908709698,0.7095369911183319,2.8284271247461903,128,122,case_00014,182
0.6422667339143646,0.7094243555102865,2.8284271247461903,0.9018097460230129,1.023645589590958,4.242640687119285,108,95,case_00115,296
0.42045454545454547,0.5161393158716256,2.0,0.4903236230402654,0.5488619237616456,2.0,96,88,case_00161,391
0.4110570740046832,0.5159249222758605,2.0,0.6676309575813911,1.153576825666262,6.4031242374328485,255,239,case_00115,350
1.020009806876469,1.4048541139901776,6.0,0.7952494925395676,0.9945380949935191,4.0,288,285,case_00134,194
0.35384615384615387,0.47816216208984774,1.0,0.3823646663257544,0.5272946862884348,2.23606797749979,66,65,case_00033,398
0.2117851130197758,0.4145042009073822,1.4142135623730951,0.256,0.47166089513547765,2.0,125,120,case_00154,375
0.5364952670954414,0.7649762750569877,3.1622776601683795,1.616572350575254,2.9079742241842785,12.529964086141668,158,126,case_00125,182
0.7676404719451868,0.6032023755190051,2.23606797749979,0.7685756512190486,0.5897058646603016,2.23606797749979,65,64,case_00086,187
0.6924060691033204,0.9749258318072008,5.656854249492381,0.8701703735665192,1.6391803690553428,11.0,331,321,case_00115,317
0.4523172353863142,0.5127783011253003,1.4142135623730951,0.5172465068582084,0.5744710843486706,2.0,82,77,case_00125,153
0.7478987542226272,0.960685670226397,4.47213595499958,0.9675006035181442,1.3126153189852119,7.0,305,282,case_00134,320
0.5377220869120796,0.507671111298366,1.4142135623730951,1.6896870445457837,2.842611750215262,12.041594578792296,310,256,case_00115,176
0.8538925133301264,1.131064275027799,5.0,2.0294469620768276,3.316150867990214,13.0,303,237,case_00113,174
0.4497044811609067,0.5641930740706405,2.0,0.49624706108051136,0.6100491021225539,2.23606797749979,76,73,case_00102,304
0.7200225699753785,0.6225354646194522,2.0,2.0250979646306493,2.439383351766304,8.0,155,117,case_00203,185
0.8238619295949551,1.165199025028617,6.082762530298219,0.7299368273081314,0.8814738508361815,4.123105625617661,255,247,case_00115,189
0.48,0.4995998398718719,1.0,0.5172493124976055,0.5106417878642594,1.4142135623730951,53,50,case_00033,124
0.9738275003349798,0.8146956272796402,3.0,2.162763734337449,2.3971429012550294,8.06225774829855,151,116,case_00203,186
0.32926829268292684,0.46994753336579737,1.0,0.4046023729152566,0.5192593313217173,2.0,90,82,case_00125,156
0.46580872616897007,0.9257949582380084,4.47213595499958,0.6891233950369094,1.3474818132394566,6.708203932499369,117,108,case_00133,295
0.38296564543025186,0.497562140491979,1.4142135623730951,0.41347572759194523,0.539723979118686,2.0,106,104,case_00014,362
0.9667298288073628,0.8534370430258428,3.605551275463989,0.9425133205219646,0.8106313503024702,3.605551275463989,88,89,case_00086,173
0.4745625615449414,0.5503455849012993,2.23606797749979,0.5469568384863296,0.5520856934142045,2.0,101,89,case_00079,405
0.4667982737256768,0.5566661022772142,2.0,1.8977862754873709,2.7361391717230283,10.198039027185569,159,108,case_00079,182
0.20567375886524822,0.404193102092908,1.0,0.20567375886524822,0.404193102092908,1.0,141,141,case_00154,371
0.5252525252525253,0.49936190280033443,1.0,0.5681605166618322,0.5173681646397953,1.4142135623730951,105,99,case_00125,163
0.7303635662271134,0.820315955883597,4.0,0.865580684460685,1.0133555554067124,4.47213595499958,134,126,case_00086,157
0.3664363079803987,0.4890995891404008,1.4142135623730951,0.4543671218904985,0.5987672919902809,2.23606797749979,177,166,case_00102,175
0.5720428104975808,0.6144338269658774,2.23606797749979,0.9797197276131113,1.0098905807340817,5.0,148,105,case_00079,368
0.7469605017129423,1.094040520589313,6.4031242374328485,1.0718053253285693,1.6801653816323798,10.198039027185569,389,359,case_00115,323
0.5705583977195816,0.5296449007139311,1.4142135623730951,0.5571383476483185,0.5323033548454316,1.4142135623730951,32,33,case_00014,307
1.553377678051867,1.978579537611416,9.0,1.4633567200203463,1.586317817814525,7.810249675906654,339,299,case_00113,336
0.8910512274389358,0.8711882038630655,4.0,1.1427562638757676,1.3653234493601498,9.486832980505138,200,170,case_00113,394
0.4185048536902976,0.5066279396715546,1.4142135623730951,0.4090909090909091,0.4916660830178168,1.0,44,44,case_00125,296
1.628587447568281,1.8582158334051964,5.830951894845301,0.614773349129179,0.5883805403265605,2.0,29,38,case_00194,201
0.7497814065480977,0.6465491954961639,2.0,0.736687604154225,0.6234291643042661,2.0,102,101,case_00086,119
1.139674381433749,1.875986173319361,7.810249675906654,0.5255468042259616,0.9851668911007543,7.810249675906654,77,88,case_00133,169
0.20930232558139536,0.40681059731478836,1.0,0.22727272727272727,0.4190702026042222,1.0,44,43,case_00033,322
1.1562891770015207,2.5002461145388852,12.806248474865697,0.676443397649495,0.5582607804665992,2.0,91,85,case_00075,202
0.30708661417322836,0.4612856225473011,1.0,0.33587786259541985,0.48819166275784676,2.0,131,127,case_00154,374
0.680773650356924,1.3890300140158423,7.810249675906654,0.32184741624111407,0.5076461003884146,2.23606797749979,155,168,case_00102,160
0.8135236358484789,0.7821535652135384,4.123105625617661,0.9469682875757702,0.9607657790250616,4.123105625617661,111,106,case_00086,335
0.5142294156642935,0.5710685503229201,2.23606797749979,0.4939892118025341,0.5437436880601474,2.0,126,127,case_00086,146
0.896432607782914,0.7984892299159454,2.8284271247461903,0.9174172242144831,0.7192496059706613,2.23606797749979,39,34,case_00075,376
0.785840285480905,0.855552224485499,3.1622776601683795,0.9766048874385885,0.9788988169525294,4.0,125,103,case_00079,358
1.1044776119402986,1.9365635694327203,10.0,0.8159234142656061,0.9739377271360168,4.47213595499958,140,134,case_00113,322
0.61719674871672,0.6281547400562559,2.0,0.7537542112080289,0.7328831741695937,2.8284271247461903,57,49,case_00075,217
0.7820100790466289,0.7620813136255066,2.8284271247461903,0.7971948264313156,0.7838880077607674,2.8284271247461903,104,104,case_00086,120
0.4266666666666667,0.5458530530788992,2.0,9.298469414361081,17.10299986789528,48.27007354458868,116,75,case_00134,202
0.45454545454545453,0.49792959773196915,1.0,1.389130200342692,1.503165485129652,5.830951894845301,37,22,case_00203,410
0.493632756112751,0.5062871735413896,1.4142135623730951,0.5044065272592883,0.5061742319899003,1.4142135623730951,94,92,case_00086,116
0.5052337620908891,0.7433701013978304,5.0,0.7451366718357738,1.069939876948937,5.385164807134504,260,229,case_00154,199
0.3968253968253968,0.48923920658483944,1.0,0.3821138211382114,0.4859041560157377,1.0,123,126,case_00033,147
6.0,0.816496580927726,7.0,7.602363105365593,1.7899930765720946,11.0,18,6,case_00154,385
0.4895192569814619,0.6322303056160781,2.8284271247461903,0.586637318135282,0.7154839362498993,2.8284271247461903,132,122,case_00133,148
0.48050779783625214,0.5748065577211177,2.23606797749979,2.1225499767898883,3.1539717027172354,13.601470508735444,254,155,case_00194,158
0.3893129770992366,0.48759448618843704,1.0,0.4315300968740935,0.49949580699553536,1.4142135623730951,140,131,case_00134,291
1.7387047829855562,1.5676176696320536,5.0990195135927845,2.4420583880540905,2.036300645990194,8.94427190999916,118,77,case_00079,332
3.7429490692360545,4.049269349537638,13.601470508735444,0.8520439155710557,0.6815404290389047,2.23606797749979,21,32,case_00161,131
0.27609475708248726,0.4514107720375782,1.4142135623730951,1.363398547784556,3.376647814105733,13.0,165,150,case_00102,167
0.5807849956124789,0.6097374008229461,2.23606797749979,0.561859088872654,0.5793880487550479,2.0,109,110,case_00203,161
0.9121429123087718,1.0888246723756745,4.123105625617661,0.9029081717230165,1.0504551491747134,5.0,123,114,case_00113,314
0.4020037467082999,0.5006732361399748,1.4142135623730951,0.42227480614191687,0.5038723825814578,1.4142135623730951,118,114,case_00014,179
0.5365685424949238,0.593375260020902,2.0,0.5703241201825457,0.6058366861173871,2.0,26,25,case_00075,121
0.8852208163313018,0.7821335842060778,2.23606797749979,1.5649422247304035,1.5469521959044985,6.082762530298219,57,43,case_00134,205
0.3958333333333333,0.48902894142939596,1.0,0.42,0.4935585071701226,1.0,50,48,case_00102,131
0.6804358415588929,0.6739469695393997,3.0,0.8240351428632414,0.7809321175462347,3.1622776601683795,180,157,case_00113,125
0.4807692307692308,0.4996300406448685,1.0,0.47058823529411764,0.49913419848462176,1.0,102,104,case_00033,137
0.7621198881822521,0.530620954295992,2.0,0.8404742688820818,0.5717834701007571,2.23606797749979,120,109,case_00075,354
0.4184098432466272,0.5723696356951307,2.0,0.43375901874933204,0.5860307679823967,2.0,190,187,case_00115,145
0.5207106781186548,0.5280723337699208,1.4142135623730951,0.6012359619454866,0.539156035955236,1.4142135623730951,23,20,case_00125,369
0.2676056338028169,0.44271080691554116,1.0,1.061713368507821,2.7586127329350276,12.0,156,142,case_00033,162
1.8395112647332694,3.3778468142546374,11.40175425099138,0.6026175275209061,0.6414826598190583,2.23606797749979,71,63,case_00079,322
0.4357755813019406,0.5283239455235038,2.0,0.5768344914093222,0.6684231657981841,2.8284271247461903,127,113,case_00134,146
0.7480175096493544,0.8184299624421845,4.0,0.9103512027252552,0.9829203846540553,4.0,117,109,case_00086,336
0.489444515886344,0.7899876135137474,4.0,0.505296538370996,0.6864190664645142,3.1622776601683795,117,110,case_00133,293
0.8486529469989821,1.101126915138419,6.324555320336759,1.0142972082269097,1.6709843888271623,11.0,324,312,case_00115,316
0.6764705882352942,0.7941176470588236,3.0,0.7515132194622539,0.7354719150885691,3.0,123,102,case_00161,205
0.9372048335647033,1.2003316358878366,5.0,0.9732591215573438,1.2115531444918415,5.0,53,47,case_00079,426
0.4857125259115389,0.5807358038557203,2.0,0.502888579608563,0.5850992836582329,2.0,84,82,case_00086,111
1.0467005216297345,0.8795730710127562,3.0,1.817957191668656,2.2006269383944854,12.041594578792296,176,130,case_00075,338
0.4457831325301205,0.5433721582544425,2.0,0.5245097592078547,0.551214006459171,2.0,95,83,case_00079,408
0.3188405797101449,0.4660271069801022,1.0,2.50962593470351,4.575890283596921,14.317821063276353,173,138,case_00033,365
0.4068965517241379,0.5570433243119634,2.0,0.46745630902072755,0.5420611387740906,2.0,162,145,case_00161,379
1.0046452802421397,1.7227011798742307,7.211102550927978,0.49072525264914724,1.0778618320591156,8.48528137423857,77,87,case_00133,170
0.4486486486486487,0.5870777938328848,3.0,0.602062252375093,0.7396248060934946,3.605551275463989,210,185,case_00113,133
0.5611528507157988,0.5596486859515096,2.0,0.5611528507157988,0.5596486859515096,2.0,121,121,case_00086,134
1.6078979518862033,1.5187350223827873,5.385164807134504,1.2927129404154032,1.1847025446727983,5.385164807134504,67,74,case_00086,298
0.6579779307676757,0.5422318666701699,2.23606797749979,1.7606183918660823,2.5676370833230555,11.0,335,282,case_00115,341
1.7347487977807035,2.7647627276597704,11.313708498984761,0.7021438679551408,0.6512237973913796,3.0,193,199,case_00161,338
0.36879432624113473,0.4824780525303532,1.0,3.349803291187882,4.469106257111265,15.0,237,141,case_00194,149
0.44685910656847544,0.5694883132047786,2.8284271247461903,0.5290911182689577,0.8299473408409138,6.4031242374328485,256,250,case_00115,348
0.5929199221505235,0.6396324933903671,2.8284271247461903,0.538721171599764,0.5534173175284209,2.0,114,117,case_00203,166
0.5509259259259259,0.7498142202461899,4.0,0.6394039168427748,0.8475147639976042,5.0,236,216,case_00113,144
0.49194677051109303,0.539265155375571,2.0,0.573062797510007,0.5866295606067005,2.23606797749979,284,259,case_00134,333
0.5410452614418746,0.6736088615144031,2.0,0.5777309269381632,0.6476679159151888,2.0,77,71,case_00075,135
0.7910447761194029,0.6699813638048788,3.0,0.9588463799298762,0.8333892669864924,4.47213595499958,158,134,case_00113,407
0.6527777777777778,0.868583172986365,4.0,0.7083398494412767,0.8116332206446477,3.605551275463989,81,72,case_00113,109
0.6896551724137931,0.5319740903635004,2.0,1.256781072509886,1.0847114347864646,4.123105625617661,41,29,case_00203,409
0.7551115531767265,0.8830665559622513,3.1622776601683795,1.3052948706322032,2.5048884546555117,13.601470508735444,276,240,case_00113,171
0.39898150707396524,0.563031289719731,2.23606797749979,0.6093752967398843,0.9870870073447714,5.385164807134504,162,147,case_00134,149
2.483836537582331,1.9292123787694047,6.708203932499369,1.7417529348244731,1.3401805654735062,4.47213595499958,47,46,case_00079,316
0.5043601427618221,0.5556786311620383,2.0,0.7160524472253555,0.6477189275891516,2.8284271247461903,251,190,case_00161,178
0.25,0.4330127018922193,1.0,0.23255813953488372,0.42246284010662677,1.0,43,44,case_00133,276
0.7905333925148258,0.6124189377533982,2.23606797749979,0.8381015477985783,0.6422836790027129,2.23606797749979,87,83,case_00086,320
0.4501544952431858,0.5038677103593634,1.4142135623730951,0.4618533357699265,0.5047540020853427,1.4142135623730951,94,92,case_00133,129
0.6237623762376238,0.48444078505841864,1.0,0.6082474226804123,0.4881418804846068,1.0,97,101,case_00033,135
1.6895689994715664,1.6969189171007915,6.0,1.5161405023691843,1.5364435025136383,6.324555320336759,91,79,case_00079,328
0.7174386867966887,1.0403348768836778,4.0,1.1211507537000216,1.4719206497778945,5.830951894845301,85,67,case_00203,399
0.4337776968446083,0.6475442419126324,3.0,0.43966643470642225,0.5774765280756072,2.0,112,107,case_00133,161
1.2184358705196257,0.6606562351253712,2.23606797749979,1.1616351479929197,0.5786314105397814,2.0,38,38,case_00075,220
0.5722344740518149,0.5166113910360013,1.4142135623730951,0.679496831510704,0.6386307801525216,3.0,115,106,case_00125,312
0.545619792334616,0.5756138464954147,2.0,0.5598191738241592,0.5720380167601065,2.0,64,62,case_00014,169
0.3787315368672646,0.4884515276793309,1.4142135623730951,0.4057437730950672,0.5038355400963133,1.4142135623730951,184,178,case_00115,143
0.4411764705882353,0.5253109146909338,2.0,0.5746074539119143,0.5906256171111102,2.23606797749979,81,68,case_00161,327
0.9463469768055152,0.8651561686199962,3.1622776601683795,0.8746193458854803,0.8055023918345188,3.0,58,59,case_00086,293
0.9372408199998898,1.9114767558136805,10.198039027185569,0.5539903955613749,1.2078565421588272,8.246211251235321,158,171,case_00102,168
0.4616294305526382,0.5192849791177307,2.0,0.7690118795805468,0.9532159928704482,5.0,312,261,case_00154,191
0.6530612244897959,0.6866368914800295,2.0,0.7072635443020302,0.6534913971691266,2.0,55,49,case_00075,295
0.4742016078527919,0.5299501116370415,2.0,0.6730915249401166,0.7803733327759751,4.47213595499958,403,350,case_00154,343
0.5240437574815007,0.5814242827597573,2.0,0.681297847769889,0.6770910501868747,2.8284271247461903,168,142,case_00113,122
0.3235294117647059,0.467822756487849,1.0,0.34285714285714286,0.4746642207381757,1.0,35,34,case_00133,274
0.8824326011114424,1.1235695772432845,5.0,1.278249616017313,1.46702903033174,7.0,187,146,case_00194,178
0.3422017337766885,0.4993097106412877,2.0,0.4346573898009744,0.6003071948088671,2.8284271247461903,142,131,case_00154,153
0.28378378378378377,0.45083317074627777,1.0,0.5021263834993445,0.9958007305650408,6.0,160,148,case_00033,164
1.256279642881192,1.6493551982497328,8.06225774829855,1.2661148474717598,1.5824335847530602,7.0,308,288,case_00134,308
0.6417921838801024,0.6438548545302307,2.0,0.7527310165510444,0.6851038167632801,2.23606797749979,139,121,case_00075,182
0.7129728306437884,0.6705616571509996,2.8284271247461903,0.6628700191982083,0.6090551413742222,2.23606797749979,116,119,case_00203,170
0.8529540790694818,1.0998488108060953,4.47213595499958,0.9461022016868861,1.14426180064165,6.082762530298219,225,207,case_00115,194
0.4603174603174603,0.49842280851135184,1.0,0.4668922787678269,0.5081358836152609,1.4142135623730951,63,63,case_00133,283
1.023817967136041,1.7389067744331275,6.324555320336759,1.5578944433812056,2.770542560538017,11.661903789690601,136,125,case_00014,211
0.455615117753805,0.5683547390249734,2.23606797749979,0.492120133172826,0.539006544394214,2.0,107,98,case_00079,399
0.4624277456647399,0.49858632723347585,1.0,3.179051421078318,4.716336143095519,15.0,257,173,case_00161,366
0.8134154836571709,0.710648941189275,3.605551275463989,0.7346663498429181,0.5602891137563257,2.0,82,84,case_00203,147
1.623942020935977,1.5415936373686034,5.385164807134504,1.3057714827064129,1.2862098720468198,5.0,64,73,case_00086,297
0.4016393442622951,0.49022972309198953,1.0,0.7061435804055503,1.07553086857488,7.0710678118654755,148,122,case_00161,145
0.5,0.5,1.0,0.6110456949966159,0.5537356396567794,2.0,75,64,case_00079,139
0.3968804931772035,0.5450058060983152,2.0,0.3950235775635651,0.5220419540039964,2.0,112,110,case_00133,160
0.6478263233765027,0.6528573305744106,2.8284271247461903,1.6744612470272957,2.360402692119444,10.816653826391969,389,305,case_00115,337
0.6090909090909091,0.5575181129622531,2.0,0.6939808103473344,0.5739462143066206,2.23606797749979,127,110,case_00113,201
0.5542588400217715,0.5203640933364513,2.0,1.2908596673413109,1.6715883569291075,7.280109889280518,152,109,case_00079,384
0.8671351309837442,0.8690932294209863,4.0,1.0588768739708037,1.1887078451462683,5.385164807134504,73,69,case_00102,301
0.67195083199192,0.6758246519026303,3.0,1.0836455716618234,1.002359526665324,5.0,162,109,case_00161,336
0.3940520446096654,0.539276960766947,3.0,0.4623331196495867,0.5918293058860222,3.0,289,269,case_00134,176
0.4787100428267725,0.6805471234267925,2.8284271247461903,0.39215686274509803,0.5268638761782118,2.0,51,52,case_00133,178
0.31035092119381297,0.5015061242603857,2.0,1.169893861342728,1.916922428382496,7.810249675906654,185,138,case_00033,334
0.43966643470642225,0.5618024542676142,2.0,0.4547191038092575,0.5336252995873781,2.0,118,112,case_00133,159
0.4791666666666667,0.4995657836784083,1.0,0.494022587371154,0.505906792963991,1.4142135623730951,98,96,case_00125,351
0.5038326698782918,0.5686245235803707,2.0,0.5374653921894533,0.5914732704171778,2.23606797749979,155,149,case_00115,302
0.46842105263157896,0.6126324832693634,3.0,0.5516553192893542,0.658613427432966,3.1622776601683795,210,190,case_00113,134
0.4234625284728314,0.5777439754870718,3.0,0.6594923235727247,0.8655165826853058,6.082762530298219,326,267,case_00161,357
0.3153153153153153,0.4646413318280226,1.0,0.3153153153153153,0.4646413318280226,1.0,111,111,case_00102,144
0.8886014305240857,0.7491760077932319,3.0,0.8859428408536275,0.6937105412189355,3.0,124,114,case_00075,154
1.0283686025471235,1.320408431303944,8.0,0.974183291580135,1.0182742299419347,5.656854249492381,213,196,case_00134,343
0.5339794043502923,0.5797224481955381,2.0,0.5471172276043639,0.5851955092399753,2.0,67,66,case_00014,233
0.9879666484948662,1.4954671181479793,6.4031242374328485,0.5111949611452188,0.5410487646726423,2.0,74,80,case_00133,171
0.31736526946107785,0.4654509159954198,1.0,1.7667432006506756,2.8861904400443765,11.180339887498949,237,167,case_00033,341
0.3024741225383708,0.5278144989976336,2.0,0.3282442748091603,0.5448264390856634,2.0,131,127,case_00115,367
0.33422520653140536,0.5357858876958302,2.8284271247461903,0.3433734939759036,0.5231260925389031,2.0,166,163,case_00115,363
0.4065040650406504,0.4911807306339257,1.0,1.3335370414947354,2.424708890885009,10.44030650891055,146,123,case_00014,189
0.7706436252668407,0.9902406212340333,5.0,1.239449183943596,1.6878562996071131,8.0,161,141,case_00134,348
0.48469972192998645,0.6570638068160964,2.8284271247461903,0.3853553390593274,0.5014990156106698,1.4142135623730951,80,84,case_00102,203
0.5185048645861595,0.9236362514067339,6.324555320336759,0.6047510227902022,1.0790163114773588,6.082762530298219,300,287,case_00154,170
0.33064516129032256,0.4704454682592013,1.0,0.33064516129032256,0.4704454682592013,1.0,124,124,case_00033,377
0.9064612715138647,1.2134436988605162,5.385164807134504,0.9636592981626025,1.1717286625546302,5.385164807134504,315,289,case_00134,317
0.5405405405405406,0.5499186472804273,2.0,0.7569887800499107,0.7025913844797803,2.23606797749979,45,37,case_00203,408
0.8121248962381005,0.6181584097761037,2.8284271247461903,0.864826333190725,0.6607128217594697,3.1622776601683795,103,96,case_00102,361
0.35914337781593736,0.5357387741903313,2.23606797749979,0.4481382689501963,0.7423678848107894,4.0,129,125,case_00133,302
0.49332581747612875,0.6677948982741811,3.1622776601683795,0.4350253912223009,0.5125192541894997,1.4142135623730951,104,103,case_00133,164
0.3333333333333333,0.47140452079103173,1.0,0.3487744794624728,0.485282618294266,1.4142135623730951,70,69,case_00033,397
0.4625,0.49859176687947826,1.0,0.4819277108433735,0.4996732856223547,1.0,83,80,case_00203,389
0.5811925767388999,0.673315995094374,3.0,0.7154747376549041,0.7550252399042037,3.605551275463989,183,158,case_00113,126
0.7073137084989848,0.49366721358564336,2.0,1.4589141181290652,2.6328638932704913,13.0,149,125,case_00075,165
0.5689259324309858,0.6781065093675983,3.0,0.9135415042121575,1.7561612133181648,10.0,209,194,case_00134,300
0.8904747757328058,0.761317078089972,3.0,1.0324548247199372,0.8448065174119316,3.0,59,51,case_00161,234
0.455950376732586,0.514131769276744,1.4142135623730951,0.5821452918865813,0.57924559884858,2.23606797749979,86,72,case_00194,107
0.7919389252093366,0.596438363659032,2.0,1.4168768660919153,2.388670479496966,12.083045973594572,143,117,case_00075,187
0.44285714285714284,0.496723961448963,1.0,0.45987950262791166,0.5103660058087084,2.0,214,210,case_00115,151
0.546875,0.5476185421516818,2.0,0.6767449270243537,0.5848215999318102,2.23606797749979,235,192,case_00161,172
0.35714285714285715,0.47915742374995496,1.0,0.36453952789951954,0.49204769341883453,1.4142135623730951,56,56,case_00125,302
0.4554787693267996,0.5003702788872945,1.4142135623730951,1.5391641386409711,3.61789380337558,16.76305461424021,275,249,case_00115,168
0.7075885435014134,0.5785857681279688,2.0,0.6875152974555033,0.5472427381874043,2.0,79,79,case_00102,306
0.5500557256056291,0.5468680965174577,2.0,0.7150660902838799,0.839085872787012,4.242640687119285,130,123,case_00014,183
0.5932203389830508,0.6731822748554407,3.0,2.0838241002179383,4.334455176922979,16.278820596099706,285,236,case_00113,157
0.46875,0.4990224819584785,1.0,0.5049018973842715,0.5171674136285611,1.4142135623730951,67,64,case_00125,363
0.4112427181701212,0.4975400420254805,1.4142135623730951,0.4057403136670382,0.4965780413352985,1.4142135623730951,107,108,case_00033,139
0.523441373394182,0.5142671164684273,1.4142135623730951,0.6714991280379351,0.5818613282001298,2.23606797749979,95,78,case_00161,332
0.6334236959914494,0.5885127329892808,2.0,1.5874125354071027,2.3214677149431355,9.848857801796104,143,103,case_00161,195
0.953986112934667,0.8698144417026378,4.242640687119285,0.8158474992269714,0.5676246436280556,2.0,82,81,case_00203,146
0.4796747967479675,0.4995867153085273,1.0,0.5415945165403852,0.5152658625070665,1.4142135623730951,136,123,case_00194,128
0.352463956856161,0.48846803122044535,1.4142135623730951,0.4108648926637997,0.5493434947921766,2.23606797749979,119,113,case_00133,158
0.43529411764705883,0.49579547072248187,1.0,0.43529411764705883,0.49579547072248187,1.0,85,85,case_00033,392
0.39285714285714285,0.48838551182776224,1.0,0.47692307692307695,0.49946717171532073,1.0,65,56,case_00079,136
0.7863616594766487,0.7989944288052878,3.1622776601683795,0.7208263185640509,0.7128724964838911,3.0,72,74,case_00086,302
0.7838476138846219,1.225094565094272,7.0710678118654755,1.0945003560626525,2.0645442458764274,13.0,365,347,case_00115,329
0.47512162612637127,0.641577803348643,2.23606797749979,1.8016987677432292,3.280762923442707,11.180339887498949,105,91,case_00203,378
0.591489839820324,0.5819487602472075,2.0,0.8578947627032977,0.7414383735959033,3.605551275463989,252,183,case_00161,177
0.7143523523748903,0.6436062604910344,2.23606797749979,0.7269705089157414,0.651755250998541,2.23606797749979,107,106,case_00086,121
0.4186046511627907,0.49333031245573084,1.0,0.40476190476190477,0.49084590781162624,1.0,42,43,case_00102,213
0.3333333333333333,0.4714045207910317,1.0,0.8356512491679234,1.0438226753825943,4.0,33,24,case_00203,139
0.6588561808316412,0.7784012673293534,3.0,0.6363358489736427,0.6592289891612015,2.8284271247461903,81,75,case_00075,137
4.050536161487341,3.178760834169036,11.180339887498949,1.45593737258954,0.9854722005242759,4.0,44,88,case_00203,209
1.2255703099251254,1.5422323301254326,9.0,2.7440675326710617,2.9888083699378285,11.045361017187261,229,159,case_00102,344
0.9123686328578697,1.788810091176028,8.246211251235321,0.5496144245257152,0.9856106015346734,6.082762530298219,117,124,case_00133,306
0.3713235294117647,0.5337723804696616,3.0,0.42401550609480665,0.5704394464006238,3.1622776601683795,289,272,case_00134,177
0.8998827735730864,0.7480893966758023,3.605551275463989,1.0085914706673293,0.7728314078516206,3.0,179,157,case_00102,315
0.33008634752003246,0.5423502358943738,3.1622776601683795,0.7475935564292493,1.481394117687698,8.0,292,258,case_00154,169
0.8408431703113178,0.6433898545021486,2.8284271247461903,3.222528140609957,3.5381766526685756,13.0,207,124,case_00102,348
0.5346274169979695,0.5236158181282144,2.0,0.5588988788422491,0.529093314583136,2.0,130,125,case_00086,144
0.31360955109711547,0.46820574219912475,1.4142135623730951,3.153826708450466,4.540561184518613,14.142135623730951,229,148,case_00033,353
0.973844876082663,0.7235580624159289,3.0,1.1315854852221392,0.9253952641426981,4.0,95,89,case_00154,144
0.7382022938089371,0.7865708722369442,2.8284271247461903,0.6661723733842504,0.7200545256319074,2.8284271247461903,53,55,case_00086,292
0.7139675847693197,0.965690416337636,4.47213595499958,0.49824925637496115,0.5502436611948052,2.0,49,52,case_00133,179
1.35287176168664,1.0665270422801096,4.242640687119285,3.675378007119973,3.9173668670990573,12.165525060596439,48,31,case_00154,384
0.5140648240365091,0.5087379283729846,1.4142135623730951,0.5662473595922533,0.5367118220504505,1.4142135623730951,69,65,case_00086,106
0.5,0.5,1.0,0.5172413793103449,0.49970264642032547,1.0,29,28,case_00133,111
0.47058823529411764,0.5915870893041358,2.0,0.8102259826666941,1.1442409194174643,7.211102550927978,146,119,case_00161,144
0.665271765241839,0.5882443068580174,2.0,1.6751274373257614,2.9319866083111346,12.0,154,123,case_00075,180
0.6767766952966369,0.540345541948264,1.4142135623730951,0.6767766952966369,0.540345541948264,1.4142135623730951,8,8,case_00075,119
0.5777180116595007,0.6002264154054382,3.0,0.8403821210482929,1.1056945688657136,7.0,309,268,case_00134,330
0.48480970059087897,0.516658338554564,2.0,1.4000996500682363,2.913292538937902,14.0,286,253,case_00115,314
0.6125041402922483,0.5621522469163396,2.23606797749979,0.6448942110323687,0.5093487330912035,1.4142135623730951,77,68,case_00079,419
0.5714285714285714,0.4948716593053935,1.0,1.3308744267178683,1.1263983577351246,4.123105625617661,25,14,case_00203,411
0.3768189532224723,0.49477260364990794,2.0,0.5787925714900232,0.7659117317351838,5.0,370,318,case_00154,350
0.1891891891891892,0.3916588309780929,1.0,0.1780821917808219,0.38258191900736827,1.0,73,74,case_00033,128
0.5666666666666667,0.49553562491061687,1.0,0.5735702260395515,0.5043317649467175,1.4142135623730951,60,60,case_00102,210
0.9382977925613935,1.0992301532862767,5.656854249492381,1.337775924454581,1.8242814022987848,8.246211251235321,136,124,case_00086,160
0.6415094339622641,0.6171859333507972,2.0,1.5622184810119384,2.604168896175318,11.0,135,106,case_00079,161
0.3,0.45825756949558394,1.0,0.5821593483307969,1.0644250116896974,5.656854249492381,89,80,case_00014,368
0.18181818181818182,0.38569460791993504,1.0,0.5027207477210069,1.767574900856736,13.601470508735444,61,55,case_00033,326
0.3150684931506849,0.46454314952912806,1.0,0.33811598921404024,0.47579989747748047,1.4142135623730951,226,219,case_00115,353
0.4854368932038835,0.499787870921699,1.0,0.49436743809974126,0.5055698133262096,1.4142135623730951,104,103,case_00125,346
2.025290811766713,2.949270609451315,9.055385138137417,0.6472471971056227,0.5228563456118779,1.4142135623730951,13,15,case_00014,382
0.5456661655329419,0.7649141285641775,3.0,1.2058345337019902,2.8243919421941004,15.0,269,239,case_00113,160
0.5207972582701925,0.6812226753604941,2.0,0.733818517837918,0.8582018310852997,3.1622776601683795,80,68,case_00134,203
0.4409595320773999,0.5068354019781955,1.4142135623730951,0.46255908835769294,0.5184570478519462,1.4142135623730951,116,113,case_00086,358
0.6608594218087409,0.6872814079382082,2.8284271247461903,2.0624553583884486,2.6493405155589285,8.0,154,121,case_00203,178
0.4842216809816518,0.5351286733119772,1.4142135623730951,0.6575212046424399,0.6669773968446719,2.23606797749979,57,48,case_00079,134
1.1445554227227208,1.8591063469366749,7.810249675906654,0.8694318677729918,1.0259624094471684,6.0,282,261,case_00154,331
18.49583274261334,4.520957296657702,24.0,12.08992364989261,1.6833734403771974,15.0,20,43,case_00161,239
0.9056282322033976,0.8223064331498645,3.0,1.2499990974680133,1.3071291419284286,6.708203932499369,166,137,case_00075,339
0.520396149721134,0.5647401500681609,2.23606797749979,0.6010234080735516,0.7075022832711086,3.605551275463989,123,117,case_00014,352
0.44052863436123346,0.4964505581314822,1.0,0.7043528638162166,1.9454403375749363,16.0,235,227,case_00115,157
0.575,0.49434299833212975,1.0,0.7370422622295203,0.6599182585312444,3.1622776601683795,47,40,case_00194,196
0.832613759080828,0.8080273351459957,3.1622776601683795,1.0477992026876997,0.9375712814341627,4.0,130,104,case_00079,357
0.592,0.6209154531818322,2.0,1.4315263288458377,2.9210326455256173,13.892443989449804,153,125,case_00075,171
0.5566037735849056,0.4967856809691164,1.0,0.5392156862745098,0.4984597576033788,1.0,102,106,case_00033,138
0.32857142857142857,0.46969377779353133,1.0,0.3618385419503164,0.48881068243022197,1.4142135623730951,73,70,case_00125,151
1.2729668740719018,1.1854097870173996,6.0,1.7501669636669155,1.8607694764651546,8.246211251235321,137,117,case_00075,317
0.4438134534034513,0.6263508065483886,4.0,0.5529062219668757,0.7282133682584494,4.242640687119285,250,224,case_00134,163
2.295501513360896,3.8976572440620005,19.0,3.433542980167644,4.568449652289904,16.1245154965971,397,321,case_00113,362
0.44036697247706424,0.5490808443099084,2.0,0.5169759656710284,0.568242716930659,2.0,122,109,case_00079,166
0.5968335868236383,0.5457506057653849,2.0,0.931025244712164,0.8410771330315997,4.0,256,185,case_00161,180
0.5391579661734845,0.5345832729771534,2.0,0.7551549320443842,0.7179521671555336,3.1622776601683795,105,85,case_00125,201
0.4375,0.49607837082461076,1.0,0.43037974683544306,0.4951292965976694,1.0,79,80,case_00033,394
0.6854838709677419,0.6139104626828469,2.0,2.063358009875777,3.3935767630762377,13.416407864998739,168,124,case_00075,174
0.5832487435301068,0.5130976310923886,1.4142135623730951,0.5953577286281401,0.52728342230851,2.0,117,116,case_00086,351
0.9573484234765146,1.3055353783892174,7.0,1.3284952470102243,1.7441198242167195,8.0,321,277,case_00134,313
0.39622641509433965,0.4891125055402159,1.0,0.44586339583110696,0.5072929953539145,1.4142135623730951,57,53,case_00125,147
0.3178294573643411,0.4656327881451537,1.0,0.3230769230769231,0.4676518201098666,1.0,130,129,case_00033,374
0.6064788710773077,0.5990009048179858,2.23606797749979,0.6448528137423857,0.586655647384842,2.0,150,139,case_00125,320
0.7162881951709859,0.5421704209179443,2.0,0.7987310073380112,0.5371213700385603,2.0,68,57,case_00075,213
0.4987196054085536,0.5086663363623553,1.4142135623730951,0.5955881566311023,0.5124048187693492,1.4142135623730951,81,67,case_00079,140
0.6970805106948227,0.7965231521932151,4.0,1.2164654439488818,1.9559026906082602,9.0,131,108,case_00079,193
0.2902368927062183,0.4645024715889456,1.4142135623730951,0.2902368927062183,0.4645024715889456,1.4142135623730951,60,60,case_00133,341
0.40860215053763443,0.5129832448118952,2.0,0.491970040471356,0.5397210507400519,2.0,105,93,case_00079,402
0.30645774510538515,0.47730784709630064,1.4142135623730951,0.3040074934165998,0.4818099702738912,1.4142135623730951,114,115,case_00014,342
0.37333333333333335,0.4836895239257882,1.0,0.4645311903721045,0.5054454876518015,1.4142135623730951,87,75,case_00079,143
0.4056170604445784,0.5648728685760614,2.0,0.5286848272135137,0.6831990999632794,2.23606797749979,134,122,case_00133,145
0.37902879184113636,0.5054491130239879,1.4142135623730951,0.6427100094934417,0.8858244960074151,5.0,268,233,case_00154,358
0.27699530516431925,0.44751414064948264,1.0,0.3037655778397554,0.4656365350899654,1.4142135623730951,220,213,case_00115,354
0.5021486883492108,0.5563187309498087,2.0,0.5009870529425761,0.5643194283633667,2.0,72,73,case_00014,232
0.7875634534034514,1.0438224156601823,5.0,0.887972088727358,1.0358783862884844,5.385164807134504,260,224,case_00113,330
0.3103448275862069,0.46263475396547377,1.0,0.7961216176777428,0.9879000290652641,4.0,41,29,case_00203,140
0.6042198380368571,0.5824656328142208,2.0,1.6608871763942226,2.134601199390629,7.0710678118654755,146,115,case_00203,188
2.0,0.0,2.0,3.3115390666529634,1.238430058594838,5.385164807134504,22,1,case_00113,427
0.4117647058823529,0.548669356064048,2.0,0.8056693190603589,1.107202306863934,4.0,40,34,case_00033,123
0.4883720930232558,0.5444046470102151,2.0,0.6497056274847713,0.7056079631173527,2.8284271247461903,50,43,case_00161,324
0.8757511641434736,0.7157378554485782,3.0,2.4441169405217207,2.621595966219888,12.0,241,154,case_00102,338
0.540084388185654,0.665196263389987,2.0,1.3363979732295432,3.150757964564339,15.297058540778355,272,237,case_00113,161
0.555067960683437,0.5665084439681781,2.0,1.584341217326395,3.0123543104183974,12.36931687685298,154,124,case_00075,178
0.7701457078159175,0.7492310280869089,3.0,1.0536128679309347,1.0459357328169891,5.0,147,123,case_00086,380
0.6281827833019414,0.8625544922781196,3.0,0.8948627154023514,1.7715736103903017,10.0,214,202,case_00134,303
0.46791954719620954,0.5596561802050907,2.8284271247461903,0.5941656831872596,0.7430452155913071,4.242640687119285,369,342,case_00154,342
0.5439321181626711,0.6270673656658997,2.8284271247461903,0.7683028120920232,0.8339215038873713,3.1622776601683795,140,119,case_00133,141
0.49107142857142855,0.5344479079634709,2.0,1.543519799564977,2.6592193097920207,10.0,141,112,case_00079,171
0.5329547240073881,0.510405444332007,1.4142135623730951,0.5235194659065272,0.5111564380602869,1.4142135623730951,99,101,case_00033,136
0.4117647058823529,0.49215295678475035,1.0,0.4215109073499552,0.5075654367981298,1.4142135623730951,85,85,case_00014,319
0.8993854896580625,0.7476107496194461,3.605551275463989,0.7752881757248431,0.5413371330696504,2.0,85,87,case_00203,148
0.8367209741056519,1.2604709042181728,6.082762530298219,1.0051908116038495,1.1401474728531398,5.0,116,90,case_00194,186
0.23728813559322035,0.42542035247495363,1.0,0.23728813559322035,0.4254203524749536,1.0,59,59,case_00033,125
0.4858723672710032,0.6359068178001542,2.0,1.4807020863056921,2.951018710652284,11.313708498984761,101,89,case_00203,379
0.41726384353931467,0.5627002982188113,2.23606797749979,1.7585828526316507,2.586927999966796,10.0,158,108,case_00079,183
0.523685048499035,0.984011629464858,7.280109889280518,0.4544418091473857,0.5871666657610107,3.0,312,301,case_00154,171
1.0445412134006378,0.639479204906245,3.0,1.1347480155341438,0.7015436230219695,3.0,109,102,case_00075,359
0.2905083120710486,0.45839444647905114,1.4142135623730951,2.5994394698613346,4.125218084713655,13.416407864998739,204,146,case_00033,179
0.5172493124976056,0.5689007973928437,2.0,2.053558087015058,2.8882664102752784,12.529964086141668,245,159,case_00194,161
1.294233878522655,1.780426889258383,8.0,0.8474321926614817,0.9704523209210405,5.0990195135927845,247,258,case_00154,328
0.6455680495531331,0.6309173545013471,2.8284271247461903,0.6060626479916914,0.5585099370003788,2.0,106,108,case_00203,160
0.6166220647704198,0.5491770307072629,2.0,1.2718713823605214,1.4663168560090303,7.615773105863909,155,110,case_00079,374
0.3264517228701818,0.4723342061564245,1.4142135623730951,1.5725175110601197,3.027407757006486,12.0,221,182,case_00154,361
0.32031585694162434,0.48034475652918945,1.4142135623730951,0.3492385864334701,0.4896269369688784,1.4142135623730951,47,45,case_00086,100
0.42947002491169994,0.5263971497270908,2.0,1.8395441392484109,2.65923351819867,8.94427190999916,202,143,case_00033,337
0.4536082474226804,0.5376661777486721,2.0,0.5623367817840663,0.6477857674081092,2.8284271247461903,106,97,case_00014,175
0.6577265630091745,0.5373148459906674,2.0,0.7461634981773706,0.5720996460427169,2.0,138,122,case_00075,160
0.41004171843933757,0.49770209292078615,1.4142135623730951,0.41988654043868817,0.505042416216735,1.4142135623730951,102,101,case_00014,364
0.7462282748482294,1.0752944321977103,5.0,2.182998498323944,3.240111300140321,12.727922061357855,163,122,case_00125,181
0.30158730158730157,0.4589470569778082,1.0,0.35520782471518264,0.5072337211558884,2.0,133,126,case_00014,193
0.8218473935909988,0.6265205716464746,2.23606797749979,0.8899012341160437,0.6306591519454353,2.8284271247461903,116,103,case_00075,358
0.42465194484676,0.5553310096232179,2.23606797749979,0.5472277340298625,0.755675462239475,4.123105625617661,139,133,case_00014,185
1.1794082441184481,1.663590327896653,8.0,0.6790256288098458,0.6057426808632469,2.8284271247461903,250,246,case_00161,343
0.7099535671287762,0.7179680547510993,3.1622776601683795,1.2885395155417012,1.5747657981749479,7.211102550927978,271,205,case_00161,163
0.3917917779228318,0.50075395345519,1.4142135623730951,0.5327375105408322,0.608881104492668,2.23606797749979,55,47,case_00203,341
0.7810568438694517,0.523457904381225,2.23606797749979,0.8243790283299491,0.5419709872152773,2.0,75,69,case_00154,382
0.5,0.5,1.0,0.5751105524111675,0.5311789513071593,1.4142135623730951,62,56,case_00014,311
0.40024296687817257,0.5168713522869934,2.0,0.5103835154471129,0.7010767912003981,4.0,250,234,case_00115,351
0.3923710054599329,0.4940680585724457,1.4142135623730951,0.3942307692307692,0.4886848369066563,1.0,104,103,case_00125,345
0.35365853658536583,0.478104775217382,1.0,0.43010752688172044,0.49509094336435866,1.0,93,82,case_00194,111
0.3723876120998956,0.7569935125654971,3.605551275463989,0.3910260124879436,0.7684149200895216,3.605551275463989,113,111,case_00133,297
0.28511150078650754,0.49948039289695456,2.23606797749979,0.3066568838228718,0.5264728642733327,2.23606797749979,132,130,case_00014,198
1.7582628362210444,2.2454053380397183,8.06225774829855,2.0609513590385733,2.6219135598240557,10.0,123,105,case_00075,197
0.7129810254138845,0.8890518793196251,4.0,0.7037447255986791,0.7886259323608629,3.605551275463989,256,241,case_00113,169
0.6872260419102717,0.6217265449794678,2.0,0.8927002147005118,0.7938959583554245,3.1622776601683795,103,85,case_00113,111
0.3068181818181818,0.4611732701750687,1.0,0.2988505747126437,0.4577542011894225,1.0,87,88,case_00102,138
0.6197847690086874,0.6531205314352123,3.0,0.946057228324822,1.1055392801907586,5.830951894845301,290,243,case_00134,198
0.3140014143203516,0.46827759556357773,1.4142135623730951,2.5034640038766636,4.107089236915289,14.422205101855956,214,151,case_00033,359
0.686789261019814,0.5093259741291895,1.4142135623730951,0.6977326838446488,0.5210589556166141,2.0,120,119,case_00086,133
0.48824642528351403,0.5025181778870899,1.4142135623730951,0.4840182648401826,0.499744518870674,1.0,219,220,case_00115,154
0.7098887223533287,0.5931502614386925,2.0,1.3250588676923662,2.0831363595280834,11.0,126,104,case_00079,159
0.5975489589249456,0.5071695534763774,1.4142135623730951,0.6422588984322123,0.5809505205993375,2.8284271247461903,72,70,case_00102,372
0.5993363570513268,0.6942027271939714,2.23606797749979,0.6566034763633652,0.6724620496064272,2.23606797749979,120,107,case_00075,148
0.30701754385964913,0.4612567307064879,1.0,0.3130434782608696,0.46373188264255255,1.0,115,114,case_00102,145
0.43616408614750535,0.5188644807794912,2.0,0.459377627171706,0.5252891750200297,2.0,115,111,case_00086,363
0.4017857142857143,0.49025906833186944,1.0,1.4333849201834374,2.6273854208060077,10.198039027185569,142,112,case_00079,169
0.9319572775455887,0.8492344921006237,3.605551275463989,1.0952168689801447,1.019294632754861,4.47213595499958,130,117,case_00075,315
0.7110126689543361,0.6130390825957358,2.0,0.8436695475343553,0.8210045470134253,5.0,127,118,case_00086,381
0.23076923076923078,0.4213250442347432,1.0,0.2530983691013792,0.44731662047642323,1.4142135623730951,53,52,case_00033,325
0.5789473684210527,0.49372797471825575,1.0,1.0291168824543144,1.03000895250843,4.242640687119285,25,19,case_00033,405
0.4266666666666667,0.63609922356675,2.0,0.4336977836505922,0.6026510464096245,2.0,78,75,case_00203,392
0.42857142857142855,0.49487165930539345,1.0,0.7753046932576436,0.9055138122588848,4.242640687119285,76,56,case_00079,423
0.46707106781186547,0.625974933693901,3.0,0.8102748850786808,1.7296250341501416,10.0,216,200,case_00134,301
0.5891123775561495,0.7179461028588014,2.8284271247461903,1.3554071356228694,2.0869066076397145,10.63014581273465,104,80,case_00079,344
0.8483550755896242,0.7488534373289423,2.8284271247461903,0.7342809041582063,0.6689530779174828,2.8284271247461903,75,82,case_00086,307
0.6356838129765434,0.6774361878064531,3.1622776601683795,0.7926741929827062,0.9128012299058741,4.123105625617661,78,73,case_00125,202
0.5076146260355114,0.6656255091582107,2.8284271247461903,1.1747982994077666,1.6571921244435768,7.211102550927978,174,137,case_00033,332
0.7963547265066603,0.8130935757914468,3.0,1.055558614359959,1.0232723656149074,5.0,186,149,case_00113,400
0.7878959656458797,0.7752272373276619,5.0,0.8368403730540303,0.6701972711057618,2.23606797749979,281,239,case_00161,166
0.550102898439495,0.7656864175479121,4.0,0.7725200356913865,1.4050515613901682,9.219544457292887,303,279,case_00134,183
0.3770491803278688,0.48464739341293384,1.0,0.3968253968253968,0.4892392065848394,1.0,63,61,case_00102,133
0.25547445255474455,0.4361275692347345,1.0,0.2560913759172514,0.44623210276015574,1.4142135623730951,136,137,case_00033,155
0.4107142857142857,0.49196347549842534,1.0,1.4977039167962047,2.702994404778004,10.04987562112089,142,112,case_00079,170
0.6111111111111112,0.5061351988413499,2.0,1.1671046666251341,1.5252122784200515,7.211102550927978,138,108,case_00079,389
0.44305667277727334,0.5176741243226731,2.23606797749979,1.8629703809462395,3.91198759140064,15.524174696260024,288,252,case_00115,171
0.7409558508666159,1.4338957043085963,9.219544457292887,0.6559328303576493,0.8933788807002037,5.830951894845301,289,276,case_00154,192
0.46307860074142965,0.6157641719615007,3.0,0.5882060627915386,0.7486772954590829,4.242640687119285,246,219,case_00134,162
0.6536491902749577,0.6105266055241919,2.0,0.7718377483482973,0.6507666705167068,2.23606797749979,52,45,case_00075,218
0.4952990784990381,0.5760943544168307,2.8284271247461903,1.4853960931996821,2.720788370196776,14.0,330,272,case_00115,179
0.5384615384615384,0.49851851526214314,1.0,0.5384615384615384,0.49851851526214314,1.0,13,13,case_00194,96
0.6076812600223876,0.5816103988314892,2.0,0.7004507934888324,0.5842676491992904,2.0,125,106,case_00113,202
0.7477687986896472,0.826599096376523,4.47213595499958,0.9998345081018676,1.3659119926969352,8.06225774829855,156,132,case_00075,176
0.2987012987012987,0.4576885762780804,1.0,0.4046023729152566,0.49740127758426067,1.4142135623730951,90,77,case_00079,144
0.7635931758974872,0.6616334295182814,3.0,3.172773844094672,4.026445975817337,13.341664064126334,226,144,case_00102,334
0.2328767123287671,0.42266434576826056,1.0,0.3411764705882353,0.4741045101084679,1.0,85,73,case_00079,142
0.5126269068069026,0.5050453418008426,1.4142135623730951,0.5,0.5,1.0,110,112,case_00033,141
0.5257863459633882,0.5883793230836979,2.23606797749979,1.6717072287567176,2.9195971967145513,13.0,386,318,case_00115,333
1.6635517045237067,1.7274744725813738,7.0,3.2926010471348612,4.216012064243853,14.560219778561036,388,318,case_00113,355
0.496972243377874,0.5423975109642359,2.0,1.4183309528827244,2.474813315072153,9.486832980505138,110,85,case_00079,200
0.6656172100399168,0.9361225653980192,5.0,0.7263725255087341,0.8520000475038876,5.0990195135927845,213,191,case_00154,325
0.8043799022330668,0.8683249399331554,3.1622776601683795,0.8999846674105615,0.8773104445548429,3.605551275463989,226,197,case_00113,388
0.4672897196261682,0.5350824376934443,2.0,0.523441373394182,0.5464967532097381,2.0,117,107,case_00194,120
0.6842449084665368,0.6696831877121356,3.605551275463989,0.6945014580348585,0.5973512902374071,3.0,143,132,case_00125,317
0.713947337783961,0.8711692805012727,3.1622776601683795,0.6844188420793988,0.8237898227922622,3.1622776601683795,68,67,case_00086,186
0.3333333333333333,0.47140452079103173,1.0,0.35353535353535354,0.478067053179767,1.0,99,96,case_00033,388
1.0359614166444475,0.7014280679644759,3.0,1.051162912680545,0.6507778542312255,2.8284271247461903,123,115,case_00075,351
0.25,0.4330127018922193,1.0,0.3157894736842105,0.464829519280413,1.0,57,52,case_00125,365
0.6889118729902285,0.7560120881354621,2.8284271247461903,0.7482241116949002,0.8285755790949793,3.605551275463989,69,65,case_00125,203
0.9316135594220687,0.6409248789765518,3.0,1.5379387574737124,2.376812388869471,12.36931687685298,138,122,case_00075,346
0.7194223389958184,0.6680470940289559,3.1622776601683795,0.6412260031581314,0.5570890415504691,2.0,79,83,case_00086,313
0.5365019143543035,0.5717032403063118,2.23606797749979,0.5746880194820693,0.6268556181275418,2.8284271247461903,112,109,case_00014,360
0.5217391304347826,0.5985173868667916,2.0,0.5654625309429058,0.566594056736187,2.0,103,92,case_00194,115
0.6744820169001213,0.5969880765939347,2.0,0.6713358722269966,0.594226905327963,2.0,158,159,case_00115,304
0.7075729284983003,0.7475723111379586,3.0,0.7604355806851293,0.7755726971257734,3.0,89,84,case_00086,323
0.7055289053962591,0.641980430823453,3.0,1.3523878140679493,1.5170636054461295,6.0,138,111,case_00203,194
0.3478052916469548,0.5546196062832662,2.23606797749979,0.45721349351738355,0.6564722548178479,2.8284271247461903,100,91,case_00154,379
1.384771147748635,4.295502404515434,21.18962010041709,0.38973139127471973,0.4939056346999947,1.4142135623730951,96,103,case_00102,194
0.6089642626289287,0.547151983271789,2.0,3.868212441498354,3.8746587477646286,11.180339887498949,167,94,case_00203,365
0.3884297520661157,0.48739314703427206,1.0,1.9980380829335143,3.348364902881864,12.529964086141668,162,121,case_00125,184
0.4478887904815124,0.5471705688000844,2.0,0.44092854704628415,0.5160001683168558,1.4142135623730951,89,88,case_00125,355
0.3125,0.46351240544347894,1.0,1.349605515651702,2.805082428867761,11.180339887498949,129,112,case_00133,311
0.31756889165747776,0.5629904246339571,2.8284271247461903,2.1364809688756425,3.844933727383964,13.0,181,146,case_00033,171
0.8209453094422011,0.761673919443607,3.605551275463989,2.1329307997801576,2.5999647554659213,8.0,152,122,case_00203,180
0.4611863922921939,0.6187853802883745,2.8284271247461903,1.3191979491199561,1.86355346720615,7.615773105863909,183,136,case_00033,333
0.36,0.48000000000000004,1.0,0.2727272727272727,0.4453617714151233,1.0,22,25,case_00014,380
0.8061253998610408,1.0083791481211535,6.324555320336759,0.6098003673883003,0.6863808844545892,2.8284271247461903,121,129,case_00102,191
0.7075067530127879,0.7545373864558212,3.605551275463989,1.198195563621488,1.6890915665493325,9.219544457292887,239,186,case_00161,185
0.45454545454545453,0.4979295977319692,1.0,1.370597962636908,2.445118418800696,10.44030650891055,140,110,case_00079,168
0.5050855414616755,0.6954331991968064,3.0,0.4494857858287583,0.5581003868941654,2.23606797749979,111,111,case_00086,369
0.3256964241608115,0.472430028651638,1.4142135623730951,1.9983928364285128,2.7794200962271254,10.63014581273465,256,164,case_00033,347
0.9202551297395322,0.7611570169057094,3.0,1.544123491086255,1.3230699546697269,5.0,89,61,case_00154,143
0.43226976394975974,0.5006424384476599,1.4142135623730951,0.45653173984934264,0.5031075750260511,1.4142135623730951,117,112,case_00125,172
0.2714285714285714,0.4446966404649538,1.0,0.3164082913834202,0.47350830770763563,1.4142135623730951,74,70,case_00133,336
0.49913347032700095,0.5974331635086313,2.0,0.5192745764489182,0.5848114223326096,2.0,103,99,case_00134,286
0.7488564252711166,0.6163538110792043,2.8284271247461903,0.6941602358673581,0.5404207716389468,2.0,115,118,case_00203,168
0.66,0.5141984052872977,2.0,0.8209875588572666,0.6106180706477548,2.8284271247461903,64,50,case_00079,425
0.553072625698324,0.5504990628413413,2.0,0.8714443258051906,0.9737617294112582,5.656854249492381,236,179,case_00161,176
1.7466123763373798,2.0644236984749744,7.0,0.8675136202255539,0.6879146533808222,2.8284271247461903,31,32,case_00086,196
1.1752961158827728,0.8253357135074598,3.0,1.0942458145582494,0.710460243008869,2.23606797749979,47,48,case_00161,235
0.7485702260395516,0.7056741103515333,3.0,0.9151150237511672,0.8012593513335251,3.605551275463989,146,120,case_00113,409
1.0036262665236384,1.001039515471965,5.0,1.0804344057482211,0.9810869608478232,4.242640687119285,231,214,case_00134,341
1.2309994775055262,1.9401165045138407,7.615773105863909,0.5750045409656918,0.7240224358030997,3.0,62,68,case_00133,175
0.20930232558139536,0.40681059731478836,1.0,0.2393114821409488,0.4368641840061761,1.4142135623730951,133,129,case_00115,135
0.8822708795946151,0.9664875038092031,4.0,2.251334248781693,3.223182798023396,12.649110640673518,317,240,case_00113,177
1.2997815628064464,1.6568116422295516,8.0,1.810958406993398,2.1173192777907457,9.219544457292887,337,267,case_00113,341
0.38095238095238093,0.4856209060564557,1.0,0.36585365853658536,0.481668723369061,1.0,41,42,case_00133,114
0.6070810141774731,0.5511093809655903,2.0,1.1383683553744584,2.158995216443267,12.083045973594572,140,119,case_00075,186
0.44680851063829785,0.49716261470416684,1.0,0.45562156515687435,0.5103862221367058,1.4142135623730951,47,47,case_00014,376
0.5921306193906309,0.7004649676107356,3.605551275463989,0.6366430090914277,0.7378579962930573,4.0,199,189,case_00134,299
0.8472333506293329,0.6055598168925306,2.23606797749979,2.3167386727119963,2.906433565162314,11.045361017187261,205,142,case_00075,333
0.26857142857142857,0.4432164441066358,1.0,0.2808988764044944,0.4494382022471911,1.0,178,175,case_00115,361
1.1695894636642479,0.8999101423271966,3.605551275463989,1.3302300078742604,1.0218677098073525,4.242640687119285,102,90,case_00086,328
0.33579889025222076,0.47594623602996516,1.4142135623730951,1.2727240044065362,1.921072210041465,8.06225774829855,232,168,case_00033,357
0.5,0.5,1.0,0.5142857142857142,0.4997958767010257,1.0,35,34,case_00014,378
0.45714285714285713,0.4981598792617913,1.0,0.4855837596579372,0.5050915790879448,1.4142135623730951,110,105,case_00125,166
0.3942307692307692,0.5619038589879608,2.0,0.7768411919557834,2.004529716442822,11.661903789690601,111,104,case_00086,373
0.9887288566535661,0.8421177090955511,3.0,1.0079788738159128,0.7997087879324325,3.1622776601683795,90,83,case_00075,364
0.8060059877300868,0.5677296579937295,2.0,0.846766987836789,0.5713702207670404,2.23606797749979,115,107,case_00075,356
0.6326127759401867,1.0171448689409504,4.0,0.7282866371492296,1.1641790497445625,4.47213595499958,70,69,case_00033,199
0.570696215908841,0.5971170905287632,2.23606797749979,1.011257538615607,1.1216862789574111,5.656854249492381,146,107,case_00079,367
0.45566836160613566,0.5026766401461682,1.4142135623730951,0.8048967637213869,1.8155432090167345,12.041594578792296,143,126,case_00194,131
0.3952952873460133,0.520164304902514,2.0,0.508014992797093,0.63920844312324,2.8284271247461903,90,82,case_00115,129
0.37037037037037035,0.48290388186686295,1.0,0.9304347826086956,2.141603377928646,10.0,115,108,case_00133,316
1.0084965623211017,1.439330359977065,6.4031242374328485,0.6996590121658661,0.9204796696563374,4.0,288,293,case_00134,193
0.8002512290065199,0.8344049579430188,4.0,0.8857100046677903,0.9261315362807642,4.123105625617661,109,101,case_00086,333
0.7750918514270562,0.7852540520106881,4.0,1.4881978970461813,1.7191508907553084,6.324555320336759,141,115,case_00203,192
0.6170814034064286,0.5518380440714811,2.0,0.7214757874616076,0.640876499886408,3.0,160,143,case_00125,323
0.33035714285714285,0.4889564846461811,2.0,0.7245098019898124,2.021099117901361,12.041594578792296,123,112,case_00125,175
0.7326544375118813,0.6850657166796179,3.605551275463989,0.9555863245464056,0.83232572133099,3.605551275463989,203,164,case_00075,324
0.5350877192982456,0.5160549501783414,2.0,0.6561687240812919,0.58495288550857,2.23606797749979,132,114,case_00113,116
0.6140880428047424,0.6669435387672775,2.0,0.679152024251269,0.6305363251765663,2.0,85,73,case_00075,206
0.3878016427874853,0.49185117480699375,1.4142135623730951,0.3782360434560398,0.48964272222787175,1.4142135623730951,128,130,case_00102,152
0.5909090909090909,0.49166608301781667,1.0,0.6973491527683775,0.5044253164482995,1.4142135623730951,27,22,case_00033,318
1.2502339953464994,1.2216671037706979,6.0,1.1578873866122388,0.816236022464535,3.605551275463989,144,126,case_00075,318
0.37990192478598467,0.495484647611286,1.4142135623730951,0.3971404520791032,0.5088674955124096,1.4142135623730951,60,59,case_00133,120
0.6254441738241592,0.6538880526737088,3.0,1.636838971797874,2.28679991091866,11.313708498984761,230,160,case_00194,164
0.6666666666666666,0.674948557710553,3.0,0.6774190456212644,0.5789828008571575,2.23606797749979,68,60,case_00075,131
0.6010152544552211,0.5306955876670435,1.4142135623730951,1.9940881391042282,1.8873457637500803,6.708203932499369,26,14,case_00102,388
0.37568795723461573,0.4947963935494916,1.4142135623730951,0.39359357111631366,0.5087997683020141,1.4142135623730951,116,114,case_00014,346
0.49986802116243007,0.6134099600172267,4.123105625617661,0.6480046471434241,0.717026440652303,4.123105625617661,379,329,case_00154,346
0.47860844797053975,0.5230217534465957,2.0,0.5574136093778698,0.5653510605233159,2.23606797749979,211,191,case_00134,156
0.46848385830773837,0.585681547007497,2.8284271247461903,0.671188410436263,0.8072525350412046,4.0,186,160,case_00102,182
0.7247996870229703,0.8233574231229895,4.47213595499958,0.9172215936720065,0.9871191451921376,5.0,293,246,case_00113,185
1.0261779277214236,1.4760579054114245,7.0,0.7247026286125543,0.8965229882736454,5.0,152,151,case_00033,192
0.48214285714285715,0.5666654161650869,2.0,1.490078413859257,2.679228941160513,11.0,143,112,case_00079,174
0.38528301268510745,0.5292716020227384,2.0,1.3503036150555296,3.2591234445200175,13.892443989449804,146,133,case_00033,372
0.8644266500730985,1.0710161108652063,6.0,1.0024696616466724,1.042714322831661,4.123105625617661,282,246,case_00113,378
0.7986495683914375,0.5265483895434607,2.0,0.861249296592962,0.5326099679237025,2.0,118,106,case_00075,355
0.5428571428571428,0.4981598792617912,1.0,0.6646054701618019,0.5126841362637083,1.4142135623730951,88,70,case_00075,300
0.25333333333333335,0.43492017147466905,1.0,0.29267214262495117,0.4712062442536473,1.4142135623730951,78,75,case_00125,360
0.4567901234567901,0.49812940745264234,1.0,0.5217391304347826,0.49952718665548085,1.0,92,81,case_00079,146
0.793760986354407,0.5930949994392642,2.0,0.8382879166247779,0.5886031742266956,2.23606797749979,61,55,case_00075,214
0.3884297520661157,0.48739314703427206,1.0,0.5833989393818237,0.866545111566544,5.0,263,242,case_00115,162
0.7858072283123468,0.6596503459253513,3.0,2.3332847072616976,2.781014804783303,13.0,230,152,case_00102,337
0.5381282645237542,0.5430699892041297,2.0,0.6766984487535477,0.6318402223643248,2.8284271247461903,168,142,case_00161,150
0.513983443418381,0.5321554668932902,2.0,0.615330897356564,0.5804861902178167,2.0,109,95,case_00079,397
1.0280401311451999,0.8715774493542443,3.605551275463989,1.2592396573898372,1.0269387786235835,4.47213595499958,139,109,case_00079,353
0.9574329298443488,0.736549970008182,3.0,1.1495273527407666,0.8912291201703679,4.47213595499958,121,98,case_00113,417
0.40745745266450806,0.5103420544139434,2.0,0.6478134928834639,0.9480553865770417,6.0,157,136,case_00125,191
0.6087202855236441,0.5409413172691241,2.0,1.1970846730341016,2.088008878903447,10.0,111,95,case_00079,196
0.3956043956043956,0.4889801200282855,1.0,0.40217391304347827,0.4903366768973895,1.0,92,91,case_00033,390
0.29,0.4537620521815371,1.0,0.47188517441681066,0.9451961757947631,8.54400374531753,112,100,case_00154,319
0.6829173593094257,0.6971404684386019,2.23606797749979,0.7213489664759264,0.7086096095005152,2.8284271247461903,89,84,case_00086,324
0.38461538461538464,0.576923076923077,2.0,1.0521804781003863,2.5222891963803455,11.40175425099138,113,104,case_00086,374
0.5773643237668811,0.6152356007424092,2.23606797749979,0.5872929074554727,0.6331269641366607,2.23606797749979,59,59,case_00102,296
0.4435665438656714,0.6702323881179707,3.0,0.4779073140485897,0.6366518117553902,2.8284271247461903,172,161,case_00134,295
0.6258201898816177,1.047244566927798,5.0,0.7379390467505064,1.2600789278681812,7.0710678118654755,136,129,case_00014,206
0.4482758620689655,0.4973174173053779,1.0,0.4946236559139785,0.521034040412289,2.0,93,87,case_00115,202
0.5470034445544047,0.5228459398397454,2.0,0.630641196674664,0.565405151554683,2.23606797749979,138,124,case_00075,163
0.35333333333333333,0.4780051138731561,1.0,0.37012987012987014,0.48283925831224167,1.0,154,150,case_00115,138
0.5797065839775924,0.8598906759619144,5.0990195135927845,0.503599053482988,0.5522196590937315,2.0,111,106,case_00079,395
0.3760229624966895,0.4999110715930387,1.4142135623730951,0.8959816314479488,1.9142544764945448,11.40175425099138,137,115,case_00125,177
0.2922077922077922,0.4547773063608605,1.0,0.4911396899848524,0.8182274076538067,4.0,168,154,case_00033,167
0.6186752542670546,0.56540247094246,2.0,0.8494070100751614,0.7353094694612393,4.123105625617661,267,205,case_00161,169
0.4567901234567901,0.49812940745264234,1.0,0.4735174039603194,0.5134064142523544,1.4142135623730951,82,81,case_00014,317
1.3113176759321317,1.5652276122697564,5.830951894845301,0.7350456099856254,0.718548345503464,2.8284271247461903,53,59,case_00113,305
0.715976960798632,0.6607038171362684,2.0,0.8372211084996721,0.6737880920195672,2.23606797749979,71,59,case_00075,297
0.5517355016857594,0.6521638336409749,2.0,0.5067400190866468,0.5952526053426191,2.0,36,37,case_00161,323
0.9198759867119705,0.7946320591123832,3.1622776601683795,0.7829800101046954,0.5598329143697656,2.0,68,67,case_00203,143
0.5213617167407908,0.5278642589846615,2.0,1.2328165920296614,1.6423362973442028,7.211102550927978,152,109,case_00079,386
0.4949537389631233,0.5333221924805932,1.4142135623730951,0.5,0.6123724356957945,2.0,16,17,case_00125,211
0.43970354107742904,0.5164830032804416,2.0,0.45501594011509855,0.5391056601871511,2.0,215,213,case_00115,152
0.9640483881005486,1.0114305007175166,4.47213595499958,0.8224572325444061,0.765159370680487,3.0,84,84,case_00102,310
0.7142857142857143,0.6998542122237652,2.0,0.6010152544552211,0.5306955876670435,1.4142135623730951,14,14,case_00079,129
1.0863650041825896,1.4538630911207577,7.0,1.6478337007557975,2.190488361260245,10.0,331,279,case_00134,312
0.2717391304347826,0.4448561289061114,1.0,0.8531381429027258,1.9422037249280746,10.198039027185569,208,184,case_00154,363
1.9628752563392422,2.137802060792364,10.295630140987,0.8981313211708409,0.7135471978896212,2.23606797749979,19,26,case_00161,129
0.6082842712474619,0.4999902452577892,1.4142135623730951,0.762530564869213,0.6601428004231991,3.1622776601683795,58,50,case_00194,192
0.5519746604591927,0.5714277276872589,2.0,0.6631859629250445,0.6273099010158494,2.23606797749979,162,141,case_00125,322
0.7282088592394318,0.621029986296819,2.0,0.8325144885870702,0.6572059238112579,2.23606797749979,136,119,case_00075,185
0.4166666666666667,0.4930066485916347,1.0,0.42840251249850697,0.5017622992334373,1.4142135623730951,85,84,case_00125,357
0.7737064522005502,0.6335442571937953,2.0,0.7414006896121914,0.5975823612352664,2.0,118,119,case_00086,130
0.805060162890703,0.8680166687777378,4.0,1.56003491361583,4.016266130674388,25.079872407968907,156,127,case_00113,197
0.803030303030303,1.0970994398412153,4.0,5.31349258357762,10.79296107124814,35.11409973215888,165,132,case_00113,323
0.8140980803370658,1.0870550860172399,4.0,0.8177848278829372,0.9925090070778341,4.242640687119285,52,45,case_00079,427
0.4628774712581978,0.6019856994713741,3.0,0.5835294536784776,0.6326405910392078,2.8284271247461903,324,274,case_00161,350
0.6774193548387096,0.6419273787784645,2.0,1.9154913630387402,3.178880790785718,13.0,164,124,case_00075,175
0.5755743761494074,0.7175430186923057,4.0,1.014844360219915,1.4446625865084608,8.0,342,286,case_00134,323
0.5,0.5,1.0,0.5588988788422491,0.5143492200363037,1.4142135623730951,130,118,case_00194,125
0.4318181818181818,0.4953294254023492,1.0,0.4897959183673469,0.499895865874118,1.0,98,88,case_00194,113
0.6411428043021884,0.6892110372437562,3.0,0.726995945781595,0.7176037595265855,3.1622776601683795,92,79,case_00075,302
0.5404501007513847,0.645922606957841,2.23606797749979,1.3675146085291734,2.4608595493008587,10.0,108,86,case_00079,201
0.5576923076923077,0.601711071044693,2.0,0.6829307764329102,0.6355122539109791,2.23606797749979,185,156,case_00161,155
0.6579655366926561,0.6839917479790024,3.0,0.8069704945496892,0.8536970311101182,4.0,150,131,case_00125,195
0.48325358851674644,0.5712045007052016,3.0,0.5917480181663817,0.6539205309316549,3.605551275463989,234,209,case_00113,142
0.748615018344726,0.6450163893607819,2.8284271247461903,1.5279984444018744,1.6083247051547884,7.615773105863909,242,170,case_00102,341
3.460248686037162,2.3103658026142098,7.0,1.4800466989026704,1.3138220715659998,4.47213595499958,24,45,case_00086,285
0.6684407907908569,0.6804579155103307,2.8284271247461903,1.4235378323959014,2.142307650344153,8.0,138,122,case_00203,174
0.5050505050505051,0.6092508626262715,2.0,0.5772933415133249,0.6099914267442802,2.0,112,99,case_00079,156
0.41228070175438597,0.49224518759993685,1.0,0.4358974358974359,0.5128205128205129,2.0,117,114,case_00086,342
0.22950819672131148,0.42051656847149693,1.0,0.25396825396825395,0.4352796571683202,1.0,63,61,case_00133,121
0.5397169749024189,0.5404062549004361,2.0,1.067084255153693,1.2180120749094856,5.830951894845301,180,132,case_00125,328
1.263460344779669,1.422799217156677,5.0,0.9276500781979693,0.9458911605803579,4.123105625617661,143,145,case_00194,183
0.3835302494530401,0.49147821514701523,1.4142135623730951,0.9159374142541007,2.6914128782609117,16.0,242,229,case_00115,158
0.8171351061976798,0.9294814618052153,4.47213595499958,0.6577837921713495,0.568973408136914,2.23606797749979,78,79,case_00203,145
0.362962962962963,0.4808542923590365,1.0,1.7169230490113567,3.6612483316947584,13.892443989449804,156,135,case_00033,370
0.4603174603174603,0.49842280851135184,1.0,1.1037003253825632,1.590182704845075,7.0,79,63,case_00203,346
0.375,0.4841229182759271,1.0,0.4117647058823529,0.49215295678475035,1.0,34,32,case_00033,404
0.5814093313103814,0.6355302300726401,2.0,0.6710177351344648,0.6734844860731144,2.23606797749979,104,93,case_00075,142
0.40461371107733063,0.6483506314243916,2.8284271247461903,0.4113342813975764,0.6254190087719961,2.23606797749979,116,113,case_00014,339
0.41509433962264153,0.4927382964981357,1.0,0.41509433962264153,0.4927382964981357,1.0,53,53,case_00133,117
0.8125,0.7116954521891135,3.0,1.1247855816094061,1.0181264819925981,4.0,116,96,case_00161,215
0.373134328358209,0.4836373655528254,1.0,0.4166666666666667,0.4930066485916347,1.0,72,67,case_00125,362
0.3647603013860688,0.5377472870735532,2.0,0.9659628692735197,1.4558665165914895,5.830951894845301,57,45,case_00125,206
0.3602186701903553,0.4893600707833254,1.4142135623730951,0.3824642528351407,0.5126519329858873,1.4142135623730951,66,65,case_00133,284
0.6574487105895497,0.5132381190609112,1.4142135623730951,0.7302478566101822,0.5566644616087826,2.0,51,46,case_00014,235
0.5283018867924528,0.49919836057822464,1.0,0.5370370370370371,0.49862637103097257,1.0,108,106,case_00125,342
0.44642857142857145,0.6244895875016326,2.0,0.6025616550986753,0.7089365934946439,2.8284271247461903,67,56,case_00161,232
0.6814929149486143,0.54576779754952,2.0,0.6795040568574726,0.5482420256432825,2.0,122,122,case_00086,136
0.45,0.49749371855331004,1.0,0.495914931541576,0.5271412566700104,1.4142135623730951,42,40,case_00125,295
0.9703813349615648,0.7655963966320567,3.0,1.3510655013894357,1.1699857329351753,5.385164807134504,139,108,case_00079,351
0.3908146086279308,0.502021758935708,1.4142135623730951,0.8639576385880111,1.395512361015063,6.708203932499369,98,84,case_00014,367
0.5765685424949238,0.5424346803735413,2.0,0.6137377389144123,0.5539587454221596,2.0,79,75,case_00102,305
0.8017766952966369,0.48182375499678715,1.4142135623730951,1.2994555559224745,0.7868338870908651,2.8284271247461903,13,8,case_00203,328
0.8907888093556592,0.9085939225937768,3.1622776601683795,6.832359159998573,11.313721060640795,39.6232255123179,113,63,case_00134,353
0.6466960044951373,0.6418511953835627,2.23606797749979,1.11292110205218,1.2206465701333824,6.4031242374328485,140,106,case_00079,364
0.9772537858482121,1.030860879599951,5.385164807134504,1.0670322868764146,0.8759219144493215,4.0,138,113,case_00079,347
0.8521953458954347,0.6705126906020024,2.8284271247461903,0.7709318139294882,0.5702669271108455,2.0,87,91,case_00203,150
0.24778761061946902,0.43172782009382193,1.0,1.4147818164754484,3.0010041652014894,11.40175425099138,131,113,case_00133,309
0.4051308637694155,0.5167269179870015,2.0,0.5716246990949502,0.7730262141149755,4.123105625617661,185,167,case_00102,181
0.3409090909090909,0.4740148548775956,1.0,0.3409090909090909,0.47401485487759565,1.0,44,44,case_00033,402
0.30434782608695654,0.4601306627938419,1.0,0.38461538461538464,0.48650425541051995,1.0,26,23,case_00086,95
0.5711294492161062,0.6010916338114409,2.0,1.0012805011146932,1.8737531511917527,9.899494936611665,111,96,case_00079,195
1.1050332457344896,0.8666739571740468,3.1622776601683795,1.0054251233256664,0.7883357549686804,3.1622776601683795,68,72,case_00086,299
1.8084490620973266,3.1752878871481696,12.529964086141668,0.9146297895672759,0.5721772227777236,2.23606797749979,61,51,case_00079,320
0.4221978471232336,0.5428829992341625,2.0,0.44323520916159054,0.5688080074677933,2.0,75,74,case_00086,108
0.4,0.48989794855663565,1.0,0.4,0.48989794855663565,1.0,35,35,case_00033,320
0.6615103195544803,0.7100363863482374,2.8284271247461903,0.7075793990574891,0.6815781579054528,2.23606797749979,115,103,case_00125,200
1.5052133400307792,2.1444672020467936,8.06225774829855,0.6308239833749256,0.5529600398787379,2.23606797749979,54,59,case_00161,325
0.6355396131434454,0.6599966461770742,2.23606797749979,0.8974747139418654,0.9158438224204691,4.242640687119285,104,81,case_00079,340
0.3050847457627119,0.46044331210868217,1.0,0.31666666666666665,0.4651761912317621,1.0,60,59,case_00033,399
0.44040610178208844,0.5130159087747298,1.4142135623730951,0.42857142857142855,0.49487165930539356,1.0,35,35,case_00125,368
0.3190773010276778,0.4700792338483747,1.4142135623730951,1.9666027125147822,3.361305161487279,13.416407864998739,217,158,case_00033,358
0.5706158620211186,0.5450128874108006,2.0,0.5823711074671473,0.5529047895176895,2.0,107,106,case_00086,122
0.7568228508728914,0.801625715518935,2.8284271247461903,0.7677605147175305,0.8173858021867215,2.8284271247461903,66,65,case_00086,105
0.2857142857142857,0.4517539514526256,1.0,0.2805755395683453,0.4492804315394531,1.0,139,140,case_00033,158
0.9026396500683087,0.7821860959503103,4.123105625617661,2.9679717948674473,3.5794556357318177,13.601470508735444,206,143,case_00102,347
0.5048863199551286,0.5874434474246585,3.605551275463989,0.8436867852742599,1.1386206880096208,6.708203932499369,363,305,case_00154,183
10.346016344448374,2.523925951897856,14.866068747318506,6.6804604217163694,0.7335633718689936,8.0,6,39,case_00033,207
0.3787878787878788,0.48508516950248853,1.0,0.38506384185413783,0.4956462767296103,1.4142135623730951,132,132,case_00033,151
0.5486725663716814,0.564293754581588,2.0,0.9108724907793706,1.203197227521369,6.708203932499369,137,113,case_00079,380
0.9864135177359464,0.6775596929126573,3.0,1.0658321133162938,0.7440813656029267,3.1622776601683795,87,81,case_00075,365
0.2826086956521739,0.4502677212436517,1.0,0.4042301319397443,0.5123708875003564,1.4142135623730951,54,46,case_00194,102
0.5061728395061729,0.5799841800763629,2.0,0.5835042628659145,0.6009827233630279,2.23606797749979,181,162,case_00161,372
0.478425636996988,0.7142072253285344,4.0,0.6255849865627382,0.8813847872760981,5.0,327,295,case_00134,186
0.4266744150476682,0.534693988644391,2.23606797749979,0.5220526429136391,0.6309114623471365,3.1622776601683795,340,312,case_00154,172
0.7782337010906103,0.691148059260926,2.23606797749979,0.7911459578221595,0.6819070056325488,2.8284271247461903,88,84,case_00086,325
0.6002805308363112,0.5394247619201039,2.0,0.6107133363470144,0.5578886511873924,2.0,152,152,case_00115,303
3.5415678831110076,1.4921553868640427,5.830951894845301,1.0,0.0,1.0,1,13,case_00203,327
0.3972602739726027,0.4893307150545685,1.0,0.41333333333333333,0.492431608336517,1.0,75,73,case_00102,206
0.5822335072099114,0.6360769502755068,2.0,0.6944513455122578,0.6879628509387483,2.8284271247461903,90,78,case_00075,138
1.3858321436350514,1.109497373220428,4.47213595499958,1.3682582411879933,1.0575610730151654,4.242640687119285,106,99,case_00113,419
0.5060112445978197,0.5935368174544009,2.23606797749979,0.764625037941477,1.239580845513965,7.615773105863909,132,120,case_00133,152
0.5357142857142857,0.49872285870603367,1.0,0.6191175490326045,0.5126863628318066,1.4142135623730951,65,56,case_00079,219
0.5180092853205693,0.5644669184822113,2.0,0.6117410341978647,0.6464148165066446,2.8284271247461903,101,92,case_00102,363
0.5846327552903927,0.8697234199191428,4.123105625617661,0.534066903613217,0.7343935906404431,3.1622776601683795,114,112,case_00133,292
0.8457990850234373,0.7371888748382475,3.0,0.9332681143747009,0.7301034383783537,3.0,99,85,case_00075,304
0.42796688683676193,0.5581945770755152,2.0,0.42961084049082593,0.5522842194614106,2.0,96,95,case_00102,195
0.4260869565217391,0.4945066854995802,1.0,0.5051370849898477,0.5448270600548026,1.4142135623730951,125,115,case_00125,336
1.7831595229178479,2.835878535409421,17.0,3.464886741232005,4.613734879088453,16.0,387,311,case_00113,360
2.268857007002574,3.8951133661216946,20.0,3.8333448238504935,5.017004317949456,17.0,407,316,case_00113,363
0.5263680762265017,0.6002493529294713,2.0,0.5822864055897049,0.641048002777812,2.0,96,91,case_00154,146
0.8970850855766774,1.0053915255897519,5.0990195135927845,2.0200801779278814,2.8261224995451215,12.0,325,244,case_00113,180
0.8209103965555598,0.6499935868881079,2.23606797749979,0.8017253465887357,0.6367332563338508,2.23606797749979,83,83,case_00203,347
0.4482842712474619,0.5648373324702713,2.0,1.0324296882771278,1.7553847898593113,8.48528137423857,129,100,case_00079,194
0.22448979591836735,0.4172458836787933,1.0,0.23232323232323232,0.4223140396033712,1.0,99,98,case_00102,141
0.8830967091523197,1.1864401385170442,5.0,3.6793970134067386,7.652272584858151,26.92582403567252,126,96,case_00134,352
0.5170876644577407,0.6770219670661445,3.0,0.855169911899183,1.3717955780340345,9.055385138137417,274,237,case_00134,306
0.4038597038265423,0.5013100378404086,1.4142135623730951,0.45924606336027635,0.5415669247289367,2.23606797749979,119,111,case_00086,341
0.45482235472287,0.5287940167313074,1.4142135623730951,0.45482235472287,0.5287940167313074,1.4142135623730951,37,37,case_00125,294
0.5565028153987288,0.6166884273709766,2.23606797749979,0.9042601187615592,1.0410709817935002,5.0,132,100,case_00161,197
0.2951184463531091,0.46141640913834764,1.4142135623730951,0.36805200515208586,0.5321112408757399,2.23606797749979,129,120,case_00154,151
0.4845360824742268,0.5199802149657109,2.0,0.5799325926380208,0.6224851097059811,2.8284271247461903,105,97,case_00115,201
0.7142857142857143,0.6998542122237652,2.0,1.0,1.0,3.0,8,7,case_00075,224
0.3793103448275862,0.48521542343000995,1.0,0.3793103448275862,0.48521542343000995,1.0,29,29,case_00014,379
0.4915254237288136,0.5636708185869794,2.0,2.1613477845163405,5.918927602150115,25.495097567963924,78,59,case_00194,188
0.947810252999385,1.3182017009203264,7.0,0.7173047960361029,0.6376682389680567,2.8284271247461903,279,250,case_00161,344
0.3974358974358974,0.48936755599980303,1.0,1.118318716982975,3.1780435580412214,16.76305461424021,251,234,case_00115,160
17.503706508832394,2.1067606107102557,23.769728648009426,17.119236829231617,0.8881853645623004,18.439088914585774,7,11,case_00154,213
0.5964279033553064,0.5321302894856504,2.0,1.293598924923188,1.6892687318673127,7.615773105863909,148,108,case_00079,387
2.0990995107415666,3.596215273708176,12.083045973594572,0.7078992326020965,0.5763783564766258,2.23606797749979,66,59,case_00079,321
0.34615384615384615,0.47574295680203776,1.0,1.0746178607821664,1.6559756268790229,7.211102550927978,68,52,case_00203,344
0.46474639358747133,0.5901665052619925,3.0,4.22928068348811,7.816414201389924,27.459060435491963,178,140,case_00115,195
1.358265951328427,1.7391603787038121,6.324555320336759,0.5359034358039512,0.5295045562231623,1.4142135623730951,37,46,case_00194,198
0.4622506436708752,0.6313234039579438,2.8284271247461903,0.49897040602877085,0.6438090340846594,3.0,104,98,case_00014,328
0.5552158827232931,0.5463303914349834,2.0,1.7467475934486723,2.7975106482795393,10.0,114,89,case_00079,199
0.8564273021874133,1.1532411334534007,6.4031242374328485,0.8753094500013237,1.0476018949843227,6.0,286,268,case_00115,184
0.5233644859813084,0.5178278570914044,2.0,0.7755491064348734,0.8811789485760436,4.47213595499958,127,107,case_00079,390
0.41935483870967744,0.49345350131543075,1.0,0.4525263624980476,0.5067132845927242,1.4142135623730951,65,62,case_00125,149
0.31654676258992803,0.46512891727322625,1.0,2.9520005027584015,4.188649417271043,13.0,220,139,case_00194,147
0.3108108108108108,0.4628255078255057,1.0,1.3146170446528782,5.5713620155968115,42.941821107167776,82,74,case_00154,315
1.0541596518973841,0.5269120583175855,2.0,1.15625776370129,0.5814361391249186,2.23606797749979,80,72,case_00075,368
0.6066347579135982,0.5290383676395995,1.4142135623730951,0.739744786345614,0.7927504820245506,4.242640687119285,74,71,case_00086,395
0.5726872246696035,0.6066832657911176,4.0,0.6646237262731699,0.736261482417056,5.0,247,227,case_00134,164
0.42242640687119276,0.5114253912135117,1.4142135623730951,4.655019836776337,9.053897875610428,35.77708763999664,123,100,case_00154,321
1.0696350055193182,1.278146600646994,5.0,0.6707106781186548,0.6325718822850209,2.8284271247461903,40,45,case_00194,197
0.5133061887780748,0.5907764014939387,2.23606797749979,0.5308975313523612,0.5870722573076965,2.23606797749979,83,80,case_00086,110
1.3030260920196983,0.9472914539643902,3.605551275463989,1.2451102252836783,0.9581518445808966,3.605551275463989,79,84,case_00086,180
0.893201334003911,0.5330652774739582,2.0,0.9994704417479066,0.5949790017663085,2.23606797749979,68,61,case_00075,371
0.5689720869120796,0.5900387820431069,2.0,0.5228098961673079,0.539616476306818,2.0,62,64,case_00102,209
0.5,0.5899484856207994,2.0,0.8597948099325806,0.9387176577743582,4.0,137,102,case_00161,200
0.2890625,0.45332700238762524,1.0,0.31166738263165034,0.4727305042267077,1.4142135623730951,131,128,case_00014,194
0.4189723320158103,0.5091608721228349,2.0,0.47236179976949705,0.5209796393948387,2.0,275,253,case_00134,170
0.319222158546861,0.47077237095797014,1.4142135623730951,1.8740468376295996,3.913839180346553,13.892443989449804,159,136,case_00033,368
0.987823216984864,1.302520725666634,5.0990195135927845,1.0315686877336097,1.2858454456193507,5.0,308,293,case_00134,318
1.2425821457448178,0.9168451317924902,3.0,2.7776986098596055,2.37202354455893,8.48528137423857,38,26,case_00113,425
0.49400112206106056,0.7733486629976857,3.605551275463989,0.4975360583729279,0.7473823115369551,3.605551275463989,98,95,case_00014,325
0.688653340069797,0.5910042207763143,2.0,0.8076783947341315,0.6305994058669071,2.23606797749979,40,34,case_00086,195
0.4170789099336618,0.6451427108127148,3.1622776601683795,0.3474576271186441,0.5268569844871036,2.0,118,122,case_00133,299
0.2855529613749786,0.4589055869246464,1.4142135623730951,0.2967889164311584,0.48760540984779116,2.0,89,89,case_00133,128
0.3076923076923077,0.4615384615384615,1.0,0.4021964146610211,0.5016967036919402,1.4142135623730951,104,91,case_00079,152
0.6000714249365482,0.7513570393311758,4.0,0.663090551906021,0.717820224657904,3.1622776601683795,222,199,case_00113,138
0.39527625722930737,0.4987137035983079,1.4142135623730951,0.4433632739320099,0.5400166513231257,2.23606797749979,127,121,case_00115,197
0.5650369610734481,0.5509448703497858,2.0,0.9708670061308414,1.2101901146305047,5.830951894845301,140,114,case_00125,315
0.411214953271028,0.49205407779768917,1.0,0.5975412607362389,0.674866239871092,3.0,128,107,case_00113,114
0.5824539052923322,0.7782683191869486,2.8284271247461903,0.6685591889809217,0.8138011478906648,2.8284271247461903,119,109,case_00133,136
0.5917827577532824,0.7013547111011764,3.0,0.9697447924273584,2.1152373823997825,13.0,287,266,case_00134,173
0.37777777777777777,0.48483164953936514,1.0,0.5861225490989808,0.6839452552322401,2.23606797749979,53,45,case_00203,340
0.34507042253521125,0.47539123469683586,1.0,0.43428300858899116,0.5173473383046387,1.4142135623730951,160,142,case_00161,380
0.7019214159589952,0.8074572291347383,5.0,1.69310694282499,2.616718411812265,11.313708498984761,311,235,case_00113,181
0.4528185995049091,0.5550794633917335,2.0,0.7518800605440124,0.8042372701370812,3.0,99,76,case_00161,136
0.7982306019146675,0.6168687228342796,2.23606797749979,0.7880763671303876,0.6082820629790091,2.23606797749979,112,113,case_00086,126
0.34055460149740946,0.4764428297398449,1.4142135623730951,1.9982355258850442,4.710506656922279,18.027756377319946,275,242,case_00115,164
0.44859500613499365,0.7875221215301297,3.0,0.43142844851070034,0.7076906213556743,3.0,115,112,case_00014,338
0.7072936873916317,0.7593804821688702,2.8284271247461903,1.5259602315925125,2.0275204834950653,7.810249675906654,66,52,case_00203,405
0.37383177570093457,0.5386616243360585,2.0,1.8419780378745834,2.9110488686352616,11.0,158,107,case_00079,181
0.6196924602430296,0.5705611958829245,2.0,1.885410397983696,2.9142978267143063,13.45362404707371,334,272,case_00115,342
0.4799616429330929,0.6353698075353117,3.1622776601683795,0.5197827028729415,0.6545655649210405,4.0,292,276,case_00134,179
0.8226946740311174,0.7881943899811497,4.0,0.9712641515945706,0.9964986624130088,4.47213595499958,110,104,case_00086,334
0.48,0.4995998398718718,1.0,0.49888589042042975,0.5075493816693321,1.4142135623730951,77,75,case_00014,370
0.765225176061087,1.0159121461749574,4.47213595499958,1.4442202737460796,2.738331096047701,14.0,279,238,case_00113,172
0.6097520534843567,0.614981652792675,2.0,0.6426043037966233,0.5786931792397236,2.0,115,104,case_00075,147
0.461836475138941,0.5758288505302883,2.8284271247461903,0.7891349893083535,1.1004787297305476,6.324555320336759,367,312,case_00154,176
0.41262297172913426,0.6729184246833646,3.1622776601683795,0.4157850531205056,0.6581666929146327,3.1622776601683795,132,130,case_00014,201
0.37764860584472737,0.4944474741538095,1.4142135623730951,0.9892937004975062,1.226399851127521,5.0,87,62,case_00194,106
1.0319843682977075,1.3257840318280254,6.0,3.0647618145173947,4.069381599115942,14.317821063276353,190,141,case_00102,324
0.4666666666666667,0.5617433182117573,2.0,2.4239744947368025,2.7659832679065772,9.219544457292887,57,30,case_00134,280
0.47275804636778374,0.520695194435761,2.0,0.7417035453634777,0.8680134096698484,5.0990195135927845,336,279,case_00154,190
1.1399387247246018,1.8767422107191145,8.54400374531753,0.6611016976526579,0.8747523857481097,5.385164807134504,178,185,case_00154,203
0.5579399141630901,0.7220256767835591,3.0,2.112676864349944,4.29613027685723,16.0312195418814,288,233,case_00113,156
0.2,0.4,1.0,0.8276142374915397,1.087070071599786,4.0,30,20,case_00154,310
0.4235294117647059,0.5173796100540241,2.0,0.5171904327070093,0.5711952873723107,2.23606797749979,96,85,case_00079,407
0.6338907279361998,0.6263387199394096,2.0,0.6104639034603206,0.6000059082198449,2.0,101,102,case_00203,157
0.9425856039658497,0.8566854741233547,4.47213595499958,1.4492642135588718,1.543021925235503,8.0,187,143,case_00075,322
0.3448275862068966,0.4753120259341456,1.0,0.36666666666666664,0.4818944098266986,1.0,60,58,case_00133,281
0.4868421052631579,0.5958943091696975,2.0,0.5091684035446826,0.5665637214047562,2.0,81,76,case_00203,391
0.473790134841482,0.6113404892865972,2.23606797749979,0.592120811085631,0.7157486785777157,3.0,124,112,case_00133,157
0.710328778484513,0.6491216776403523,2.23606797749979,17.889127450140055,21.038965721019128,57.0701322935211,173,81,case_00134,201
0.5659340659340659,0.6233055765886787,3.0,0.7170944596526844,0.7876489830824447,4.123105625617661,208,182,case_00113,132
0.2589628780624813,0.44457182787322197,1.4142135623730951,0.3453349964450342,0.5819687839256957,2.23606797749979,107,102,case_00115,131
2.7578463956540307,4.295915422652561,14.035668847618199,0.7847652556521493,1.0236111845606124,4.0,110,132,case_00033,194
0.27741802841359725,0.5524066062687194,2.23606797749979,0.4788913225679668,1.213033595059884,7.0710678118654755,127,123,case_00133,301
0.5180722891566265,0.4996732856223547,1.0,0.5287406376472987,0.5061102881928143,1.4142135623730951,84,83,case_00014,318
0.7263157894736842,0.6560183768792792,3.0,0.8833204519194177,0.7436923507433766,3.605551275463989,114,95,case_00113,112
0.6920306621957979,0.8603904025340045,3.605551275463989,0.616606606034014,0.6316779817406916,2.23606797749979,77,73,case_00079,213
0.3493975903614458,0.47677973343155133,1.0,0.3793103448275862,0.4852154234300099,1.0,87,83,case_00203,386
0.4076882415360177,0.5004567557541174,2.0,0.5354296040896601,0.7065816520949078,4.47213595499958,313,288,case_00154,354
0.40295866830266497,0.5089723794748732,2.0,3.5555342379484896,4.491810114080723,14.0,242,140,case_00194,157
0.45689655172413796,0.498138628041161,1.0,0.5235702260395515,0.6396933263199064,4.0,120,116,case_00115,198
0.4423076923076923,0.4966604450055753,1.0,0.5641674354487393,0.5666210083241484,2.0,61,52,case_00079,135
0.34782608695652173,0.47628048478710094,1.0,0.336283185840708,0.4724370907978456,1.0,113,115,case_00033,142
1.0829016419024582,0.8994306032772896,4.0,5.430467112877753,5.926378931055678,20.615528128088304,201,109,case_00102,349
0.5973328930020217,0.5515526847821318,2.0,0.6138071187457699,0.5685427169325242,2.0,60,59,case_00102,297
1.3573372725775619,1.6052050172857435,6.324555320336759,1.308011508022611,1.473919681737695,6.708203932499369,120,105,case_00075,195
0.14285714285714285,0.34992710611188266,1.0,0.5298570113405627,0.5963347917880385,1.4142135623730951,11,7,case_00125,142
0.3893129770992366,0.5179601665248054,2.0,0.4801998421240574,0.54736592322313,2.23606797749979,149,131,case_00161,383
0.9323219399266203,1.0633794244442873,5.0,0.9408851024869683,0.9288847221111575,5.0,262,237,case_00113,189
0.3044673540132429,0.5072471097405825,2.23606797749979,0.9978625810673897,2.5081441591818665,13.0,178,160,case_00102,170
0.4,0.5427204202399746,2.0,1.7236006445228709,2.82195169067724,11.0,152,110,case_00079,180
0.6242604617445956,0.6872902162985194,3.0,0.7339732916186393,0.7862225844431964,3.605551275463989,255,232,case_00113,151
1.0118058280181603,1.1244485580091357,4.242640687119285,0.755837511200042,0.7792824168646146,3.605551275463989,56,59,case_00086,190
1.0,0.9803259463254868,3.0,1.0505848376786575,0.9223973945025883,3.0,88,77,case_00161,222
0.5662027338655095,0.5790755068709492,2.0,0.5780522454831493,0.561551544895358,2.0,97,93,case_00086,117
0.39655172413793105,0.4891814123831416,1.0,0.391304347826087,0.48804226784007926,1.0,115,116,case_00033,381
0.587906596838431,0.6139980216744447,2.8284271247461903,0.6117377294451012,0.5814685868528411,2.0,146,137,case_00125,319
0.6202169834373887,0.7405514130123323,4.0,0.6634079017345892,0.7622934929170468,4.0,283,269,case_00134,197
0.7864918431440521,0.8506091016593735,3.605551275463989,0.7650333102568673,0.7171123346785571,3.0,211,190,case_00161,190
0.5633349933583397,0.5496569037196131,2.0,0.5633349933583397,0.5496569037196131,2.0,113,113,case_00203,164
0.5371900826446281,0.5610103387926327,2.0,0.5918481106415678,0.5491517693514774,2.0,135,121,case_00113,117
0.4891304347826087,0.5613370145076242,2.0,0.7352779717771362,0.8562368366040026,6.324555320336759,347,276,case_00161,352
0.6717808391440941,1.1960770326105188,5.0990195135927845,0.975819392736034,1.9592910168935298,10.63014581273465,134,127,case_00014,208
0.73460371183607,0.6320969670437103,2.8284271247461903,2.770966994207434,3.8687689236983616,13.416407864998739,206,148,case_00102,332
0.38438339981555436,0.5185711798903815,2.0,0.38438339981555436,0.5185711798903815,2.0,204,204,case_00115,149
0.890705737771253,0.9233789526306206,4.123105625617661,3.04266484857114,4.4981948473059505,16.76305461424021,415,274,case_00113,368
0.435968099328091,0.506320439837089,1.4142135623730951,0.46255908835769294,0.5184570478519461,1.4142135623730951,58,56,case_00125,303
1.5993253083846135,1.8934137690472213,8.0,3.8372476182907183,5.073414108460121,18.110770276274835,375,280,case_00113,349
0.7623958649978478,0.9308671973294762,4.123105625617661,1.2386309031930876,1.5786415917264947,6.082762530298219,76,67,case_00203,400
0.8484905443978761,0.7370357459473986,2.0,0.8223350720991147,0.6910941925974328,2.0,39,38,case_00075,375
1.202365767655636,1.068558169109138,3.605551275463989,2.158728269672007,2.1836812235970546,9.848857801796104,112,80,case_00079,335
0.4093663205576933,0.5429408871975893,2.0,3.1716542145671136,3.9410859974115398,11.40175425099138,142,93,case_00203,371
0.3945787633389177,0.5014202070398232,2.0,1.5032910081828013,3.4340570355869313,14.0,285,253,case_00115,170
2.752585414162408,3.5507589220271982,11.313708498984761,0.5040569415042094,0.7217524504436559,3.1622776601683795,40,65,case_00033,205
0.4418604651162791,0.6024108766041217,2.0,0.6149751666272899,0.704844340568708,3.0,104,86,case_00161,218
0.531862718877034,0.5747092939465694,3.0,0.6391532385206978,0.6853553238841346,4.0,271,243,case_00134,168
0.9108804016544952,0.6824598444863191,2.8284271247461903,1.0897948968862718,0.9013029916296962,5.0,100,88,case_00086,327
1.41060318348587,1.417814747680221,5.830951894845301,1.1651232693687372,1.021859662030412,4.0,117,115,case_00075,313
0.8123584747522941,0.5491922887628595,2.0,0.8764459180568096,0.5806080524900536,2.23606797749979,57,52,case_00102,380
0.37534702267586806,0.5072915345872988,2.0,0.407323540593952,0.527761288578891,2.0,117,113,case_00086,361
0.39622641509433965,0.48911250554021585,1.0,0.44222994352958855,0.5017978657770961,1.4142135623730951,114,106,case_00125,168
0.8723441209736466,0.8904900724517315,4.0,2.9800950971387365,4.489709873752558,16.15549442140351,416,278,case_00113,369
0.45464492354122515,0.5969964737037384,2.0,0.5346165562704218,0.6680778359625561,3.1622776601683795,112,103,case_00014,331
0.5024327935166384,0.6261036115879794,2.0,0.8602722529533515,0.9070684543369425,3.605551275463989,183,135,case_00113,196
0.7555784781867994,0.7230844786751547,3.0,0.8581435664527467,0.7745401792747212,4.123105625617661,223,192,case_00113,193
0.5949186266101706,0.5713879582615379,2.0,0.8473206335834508,0.7391992694772456,4.123105625617661,261,194,case_00161,171
0.6230629149959998,0.6128394010797141,2.23606797749979,0.6207059520299649,0.592586052520397,2.0,129,127,case_00086,148
1.0189298294062399,1.0785788753461982,5.0990195135927845,1.3567175735479844,1.7220273028284643,10.295630140987,165,129,case_00075,319
0.379746835443038,0.4853237851311599,1.0,0.4466769018880592,0.5265205896887573,2.0,86,79,case_00133,333
0.8730611770552353,0.9615150384007178,5.0990195135927845,0.7945238165215045,0.7047261040463086,2.8284271247461903,86,83,case_00102,311
0.8304289333767226,1.0436229436715647,5.0,0.7618294663400376,0.8339531960377458,4.0,232,226,case_00115,192
0.5888133354940858,0.49763287530652417,1.4142135623730951,0.6390024467325094,0.5111174918364377,1.4142135623730951,115,106,case_00125,313
0.9020385257896221,0.4128601241561958,2.0,0.9151881626903552,0.42226016002515293,2.0,63,63,case_00134,281
0.6013760670165432,0.5959985703835472,2.0,1.2353964165943123,2.2091840707508354,12.041594578792296,209,166,case_00161,157
0.4841754541660159,0.551394294534021,2.0,0.5513741723167921,0.5943597541953332,2.8284271247461903,213,195,case_00134,157
5.334253037014808,6.251902516645542,18.24828759089466,1.5610827988594416,1.1385753503560954,4.123105625617661,30,37,case_00161,238
0.8488372093023255,1.02885623852203,4.0,0.8371317527793164,0.9389504837350114,3.605551275463989,91,86,case_00113,310
0.875,0.5994789404140899,2.0,1.0466051745056701,0.6360955971376909,2.23606797749979,42,32,case_00161,237
0.6248117294256728,0.658737145678323,2.23606797749979,0.8408418869676882,0.7646251289274268,3.1622776601683795,96,74,case_00161,331
0.457140303092853,0.5828338611129728,2.0,0.4655356825602235,0.5870945724796958,2.0,114,113,case_00014,340
0.5860112615949155,0.7325235841144881,2.23606797749979,0.46305571912490806,0.6279132528937634,2.23606797749979,23,25,case_00133,351
0.7591629876858772,1.2343709159437664,5.0,0.7131443909839443,1.0213467655694484,4.47213595499958,116,110,case_00014,218
0.5641025641025641,0.5292248061679562,2.0,0.6112706303681195,0.5315996768710097,2.0,128,117,case_00194,124
0.38064516129032255,0.5238932142106268,2.0,0.5075437964035213,0.6020888859428284,2.23606797749979,179,155,case_00161,375
0.3472222222222222,0.4760871250278503,1.0,0.36486486486486486,0.4813922467718075,1.0,74,72,case_00125,361
0.8895351062075979,1.0170621260369166,4.123105625617661,1.087807549619756,1.1361112661462065,5.0,135,109,case_00079,354
0.8194619307084343,0.6580708985499192,3.1622776601683795,2.745914227376122,3.4855191786565007,13.038404810405298,225,153,case_00102,346
0.8523764536130064,0.916768613448598,4.0,0.9715846567213129,0.9961861729553192,4.242640687119285,110,97,case_00075,309
0.83691379884565,0.6118346577646037,2.23606797749979,1.4478083301684608,1.5007784272102467,6.0,132,107,case_00203,195
0.4793336775788449,0.5934698296067746,2.23606797749979,0.5558456885728124,0.6525979277805752,2.8284271247461903,132,122,case_00133,147
0.21768707482993196,0.4126734935538259,1.0,1.7573893621738137,3.855594068133218,13.416407864998739,174,147,case_00102,163
1.099636020915862,1.0860447509240265,5.385164807134504,3.3271927731424147,4.715907998503458,16.76305461424021,400,283,case_00113,366
0.5305108723305125,0.593116392004563,3.605551275463989,0.5769768270716685,0.6475828920296616,4.47213595499958,331,319,case_00154,340
0.53,0.6396092557178953,3.0,0.6834552454433207,0.7640264295841661,4.123105625617661,118,100,case_00113,113
0.9703128036210642,0.8985388065608777,4.0,1.040594756424045,0.9317633610880224,4.0,245,223,case_00113,148
0.7638968642458228,0.8754779156525875,5.0990195135927845,1.287069463730297,2.9732062982639635,24.351591323771842,286,240,case_00113,376
0.2754613360279188,0.4543940949552322,1.4142135623730951,0.3497634296068786,0.5476200923376136,2.23606797749979,90,85,case_00133,127
0.3153137084989847,0.4696565396463858,1.4142135623730951,0.3929125488050215,0.5552533621291461,2.23606797749979,134,125,case_00154,152
1.2182595239126384,1.987474341648702,7.615773105863909,0.44872380749620866,0.6048232168911699,2.23606797749979,67,76,case_00133,174
0.23157894736842105,0.4218413665160815,1.0,0.27,0.4439594576084623,1.0,100,95,case_00133,131
0.9508497025566367,1.3043492707165147,5.0,1.018433265493219,1.2894935764620226,5.0990195135927845,320,294,case_00134,319
0.4171419825742193,0.5002349354218215,1.4142135623730951,1.0456741816933266,1.4894603422866213,7.0710678118654755,218,165,case_00033,184
0.38339622085891406,0.49827463120389043,1.4142135623730951,0.7315980527785867,1.0663175871819828,5.656854249492381,357,296,case_00154,180
0.3284671532846715,0.469655706340012,1.0,2.5010769036603575,4.450681724224819,13.892443989449804,172,137,case_00033,366
0.7299069563735987,0.5938455200673793,2.0,0.7122864590012827,0.5940227723638674,2.0,93,96,case_00203,153
1.1533361929897494,0.9620964501692558,4.0,1.453458793038501,1.1536263534412514,5.0,106,86,case_00113,420
0.5945835632746619,1.0319634911919953,5.830951894845301,0.5053694704604186,0.6479656088754395,3.605551275463989,194,184,case_00134,153
0.8843612599385722,0.6766869009518813,2.8284271247461903,0.8616601908518033,0.6565143587586916,2.8284271247461903,98,100,case_00086,389
0.9224061117931868,0.889199864422414,3.605551275463989,0.7241894158007871,0.6276281040400359,2.0,49,53,case_00086,193
0.4936737063646668,0.6762523193891644,4.47213595499958,1.4084917410991813,1.712204419163166,6.0,142,97,case_00154,205
0.39778090230182794,0.5412853831012486,2.23606797749979,0.5890672016175917,0.8047861101201047,4.242640687119285,188,164,case_00134,152
0.6872371673971173,0.5269773009798302,1.4142135623730951,4.107840803954976,4.981919457436355,16.278820596099706,49,28,case_00086,399
0.9435564396867863,0.7481318367277228,3.1622776601683795,1.1796533361335997,0.9786383780753846,5.0,146,120,case_00113,411
0.5835571848495936,0.693852080043084,3.605551275463989,0.5606084132657893,0.5686821312437237,3.0,276,264,case_00134,171
0.4845360824742268,0.5199802149657109,2.0,0.5607445106947684,0.5293016043054088,2.0,111,97,case_00079,154
0.4744525547445255,0.5137566234968693,2.0,0.7645242582803541,0.9127703530047434,5.0990195135927845,170,137,case_00125,326
2.458039772409119,5.1064882547046695,18.35755975068582,0.8421578834690369,0.846758293438968,4.0,122,110,case_00161,209
0.28421052631578947,0.4510375849606011,1.0,0.33236067977499784,0.49953616339510537,2.23606797749979,100,95,case_00133,130
0.5348389139017663,0.5436726857564241,2.0,0.7198562920695092,0.688043281649781,3.1622776601683795,119,98,case_00161,139
0.5828403078297304,0.5408152028326515,2.0,1.2705357941115916,2.5499497348477598,13.0,206,174,case_00161,370
0.48982465340524534,0.5595552805100978,2.0,0.7084746003303742,0.9378926847220516,5.385164807134504,152,132,case_00125,193
0.2937923172655017,0.5113825977409562,2.23606797749979,1.020854098174834,2.505202332830916,11.0,176,161,case_00102,164
0.4348136043012741,0.5111440651541889,1.4142135623730951,0.7760947702344688,1.0339178399734015,5.656854249492381,359,302,case_00154,181
0.7215189873417721,0.7014760001264512,3.0,0.9323466621735482,0.8658968302179323,3.605551275463989,189,158,case_00113,397
0.5565060077345203,0.5378763467057136,2.0,1.2886156700810476,1.6447069807935502,7.810249675906654,279,202,case_00161,364
0.8881452932430011,0.9029754175817689,4.0,1.2082213995676196,1.1646532813859576,5.830951894845301,185,144,case_00113,401
0.5081848200259829,0.5478524886126749,2.0,0.6312285140508458,0.720065333594005,4.123105625617661,301,274,case_00134,328
0.33783783783783783,0.472972972972973,1.0,0.3521895141649746,0.48575976172614294,1.4142135623730951,75,74,case_00133,335
14.000674081474722,13.673253798945169,36.0,0.42857142857142855,0.49487165930539345,1.0,14,43,case_00113,212
0.7964217047780363,0.867878141306973,3.605551275463989,1.7618492605465041,3.0596020919213522,13.0,288,240,case_00113,173
0.35,0.47696960070847283,1.0,3.0516503768983676,4.282407463983698,13.0,221,140,case_00194,148
0.4948453608247423,0.5941937505562707,2.0,0.5697535197037774,0.5925002974352274,2.0,111,97,case_00079,155
0.4972326955604225,0.5388822274559321,2.0,2.7695689724952244,3.6911979426801667,11.40175425099138,132,93,case_00203,375
0.44554455445544555,0.49702575833707463,1.0,0.47850133987732657,0.5160179870641124,1.4142135623730951,105,101,case_00154,378
0.40077821011673154,0.4900561563865518,1.0,1.8125494367516788,3.0582186562028433,12.041594578792296,326,257,case_00115,178
0.5196850393700787,0.4996123489516631,1.0,1.4195470505727332,2.7590464207045176,12.041594578792296,153,127,case_00194,132
1.0184522854212985,1.287195629801064,5.385164807134504,0.6793392274076903,0.6194645343707885,2.23606797749979,84,85,case_00079,210
0.5302013422818792,0.6081884971387486,2.0,0.5876662027461778,0.5874730841715889,2.0,168,149,case_00161,378
0.8913033758068443,0.7904049398390866,3.605551275463989,0.919322325583883,0.7012050819455025,2.8284271247461903,190,167,case_00075,326
0.4090909090909091,0.4916660830178168,1.0,0.6066000724397126,0.6915129776583961,2.8284271247461903,52,44,case_00125,145
0.37962962962962965,0.5220613095929796,2.0,0.4593012962142217,0.564317361067173,2.0,119,108,case_00134,288
0.28245745266450806,0.45495328696101334,1.4142135623730951,0.2907184461660306,0.4634143481286585,1.4142135623730951,137,136,case_00102,155
0.6414954533710016,0.5963885901826932,3.0,0.8709598444956154,0.7200953985487709,3.1622776601683795,249,189,case_00161,179
0.32432432432432434,0.46812183988348033,1.0,0.6753151109183909,0.8600009737659167,3.0,46,37,case_00154,311
0.6440677966101694,0.5450147522309671,2.0,0.8052151168855965,0.6720331952656173,3.0,70,59,case_00161,231
0.37261704339925267,0.5358007697776529,2.0,0.45783759040998195,0.6495873214403147,2.8284271247461903,114,108,case_00115,297
0.7053656109539453,0.7161159467461156,2.8284271247461903,0.7529452963435864,0.695700586919398,2.8284271247461903,216,193,case_00161,189
0.714769219283678,0.7184232667387858,3.0,0.8315671593460544,0.7510336976811957,3.1622776601683795,90,74,case_00075,301
0.549618320610687,0.5823582022216993,2.0,2.0694184600395276,3.423923825625274,12.649110640673518,174,131,case_00194,136
0.2967405888135631,0.4679343616472604,1.4142135623730951,0.3332508760461545,0.4918180863744834,1.4142135623730951,119,114,case_00014,348
0.5833333333333334,0.6400954789890506,2.0,0.9183133316423809,0.9490524879730682,4.0,125,96,case_00161,210
0.8478446597202078,0.6867573250138039,3.0,2.359222415530206,3.126219902791473,11.704699910719626,171,126,case_00075,341
0.31414213562373094,0.4704409831485363,1.4142135623730951,0.34285714285714286,0.4746642207381757,1.0,105,100,case_00133,133
0.4523809523809524,0.5719243880697293,2.0,1.080160481936132,1.7443721425162857,9.219544457292887,167,126,case_00125,188
0.6459850202356779,0.5950898462078497,2.0,1.6459220328463195,2.4547167941214845,11.40175425099138,147,105,case_00161,194
0.4555674701788292,0.5533712569376636,2.0,0.9334989723729371,1.8051761602103213,9.433981132056603,123,109,case_00086,339
0.6676013782934199,0.6941502946659203,3.0,0.8183198642942411,0.8859447241486963,4.123105625617661,77,69,case_00102,302
0.8324178775985935,1.756069334104,11.180339887498949,1.5083167695805881,1.9555864263556213,9.0,151,103,case_00079,191
0.6603553390593274,0.5821776586024586,2.0,1.6924214188491506,2.352808904484303,10.198039027185569,55,40,case_00086,398
0.8305609745205377,1.1969199836226863,6.324555320336759,0.7736323311022559,0.9912930179528756,5.830951894845301,308,294,case_00134,190
0.7584809625685465,0.7364466635436816,3.0,1.0745609711143507,0.9869683876121174,4.123105625617661,132,102,case_00079,359
0.46846846846846846,0.5666373042708607,2.0,1.2245200119779613,2.270512497049576,10.0,139,111,case_00079,177
0.30434782608695654,0.46013066279384185,1.0,0.30935251798561153,0.4622267166678852,1.0,139,138,case_00033,157
0.9462824750479855,0.8562247987465018,3.605551275463989,1.1545409202694912,0.9526997256127848,4.0,133,105,case_00079,356
0.7833056460945026,1.1661655965476379,6.4031242374328485,0.5923945192118952,0.6786136935366976,3.605551275463989,297,302,case_00115,315
0.5139723617691466,0.608990071912351,2.0,0.6775681758040175,0.7693222869190487,3.0,157,137,case_00113,120
1.6792557364858594,2.2965850887850983,9.055385138137417,1.0211237071126054,1.3015945912747824,6.082762530298219,133,138,case_00033,193
0.49098381770380106,0.6050435917319164,2.0,1.1127073998580235,1.676792618686727,8.0,201,168,case_00033,176
0.6669027680726981,0.9500574293113049,5.0,0.48698252360829103,0.5339196980092816,2.0,90,95,case_00203,349
0.7000720786804572,0.6234476429018738,2.23606797749979,0.6533796611775313,0.5843937636483755,2.0,95,99,case_00203,154
0.2,0.4,1.0,0.3853553390593274,0.671938436658055,3.0,80,70,case_00115,128
29.51951575668653,0.31335202366606474,29.832867780352597,29.51951575668653,0.31335202366606474,29.832867780352597,2,2,case_00125,212
0.7085398209246697,0.6686732120676873,2.23606797749979,1.6210146169600441,1.9156223294008605,7.0,148,118,case_00203,190
0.724571282100803,0.6498960518478553,2.23606797749979,0.722368772167967,0.6028509423032266,2.23606797749979,61,57,case_00102,379
0.6613527973043818,0.6488033683875282,3.1622776601683795,0.6130029859122937,0.5701596619520826,2.23606797749979,117,120,case_00203,172
0.4520520414959206,0.5228592021774483,2.0,0.5480834780928994,0.7778922239392886,5.656854249492381,254,247,case_00115,349
1.4476981224506622,1.760097091796474,8.06225774829855,1.4105848238647514,1.5145096735431096,7.0710678118654755,321,289,case_00113,338
0.5707028348988856,0.6608135227597403,3.1622776601683795,0.5974668122885305,0.608527842819463,2.23606797749979,110,101,case_00075,145
1.3220979934176647,0.8303956260728889,3.0,1.1538262781916164,0.725139832651151,2.23606797749979,28,32,case_00075,377
0.2946746687488463,0.46169994541667175,1.4142135623730951,0.42223828636117816,0.6455665355676556,3.605551275463989,121,110,case_00154,149
0.3902439024390244,0.4878048780487805,1.0,0.39759036144578314,0.48939990389373256,1.0,83,82,case_00033,130
0.36470588235294116,0.4813475893053832,1.0,0.41935483870967744,0.49345350131543075,1.0,93,85,case_00125,157
0.6889989469532343,0.7330270417033867,3.0,1.352074217756388,1.753922214856009,9.433981132056603,115,83,case_00079,338
1.3121360818336532,1.7698111444501337,7.280109889280518,0.7497524263327799,0.670447019670349,3.0,86,89,case_00079,207
0.45753901446641754,0.5036079955720146,1.4142135623730951,0.48800762722761054,0.520362495954742,1.4142135623730951,112,108,case_00125,339
0.5574021361272397,0.5692152975701041,2.0,0.6004363813009285,0.6170123355214908,3.0,228,219,case_00115,309
0.6187817326365388,0.5498130159795312,2.0,1.0658355709518046,1.0695768021483267,5.0,150,108,case_00079,372
1.3613089309711528,1.4222007551405074,6.0,3.579608665031637,4.581471858725654,16.0,402,306,case_00113,359
0.31645569620253167,0.4650929891360464,1.0,0.34356082870057025,0.48988840396625244,1.4142135623730951,81,79,case_00125,359
0.9751706102299713,0.6249045491735932,2.23606797749979,0.9916221359565853,0.6107433000544169,2.23606797749979,87,82,case_00102,368
0.3679869603092926,0.5014448233962936,2.0,0.3916316223196157,0.524591365703568,2.0,140,137,case_00115,300
0.6414213562373094,0.5371951635697128,1.4142135623730951,1.3121320343559641,0.9371816923184525,3.0,20,10,case_00133,271
0.5390625,0.5288895169066503,2.0,1.681632379305559,3.078296608390029,12.36931687685298,158,128,case_00194,133
1.0388653925549698,1.2729216439365982,6.324555320336759,0.9800339981949951,1.034786626499363,5.0990195135927845,256,233,case_00113,329
0.21311475409836064,0.40950806546874735,1.0,0.3505922317655456,0.5020807574739884,1.4142135623730951,72,61,case_00079,138
0.7383776087155343,0.9589735717051199,5.0,1.1112325436300095,1.9514461757043131,11.180339887498949,349,327,case_00115,319
0.6666666666666666,0.5163977794943222,2.0,0.7495741732923815,0.5640377281113763,2.23606797749979,50,45,case_00075,294
0.5063339882682023,0.5889522550437999,3.0,0.6111690709931473,0.6807561152134468,3.605551275463989,276,247,case_00134,169
0.5230125523012552,0.7249972758925682,3.0,1.2996889224671946,3.1849869761349727,16.0,270,239,case_00113,159
0.7374195707612746,0.7697895900971212,3.0,0.7868533939059601,0.7286025916085339,3.0,100,88,case_00075,305
0.41422588984322123,0.5508329258346777,3.0,0.49842040827753353,0.6457257250544322,3.605551275463989,260,240,case_00134,167
0.5165357093313225,0.7587203795933288,4.0,1.0304246134907307,2.048155641991821,11.40175425099138,335,292,case_00134,185
0.4939759036144578,0.5460370695722728,2.0,0.6175973295326359,0.5794352903697477,2.0,99,83,case_00075,201
0.7645898043758753,0.9220547921572302,5.0990195135927845,0.8572700001607622,0.949131042706085,4.242640687119285,151,138,case_00134,349
0.8043810869893979,0.7390861775315003,2.8284271247461903,1.7613251815906177,2.2871525830228543,7.615773105863909,141,119,case_00203,182
0.47058823529411764,0.4991341984846218,1.0,0.6114894588259872,0.5558844043620885,1.4142135623730951,41,34,case_00075,124
0.9074458483997314,1.218627371479881,4.123105625617661,0.6404065665697398,0.9132718521918789,3.605551275463989,86,94,case_00154,206
0.721895141649746,0.5878214619501059,2.0,1.0537188760582261,0.8600444931738059,3.605551275463989,40,30,case_00014,236
0.9403199151350418,1.0025599834631016,5.0990195135927845,2.6142955084078086,4.164940320928258,16.0312195418814,331,253,case_00113,371
0.8853880048115756,0.6541045687182826,2.23606797749979,0.9422336459694779,0.6810610163938442,2.8284271247461903,91,85,case_00086,321
0.832091579109598,0.9161163537428796,4.0,2.2914627220914534,3.4778373221614425,13.341664064126334,312,237,case_00113,176
0.7445029705448794,1.056000385631159,4.0,1.8152470442409896,2.6557984232897924,9.899494936611665,155,121,case_00125,179
0.5549851615542094,0.5438428590689672,2.0,1.1519323106078319,1.3180115765349962,6.708203932499369,156,106,case_00079,377
7.289982890807075,8.40810022845471,19.4164878389476,0.4666666666666667,0.4988876515698588,1.0,15,25,case_00102,126
0.4253463849087022,0.6464099975587193,3.605551275463989,1.055689801840841,2.415506486156087,12.041594578792296,177,162,case_00102,176
0.7458202657717191,0.7115139711658531,2.23606797749979,0.6730494488615877,0.6635795149945832,2.23606797749979,75,80,case_00086,306
0.616163514799292,0.6401688896226597,2.0,0.6654258634149589,0.6679051648155938,2.8284271247461903,81,76,case_00086,109
0.9211808021486102,1.2321090034649977,6.4031242374328485,1.0000168593117227,1.2135085895916502,6.324555320336759,201,180,case_00134,345
0.4482895726860793,0.5566920371608739,2.0,3.0090662524427505,3.9184537017167536,11.661903789690601,137,92,case_00203,374
0.7030262592303662,0.8204602122527495,3.605551275463989,0.8113868970638455,0.8715618470728882,4.0,256,227,case_00113,149
0.4296903034988582,0.6234577583224004,3.1622776601683795,0.4998226671595008,0.6038502568674324,2.0,83,75,case_00133,124
0.7451527620202434,0.8347958513255531,5.0,1.7681591443061215,2.697453151480679,11.661903789690601,303,234,case_00113,182
0.6565662384062346,0.5123174422971187,2.0,1.5867647147742783,2.944080196516981,13.601470508735444,151,124,case_00075,166
0.5090516194294366,0.505685607769079,1.4142135623730951,0.5090516194294366,0.505685607769079,1.4142135623730951,101,101,case_00125,348
0.4,0.4898979485566356,1.0,0.425531914893617,0.4944234058988191,1.0,47,45,case_00014,166
0.5808085154359824,0.7484997193338373,3.0,0.6567601140329903,0.7612338428013986,3.0,185,166,case_00113,127
0.35,0.47696960070847283,1.0,0.35,0.4769696007084729,1.0,120,120,case_00033,145
0.36,0.48,1.0,0.9409547752226607,1.3499245974046032,5.656854249492381,65,50,case_00125,205
0.48299329697212207,0.5287917367796617,2.0,0.758073379382164,0.9111259455956248,5.0990195135927845,373,310,case_00154,347
0.5255871112609471,0.572847093797269,2.0,0.5157134840263677,0.5682679748870899,2.0,90,91,case_00086,115
0.6665002440484883,0.7455048119786388,3.605551275463989,0.6236693464213197,0.5948896445489253,2.0,140,134,case_00125,316
0.3333333333333333,0.47140452079103173,1.0,0.3333333333333333,0.47140452079103173,1.0,117,117,case_00102,146
0.6322713547928362,0.9695559597832143,4.123105625617661,0.5774044162566487,0.8164582904761999,3.605551275463989,105,103,case_00014,222
0.4458158111598078,0.5289798588711588,2.0,3.4747163778223067,4.440772876510603,14.317821063276353,238,140,case_00194,156
0.5361172370259075,0.5789817074810476,2.0,0.5461006164715043,0.5575527112124484,2.0,110,106,case_00086,371
0.42370540921796496,0.603896856486492,3.1622776601683795,3.2452920970859327,4.642219814749871,13.892443989449804,207,147,case_00033,174
0.6928473039599674,0.6193536768533534,2.0,0.9055183165117895,0.7089550222848732,3.0,31,22,case_00102,387
0.559066859040753,0.5581735592981915,2.0,0.629636298953621,0.5918710820721291,2.23606797749979,154,141,case_00125,321
0.743872397312364,0.4820457885212175,1.4142135623730951,0.7241702740286997,0.4947809449079131,1.4142135623730951,26,28,case_00203,331
0.2716049382716049,0.4447872477691807,1.0,0.2891566265060241,0.4533707884873922,1.0,83,81,case_00033,393
0.4040417653277943,0.5610148601012699,2.0,2.6107839934834467,3.300324267811265,11.313708498984761,264,159,case_00033,349
0.32036630785387227,0.4708394132996963,1.4142135623730951,2.6728722937086444,4.323815021833626,14.422205101855956,212,148,case_00033,360
0.5219164342320716,0.681502267745044,3.605551275463989,0.41507802893283513,0.5036230294805416,1.4142135623730951,108,114,case_00133,290
0.5815217391304348,0.5747266548440918,2.0,0.7230491773693807,0.6102428972595095,2.23606797749979,229,184,case_00161,174
0.5443037974683544,0.5228323146345161,2.0,0.6613050143149851,0.549780875781607,2.0,96,79,case_00161,333
1.7500397877602356,1.3096329711159107,4.47213595499958,1.5759404946506346,1.1231694424867509,4.123105625617661,51,45,case_00079,317
0.41843971631205673,0.4933030712703319,1.0,3.6557202860155975,4.542206969058502,14.866068747318506,246,141,case_00194,151
1.1129724314950622,0.9900860916717041,5.0990195135927845,1.6769550066245311,1.7961272983497403,9.055385138137417,183,137,case_00075,321
0.6690810018618835,0.7124285883823818,2.0,0.6480118645762831,0.6320799536552425,2.0,72,67,case_00075,133
0.5023330835299932,0.6486435047606444,3.0,0.45550882975948753,0.5274713183912731,2.0,105,104,case_00133,163
0.49049429657794674,0.6803215403443025,4.0,0.4961830278103852,0.5942056725177476,2.8284271247461903,277,263,case_00134,172
0.7990802651602629,1.0220758517170276,5.0,0.8175177424966342,0.8657034818464027,4.47213595499958,225,202,case_00113,326
0.2454235434560398,0.43562286936923017,1.4142135623730951,0.2758652542604022,0.46835126448680486,2.0,132,128,case_00014,196
0.32,0.46647615158762407,1.0,0.5656208625696821,0.9031424362551633,5.656854249492381,59,50,case_00203,343
1.297494901299349,1.448407228413617,8.06225774829855,1.2866543568176874,1.1102284488704752,4.47213595499958,277,247,case_00113,381
1.4599581113449118,2.0517111106831227,9.0,0.9571340424738589,1.042999038306177,5.830951894845301,253,261,case_00154,329
0.8415524077040772,0.9290953215445883,4.0,0.9064577532795636,0.9400486606428992,4.47213595499958,112,98,case_00113,312
0.3148148148148148,0.4644420816290538,1.0,0.3654110021885297,0.502433788434134,1.4142135623730951,57,54,case_00133,343
0.47606304220119977,0.5760256403075276,2.0,0.531023349615426,0.6533566879254272,2.23606797749979,79,77,case_00014,231
0.3720545049330973,0.48863936375933553,1.4142135623730951,0.46182337649086286,0.5538223261358995,2.0,125,114,case_00125,335
1.0516328844811564,1.3120601756765682,6.0,0.8721064185670615,0.9032439364135982,4.0,229,226,case_00115,193
0.9888603214723293,0.6943740091749127,3.0,2.3068427126092486,2.188617588162785,9.433981132056603,242,150,case_00102,340
0.3285700672145867,0.4813152318803509,1.4142135623730951,0.34545454545454546,0.4755162483862554,1.0,55,53,case_00125,301
0.5769230769230769,0.7765675754311695,3.0,0.8507091125337445,0.9108743404578241,3.0,103,78,case_00161,220
0.2962962962962963,0.4566232594791834,1.0,0.3448275862068966,0.47531202593414557,1.0,29,27,case_00102,128
0.6445809147446286,0.7539712617854308,3.0,1.138069184533232,1.625684972115138,8.602325267042627,226,187,case_00113,389
0.6197681394270407,0.6120942600414627,2.23606797749979,0.6690141315869369,0.665368657502565,2.8284271247461903,237,228,case_00115,310
0.6227661518147193,0.7024651480199305,3.0,0.704858410189606,0.7931109391005998,4.123105625617661,294,278,case_00134,325
0.2891566265060241,0.4533707884873922,1.0,0.32660015588934593,0.47609418344103743,1.4142135623730951,87,83,case_00133,332
0.859736980107868,0.532521922330223,2.0,1.0528529336210297,0.672981581425169,3.1622776601683795,57,44,case_00113,107
0.49823060357215837,0.6421189332045264,3.0,0.4675038038467763,0.5430964066372641,2.23606797749979,111,109,case_00086,370
0.7238936302860078,0.9074335453078582,4.0,0.9418515850278812,1.0701820838062523,4.0,278,236,case_00113,377
0.3301776695296637,0.47799864701059586,1.4142135623730951,0.5053615973828678,0.7287842683697423,3.605551275463989,89,80,case_00014,172
0.5660659858378779,0.8075716930424313,4.0,0.6293585665706068,0.7931862251351368,3.1622776601683795,317,292,case_00134,188
0.6993923133731321,0.5965909943418437,2.0,0.7795866830266498,0.5971015976642671,2.0,84,71,case_00075,207
0.4875,0.632331993497087,2.0,0.6969499461551878,0.7371478726459934,3.0,103,80,case_00161,219
0.7519800618957888,0.7956125118133536,3.0,0.7200188970322894,0.7520254341212541,3.0,131,131,case_00086,151
0.8536491902749576,0.9452540833898213,4.0,0.9036349790477666,0.7428760847361565,2.8284271247461903,57,45,case_00079,319
0.6124031007751938,0.6139221666115762,2.0,1.8585784762695436,3.158740051075662,12.649110640673518,169,129,case_00194,135
0.40776650429449557,0.5267603610518232,2.0,2.575976213012046,3.35066291498316,11.661903789690601,262,160,case_00033,348
0.5387545897264663,0.6725457229619481,3.0,1.097103642971185,1.3402848938115188,5.385164807134504,130,101,case_00203,357
0.4688857744469104,0.5772143739994908,2.8284271247461903,0.7445305153833214,0.9968046534514663,4.242640687119285,146,132,case_00014,188
2.2448811537182483,4.468376769993977,14.035668847618199,0.2986111111111111,0.4576488997387612,1.0,144,170,case_00102,159
0.46,0.49839743177508455,1.0,0.4375,0.49607837082461076,1.0,48,50,case_00102,212
0.8552043435651806,0.8676338090893245,4.123105625617661,0.9651003725261471,0.9600221327863687,5.0,245,221,case_00113,147
0.842528584977509,1.0146463845219456,6.082762530298219,0.9966662378788421,0.8301783500020449,5.0,252,188,case_00161,181
0.8597872422124189,1.2196953121297482,7.615773105863909,0.6277271602499083,0.5883163201879975,2.23606797749979,127,119,case_00194,185
0.44877447946247273,0.5057117002067915,1.4142135623730951,0.7368710166655014,0.9692131065843163,5.656854249492381,170,140,case_00125,330
0.6120739709806321,0.6028770124521572,2.0,1.3403081444413045,2.360920254543698,13.0,216,168,case_00161,158
0.6933647700847534,0.4832504628978966,1.4142135623730951,0.6857087355671612,0.5104632804973496,1.4142135623730951,26,28,case_00125,292
0.6112967335192663,0.5869396236160014,2.0,1.2580237462634316,1.4243739754678852,7.211102550927978,157,110,case_00079,375
1.1132652078218375,1.5293208934802462,6.324555320336759,1.4693594482895127,1.8983258517890018,8.0,316,275,case_00134,310
0.8483711481102297,0.5900573104555453,2.23606797749979,1.187162560754669,1.080540666178508,6.324555320336759,208,162,case_00075,331
0.8155330015614308,0.9942337223238978,5.0,1.491824394133872,2.204649968236103,10.198039027185569,186,153,case_00102,319
0.6607151652296239,0.6006269788586657,2.23606797749979,1.298292525964829,1.6538526525152673,8.94427190999916,202,148,case_00194,173
0.7271191575711976,1.0059798234117603,4.0,0.7356105722297456,0.9029175293166207,4.0,188,172,case_00113,129
0.7614092341942104,0.6482715311378295,2.8284271247461903,0.7049658070596998,0.5812106499130227,2.0,115,119,case_00203,169
0.24489795918367346,0.4300266837899077,1.0,0.27450980392156865,0.4462669284996487,1.0,51,49,case_00125,299
0.8135593220338984,1.0572522151695387,4.0,0.7128493789725375,0.8024000018061238,3.605551275463989,125,118,case_00113,316
0.8203763763910329,0.6377595175977478,2.23606797749979,1.1719618482806986,1.1088041317766983,5.656854249492381,204,163,case_00075,329
0.6898350162162891,0.7696164425112618,3.1622776601683795,0.6157839224330017,0.6230987251938036,2.23606797749979,86,88,case_00203,348
1.0069035593728848,0.9675459793323598,4.0,0.8872788195935053,0.6448730854212756,2.8284271247461903,64,60,case_00113,210
0.47126436781609193,0.49917358047375787,1.0,0.46511627906976744,0.49878164161691213,1.0,86,87,case_00033,131
11.296719956682875,3.687091609395187,15.811388300841896,5.656854249492381,0.0,5.656854249492381,1,19,case_00086,199
0.6951108832203446,0.5767237932605547,2.0,0.7538466497124569,0.6439108724220205,2.8284271247461903,117,114,case_00086,383
0.6659045435892378,0.6096697378477769,2.0,0.7356002247084016,0.5966164035109669,2.0,136,119,case_00075,184
0.7825209399914327,1.2023443736998474,4.47213595499958,1.1730579353664925,1.6308431457341284,6.708203932499369,84,69,case_00203,398
0.34355828220858897,0.47489576638929143,1.0,1.0697198487310469,1.7876243797462987,8.0,203,163,case_00033,175
1.0630364830460775,0.79247583675596,2.8284271247461903,1.1118779245457504,0.8218833170165869,3.0,68,62,case_00102,377
0.35051546391752575,0.4771314006353045,1.0,0.37157360777931725,0.5097962707546333,2.0,98,97,case_00014,365
0.37254901960784315,0.5224671605676169,2.0,0.4697007015020567,0.5602356732922008,2.0,58,51,case_00079,221
0.24390243902439024,0.4294345576014393,1.0,0.24390243902439024,0.4294345576014393,1.0,123,123,case_00033,146
0.39417415913168685,0.5174008652386954,2.0,0.6679032431782291,0.892156642250963,4.47213595499958,157,130,case_00125,190
0.36231884057971014,0.48067025947179703,1.0,0.3946418550329597,0.4970267437813807,1.4142135623730951,144,138,case_00134,292
0.44934135390870733,0.5200817106035356,2.0,1.0709421656966867,2.3382916878348805,11.313708498984761,179,163,case_00102,177
0.5092082371424165,0.5979376231120221,2.0,0.49906939756121915,0.5700910545623006,2.0,108,107,case_00086,123
0.31746031746031744,0.4654881999560375,1.0,0.3384615384615385,0.4731863538224523,1.0,65,63,case_00154,313
0.5723641567602147,0.5939083606993822,2.0,0.6354993863970655,0.5992524450112124,2.23606797749979,135,122,case_00161,385
0.4267343574187905,0.5288698741221015,2.0,0.6306214219906303,0.7721761561107086,4.0,330,288,case_00154,189
0.38271604938271603,0.4860498687661612,1.0,0.4415426846249781,0.5256466736033426,2.0,87,81,case_00115,371
0.9402618415833272,1.0390110841077174,5.0990195135927845,1.1319873477574234,1.0500774331122478,4.242640687119285,138,110,case_00079,348
1.1971622624223046,1.5834139914833667,7.0,0.7620381385042572,0.8770962749122622,4.0,140,151,case_00102,190
0.602993791549877,0.7039555503934665,3.1622776601683795,0.5764439763444916,0.5974123628829089,2.0,74,71,case_00079,214
0.5840634363445965,0.6598686830590751,3.605551275463989,0.6809404783880177,0.6476086688499629,3.1622776601683795,325,273,case_00161,347
0.2903225806451613,0.45391120256355777,1.0,0.3168147246080531,0.4717468568397569,1.4142135623730951,96,93,case_00133,328
0.36930735927173736,0.4942238720236595,1.4142135623730951,2.8989879486533185,3.742836402936932,11.661903789690601,247,155,case_00033,343
1.0349886023532333,1.251590888597065,5.0,0.7865558646186251,0.8180517463540037,3.605551275463989,66,69,case_00113,307
0.29310344827586204,0.45518547525669256,1.0,0.44978566119230445,0.6662182113539435,3.0,65,58,case_00154,209
0.30434782608695654,0.4601306627938419,1.0,0.23809523809523808,0.4259177099999599,1.0,21,23,case_00102,127
0.8402632946616526,0.9412743471695006,4.0,1.1162166666495272,1.7841820636114147,10.0,212,201,case_00134,302
0.6209677419354839,0.5476156813343535,2.0,1.828880416171628,3.2554372337029567,12.529964086141668,157,124,case_00075,177
0.32660375901352595,0.5029273266867529,2.23606797749979,0.9049822558250069,1.7991111994699467,8.54400374531753,233,203,case_00154,360
0.5263157894736842,0.4993069989739547,1.0,0.5707106781186548,0.5237263807384016,1.4142135623730951,20,19,case_00133,186
0.3664974651537442,0.487197109972015,1.4142135623730951,0.39359357111631366,0.5087997683020141,1.4142135623730951,116,113,case_00086,359
0.4915254237288136,0.532753682898363,2.0,0.5770976571635189,0.547093442907926,2.0,68,59,case_00079,218
0.6407403627932561,0.7481636299570682,3.0,1.295861259244723,1.3932629159613272,5.656854249492381,137,101,case_00203,359
0.6133605803752326,0.9193273868667704,4.123105625617661,0.7335569333557707,1.13544368201249,6.324555320336759,139,131,case_00014,205
0.2967741935483871,0.45683615398968974,1.0,0.2967741935483871,0.45683615398968974,1.0,155,155,case_00154,159
0.4477418202519469,0.7451526375429183,3.605551275463989,0.5690729021829634,0.9360320678273044,5.0,140,131,case_00014,202
0.9307689047260437,0.7476340029164809,3.605551275463989,2.320381961824446,2.64302392164721,10.770329614269007,238,174,case_00102,342
0.3501146255030088,0.48193200628958777,1.4142135623730951,0.3501146255030088,0.48193200628958777,1.4142135623730951,124,124,case_00102,149
0.7285533905932737,0.5866940915460498,1.4142135623730951,0.5714285714285714,0.4948716593053935,1.0,7,8,case_00133,108
0.7107842270356366,0.6887507672097699,2.0,0.6910321703356722,0.6362605446966212,2.0,51,49,case_00102,295
0.41562049059804584,0.5000238348692151,1.4142135623730951,0.7320511165263365,1.130257247038339,6.324555320336759,284,246,case_00154,194
0.8267741686904087,0.8795915620852369,4.123105625617661,2.338986942711649,3.282088791264272,14.0,391,304,case_00115,336
0.5268817204301075,0.49927685016102785,1.0,0.554610840490826,0.5150956049868086,1.4142135623730951,96,93,case_00125,352
0.4230769230769231,0.49404740687173576,1.0,0.4392523364485981,0.496296001770159,1.0,107,104,case_00125,343
0.5002877457069487,0.8658592099732262,4.0,0.6187667710368691,1.0426541531402478,4.242640687119285,100,95,case_00014,224
0.3673469387755102,0.482082114735417,1.0,0.532258064516129,0.5598888696035413,2.0,62,49,case_00194,103
0.8462998203940874,0.8645304954929577,4.0,0.9109580919819079,0.8414098173322572,3.605551275463989,119,110,case_00203,200
0.8246725920688522,1.3464873053797584,7.0710678118654755,1.076391831375658,1.7494149851582415,10.04987562112089,388,363,case_00115,324
0.621486434693675,0.6779413056181824,3.0,0.6382354624185725,0.6289908363454259,2.8284271247461903,269,253,case_00134,335
0.48484848484848486,0.4997703788627467,1.0,0.48484848484848486,0.4997703788627467,1.0,33,33,case_00203,333
0.27586206896551724,0.44694763437295587,1.0,0.3225806451612903,0.4674637660061109,1.0,31,29,case_00086,96
0.8504001638273646,1.2266202913453572,6.0,0.9498175229435944,1.6742403748831616,12.36931687685298,363,360,case_00115,328
0.25217391304347825,0.4342605561455225,1.0,0.2946596227079494,0.49082257403524515,2.23606797749979,119,115,case_00115,133
0.6354166666666666,0.7088692825353785,3.0,0.9395685393101487,0.9535255423629688,4.0,125,96,case_00161,211
1.7292939557218798,1.5071321032373157,5.0,1.1756787154951156,1.0504731522728417,3.605551275463989,35,42,case_00086,287
0.29515616207412027,0.4668699880613312,1.4142135623730951,1.0784096827687306,1.6315736440965958,7.0710678118654755,80,59,case_00115,204
1.2436485515395128,1.479925804058038,5.0990195135927845,0.9646512899362074,1.1175576353421734,5.0,78,76,case_00079,326
0.3795282968726786,0.49618764022489353,1.4142135623730951,1.9672473658313538,3.0257474920527017,11.40175425099138,238,164,case_00033,342
0.48404994558051084,0.5618680006758744,2.23606797749979,1.4148422199889468,1.822813477416924,7.615773105863909,262,180,case_00033,345
0.48828427124746193,0.5114474268703824,1.4142135623730951,0.5250646627310602,0.5210344626527815,1.4142135623730951,53,50,case_00125,146
0.38461538461538464,0.4865042554105198,1.0,0.38461538461538464,0.48650425541051984,1.0,39,39,case_00033,403
0.9422063977531938,0.7856828934649495,4.123105625617661,0.9504081300304009,0.6885367651317934,2.8284271247461903,106,99,case_00075,360
0.5510532492510383,0.6865422903870328,3.605551275463989,0.46153846153846156,0.49851851526214314,1.0,78,80,case_00102,205
0.46739545059832477,0.6763633776942057,3.0,0.5880259536940335,0.8035412056859398,3.605551275463989,117,108,case_00086,338
2.199127353561902,4.377652211267568,15.0,0.7540616944049947,1.0082149294717826,4.123105625617661,94,95,case_00033,197
0.6924019102152325,0.6336655077268116,2.0,1.237196850504106,2.3371879259868225,13.0,145,126,case_00075,168
1.096984800001423,1.1001897345522336,4.0,1.1443897117774569,1.2001550681382425,5.0990195135927845,32,29,case_00161,394
0.5528410060470225,0.5826904086695582,2.0,2.671827228779784,3.6013700714219707,11.40175425099138,129,93,case_00203,376
0.5311792373761469,0.5517128594830435,2.0,0.5507896423540608,0.5463356310248652,2.0,108,104,case_00086,372
0.381294964028777,0.5002975151284521,2.0,2.6168254339748396,3.846215409134185,12.806248474865697,209,139,case_00194,145
0.24107142857142858,0.42773355596441015,1.0,1.0727928921525562,2.5925114099164452,11.180339887498949,125,112,case_00133,310
0.44525547445255476,0.5114700158059811,2.0,2.7138724356241894,4.1304526359004115,15.652475842498529,202,137,case_00194,143
0.498468099328091,0.5275559384917914,2.0,0.5477295780797031,0.5886799074493382,2.23606797749979,116,112,case_00014,357
0.646555478235474,0.6955226292863602,3.0,4.200416706531627,7.881330137718946,25.298221281347036,141,112,case_00134,350
0.4732142857142857,0.4992820100005648,1.0,0.5117851130197758,0.5047203827447451,1.4142135623730951,120,112,case_00125,174
0.6264218569251051,0.9061941790677162,4.123105625617661,0.48333885372299773,0.5788013506049642,2.23606797749979,102,103,case_00133,165
0.42823752470635107,0.5084024857823342,1.4142135623730951,0.5816684363159659,0.583872514520599,2.0,53,43,case_00194,101
0.9999418537430987,1.449762464815203,7.211102550927978,1.6660592147077524,2.2471199117774434,10.0,166,118,case_00079,187
0.6551724137931034,0.6578891044254798,2.0,0.8506508250958016,0.7838503318733216,3.0,142,116,case_00113,199
1.0772767700700523,1.2727775004082544,6.708203932499369,1.8207907181366396,2.5140476221547092,10.0,140,123,case_00086,164
0.41721854304635764,0.4930996150724844,1.0,0.5282418337981656,0.5377196139321769,1.4142135623730951,176,151,case_00161,376
0.4742834942268645,0.5170714258317202,1.4142135623730951,0.6121526864776642,0.6960057600448745,3.1622776601683795,71,65,case_00086,396
0.34951456310679613,0.4768166663226669,1.0,0.36584965297498184,0.48742445860528666,1.4142135623730951,210,206,case_00115,150
1.2793790295073462,1.2096236186751814,5.0,1.0809821321242152,0.905601454098076,4.123105625617661,88,90,case_00086,175
0.4148936170212766,0.49270366710252816,1.0,0.42105263157894735,0.4937279747182557,1.0,95,94,case_00033,389
0.9044452942807004,1.431623650692131,8.06225774829855,1.0830090358368374,1.647686856451854,9.219544457292887,401,370,case_00115,325
0.36538461538461536,0.5011082392613608,2.0,0.4366970193921757,0.515938237561559,1.4142135623730951,116,104,case_00134,287
1.4257151579420464,1.550368350069867,7.615773105863909,3.1974334945711673,4.332878381453401,15.524174696260024,387,314,case_00113,356
0.31457578698720606,0.4770457907646581,1.4142135623730951,0.5532863015436975,0.8116566695505256,4.123105625617661,57,49,case_00154,210
0.53347268198405,0.6414712222300342,3.0,0.7406129817998676,0.7592709734933301,3.1622776601683795,128,102,case_00161,202
0.39285714285714285,0.48838551182776235,1.0,0.4,0.48989794855663565,1.0,85,84,case_00203,385
0.8711722682177709,0.6125399746561188,2.23606797749979,0.892859387137661,0.6030934048968247,2.23606797749979,87,82,case_00086,317
0.4095680524752178,0.5159615049038063,2.0,0.6046364292988294,0.7011117211312465,3.1622776601683795,126,106,case_00161,141
0.4231810586589411,0.5094254438289945,1.4142135623730951,0.5169489120167576,0.5796019543956817,2.23606797749979,126,114,case_00154,150
0.6336294492161062,0.5724337409279441,2.0,0.68382340919093,0.5699459406217166,2.0,53,48,case_00086,192
0.5601490078242447,0.5691346487904282,2.23606797749979,0.6106663378116365,0.5341483613800476,2.0,79,69,case_00079,418
0.5906664571541879,0.566098909292888,2.0,0.663189140626641,0.5903400135837897,2.23606797749979,137,124,case_00075,161
0.7765862816238283,0.8147674625989988,5.0,0.7367891070313601,0.6389598041417028,3.0,266,251,case_00134,337
0.3318283081118087,0.48165883890316946,1.4142135623730951,0.3489609155961213,0.48703248183327125,1.4142135623730951,117,114,case_00014,345
0.3486294431117269,0.4874845483346061,2.0,1.5212263902230805,3.803536797179577,17.0,274,245,case_00115,166
0.7752881757248431,0.6222246689893384,2.0,0.7695607880879358,0.6019315974285863,2.23606797749979,88,85,case_00102,367
0.7590988159229191,0.49566802991881603,2.0,0.7882728381312637,0.48744260343023105,2.0,78,73,case_00134,282
0.9051538170638035,0.7848507406519313,3.605551275463989,2.3717662968406907,2.743765952869332,11.0,241,170,case_00102,343
0.3888888888888889,0.4874980215217846,1.0,0.49446539112084487,0.5364345640428467,1.4142135623730951,62,54,case_00075,129
0.5098039215686274,0.5730054586746062,2.0,0.5581510425828803,0.5549202106720535,2.0,113,102,case_00075,146
0.9606999935424793,0.8086894331760229,3.605551275463989,0.8882151629913224,0.722415832497537,3.0,74,78,case_00086,303
0.6515151515151515,0.6394226620002785,2.0,0.9818917547001745,1.0619993432391182,6.082762530298219,87,66,case_00161,135
0.43184211945034157,0.6305747643232696,4.0,0.48692229755450034,0.6664303291176262,4.123105625617661,229,214,case_00134,160
1.0444197354399902,0.8630201936105697,3.0,1.0571477323279819,0.7780297155628866,3.0,83,73,case_00161,224
0.4559058996382028,0.5036747682915459,1.4142135623730951,0.4650326392832971,0.5098383278958999,1.4142135623730951,105,104,case_00115,200
0.32116788321167883,0.4669251267655321,1.0,2.119402753372503,4.115633001046143,13.892443989449804,165,137,case_00033,367
0.9105983461964979,1.041083152377884,3.605551275463989,0.7115258133946653,0.7793377833195462,3.0,44,46,case_00086,289
0.5511000740565734,0.5505690830517515,2.23606797749979,0.5741076852249347,0.5660391910156638,2.23606797749979,120,117,case_00086,350
0.288874103992781,0.486028685562806,2.0,0.4783919189857866,1.048399337966739,5.656854249492381,125,122,case_00133,308
0.6300527925994628,0.5821361826423366,2.23606797749979,0.7255853392105824,0.6553305417211185,3.1622776601683795,295,265,case_00134,331
0.5287423865441461,0.508511650912118,1.4142135623730951,1.3195209821017253,2.7966702304335596,13.92838827718412,272,249,case_00115,313
1.3373061407757696,1.967311708274968,9.055385138137417,0.8875564249969147,1.1261383788818993,5.0990195135927845,286,293,case_00134,192
0.3971631205673759,0.4893103066853997,1.0,3.467735267303465,4.535946661491928,14.866068747318506,240,141,case_00194,150
0.6593558739158497,0.5048811780473295,1.4142135623730951,0.6707106781186548,0.5001471646001947,1.4142135623730951,120,116,case_00086,132
0.49003865653553297,0.5230904156938437,2.0,1.2034585958183257,1.6118452233527334,7.211102550927978,151,109,case_00079,385
0.6111376462302116,0.6242344688472744,2.8284271247461903,1.3989866685420684,1.8670011901706725,9.486832980505138,210,152,case_00194,165
0.2949640287769784,0.4560265896903735,1.0,2.570687694808113,4.635031693392253,14.422205101855956,174,139,case_00033,363
1.0687172029300627,1.62856871624314,10.0,0.9742300537981118,1.0065877500301887,5.0,239,214,case_00113,387
0.4975489589249456,0.5434171292201283,2.0,0.4975489589249456,0.5434171292201283,2.0,70,70,case_00086,107
0.7330875818362641,0.7600176610744447,3.605551275463989,0.7152832222836346,0.6374972147427678,2.8284271247461903,122,113,case_00075,152
0.5146524722784785,0.6649132100986538,3.0,0.5920504073628858,0.7478954203474134,4.242640687119285,233,215,case_00134,161
0.5593908663182694,0.5018930897058763,1.4142135623730951,0.5862258361429322,0.5186057092349955,1.4142135623730951,111,108,case_00125,340
1.2780127923879403,1.3884647570714463,6.0,1.6833082607664387,2.1442588109309653,11.0,306,278,case_00134,309
0.3448275862068966,0.5102982271361636,2.0,0.4447447159870483,0.5222933781848256,1.4142135623730951,68,58,case_00079,137
0.7257499232819948,0.5398785669370443,2.0,0.8237363573836418,0.6481126158470484,3.0,71,66,case_00102,373
0.44884752575706627,0.6160262003958441,2.23606797749979,0.5486622675789568,0.6842517704514081,2.8284271247461903,117,105,case_00133,135
0.6699010005029332,0.5884850182785317,2.0,0.691078210486802,0.5953242032626925,2.0,125,122,case_00086,137
0.42424242424242425,0.51425947722658,2.0,0.8134072456954508,1.0349845796585844,5.0,131,99,case_00161,198
0.9947714477554213,1.2142825265613777,5.830951894845301,1.5383293854972981,2.346735834162396,11.180339887498949,182,153,case_00102,320
0.6064620123997865,0.581853103338985,2.0,1.4415214668419474,2.8975334460813658,13.601470508735444,152,126,case_00075,170
0.37362637362637363,0.4837661692979152,1.0,0.43564356435643564,0.4958409515068878,1.0,101,91,case_00194,114
0.7521383229818367,0.651136440964223,2.23606797749979,0.8513518087740598,0.77800847365294,3.605551275463989,103,97,case_00102,362
0.2894736842105263,0.45351810367405493,1.0,0.6496903994999953,1.0853121140010997,5.0,45,38,case_00154,211
0.4770792699161878,0.5058773109487326,1.4142135623730951,0.4872655122255021,0.5124181111120284,1.4142135623730951,92,91,case_00125,354
0.8193788244059814,0.8096551235175066,2.8284271247461903,0.7315124664581424,0.7100036603362232,2.8284271247461903,51,52,case_00086,291
0.854569868277692,1.1218730895786462,6.4031242374328485,0.7467223525482322,0.8276791570580735,4.47213595499958,272,270,case_00115,185
0.46497463104429343,0.5173679157303425,1.4142135623730951,0.5363363173506728,0.5518843759334525,2.0,103,93,case_00134,144
0.3403337765481404,0.493609202429905,1.4142135623730951,1.5175262334274138,2.2093158205676593,8.602325267042627,212,153,case_00033,181
0.7692307692307693,0.6683902768070296,3.0,0.9947771757810808,0.8543975012379987,4.0,189,156,case_00113,398
0.5738530860825113,0.5915555076342759,2.0,0.6097300436868288,0.5874039777850446,2.0,113,106,case_00203,202
0.5350614986528065,0.5522005150990253,2.8284271247461903,0.95055199677881,1.180356871996806,7.280109889280518,374,296,case_00154,184
0.5494651353242858,0.5259281906850776,1.4142135623730951,0.5457106781186548,0.5264977262888018,1.4142135623730951,120,121,case_00086,135
0.37373737373737376,0.48379515211426455,1.0,0.3943408626212494,0.5004356883022382,1.4142135623730951,101,99,case_00125,349
0.8005095393834092,0.8076434396638309,2.8284271247461903,0.7565775810143125,0.7842769688742182,2.8284271247461903,112,116,case_00086,127
1.2106853909489164,2.976704805046642,18.439088914585774,0.6401788285725328,0.6466282213875383,2.23606797749979,93,98,case_00102,196
0.2131716047061441,0.4187327163313469,1.4142135623730951,0.2426776695296637,0.4371584938116281,1.4142135623730951,80,77,case_00102,136
1.2280888128070702,1.4729732573442769,7.0,0.9903591907752147,1.0934620530600756,5.385164807134504,153,149,case_00194,182
0.4773986941567155,0.513705913442689,1.4142135623730951,0.4925086113860119,0.5230337464912632,1.4142135623730951,124,122,case_00086,139
0.41134751773049644,0.4920779789702598,1.0,3.776548972164595,4.6825669115265045,15.132745950421556,249,141,case_00194,153
0.2550335570469799,0.43588007734575884,1.0,0.26,0.43863424398922624,1.0,150,149,case_00154,369
0.9773368976780566,1.1088711363962382,4.47213595499958,0.938471817125709,1.094097082638715,4.242640687119285,90,92,case_00086,172
0.8009691065254383,0.5387640227502417,2.0,1.0973775084892057,0.7718565953997044,3.1622776601683795,55,44,case_00161,133
0.9363228758673894,0.6944593804548834,2.8284271247461903,1.0256300256637634,0.7162182255710574,2.8284271247461903,131,117,case_00075,350
2.409747463028932,1.7190177213543747,5.0,1.8472936997148057,1.6545410200396922,6.082762530298219,20,21,case_00134,356
1.128771495982378,1.3289836306376637,7.0710678118654755,1.7427791492021054,2.288685901548521,9.848857801796104,138,124,case_00086,165
1.4605045534963648,1.565676222477677,5.385164807134504,1.254100862079065,1.4037239416194895,6.0,81,77,case_00079,327
1.2729773409860132,1.5987492854013958,7.0710678118654755,1.9381419549323802,2.9690123499169654,11.40175425099138,70,68,case_00134,143
0.37037037037037035,0.48290388186686295,1.0,1.144871122226898,2.833890749509866,12.649110640673518,120,108,case_00125,338
0.3901136664778374,0.5962412556335953,2.8284271247461903,0.42771691366445624,0.6527486485289186,3.0,133,130,case_00014,199
1.4762893856182207,1.2053022682949508,5.0,1.2430535749876412,0.960818526096469,4.0,79,87,case_00086,179
0.6903628805932202,0.729152628678625,3.1622776601683795,1.6321363397537754,2.3054929267125965,8.0,144,121,case_00203,175
0.4415200064216756,0.5307500333943421,2.0,0.4760215552052539,0.5849878788740094,2.23606797749979,109,107,case_00014,361
0.7722772277227723,0.781990201741708,3.0,0.8841766780973508,0.7852423738238857,3.605551275463989,123,101,case_00161,204
0.7764771130866052,0.6247243966456377,3.0,2.239189066210047,3.252184788860392,13.038404810405298,193,147,case_00102,330
1.2260315971580122,2.9065556996151467,12.041594578792296,0.37142857142857144,0.4831867007225075,1.0,35,41,case_00102,214
8.128609219523538,1.5892489283548203,10.198039027185569,7.9,1.3,10.0,10,15,case_00033,316
0.2602739726027397,0.4387840377547114,1.0,0.2602739726027397,0.43878403775471136,1.0,73,73,case_00102,135
2.7173147292951603,7.238309453102889,32.31098884280702,0.9274232845270504,0.7730669635874354,3.0,142,130,case_00113,198
0.33783783783783783,0.5140466649083847,2.0,0.3886975541922348,0.5519152234688044,3.0,158,148,case_00134,294
0.3481399118133301,0.48472980655644704,1.4142135623730951,0.38562091503267976,0.5128949363872798,2.0,153,146,case_00154,157
0.5552730239474121,0.5383332703797825,2.0,1.093169542524714,1.2977576746715043,6.708203932499369,149,107,case_00079,378
0.6020519651881665,0.664929419083328,3.0,0.7476396689750144,0.8281681662451338,4.0,290,261,case_00134,332
0.3820133347130909,0.48949768209469874,1.4142135623730951,0.9888230653662474,1.5183042558473667,7.211102550927978,212,166,case_00033,183
0.45,0.529937103186155,2.0,0.4827652946408428,0.5392097867248555,2.0,63,60,case_00086,104
1.2427133648725346,2.6531107828548204,13.92838827718412,0.4236466014499231,0.6049612405224615,2.23606797749979,55,60,case_00033,202
0.6568055973748671,0.5160240555068099,1.4142135623730951,0.7475664142498221,0.6641870642263846,2.8284271247461903,44,43,case_00115,205
1.2436456631485149,1.7185300301513184,7.280109889280518,0.7581971517242995,0.6606820078379583,3.0,88,88,case_00079,206
1.4911102268280314,1.1298629525074517,5.0,2.161758380440142,1.5986608043132284,6.708203932499369,83,56,case_00113,423
1.0475326165069798,1.3083714009017287,8.0,0.9499830963012497,0.8196684946160947,3.605551275463989,148,131,case_00113,408
1.0516161054491757,1.3473870569983406,5.385164807134504,0.7217490814359795,0.6592676383699381,2.8284271247461903,90,89,case_00079,205
0.9081438743982856,1.2177713295546002,6.4031242374328485,0.7129708790159762,0.7955730426526734,3.1622776601683795,269,273,case_00115,186
0.46921682812348925,0.5059901623512142,1.4142135623730951,1.3587533983929458,3.221244625852234,15.297058540778355,274,252,case_00115,169
0.6086821514438501,0.5748396454255207,2.23606797749979,0.5711497779101572,0.5432744743627745,2.0,103,107,case_00203,159
0.4708316678713422,0.5940227226924444,3.0,0.5559888156269336,0.6405844082495914,3.0,303,275,case_00134,326
0.4035846412010925,0.5108696018983583,2.0,0.5347895943827132,0.6471453760249336,3.0,271,243,case_00154,357
0.6757699093062851,1.0105012654390655,5.0,0.6881477427104806,0.9972651556057942,5.385164807134504,94,90,case_00133,167
0.5405405405405406,0.5660640746812616,2.0,1.560398483688012,2.4857493187271373,9.486832980505138,145,111,case_00079,178
1.0513346147479083,1.0516062248087303,4.47213595499958,1.1521415494791942,0.9968061404017479,5.0990195135927845,190,161,case_00102,316
0.34765748821617287,0.4812414022927206,1.4142135623730951,0.34765748821617287,0.48124140229272067,1.4142135623730951,122,122,case_00102,148
0.5728553390593274,0.5853802984766026,3.0,1.0509868438634313,2.3455758070513113,13.601470508735444,254,240,case_00115,312
0.8793507014870982,0.6511691449683211,3.0,3.6617635900493055,4.25746053055221,13.601470508735444,232,147,case_00102,335
0.45144488765925145,0.5290157314534986,2.0,2.1478925964036777,3.261903373110924,11.704699910719626,217,153,case_00033,185
0.5322103691156925,0.7438350519733523,4.123105625617661,0.7180489690011609,0.9542720714309368,5.0,122,104,case_00079,393
0.7397654146908011,0.5452904967280665,2.0,2.965179815961134,4.048291125891154,13.601470508735444,210,148,case_00102,333
0.4986432253307371,0.6290073416464886,3.1622776601683795,1.2210162725698284,1.4942987605995013,7.211102550927978,210,149,case_00033,189
0.3474483353783312,0.4998153344271672,2.0,0.49477559944619065,0.7418079761001343,4.0,244,224,case_00115,352
0.3,0.45825756949558394,1.0,0.32456140350877194,0.46821074193271994,1.0,114,110,case_00086,364
0.25735294117647056,0.4371754851821985,1.0,0.3105889060305811,0.4961772607728709,2.0,143,136,case_00115,136
0.325,0.4683748498798799,1.0,0.34146341463414637,0.4742005389078922,1.0,41,40,case_00086,98
0.6901595815503527,0.7408709982364378,3.0,0.7336217211125464,0.6850678559853369,2.8284271247461903,133,119,case_00075,156
0.3001110434560398,0.463271908921453,1.4142135623730951,0.3358208955223881,0.4878222983702752,2.0,134,128,case_00014,195
0.4938922636058007,0.5139406075407649,1.4142135623730951,0.4897775665619454,0.5139873305277725,1.4142135623730951,123,124,case_00086,140
0.5985378512591898,1.0146155667553793,9.219544457292887,1.3650177182790186,2.5072016197581064,12.649110640673518,375,325,case_00115,332
0.5131578947368421,0.5499622248422728,2.0,0.640220265232821,0.6389834349707623,2.8284271247461903,176,152,case_00161,153
0.5263157894736842,0.4993069989739546,1.0,0.6625815982082427,0.7329229849761073,4.0,42,38,case_00125,208
0.6060606060606061,0.6936680692278544,2.0,0.730533733793459,0.7098031162158895,2.8284271247461903,80,66,case_00161,227
0.7148999533547237,0.6570960352570672,2.23606797749979,1.646745715656163,2.646027936754584,11.0,136,105,case_00079,160
0.26136363636363635,0.4393776120268455,1.0,0.26136363636363635,0.4393776120268455,1.0,88,88,case_00133,330
0.6863911220177664,0.5392327786030385,2.0,0.7072983805499153,0.5267891216124768,2.0,45,42,case_00075,374
0.2641509433962264,0.4408800545489783,1.0,0.2641509433962264,0.4408800545489782,1.0,106,106,case_00133,319
0.27425444921610614,0.4596116082286256,1.4142135623730951,0.4495467015220883,1.040971684948681,7.0710678118654755,203,192,case_00154,165
0.5762322827055363,0.5838266460428551,2.0,0.9835531867933691,0.9821384412923947,4.47213595499958,147,107,case_00079,369
1.2561338462290144,1.1506007762568282,6.0,4.093554609527723,5.174380313138753,17.0,414,285,case_00113,364
0.7394773970705867,1.607919333853657,8.06225774829855,0.5785516122955212,1.2173515098675975,7.0,120,121,case_00133,305
0.2468354430379747,0.43117016025952143,1.0,0.2822085889570552,0.4765572143788578,2.0,163,158,case_00154,160
0.6430994930523016,0.5593914269378816,2.0,0.6260054759582845,0.5322882858789183,2.0,117,117,case_00086,129
0.35526315789473684,0.4785929863019267,1.0,0.48469972192998645,0.6197691494488999,2.23606797749979,84,76,case_00115,203
0.6013552247096449,0.747546947802583,3.605551275463989,0.4869182356912421,0.5523398468788244,2.0,83,88,case_00102,201
1.359110812495624,1.4194670707257449,6.0,1.2824460143569958,0.9645373088998974,4.0,40,29,case_00079,315
0.5194805687400961,0.8240167322725327,3.605551275463989,0.5317033287103459,0.7634677256359959,3.605551275463989,186,176,case_00134,297
0.3137254901960784,0.46400625749800917,1.0,0.32038834951456313,0.4666258190562297,1.0,103,102,case_00102,142
12.001006361007676,10.477067804081885,25.0,0.6714243271984174,0.5050462610368768,1.4142135623730951,17,29,case_00133,352
0.5141777356275044,1.2538829942919376,7.0710678118654755,0.5950729693919425,1.4181934904954514,7.211102550927978,156,153,case_00102,162
0.7890951803278375,1.1059974845033058,6.0,0.7605483596242472,0.859353983871573,4.0,325,305,case_00154,335
0.34104046242774566,0.47405892609971506,1.0,0.3665316892534792,0.49199493407454253,1.4142135623730951,178,173,case_00115,142
0.6887966804979253,0.8290867620919525,3.0,1.2211172882053802,2.461029598784419,13.152946437965905,272,241,case_00113,166
0.3300970873786408,0.4702478073131003,1.0,0.33653846153846156,0.47252547597329286,1.0,104,103,case_00133,322
0.5170811446660221,0.5937619801678692,2.23606797749979,0.6072794353992961,0.6122102832612794,2.8284271247461903,312,271,case_00161,354
1.0728602027985044,1.2641225155363311,7.0,1.1625341395629911,1.192905770910722,6.708203932499369,306,259,case_00113,333
0.5503535390791702,0.6640884135771551,2.8284271247461903,1.0433996158651935,1.4668680434848196,6.4031242374328485,104,82,case_00079,343
0.38095238095238093,0.48562090605645575,1.0,0.390625,0.48789046862487484,1.0,64,63,case_00014,373
0.33582195576532603,0.49098856185465795,1.4142135623730951,0.39705882352941174,0.5723970722361342,2.0,68,65,case_00154,208
0.41935483870967744,0.49345350131543086,1.0,0.4,0.4898979485566357,1.0,30,31,case_00133,349
1.1760244506029227,0.9201609757612106,3.605551275463989,1.3156737258245623,1.0508552539821898,4.242640687119285,85,74,case_00203,207
0.5197368421052632,0.5497654372649124,2.0,0.7101748376753944,0.8728825174568682,5.0,169,152,case_00134,150
0.7545394459482085,0.8660242234490947,3.605551275463989,1.6865071416397317,3.428657705458243,19.313207915827967,290,238,case_00113,373
0.5217571317288168,0.6300795701503797,3.0,0.7241395766454254,0.8795653009122727,4.47213595499958,151,130,case_00125,194
0.4090909090909091,0.4916660830178167,1.0,1.9414891853763792,3.366181575952854,12.36931687685298,179,132,case_00194,137
0.7480503082357521,0.5410115189357094,2.0,0.8213577037107326,0.597177965563895,2.8284271247461903,96,88,case_00102,365
0.2727272727272727,0.4453617714151233,1.0,0.2727272727272727,0.4453617714151233,1.0,33,33,case_00133,348
0.5263157894736842,0.49930699897395464,1.0,0.698787354631046,0.7321792655560412,3.0,41,38,case_00014,377
0.7652582159624414,0.9148306259464575,4.0,0.8336611058259207,0.8530963534533361,4.0,246,213,case_00113,328
0.37950211177189974,0.618624041250077,3.0,0.42615748036204515,0.6658752149851149,3.0,136,131,case_00014,200
3.491810087814529,8.450137471440714,28.0178514522438,0.3031725989548082,0.5052807115507273,2.0,72,82,case_00154,207
0.39359357111631366,0.5416271437482366,2.0,0.3900227645441318,0.5362251537844395,2.0,116,116,case_00014,344
0.35294117647058826,0.5118468011039013,2.0,1.954017349373085,3.401160411935325,12.727922061357855,158,119,case_00125,183
0.6178040076964192,0.8836740261142244,4.0,0.6643885639159722,0.8298389477404632,3.605551275463989,223,203,case_00113,139
0.8597856874952998,0.6509466449266005,2.0,1.1580028291971998,1.188324815580474,6.708203932499369,162,135,case_00075,340
0.3617021276595745,0.4804931825802646,1.0,0.49088765492252434,0.6225758900054622,2.8284271247461903,105,94,case_00133,288
0.5260033369120796,0.538262704966039,2.8284271247461903,1.7682389500927342,3.4845427961740034,15.0,294,256,case_00115,175
0.7262148620782904,0.8915862401828477,4.47213595499958,1.1837625852237805,1.6214219599250967,9.055385138137417,297,242,case_00113,184
0.7820608561523411,0.5827523740572743,2.23606797749979,0.7970139972891285,0.5743561327216524,2.23606797749979,86,82,case_00086,316
0.6471727238313068,0.5280548116752828,2.0,0.8022732485056682,0.7182841379407379,3.1622776601683795,94,86,case_00086,392
0.5502928028028502,0.6208164988956322,3.0,0.7835705285936302,0.8471862509464313,4.47213595499958,410,340,case_00154,344
0.7404014792362359,1.0018158103351518,5.385164807134504,0.9968625330022527,1.8791465553578683,11.661903789690601,341,328,case_00115,318
0.2916666666666667,0.45452967144315476,1.0,0.32,0.466476151587624,1.0,25,24,case_00133,272
0.8935852113716917,0.9641259994529534,3.605551275463989,2.2351642713563895,3.1629164832558985,12.36931687685298,316,239,case_00113,178
0.3769230769230769,0.4846153846153846,1.0,0.4135439046277496,0.5157697897146282,2.0,135,130,case_00115,299
1.455451125715545,1.2134954106062552,4.123105625617661,0.9453569301097339,0.833388006159884,2.8284271247461903,17,22,case_00075,223
1.3420354702689297,0.812698749893535,3.0,1.164618525817444,0.6274262421375151,2.23606797749979,24,26,case_00075,378
0.22950819672131148,0.420516568471497,1.0,0.3248436748170014,0.4772943748513276,1.4142135623730951,69,61,case_00079,217
0.6593912727960473,0.6543827992777207,2.8284271247461903,0.8049781963316985,0.7835271950196285,3.605551275463989,84,73,case_00125,307
0.4473684210526316,0.4972222007287154,1.0,1.9275046923312147,2.5757961217924743,10.0,60,38,case_00203,141
0.647823197545948,0.616705038670306,2.23606797749979,2.122074202576802,3.0378460125278246,10.0,123,95,case_00079,198
0.5638297872340425,0.4959090221619857,1.0,0.5543478260869565,0.49703753761624675,1.0,92,94,case_00033,133
0.311989366442697,0.4796285934008074,2.0,0.3357556348676789,0.5114070389646148,2.0,171,168,case_00115,362
0.648,0.6481481312169309,2.0,1.6871076798685058,3.12594018999615,13.416407864998739,157,125,case_00075,172
1.1046388710650386,1.2368399106319934,5.385164807134504,1.1857264334317223,1.2120448939957986,5.385164807134504,128,108,case_00075,192
1.0486474124300196,1.2766545347607299,5.0,0.9314291763850868,1.1001402373505005,5.0,244,244,case_00115,191
0.5375761309310199,0.8265797757479052,3.1622776601683795,0.48744686232250645,0.711082836000973,3.0,74,72,case_00203,395
0.8564115154393794,0.7626452709966217,3.1622776601683795,0.8106812414170705,0.7367468525989627,3.605551275463989,70,73,case_00086,301
0.46252483423729124,0.5348558476017311,2.0,0.9129059336269421,1.2776978700998967,7.0710678118654755,176,138,case_00125,329
0.8944319048553013,0.9935922755990552,4.47213595499958,1.9846873672548089,3.0255133921447537,12.041594578792296,302,235,case_00113,175
0.8204299222797654,0.9601750178702151,4.47213595499958,0.8059409283785356,0.8284546351851524,4.242640687119285,131,121,case_00125,199
0.3032821560543242,0.467524266782186,1.4142135623730951,0.5047745471725189,1.0940794694364944,6.4031242374328485,166,161,case_00102,161
1.0117329534498165,2.222466961254244,11.661903789690601,1.4309297925058877,1.9173221271986023,9.0,152,108,case_00079,190
0.842231319285202,0.5289393534212756,2.0,0.8295085865300942,0.5176480087055308,2.0,91,92,case_00203,151
0.4534746963461884,0.5132126736999961,1.4142135623730951,0.48716340147659803,0.5287919938918553,1.4142135623730951,118,113,case_00086,360
0.5075311556795108,0.5104840293255395,1.4142135623730951,0.49841136226616845,0.5107302352742017,1.4142135623730951,108,110,case_00033,140
0.6332756132323082,0.6030488206092317,2.0,0.6230503082357521,0.5624533473567286,2.0,88,85,case_00086,112
0.4549930403749831,0.5031484118635092,1.4142135623730951,0.8891144798932044,1.5834094117783808,8.54400374531753,131,113,case_00125,334
0.959998878637524,1.0005979565548568,4.0,2.4125317281439664,3.8003558200948535,16.492422502470642,365,272,case_00113,370
0.2808219178082192,0.4494006767760068,1.0,2.2526310535549476,4.267032719604684,14.422205101855956,188,146,case_00033,362
1.4040963344991648,1.1196041637319905,4.47213595499958,1.2704377822961632,1.0414499403719353,3.605551275463989,73,80,case_00086,183
0.5,0.5175491695067657,2.0,1.4346113811646912,2.5551607986136347,10.0,138,112,case_00079,172
0.4406779661016949,0.49646842426701054,1.0,0.45,0.49749371855331004,1.0,60,59,case_00125,364
0.3559322033898305,0.478794809892391,1.0,0.36666666666666664,0.4818944098266986,1.0,60,59,case_00014,374
0.5897255064137185,0.6576677408753707,2.8284271247461903,0.7846662644166326,0.9645472954010054,5.830951894845301,152,132,case_00125,192
1.48568484677516,1.350201305867277,6.0,1.6430679731797357,1.4998982379210364,7.0,79,66,case_00113,422
0.32252015955733054,0.4747552120672256,1.4142135623730951,0.35296869171205725,0.48473050705400367,1.4142135623730951,89,85,case_00203,383
0.6003644503172588,0.5760817816099967,2.0,0.6626557783975542,0.5676715209696256,2.0,88,78,case_00075,204
0.25,0.4330127018922193,1.0,2.659430642250107,2.609555824319084,7.810249675906654,17,4,case_00079,431
0.6814425493453942,0.614943686024192,2.23606797749979,0.6606259443827691,0.5789878279510383,2.0,127,127,case_00086,147
0.2976190476190476,0.45721105642075055,1.0,3.342606366388734,7.816808356577456,27.730849247724095,98,84,case_00154,317
0.3669064748201439,0.4819606971063086,1.0,2.663594392212987,3.933096230252389,13.341664064126334,211,139,case_00194,146
0.4908221947964912,0.5266324603341851,2.0,1.0289818002398812,1.2764671941674983,5.656854249492381,186,137,case_00125,327
0.3300970873786408,0.47024780731310034,1.0,0.3235294117647059,0.4678227564878491,1.0,102,103,case_00133,323
0.458128078817734,0.644774710224874,3.0,0.47939394074241304,0.5844741405811135,2.23606797749979,217,203,case_00134,158
0.532051282051282,0.6244984838608579,2.0,0.685988969825226,0.7048478116770679,2.8284271247461903,184,156,case_00161,154
0.6147837186408109,0.8830250772126939,5.0,0.7922981834650794,1.4391484797762348,10.295630140987,269,260,case_00115,346
0.8102183272316454,0.6328165858474677,3.0,2.241485025298684,3.2293304367997098,13.416407864998739,159,123,case_00075,344
0.30985915492957744,0.46243535660230994,1.0,1.6664887142132825,2.8843698720774604,10.295630140987,93,71,case_00133,287
1.0086499727363218,1.6365443490513967,6.082762530298219,0.5708175983988552,0.5589858152928291,2.0,47,46,case_00115,293
0.3888888888888889,0.48749802152178456,1.0,0.4853553390593274,0.5607407554713724,2.0,40,36,case_00133,182
0.5433435556949875,0.5840731262850264,2.8284271247461903,0.7635100438726763,0.9319019807868384,4.47213595499958,144,132,case_00014,186
0.7688888888888888,0.9091686610970419,5.0,0.9339394002478172,1.0090927338802205,6.324555320336759,274,225,case_00113,331
0.7395377832425369,0.6629316895275439,3.1622776601683795,2.1266108163800683,3.2580811182690703,13.0,189,147,case_00102,329
0.43333333333333335,0.49553562491061687,1.0,0.4832955932672784,0.5086580991551414,1.4142135623730951,130,120,case_00134,289
0.5869565217391305,0.4923805066480924,1.0,1.330044898246338,1.639244008537497,6.0,57,46,case_00014,310
0.6259005719072992,0.5087739023620119,1.4142135623730951,1.0023664672805763,2.4819281511809317,18.027756377319946,170,166,case_00115,306
0.8823529411764706,0.7957499563805108,4.0,1.2107876544496292,1.0916052177800082,5.656854249492381,184,136,case_00113,403
0.7450751745150196,0.6031433521480046,2.23606797749979,0.9883014728368746,1.0409136192037676,5.830951894845301,83,74,case_00086,394
0.5695215095021205,0.559978825222155,2.23606797749979,0.6952356943529543,0.8099330784655282,4.242640687119285,122,116,case_00014,354
0.5571414423994725,0.5453774384918553,2.0,0.6580880229039762,0.5629566183200405,2.0,60,51,case_00075,128
0.46340725548022976,0.5422413165674879,2.0,0.4603972050371804,0.5284529153759974,1.4142135623730951,57,57,case_00014,168
1.495498611820368,1.5595814154549352,7.211102550927978,2.342256615426889,3.2819043396146745,15.0,354,311,case_00113,353
0.9668065204526639,1.0102684271357567,4.47213595499958,1.1022430693704157,1.1199513316460024,5.385164807134504,130,112,case_00075,191
0.38368816091323205,0.49075767611679705,1.4142135623730951,1.646310437328211,3.591866374074536,13.92838827718412,152,134,case_00033,371
0.42857142857142855,0.4948716593053935,1.0,0.5051546391752577,0.4999734289889543,1.0,97,84,case_00079,147
0.3125,0.46351240544347894,1.0,0.3238578717770422,0.47435533738384333,1.4142135623730951,97,96,case_00133,327
0.6320554435092486,0.6075367953076103,2.23606797749979,0.6758078085301282,0.6074877625823266,2.8284271247461903,132,121,case_00075,158
0.9332522668390839,2.079846513066558,13.92838827718412,0.4076504843704677,0.6365922195731696,2.8284271247461903,56,61,case_00033,201
1.1752908225621768,0.9565499352869238,3.605551275463989,1.1350471043766133,0.9603095264734905,3.605551275463989,76,81,case_00086,182
0.5022662217838533,0.7289405829346624,3.605551275463989,0.9098064024965664,1.779603650277645,10.0,190,171,case_00102,184
0.6071428571428571,0.7074073579402658,3.0,3.083585479615733,7.267870071245888,28.178005607210743,115,84,case_00161,335
0.8558375965793723,0.5594609492500697,2.0,0.9217216809816517,0.5989678423268577,2.0,48,44,case_00075,373
0.5930232558139535,0.6357179968761231,2.0,0.7874428228052616,0.7202934747041445,2.8284271247461903,108,86,case_00113,206
0.7040816326530612,0.8107590758359697,3.0,0.8735495578586089,0.8607997505897846,3.605551275463989,123,98,case_00161,206
0.5092592592592593,0.5852408552985365,2.0,0.8760456964103078,1.7551478393004327,11.0,125,108,case_00079,164
0.5368481896263556,0.6182625386916549,2.0,0.640833903745017,0.6576238763251248,2.23606797749979,102,88,case_00075,140
0.6506120506700301,0.727929403890255,3.605551275463989,1.5240265739741903,2.171494066324235,11.0,368,299,case_00115,338
0.7886117907590303,0.723200511412789,2.0,0.8784763152527209,0.7132791658376479,2.8284271247461903,82,69,case_00161,225
0.9182706622564482,0.864918110959177,4.0,1.4940829928048407,1.5833023859623088,6.0,138,115,case_00203,193
0.48623853211009177,0.5844259929773574,2.0,1.6737798461689033,2.643206480159558,10.0,151,109,case_00079,179
0.8470011631809861,0.843303301393683,4.0,0.9922875367737886,1.079695042228606,5.0,133,126,case_00086,156
0.7281553398058253,0.8148402042080503,4.0,0.9975489716422977,1.0781355963588368,5.385164807134504,127,103,case_00113,415
0.6907830235046435,0.7889257738713111,3.0,1.8439132372193787,3.3682364949911,16.64331697709324,302,241,case_00113,372
0.3643410852713178,0.4812449052765506,1.0,0.3643410852713178,0.4812449052765506,1.0,129,129,case_00033,150
0.5633384445141605,0.600566482550158,2.8284271247461903,0.6500003920024151,0.6392030753037627,3.0,296,264,case_00134,196
1.1001383914438019,1.2270137237794168,6.0,2.4266798058112573,3.2397942328663984,13.152946437965905,361,271,case_00113,347
1.2453203469781824,2.0971679483567605,11.0,0.8388406945385652,0.7294646303349016,3.1622776601683795,246,235,case_00113,384
0.8483875646480438,0.8554831637012899,4.0,1.0366546284359623,1.026161174382651,5.0,141,124,case_00125,197
0.48863636363636365,0.5572045660030576,2.0,0.8240538459683046,1.01115171772503,6.4031242374328485,335,264,case_00161,356
0.8372968817564743,0.8422946322934503,4.0,1.1977131247361488,1.272051433622925,5.0,114,95,case_00161,214
0.6280871386578574,0.860509076887606,5.0,1.0019514414405404,1.2940190372611287,6.708203932499369,199,163,case_00033,190
0.6,0.66332495807108,2.0,2.0208186629217657,1.4859201183959225,5.0,24,10,case_00113,426
0.6154511122160002,0.5657779483475832,2.0,1.1891326163865217,2.1659653269423527,13.92838827718412,294,269,case_00115,343
0.4457831325301205,0.49705183963219923,1.0,0.49703447165730097,0.5301383042422015,2.23606797749979,89,83,case_00133,126
0.7059714022681126,0.6118264883991764,2.0,0.7774586747802401,0.6417306067272927,2.8284271247461903,123,110,case_00075,151
0.29896907216494845,0.45780625383864987,1.0,0.31313131313131315,0.4637672841716766,1.0,99,97,case_00133,326
0.33793570624858993,0.4798373712902228,1.4142135623730951,3.2999187694056014,7.301923259329418,24.166091947189145,106,90,case_00154,318
0.4421378293341118,0.755425698547227,5.0,0.6043779978926491,0.879382847333863,5.0,368,325,case_00154,178
0.25,0.4330127018922193,1.0,0.43810614760264144,0.7049481486759587,2.8284271247461903,45,40,case_00133,346
0.3228346456692913,0.4675600894268825,1.0,0.328125,0.4695306000411475,1.0,128,127,case_00033,148
0.5962775071574926,0.6197067595172573,2.0,0.8489802106639371,0.8312624782722783,4.123105625617661,119,96,case_00161,138
0.6229571005388533,1.2978611385112393,9.0,0.6898961736867752,0.993836550747431,5.830951894845301,289,262,case_00154,193
0.4444444444444444,0.5152010275275392,2.0,0.486329427261837,0.5216362504987033,2.0,116,108,case_00125,170
0.7594456382396048,0.6815897861679167,4.0,0.7974602346019161,0.6440355672707964,3.1622776601683795,276,242,case_00161,165
1.0394736842105263,0.9792691887547168,4.0,1.048270457626634,0.8670085122482512,3.1622776601683795,87,76,case_00161,223
0.24345911784562105,0.43326159504975853,1.4142135623730951,0.3047096915729414,0.5263973787865159,2.23606797749979,173,166,case_00102,173
1.0813867213556232,0.9409555140513716,5.0990195135927845,2.6873068437722094,3.5561364983841544,13.152946437965905,189,146,case_00102,327
0.3291139240506329,0.4698914226144453,1.0,0.4284153648084032,0.501241342959392,1.4142135623730951,92,79,case_00079,145
0.5870097073805952,0.5187060507429151,1.4142135623730951,0.6916922903467789,0.5985787077338939,2.23606797749979,49,44,case_00102,383
0.7617677429482047,0.6803038689287751,2.8284271247461903,1.4270414956678754,2.4042574691768555,11.704699910719626,142,116,case_00075,188
0.45098039215686275,0.49759127609605963,1.0,1.4952542629482077,5.267539587874482,31.38470965295043,58,51,case_00154,312
0.4126984126984127,0.4923194418816134,1.0,0.4307692307692308,0.49518390582864863,1.0,65,63,case_00133,339
0.4663118110769846,0.6383990091236847,2.8284271247461903,0.5472981157102234,0.7128513731713972,3.605551275463989,130,120,case_00133,150
1.239497142904415,1.746383041970895,6.708203932499369,0.6831117070852469,0.6888649114531205,3.0,85,87,case_00079,208
0.3023255813953488,0.45926552693329065,1.0,0.5613678403075627,0.8395630696192053,3.605551275463989,50,43,case_00125,207
0.4044943820224719,0.5346236967806886,2.0,0.7013066128664394,0.9760192002180321,5.0,108,89,case_00161,390
0.2857142857142857,0.4517539514526256,1.0,0.5535008515835355,1.6728813204143942,11.045361017187261,143,140,case_00033,160
0.33276650429449556,0.4827177784374856,1.4142135623730951,1.3302563394276636,2.0234297212087027,8.06225774829855,213,160,case_00033,182
0.6599432243708572,0.6421067104177608,2.23606797749979,3.718880957604023,4.009639533846166,11.661903789690601,151,92,case_00203,368
1.12101770160183,1.7694121376025853,7.615773105863909,0.4714285714285714,0.5534677322231575,2.0,70,80,case_00133,173
0.6504393689585156,0.6414135841479643,3.0,1.2392627173556163,1.485916050905029,8.54400374531753,199,145,case_00194,175
1.2354932512982335,1.4629501333480874,5.0,0.6066941738241592,0.5651744681492795,2.0,32,39,case_00194,200
0.6382978723404256,0.5987764799774591,2.0,0.8241254659491335,0.7821293417863916,3.605551275463989,55,47,case_00194,194
0.4476985349554762,0.5700787231710018,2.0,2.0432543136872376,3.055174928793217,10.63014581273465,167,118,case_00125,187
0.4803921568627451,0.5727537909403346,2.0,0.9350087525562744,1.6000577683794284,8.0,122,102,case_00079,157
0.7399038033518535,0.6099857307105793,2.23606797749979,0.8506907228383617,0.7605318056531752,4.123105625617661,96,87,case_00086,326
0.2536231884057971,0.49726198447239894,2.0,0.2846071377631908,0.5274027936138649,2.0,142,138,case_00115,366
0.32158676712868955,0.47170740627389335,1.4142135623730951,0.44386283834974133,0.6111101205100677,2.8284271247461903,149,135,case_00154,154
0.6924681173935039,0.5872071446413275,2.0,0.7463560188251123,0.6557176832879495,3.1622776601683795,77,74,case_00102,371
0.9138002298707304,0.6408836491537344,3.0,1.3832856332162478,1.9956996650883672,11.180339887498949,135,118,case_00075,347
0.44929830514457053,0.5460137663046752,2.0,0.5132614408414158,0.562956335964466,2.0,112,102,case_00079,396
1.0572678168622476,1.2397019893587904,5.830951894845301,3.2510677646973125,4.146321225995759,13.92838827718412,197,139,case_00102,325
0.5169188416225173,0.603210471013794,2.0,1.5352909578569423,1.68721762993802,7.0710678118654755,157,103,case_00203,362
0.3575079241431298,0.4896013191324526,1.4142135623730951,0.4036282023534368,0.5365668144752159,2.0,122,117,case_00014,349
0.5496215285043191,0.5663242824993782,2.0,0.5755065661700721,0.5694333825559249,2.0,119,114,case_00086,343
0.3655913978494624,0.4815956059474988,1.0,0.4002930631417133,0.5021320519756162,1.4142135623730951,97,93,case_00125,160
0.29411764705882354,0.4556450995538137,1.0,0.30434782608695654,0.46013066279384185,1.0,69,68,case_00133,337
0.2231404958677686,0.4357496306269113,2.0,0.2868341925165536,0.5113473829045934,2.23606797749979,128,121,case_00115,134
0.7453871759458007,0.8627850009912923,4.0,1.2879355245813517,2.421421257867117,13.0,272,240,case_00113,170
0.7126654021091259,1.095817837665251,6.0,1.0209803016449033,1.6783188473083854,9.055385138137417,355,333,case_00115,320
0.9411719405094068,1.0571482307438067,5.0990195135927845,1.9164171376662125,2.609985636013617,13.0,359,297,case_00115,339
0.654604188274269,0.8062293429217274,3.0,1.34020285388978,2.7950942672116805,14.142135623730951,276,242,case_00113,165
0.4816780877236462,0.5022859270797037,1.4142135623730951,0.48584119252118835,0.505004717028483,1.4142135623730951,224,223,case_00115,155
0.6290150750410272,0.9696483372679762,5.385164807134504,0.5689681116536897,0.6207297223878382,2.8284271247461903,299,262,case_00161,346
0.42424242424242425,0.4942274675848512,1.0,0.5230118645762831,0.6269970144897872,2.8284271247461903,36,33,case_00133,183
0.64,0.6858571279792899,2.0,0.8271691702979264,0.7726843881615831,3.1622776601683795,32,25,case_00161,322
0.40021535700565297,0.5563493845721477,2.0,0.4463234383874184,0.573904884904686,2.0,70,66,case_00133,285
1.9268066392174399,2.752659768521315,11.313708498984761,0.7827821338476665,0.7248085050716031,3.1622776601683795,210,214,case_00161,339
0.6735185859557437,0.6555196775883306,3.1622776601683795,1.3508098515399336,1.6534863768486145,7.615773105863909,247,180,case_00161,161
0.5260475906812979,0.5581301160625978,2.0,0.6259850998166424,0.605609894620886,2.23606797749979,58,51,case_00075,216
0.7105263157894737,0.8956393796781639,4.0,0.6940344112980323,0.7584370804752921,3.605551275463989,123,114,case_00113,315
0.2743362831858407,0.4461792094143551,1.0,0.8187258299428108,2.053715588117545,12.041594578792296,134,113,case_00125,176
0.7041667833849409,0.7685620356976834,4.0,1.069170412415419,1.0933143041582238,4.47213595499958,130,104,case_00203,356
0.5360824742268041,0.5931195820058773,2.0,0.8560288195935054,0.8935684976683936,4.0,128,97,case_00161,208
0.3181818181818182,0.4657704893618,1.0,0.5877192982456141,1.4915634297830498,9.0,114,110,case_00133,313
0.3333333333333333,0.4714045207910317,1.0,0.3333333333333333,0.4714045207910317,1.0,39,39,case_00033,321
1.1070930167008,0.9498694800426573,3.605551275463989,1.0131852836070028,0.9074445333364447,3.605551275463989,80,86,case_00086,178
0.5233057390306349,0.5196255888814638,1.4142135623730951,0.7037209711179623,0.6064573302705881,2.23606797749979,73,57,case_00079,324
0.38802235921588984,0.5327120076476306,2.0,0.510620429145551,0.5972085746931634,2.23606797749979,115,99,case_00134,145
0.4205607476635514,0.49364907088763577,1.0,0.43636363636363634,0.4959338798903948,1.0,110,107,case_00125,341
0.41379310344827586,0.4925123054167483,1.0,0.49504950495049505,0.4999754919981227,1.0,101,87,case_00079,150
0.43283582089552236,0.49546843799098006,1.0,0.6588038101400504,0.7106348781117171,2.8284271247461903,82,67,case_00125,306
0.6043413832811508,1.036711865685845,4.123105625617661,0.6250051243178971,1.0555676025288048,4.242640687119285,103,100,case_00014,223
0.5555555555555556,0.6431020501550125,2.0,0.6264833035562347,0.6326148885337232,2.23606797749979,82,72,case_00161,328
3.431034535229055,2.382855853396412,8.48528137423857,1.0869828626246514,0.9366385566332847,2.8284271247461903,17,40,case_00134,141
0.29931972789115646,0.45796007291719276,1.0,0.5120229941147226,1.1255508480572127,7.0,155,147,case_00033,163
0.5927210106108132,0.6351368236156457,2.0,1.4196782290556342,2.4942243177628396,11.0,131,106,case_00079,162
0.7610528100543447,0.8359578494983954,4.0,0.8214806023134069,0.7957195611663712,3.1622776601683795,250,223,case_00113,190
0.3132303427085851,0.49694785937950636,2.23606797749979,0.3861399721150018,0.5839196409614842,2.8284271247461903,151,142,case_00115,137
0.9362515431630937,1.003377486920082,3.605551275463989,0.7588851676183558,0.7496828241674067,2.23606797749979,58,60,case_00086,189
0.8451656013408081,1.5291588162311978,6.082762530298219,0.7282857141414645,1.1709992582575584,5.0,122,114,case_00014,217
0.6800614113283554,0.5522303299233043,2.0,0.7337293909412461,0.5592003314164092,2.0,47,43,case_00203,407
0.6592415753639146,0.5483563284569286,2.0,0.6489155624961545,0.5533365341480957,2.0,33,34,case_00125,209
0.6231884057971014,0.627889247027086,2.0,0.797294491799462,0.7293738163691648,3.1622776601683795,167,138,case_00113,121
0.441154059508578,0.6443129622629655,4.47213595499958,0.6520255006460316,0.9440427076709802,6.0,373,328,case_00154,175
0.47368421052631576,0.4993069989739547,1.0,0.47368421052631576,0.4993069989739547,1.0,19,19,case_00133,109
0.24299065420560748,0.42888949179752395,1.0,0.24299065420560748,0.42888949179752395,1.0,107,107,case_00102,143
0.26242995819722786,0.47258682720574585,2.0,0.2765236532635229,0.47881849720142194,2.0,157,154,case_00115,364
0.43548387096774194,0.5853305584394857,2.0,0.527963104703402,0.6151404857549222,2.23606797749979,70,62,case_00161,230
0.6527777777777778,0.5567695070229846,2.0,0.9252160408176282,0.826097340678017,3.605551275463989,91,72,case_00113,208
0.30173050852080446,0.4685773797718338,1.4142135623730951,0.30698065507327965,0.4706934789170025,1.4142135623730951,133,132,case_00102,154
0.44628246814341055,0.5484815025393526,2.23606797749979,0.6516610865987119,0.8146637655056392,5.0,283,244,case_00154,196
0.33613445378151263,0.47238552344723334,1.0,0.3340187590031618,0.4768799843581666,1.4142135623730951,118,119,case_00033,144
2.0995864094170424,0.769244375599362,3.1622776601683795,1.0,0.0,1.0,1,4,case_00154,139
0.9047675476105617,0.7788986077228596,3.0,0.9765710707063666,0.802650040920274,3.1622776601683795,97,87,case_00075,363
0.38181818181818183,0.48583233512317764,1.0,0.41379310344827586,0.49251230541674834,1.0,58,55,case_00133,280
0.8773233544918428,1.2672667861679938,15.264337522473747,1.0188210339151755,0.9326834606092884,5.385164807134504,228,189,case_00161,186
0.9123562389624764,1.4296612121637304,7.280109889280518,0.9808352165987945,1.2514340885078987,6.4031242374328485,320,283,case_00134,314
0.7069545541617891,0.9439384810733457,4.0,0.7457924472443078,0.9915238112773569,4.0,89,87,case_00014,228
0.40669417382415923,0.533479005189037,2.0,2.234416564234448,2.9875993647765933,10.295630140987,245,160,case_00033,350
0.32857142857142857,0.4696937777935314,1.0,3.550949361397798,5.22160229164239,14.317821063276353,199,140,case_00033,361
0.9338803313835438,0.6469661514125504,3.0,0.8930892948156365,0.5387982919403117,2.23606797749979,91,86,case_00102,366
0.4773459080339013,0.5483724214935675,2.0,0.6948033226558071,0.8724395577063436,5.0,164,140,case_00125,331
0.5581395348837209,0.496608290792154,1.0,0.7796880774589239,0.8043559303273153,4.123105625617661,51,43,case_00194,195
0.5130434782608696,0.6835357869363419,3.0,0.63005370966799,0.7840899366883605,3.605551275463989,255,230,case_00113,152
0.4690265486725664,0.5164685473067212,2.0,0.5336717514850737,0.5279076862093574,2.0,126,113,case_00194,122
0.7339431858508176,1.0910084154395763,4.123105625617661,0.7776212701419103,1.038575222868433,4.242640687119285,120,107,case_00113,313
0.5324675324675324,0.5243280321606844,2.0,0.5644549233615844,0.5028113074717385,1.4142135623730951,84,77,case_00079,414
0.5747274727300524,0.8002624815686413,3.1622776601683795,0.8711949943466891,1.7438518520290858,10.0,220,205,case_00134,304
0.5,0.5,1.0,0.5976235165059188,0.5418853968439733,2.23606797749979,63,54,case_00194,190
0.3181818181818182,0.4657704893618001,1.0,0.3457387154594131,0.48098018006455434,1.4142135623730951,114,110,case_00086,366
0.5245773226457855,0.6063627424429393,2.23606797749979,0.7067140858059583,0.7426813644401707,2.8284271247461903,98,84,case_00203,205
0.2932436211220635,0.4814952087358303,2.0,0.32953704605072326,0.5242747198718481,2.0,133,129,case_00014,197
0.5747234246762333,0.5574214080514518,2.0,0.6317984263317319,0.5821735021280042,2.0,84,78,case_00154,381
0.4173834027086726,0.5950571249348947,3.0,0.38908151591621964,0.5226316827930823,2.0,106,106,case_00133,162
0.7679927737353913,0.7038880715850194,3.0,2.4595063654193847,3.5907321222967488,12.806248474865697,174,129,case_00075,335
0.6471832940904406,0.7035246174076086,2.8284271247461903,0.7070349804264294,0.729278800047986,2.8284271247461903,63,58,case_00102,378
0.5108695652173914,0.5803777858353258,2.0,0.8010626106450176,0.890551122913357,4.47213595499958,115,92,case_00113,205
0.5956495596844291,0.7020118586368704,3.0,1.3724686936642099,1.4929542747079063,6.4031242374328485,151,105,case_00203,363
0.5435660171779821,0.6457832337319278,2.0,0.6214292620994932,0.7445145147562066,2.8284271247461903,84,80,case_00014,230
0.6643505831410376,0.6124965829684711,2.0,0.7292669077744027,0.6214519805346239,2.8284271247461903,122,109,case_00075,150
0.5123353025252086,0.7026983273212587,4.0,1.2411507324827298,2.6228642080994926,13.038404810405298,312,279,case_00134,181
1.071472431797094,2.552398386924197,17.11724276862369,0.8039562358422135,0.7819119705013509,4.242640687119285,97,86,case_00161,334
0.43037974683544306,0.49512929659766947,1.0,0.43037974683544306,0.4951292965976694,1.0,79,79,case_00033,129
0.5712248407774574,0.8262147134415724,3.605551275463989,0.8057539035478188,0.9835151245918443,3.605551275463989,133,112,case_00133,137
0.4631717419082574,0.5732149559925429,2.0,0.4512999559705362,0.5639747159011428,2.0,115,116,case_00014,343
0.5271964146610211,0.5583972869849516,2.0,2.04196406784426,2.8049469057315806,12.529964086141668,241,156,case_00194,162
0.8609075048324443,0.93209268549176,5.0,1.030056719271883,1.0718084553095555,6.4031242374328485,286,241,case_00113,332
0.4225352112676056,0.5080194027287728,2.0,3.4000949929886373,4.508685277056106,14.035668847618199,234,142,case_00194,155
0.27058823529411763,0.4442637079646872,1.0,0.28735632183908044,0.45252918816159826,1.0,87,85,case_00133,331
0.3333333333333333,0.4714045207910317,1.0,0.34545454545454546,0.47551624838625534,1.0,55,54,case_00033,400
0.40517766952966366,0.4983282614045793,1.4142135623730951,0.3924050632911392,0.48828611448065584,1.0,79,80,case_00102,204
0.9967344606359883,1.277642655485774,6.0,1.359485575332619,1.6309493222580564,7.0,183,147,case_00194,179
2.544848604383048,2.9343997857328143,9.219544457292887,0.9432667003489845,0.5622546442261864,2.0,34,46,case_00075,221
0.37168141592920356,0.4832539094327804,1.0,0.37719298245614036,0.4846838520540808,1.0,114,113,case_00033,382
0.9167722844422054,0.9866519481816842,4.242640687119285,0.7060393309213523,0.6709891295021685,3.0,78,86,case_00086,310
0.6826184463531091,0.8445109373863279,4.0,0.7144920268673727,0.805242741181269,3.1622776601683795,258,240,case_00113,167
0.4758714124971799,0.5122843816249211,1.4142135623730951,0.4772727272727273,0.5430819611522054,2.0,44,45,case_00203,339
0.6361190299765797,0.5996500829467785,2.0,1.1102685408593491,1.8858471341645255,10.770329614269007,147,123,case_00075,181
0.6728053886175167,0.812085242913275,3.1622776601683795,0.9232256052663536,1.3083413338586913,6.4031242374328485,117,107,case_00133,291
0.6551724137931034,0.4753120259341455,1.0,0.6774193548387096,0.4674637660061109,1.0,31,29,case_00079,131
1.251584261922023,1.5820137814001096,8.246211251235321,2.166675034194231,2.798119259790013,11.40175425099138,334,260,case_00113,342
0.45656854249492385,0.5210999577855107,1.4142135623730951,1.3580916555115234,1.3231874963390735,4.123105625617661,42,25,case_00102,294
0.2898550724637681,0.4536949519564791,1.0,2.900730486403114,4.8542542808626665,14.317821063276353,182,138,case_00033,364
0.7788374045084313,0.9136482252275626,4.123105625617661,0.8610979622083776,0.8178555238984115,3.605551275463989,212,179,case_00113,194
0.4891304347826087,0.49988183858986596,1.0,0.5336204760075373,0.5105915520648915,1.4142135623730951,99,92,case_00134,285
0.32579741977233123,0.4869698382438523,1.4142135623730951,1.7007339312819063,3.0161901605975348,12.36931687685298,99,67,case_00033,327
0.7961129395821793,0.594597308757549,2.23606797749979,0.8555452864910394,0.6397020660832669,3.0,85,79,case_00102,369
1.227319171180389,1.3871377827065425,6.708203932499369,1.7360894333543722,2.3740822865770697,11.40175425099138,183,151,case_00102,321
0.9549706224810917,1.0550028958244977,5.0,1.5820053825645783,2.600312824571047,11.0,174,160,case_00102,188
0.46551724137931033,0.6218858205817737,4.0,0.5945436186794227,0.7646841332939474,4.47213595499958,259,232,case_00134,165
0.504950495049505,0.5907498570366851,2.0,0.7547299436525671,0.7491007561893284,2.8284271247461903,130,101,case_00161,201
0.4711879504657432,0.5921414425502279,2.23606797749979,0.648135267518518,0.8442352604568819,3.605551275463989,128,117,case_00133,154
0.39285714285714285,0.502798292010802,2.0,0.9420095987590826,1.3062162162315574,8.06225774829855,187,140,case_00154,324
18.714143164158813,4.229533513222981,24.698178070456937,13.345027490965448,1.2557499480561947,15.231546211727817,12,37,case_00161,240
0.614217967721813,0.5879974344870619,2.0,0.8592747262170217,0.7422483810493471,3.1622776601683795,280,213,case_00161,184
0.3015075376884422,0.4589125650987286,1.0,0.31731139685898074,0.46851949986993907,1.4142135623730951,203,199,case_00115,357
0.5254845532627193,0.6188351100036176,2.0,0.6842889481545745,0.7093498480031398,2.8284271247461903,105,88,case_00203,204
0.43846153846153846,0.5262910302491485,2.0,0.7404984606681195,0.9433629390040809,5.385164807134504,162,130,case_00125,189
0.46938775510204084,0.49906201063826466,1.0,0.4583333333333333,0.4982608642958916,1.0,48,49,case_00133,116
0.4216176045807952,0.5557924632218566,2.8284271247461903,1.5561767779608926,2.448102827243278,8.48528137423857,188,150,case_00033,336
0.7136614592336129,0.5628270410403976,2.0,0.8114558279179983,0.5844137569718187,2.0,81,69,case_00075,208
0.9726949676373207,0.9060837641213227,4.123105625617661,0.789819921225923,0.6244062156734693,2.0,73,73,case_00203,144
0.8118033720374698,1.0876950621872326,6.0,0.9255176710327677,1.0370842479946654,5.0,221,190,case_00113,325
1.3712331639364712,1.3594538137977215,4.47213595499958,1.8671213907832895,1.6558767730474606,6.708203932499369,114,81,case_00079,333
0.5026561293575138,0.5224157453294832,2.0,0.5192847303959968,0.533749775946568,2.0,220,215,case_00115,153
0.6600775469478952,0.8075665550292805,4.0,0.6201420011519675,0.7088393239022241,4.123105625617661,239,239,case_00115,311
0.47720679236843855,0.5714724782719591,2.0,0.9277634566283901,1.4150442419373959,8.94427190999916,336,267,case_00161,353
0.4803321135283565,0.5299240721573645,2.23606797749979,1.2971209909362469,2.906191555471661,15.524174696260024,288,260,case_00115,172
0.6902724581050532,0.6597640786402064,3.1622776601683795,0.7152526232906867,0.6160926451929328,3.0,147,136,case_00125,318
0.3720869284486227,0.7064356429836122,4.47213595499958,0.9581624825894229,2.681243650640675,13.0,168,160,case_00102,172
0.5077613609555469,0.520734008460123,1.4142135623730951,0.7963758229207846,0.930475979629374,5.0990195135927845,168,138,case_00125,325
0.4060866758305392,0.5187059628188652,2.23606797749979,0.5639421682178295,0.7652790017062506,5.0,353,318,case_00154,352
0.7742894563806986,0.9123014959737072,4.123105625617661,0.6966926576731595,0.6788636828436876,2.8284271247461903,93,88,case_00079,203
0.578222116614306,0.5248002300104749,2.0,0.7563904867247554,0.69202156018115,3.1622776601683795,98,82,case_00125,309
0.339615240019942,0.4787476411140296,1.4142135623730951,0.38262741699796954,0.5114648177161962,2.0,125,119,case_00115,298
0.9428533453880577,0.4925510292943962,2.0,1.0183804122649112,0.5516926232507522,2.8284271247461903,82,76,case_00075,367
0.35964912280701755,0.4798975216347343,1.0,0.3706896551724138,0.48298947682177373,1.0,116,114,case_00115,368
0.6622052489043151,0.9996769632280125,5.0,0.9821204370353851,1.909749086874241,10.770329614269007,188,169,case_00102,186
0.7610798783909469,1.4118562475938234,7.211102550927978,1.391514895052267,1.9416323794291437,8.0,160,124,case_00154,204
0.7055764984590538,1.009103977338473,4.123105625617661,2.0034045456406155,3.0408841291822646,12.727922061357855,165,124,case_00125,180
0.645777580963025,0.651060985495702,2.0,5.641919388723982,9.858106264625773,44.181444068749045,74,44,case_00134,354
9.926022481911696,16.272057731355016,45.18849411078001,0.5471404520791031,0.5583443711633401,2.0,90,121,case_00102,199
0.6718213059745792,0.6738408849602526,2.8284271247461903,0.659127440656525,0.5811221177237675,2.0,79,74,case_00079,212
0.5454545454545454,0.49792959773196915,1.0,0.5454545454545454,0.49792959773196915,1.0,22,22,case_00133,110
1.108709402576817,1.1226192364948353,5.0990195135927845,3.1198325204528357,4.088410284275825,13.601470508735444,194,143,case_00102,326
0.3968253968253968,0.5206736338684674,2.0,0.4672846476394099,0.5508032212281396,2.0,69,63,case_00079,216
0.3547608115511075,0.48762806545969356,1.4142135623730951,0.40931363314665636,0.5442705812941881,2.0,69,66,case_00133,122
0.3565685424949238,0.5028507477403665,1.4142135623730951,0.4353031662616128,0.5820764900209143,2.0,53,50,case_00203,342
0.36585365853658536,0.4816687233690609,1.0,1.1019357458125123,2.181274818614758,10.63014581273465,144,123,case_00014,190
0.423053121186445,0.5217715676898551,2.0,0.6468980481578188,0.9508436046221769,6.0,279,246,case_00154,195
0.9823282187133797,0.7354683022813255,3.1622776601683795,1.017536240195424,0.7439817798695402,3.0,90,85,case_00086,322
1.009529130468974,1.3956335778043203,7.0710678118654755,1.1717526415583113,1.534580373741209,8.06225774829855,136,121,case_00086,168
0.9383382697234838,0.6597808463850321,2.0,0.8378023933599579,0.59742001899174,2.0,17,19,case_00075,120
0.5192307692307693,0.49963004064486843,1.0,0.5361172370259074,0.509654902345167,1.4142135623730951,106,104,case_00125,344
0.5,0.5,1.0,0.7314728406012427,0.6410096952532739,2.23606797749979,37,28,case_00194,99
0.9478425998071534,2.534510220337951,12.083045973594572,0.28867295401695064,0.4577390834048043,1.4142135623730951,140,149,case_00102,157
4.114941181185026,2.8707441750991745,10.770329614269007,1.5670752852776826,1.0309187983495058,4.0,27,69,case_00203,210
0.42578509056880753,0.5092985595414612,1.4142135623730951,0.40360185706411383,0.49578341354699595,1.4142135623730951,115,118,case_00033,143
0.4827631908953597,0.5668223069035718,2.0,3.4352867686295046,3.7091523328732645,11.0,161,92,case_00203,364
1.3979961179436855,2.8394895441449335,12.041594578792296,1.343141375661711,2.009753343046735,9.433981132056603,153,117,case_00079,189
0.8165028153987288,0.6191309655040275,2.23606797749979,0.8493253315198456,0.6259824505595312,2.8284271247461903,106,100,case_00086,387
0.8201091377477883,0.8065926691272965,4.0,0.9651982463769944,0.8733228860653373,4.47213595499958,193,164,case_00102,317
0.28846153846153844,0.4530468842072979,1.0,0.3018867924528302,0.4590764173809978,1.0,53,52,case_00014,375
0.6908244845030901,0.666962857803163,2.8284271247461903,0.6259870529425761,0.6212229771394859,2.8284271247461903,72,77,case_00086,305
0.48760330578512395,0.516115537057719,2.0,0.5560819837915961,0.5323207866456049,2.0,135,121,case_00194,127
0.3137254901960784,0.46400625749800906,1.0,0.3137254901960784,0.4640062574980091,1.0,51,51,case_00014,167
0.6895818869220653,0.6652139566442138,3.0,0.7302478566101821,0.6152257909081736,2.0,68,61,case_00154,383
0.5966621981194801,0.6011534959418071,2.23606797749979,0.6964261694359356,0.7176284487983944,2.8284271247461903,96,92,case_00086,391
0.2636363636363636,0.44060439331100476,1.0,0.2831858407079646,0.4505459136763843,1.0,113,110,case_00086,367
0.5492201232943008,0.6453983842173848,3.0,1.0058546585802786,1.2234332139600195,6.4031242374328485,293,220,case_00161,363
0.642005381546152,0.7303980175074568,3.0,0.6371587470956613,0.7058923785878575,3.0,94,92,case_00014,323
1.352898071434014,0.9994674086697639,4.47213595499958,1.2301490247502338,0.8428627334461788,3.1622776601683795,76,82,case_00086,181
0.3832632446392313,0.5030996773091877,1.4142135623730951,0.5381584171279508,0.6271461929587321,2.23606797749979,41,35,case_00079,225
0.49541871828083456,0.7354488968662347,3.0,0.7354604424246465,0.9926800728846266,4.123105625617661,133,117,case_00133,139
0.5045685424949238,0.5228867811721274,1.4142135623730951,0.5123706126918541,0.5224073373488505,1.4142135623730951,127,125,case_00086,145
1.0842318664527772,0.8631779540762424,3.1622776601683795,0.9101007664480059,0.7306062964606819,2.8284271247461903,58,63,case_00154,142
0.6501800667680809,0.5958554007099638,2.0,1.6985221099384167,2.2448074690460276,7.280109889280518,145,117,case_00203,184
0.4962701548857868,0.5248381310503457,1.4142135623730951,0.5703241201825457,0.5386232573168563,1.4142135623730951,26,23,case_00014,306
0.3064516129032258,0.4610195460631114,1.0,0.32403513591068406,0.4778436606555306,1.4142135623730951,63,62,case_00133,340
0.42962962962962964,0.5097674232321556,2.0,2.7318428552264074,4.169176731004387,15.297058540778355,200,135,case_00194,141
0.5969094053638144,0.6133377847657345,2.23606797749979,1.5604721996933764,2.1021426610016265,9.848857801796104,233,157,case_00194,168
0.5334043195462174,0.6520408355649787,2.0,0.7440219633516733,0.8964229889919035,3.605551275463989,70,62,case_00203,403
0.625,0.4841229182759271,1.0,0.609736980107868,0.5143777322674201,1.4142135623730951,22,24,case_00125,291
0.375,0.4841229182759271,1.0,2.4974759794878096,2.400544465716352,8.06225774829855,25,8,case_00086,401
1.060963894363083,0.8287675276324,3.0,1.0021535700565296,0.7950168918875805,3.0,33,32,case_00079,226
0.5459929379686779,0.6722289131600422,3.0,0.8085783514392907,0.9921486503143372,4.123105625617661,152,132,case_00086,378
0.5641025641025641,0.5210872162282456,2.0,0.6491326133172031,0.5309647385888085,2.0,91,78,case_00075,203
0.31896551724137934,0.46607565485907826,1.0,0.3587951534080421,0.5014292842935062,2.0,121,116,case_00154,376
1.2164191372032733,1.29987665620832,6.4031242374328485,1.7653492379408355,2.4148892761884255,11.0,135,124,case_00086,163
0.3780487804878049,0.4848998866358791,1.0,0.40765048437046775,0.5122426291943611,1.4142135623730951,84,82,case_00125,358
0.4970919851651897,0.5194696437973095,1.4142135623730951,0.5837283847340043,0.6176434206547112,2.8284271247461903,126,118,case_00014,181
0.9985410353300445,1.042986798161588,4.123105625617661,1.1368974730346721,1.0251710033887307,4.242640687119285,131,106,case_00079,355
0.6944747563002746,0.9083304025633965,4.47213595499958,1.6995334691970254,2.622834869898578,12.0,297,231,case_00113,183
0.43571363100610216,0.5893587315040869,2.23606797749979,0.6150217548101017,0.7650175754486558,3.0,137,121,case_00133,143
0.4412137835674078,0.5584884462176042,2.23606797749979,2.4951867510217878,3.3920558777127088,13.152946437965905,250,152,case_00194,159
0.903499688662893,2.232884154164606,16.1245154965971,0.5585541442279801,0.5893707893223146,2.0,91,96,case_00102,197
0.5540540540540541,0.595975055978377,3.0,0.5490823990352076,0.512455932907704,1.4142135623730951,78,74,case_00079,416
0.5740089619839147,0.7276593093862729,2.8284271247461903,1.0323005300700308,1.2987442273204088,5.656854249492381,105,78,case_00079,342
0.3315134793438596,0.5457326588190782,3.0,0.7000577082931361,1.332317800005268,7.0710678118654755,264,233,case_00154,168
0.3090909090909091,0.46211872825959405,1.0,0.5714285714285714,1.5042456920466203,9.0,112,110,case_00133,314
1.3123032625206723,1.6203488507335873,7.211102550927978,3.0675293787457916,4.248186439301631,16.278820596099706,359,279,case_00113,350
1.1107619353913833,0.7936272969864079,3.605551275463989,4.339718244889156,4.928275376493803,19.79898987322333,190,110,case_00102,350
3.3742787554553955,2.619970015187653,7.280109889280518,1.4882045975202556,0.9925961293091836,4.123105625617661,20,20,case_00033,317
0.8958539922040968,1.0451811363803212,5.0,2.184141311057156,2.9894300196471897,12.529964086141668,321,238,case_00113,179
0.8288549388908338,0.7470592543379395,2.23606797749979,0.9626209908885605,0.8719617822128771,4.123105625617661,115,102,case_00086,385
0.6272956526304901,1.0692246621961146,6.0,0.5602013915052824,0.760580103120794,4.47213595499958,325,313,case_00154,353
1.3172068967927812,1.2335812692312933,4.47213595499958,1.486779552244155,1.404775643654773,5.656854249492381,87,74,case_00113,421
0.7204983449118783,0.8385131824852047,3.605551275463989,1.2527026864142592,1.5797693010011187,6.4031242374328485,77,63,case_00203,401
0.6039515996519847,1.0912369224111527,5.0,0.7070193149660565,1.0671359568723202,5.0990195135927845,119,108,case_00014,333
0.5905172413793104,0.7372453912667846,3.0,1.3825747542551845,3.0397004065880155,15.132745950421556,271,232,case_00113,153
0.46461983703335963,0.5967933522922143,3.0,0.565570192226695,0.712076845984853,4.242640687119285,260,236,case_00134,166
0.6118091975147283,0.6232185573642396,2.8284271247461903,0.5832487435301068,0.5911650155281052,2.8284271247461903,116,118,case_00203,167
2.296304740243933,5.5246954785295115,24.186773244895647,0.7010241922289634,0.7296400521621967,2.8284271247461903,126,127,case_00113,317
0.43032649022494435,0.5482092643552885,2.23606797749979,1.4658331832345697,1.9114430275971346,7.810249675906654,263,175,case_00033,346
0.9187903718158646,0.8434333454482462,4.0,1.124285324792843,1.0036986997520834,5.0,140,117,case_00113,412
0.7404925547372956,0.7538815842327627,2.8284271247461903,0.5981585755508476,0.6336131136223746,2.23606797749979,54,60,case_00133,177
0.5767492855367273,0.5055645910766712,1.4142135623730951,0.5929229884647134,0.519424251504533,1.4142135623730951,103,102,case_00125,347
0.5648854961832062,0.6778866648639184,3.0,0.6439857015855078,0.7044439795065399,3.0,146,131,case_00113,119
0.6063725163442014,0.608912070732663,2.0,0.7537489379949209,0.6571624901586585,2.23606797749979,78,65,case_00075,298
0.5382842712474619,0.6326531777582317,3.0,1.3646989556429514,1.5429362644071183,6.0,144,100,case_00203,360
0.9868350221094712,1.3321892011683731,6.0,0.7975668003354868,1.0755401467572643,5.656854249492381,169,175,case_00033,191
0.8165137614678899,0.8368260000727619,3.0,1.0203054132672806,1.0063910857632026,5.0,130,109,case_00113,413
0.8123221677049101,0.8012611860735713,3.605551275463989,1.076398888322305,1.041124243615645,5.385164807134504,202,159,case_00075,323
0.4962571611289639,0.6305271179470221,3.1622776601683795,0.4283692051038464,0.5031098711301122,1.4142135623730951,71,73,case_00133,123
0.6,0.5436502143433364,2.0,0.7219938971895336,0.5533158598302179,2.23606797749979,226,180,case_00161,175
0.424,0.5832872362738619,2.0,0.5296482060222298,0.6007096538280878,2.0,145,125,case_00161,384
0.7815805938004262,0.860237739451734,4.0,0.7974989957529691,0.7706762457979206,3.1622776601683795,187,171,case_00113,128
2.566654412416084,4.305494759865008,15.652475842498529,0.7663591480303179,1.0102162112563562,4.242640687119285,102,112,case_00033,196
0.9488172491953702,0.9202566296479152,3.605551275463989,2.0825129571165317,2.477526949084865,10.0,120,87,case_00079,345
1.1622759016620037,1.8176569074436684,8.602325267042627,0.8395256619557715,0.8917380012748832,5.0990195135927845,262,252,case_00154,330
0.7619047619047619,0.6834619092574916,3.0,0.9820332278721576,0.9217180847347438,5.0,129,105,case_00113,414
0.40828402366863903,0.5695861799341482,2.0,2.5046324859144633,4.542632690706552,14.317821063276353,230,169,case_00161,368
1.0357072373867138,1.1558573314205756,5.0,2.2436530008769853,3.014539729889834,10.770329614269007,140,115,case_00102,313
0.27563452525424165,0.5421149529264979,3.0,2.272949304474549,3.9570405032543006,13.892443989449804,188,146,case_00033,172
0.8057226667809836,0.5870262380090999,2.8284271247461903,1.3219705458314321,1.3592762674277226,6.708203932499369,210,161,case_00075,328
0.5659687611628705,0.786644644150314,3.0,0.8007925964740257,0.9975444119416561,3.605551275463989,132,115,case_00133,138
1.1728849369769283,1.7098402039482592,6.708203932499369,0.5275321077280202,0.7531031939718341,3.605551275463989,110,127,case_00014,220
0.5618991029312232,0.6087231784062509,2.0,0.5389270857693838,0.5633832917996605,1.4142135623730951,51,51,case_00102,382
0.35294117647058826,0.4778846120374095,1.0,0.36431987228199564,0.4841702067605325,1.4142135623730951,207,204,case_00115,356
0.5,0.5,1.0,0.5,0.5,1.0,14,14,case_00125,290
0.65625,0.592102978796763,2.0,0.6752632938376013,0.5788473547620273,2.0,67,64,case_00102,299
0.6067824099259375,0.6840683889685184,3.0,0.6769773539489332,0.7333557197272298,3.1622776601683795,257,238,case_00113,162
0.39215686274509803,0.4882313567838718,1.0,0.4197774447066575,0.5158435704971434,1.4142135623730951,52,51,case_00125,300
0.46835443037974683,0.5473860331756876,2.0,0.5521169306276845,0.5572714870679103,2.0,91,79,case_00079,410
1.0263700383312921,0.957215500351301,4.0,0.9938558901978873,0.874835349807066,3.605551275463989,243,231,case_00134,340
0.9369633837481326,0.902445183832759,4.0,1.1425504254374663,1.1109065708031414,5.0,215,182,case_00113,393
1.0272899570857639,0.6612205815789198,2.0,1.065531128779684,0.6413346086624043,2.23606797749979,75,67,case_00075,369
0.3111111111111111,0.46294814791110356,1.0,0.3473684210526316,0.4761340159115218,1.0,95,90,case_00133,329
0.7633869918882675,1.1185537814963933,5.0,1.1080542804770368,1.6793640938059156,9.848857801796104,333,283,case_00134,316
0.5669424345331503,0.5619113965017483,2.23606797749979,0.618065348541887,0.618628408080923,2.8284271247461903,119,113,case_00086,353
0.4021181778576915,0.5288480702255022,2.23606797749979,1.9120854625145831,2.726689985119226,10.198039027185569,209,145,case_00033,186
0.35059223176554566,0.5020807574739884,1.4142135623730951,3.3057415547157745,5.016005190143146,15.620499351813308,34,24,case_00086,400
0.6456457338221667,1.326918113470149,12.36931687685298,0.6349952611779426,1.6505247646350882,12.041594578792296,102,107,case_00102,193
8.853525031480238,1.6171253868988715,11.045361017187261,7.591084513652268,1.250174350476252,10.04987562112089,16,9,case_00086,198
0.6713640949847421,0.9337295631640932,4.47213595499958,0.6547834825580264,0.695614800153421,2.8284271247461903,103,93,case_00203,350
1.2569944740002845,1.0006798894601396,5.0,3.4788751318563143,3.910519742829203,15.0,266,172,case_00134,199
0.3219473960215736,0.4728875146032672,1.4142135623730951,0.336283185840708,0.4724370907978456,1.0,113,110,case_00154,377
0.3202030508910442,0.5045917789093719,2.0,0.33561164964431256,0.517345639552387,2.0,71,70,case_00102,207
1.3815343138705511,1.1544445633910072,4.0,3.979723019441228,5.484968697413554,16.1245154965971,39,29,case_00134,355
0.6158247369869605,0.5783723196653602,2.0,0.853132613459184,0.9527059435208979,5.830951894845301,310,269,case_00134,329
0.537612715453051,0.6608411040542723,3.0,1.3709529938379938,3.058302660204499,15.0,275,237,case_00113,163
0.9830517510051126,1.221161894873014,5.0,1.0063542201291047,1.1709353387214538,6.324555320336759,198,177,case_00113,324
1.3244566517085172,1.8216865401249296,8.0,0.7809460590436688,0.7274982389303575,3.1622776601683795,230,220,case_00161,341
1.0758714124971798,1.1046621571997028,4.0,1.7843818036596442,2.13114711608121,8.246211251235321,62,45,case_00113,211
0.39375,0.6133603651198861,3.0,0.5559891514727492,0.8345063962145919,5.0,181,160,case_00134,151
0.3561643835616438,0.4788646107657133,1.0,0.37046234543747425,0.4910560344719774,1.4142135623730951,74,73,case_00033,396
0.6589763956398732,0.5389997701217656,2.0,1.1427519110990496,1.1411512510563961,5.385164807134504,148,109,case_00079,373
0.6030927835051546,0.832454278271089,4.0,0.6508304638268977,0.7835677333842138,3.1622776601683795,213,194,case_00113,136
0.48674683045641715,0.6952816020084808,3.0,0.7506251535707418,0.9620878201689342,3.605551275463989,137,118,case_00133,140
0.4575814452499573,0.645663880998145,2.8284271247461903,0.4800522908340452,0.6801610875341798,3.0,101,99,case_00014,327
0.5463917525773195,0.6095565154265766,2.0,0.6147985647488224,0.6006342177411529,2.0,111,97,case_00194,116
0.4,0.5073374659413851,2.0,0.4306104259421789,0.5260793999193231,2.0,119,115,case_00086,354
4.321943505374989,2.2359283899352365,7.810249675906654,3.6199172818834087,2.0484625630754976,6.0,20,28,case_00086,284
1.0225934670385324,1.1480152284732452,4.0,1.0108346080414663,1.0054850970708402,4.123105625617661,61,55,case_00113,108
1.2849147970759567,1.358574985195533,6.082762530298219,3.374845255407476,4.483623736846283,16.0,398,306,case_00113,357
0.5596470826035819,1.0184412076112446,5.0,0.3972824975840015,0.6391700075326963,2.8284271247461903,113,117,case_00133,298
0.5179378428247052,0.645385930793152,2.23606797749979,2.0137714762411165,3.278189476415217,11.180339887498949,111,92,case_00203,377
0.48,0.5153639490690051,2.0,0.8312627050799114,1.8055612053298495,12.041594578792296,143,125,case_00194,130
0.7546918160678028,0.7380555379143199,2.0,0.8599136168524502,0.787097789684418,2.23606797749979,39,35,case_00075,292
0.6055045871559633,0.542138961566758,2.0,0.7424775047221635,0.6164615680682891,2.8284271247461903,131,109,case_00113,115
0.2856152659474006,0.45615687243709124,1.4142135623730951,2.5905690329426583,3.574324298496388,11.704699910719626,228,145,case_00033,340
0.5747234246762333,0.5093491679310097,1.4142135623730951,0.6335497834213787,0.5225258621139119,1.4142135623730951,43,39,case_00075,125
0.5894130832935488,1.4708445139269026,12.206555615733702,0.4763159586989147,0.6102771304758884,3.605551275463989,292,278,case_00134,178
0.8738439972353597,0.8905057226546242,4.0,1.313761972414312,1.4007246266979305,6.0,125,106,case_00203,199
0.6972792206135786,0.6195173028257729,2.0,1.1660080378290356,1.5345067513712012,8.0,119,100,case_00102,359
0.4380934229527823,0.5578698834437695,3.0,0.5232609078540048,0.6526151064159474,4.123105625617661,343,318,case_00154,173
0.8178131810418455,1.8049252138212386,11.40175425099138,1.032907597884969,2.1554593756408296,11.40175425099138,310,286,case_00134,184
1.0859441911997676,0.9459383107124674,4.0,0.906030628904906,0.5928931544465906,2.23606797749979,58,54,case_00075,372
1.158571319836389,0.6534089577617815,2.23606797749979,1.1582812662042867,0.6188878650608801,2.23606797749979,69,65,case_00075,370
0.684931506849315,0.6595289379293546,2.0,0.6905330085889911,0.6005532150018318,2.0,80,73,case_00075,136
0.3333333333333333,0.4714045207910317,1.0,0.39523624518905376,0.5040284919974947,1.4142135623730951,39,36,case_00133,113
1.86841101584455,2.247225819188653,8.54400374531753,0.994885448214172,0.975131227596256,5.0990195135927845,118,122,case_00075,199
0.3364743131018678,0.49599227573975396,1.4142135623730951,0.4559734674740704,0.6008774535635798,2.23606797749979,116,103,case_00154,148
0.46153846153846156,0.4985185152621431,1.0,0.5284480950833008,0.5091209574004681,1.4142135623730951,117,104,case_00194,119
0.5565827350591079,0.6929153089813194,3.1622776601683795,0.7060406555802883,0.8591552909933119,4.242640687119285,131,119,case_00125,198
0.24050632911392406,0.456047684421565,2.0,0.26114894588259874,0.44731857885766024,1.4142135623730951,82,79,case_00134,283
0.8125,1.3095204274848102,5.0,0.4565294597348116,0.6553715639826003,2.8284271247461903,58,64,case_00033,200
0.5316246242238097,0.555233599332735,2.23606797749979,0.5657594480534979,0.6134694926129359,2.8284271247461903,112,110,case_00014,359
0.6863911220177664,0.6339425057771917,2.8284271247461903,0.7750537487625953,0.6868445636714249,3.0,69,63,case_00102,374
0.5822547285012276,0.6743840627770296,2.8284271247461903,0.4864800073883795,0.5387197071219039,2.0,93,97,case_00014,322
0.6290660527441976,0.606037689943171,2.0,1.1002905116496375,1.2558819920090292,6.708203932499369,231,173,case_00161,160
0.566339045256452,0.5603951235634218,2.23606797749979,0.537880720420708,0.5311430146657976,2.0,112,115,case_00203,165
0.6792985079226783,0.8170592360401657,3.605551275463989,0.9414867257610094,1.0774507146561791,5.0,148,124,case_00125,196
1.9195758943430234,0.8239324908592603,3.605551275463989,1.548383861883997,0.609703358599876,2.8284271247461903,13,22,case_00075,379
0.4411932435778979,0.5400461940280917,2.0,0.5818906315770341,0.6344917363300453,2.8284271247461903,170,146,case_00161,151
0.7186088365622438,0.7016931450707068,2.8284271247461903,3.39974512649084,4.434405856157508,16.97056274847714,171,114,case_00102,351
0.4634146341463415,0.4986597146405091,1.0,0.5555555555555556,0.5794846582402355,2.0,45,41,case_00079,224
0.6597834043848818,0.8146084692656923,4.0,0.6213452034825074,0.6855984582997183,3.1622776601683795,278,273,case_00115,183
1.1227756092135013,1.6338221847420393,7.810249675906654,1.0101380931389696,0.8376328281516241,4.123105625617661,259,200,case_00161,182
0.48514851485148514,0.5192123010743324,2.0,0.5731489773641257,0.540545932293335,2.0,116,101,case_00194,118
0.3484848484848485,0.4764904604095875,1.0,0.4201186918978337,0.5369255228729765,2.0,71,66,case_00125,150
0.3448328749984037,0.4830026357919493,1.4142135623730951,1.2642740049113788,1.9500198522272079,7.280109889280518,207,159,case_00033,178
0.6341463414634146,0.8339180974282321,3.0,0.5947311586814065,0.7342696995999592,2.8284271247461903,84,82,case_00113,309
0.655955466104027,0.8813996163098247,4.123105625617661,0.9302346898711131,1.2595145165495407,6.082762530298219,321,280,case_00134,189
0.5129795998849234,0.7444189831066885,4.123105625617661,0.6239832863827283,0.8240272608907295,4.47213595499958,117,104,case_00079,394
0.48249579113843055,0.5920567074757563,2.0,0.6946804135965571,0.7947986142734718,3.1622776601683795,140,120,case_00133,142
0.5378151260504201,0.6583646146487695,2.0,1.3771454258287086,3.0729280067247307,15.033296378372908,274,238,case_00113,164
0.5915929523018495,0.6534494594480653,4.0,1.342688747738949,2.6455762546462434,14.0,318,278,case_00115,180
0.8374561204755719,0.7357891633341348,2.8284271247461903,0.898131321170841,0.7611340500940825,3.0,114,103,case_00086,386
1.4888940699912183,1.7416068581470918,8.54400374531753,1.416335260516095,1.517205430514225,7.810249675906654,341,308,case_00113,337
1.1041628973076074,1.7423909828237738,8.246211251235321,0.8154735968320846,0.6010978309255716,2.23606797749979,114,98,case_00075,200
0.8192186494426014,0.669775420767734,2.8284271247461903,3.1738730433728395,3.674128077411134,13.416407864998739,227,142,case_00102,345
0.48665923692323865,0.65194577283269,4.0,0.526870404012427,0.6885722295495342,4.0,290,278,case_00134,180
0.7417406956373599,0.8080505803694503,4.0,0.7391280217904299,0.6841372920619163,2.8284271247461903,209,192,case_00161,187
2.6629914327996262,2.4806772558524655,9.0,0.742851130197758,0.6375778632427941,2.0,24,53,case_00154,141
0.4645311903721045,0.5054454876518014,1.4142135623730951,0.4692922658016804,0.5123703640418521,1.4142135623730951,87,87,case_00125,356
0.9435779147714454,0.8519520731339215,4.0,1.215812645963827,1.1392100815540733,5.830951894845301,125,99,case_00113,416
0.9042963644560906,0.7224062061893788,3.1622776601683795,1.3707847943018527,1.3155626724986549,6.4031242374328485,205,159,case_00075,332
0.2727272727272727,0.44536177141512323,1.0,0.26153846153846155,0.43947251867956,1.0,130,132,case_00033,152
0.8384238562637458,0.88234172446355,4.0,0.8136807811506541,0.7143790166917765,2.8284271247461903,116,108,case_00203,201
1.0663127081134924,1.58512215460261,7.615773105863909,0.9018687864186832,1.0732709209987334,6.0,288,274,case_00154,332
0.38095238095238093,0.48562090605645564,1.0,0.4094404637190764,0.5018951449800697,1.4142135623730951,174,168,case_00115,141
0.6458333333333334,0.4782600118020415,1.0,0.6928558067106129,0.4729212776045181,1.4142135623730951,54,48,case_00079,222
0.4777777777777778,0.4995059287330894,1.0,0.4777777777777778,0.4995059287330894,1.0,90,90,case_00033,132
0.5942028985507246,0.767432017094129,2.0,0.5955549704306146,0.7047450805410005,2.0,74,69,case_00075,134
0.8563289781161287,0.7443500541261934,2.8284271247461903,0.831260257227001,0.7005887285512679,2.8284271247461903,88,87,case_00086,174
0.9079113466500407,0.6879796757486063,2.8284271247461903,0.8834122705473443,0.6586869321097085,2.8284271247461903,84,84,case_00086,177
0.31,0.462493243193887,1.0,0.30303030303030304,0.459568208730397,1.0,99,100,case_00033,387
0.41843971631205673,0.49330307127033185,1.0,3.9880451363012805,4.7001755112950345,15.811388300841896,260,141,case_00194,152
0.44642857142857145,0.4971218181098234,1.0,0.48333333333333334,0.49972214501883166,1.0,120,112,case_00125,173
0.8650894032542484,0.6784658993281248,2.0,2.090331948626536,2.334888519294084,7.615773105863909,151,115,case_00203,187
1.405413770148272,1.843857948616872,8.06225774829855,0.865632448238533,0.7718893754414525,4.0,226,216,case_00161,340
0.5323148264538465,0.5469599595784609,2.0,0.6472411427622597,0.6745018732291839,2.8284271247461903,111,103,case_00014,176
0.49009953296944325,0.5433557937937861,2.0,0.6281736893232873,0.7683490235934499,3.605551275463989,133,127,case_00014,184
0.5122988371619699,0.5335120460085371,2.0,0.5377098817210108,0.552045782505104,2.23606797749979,229,223,case_00115,156
0.6611320577875116,0.690567083482341,3.0,4.002307717999049,4.028080854385824,11.40175425099138,164,93,case_00203,366
0.79667236908957,0.7197853250150282,3.1622776601683795,0.8882064732435181,0.7517489793601699,3.0,161,144,case_00102,314
0.3369108117212378,0.4840632106469758,1.4142135623730951,1.8703884166173468,2.8445370028753794,11.313708498984761,234,161,case_00033,354
0.7934532237066512,0.6672318464594673,2.0,1.4062682226261058,1.4799826408879677,5.385164807134504,131,107,case_00203,196
0.5581244707670578,0.5665471803915576,2.23606797749979,0.640278913152789,0.7075394116676048,3.605551275463989,123,117,case_00014,351
0.8584465161020727,0.770392342641663,3.0,0.8885621996290706,0.7802322103938742,3.0,118,115,case_00086,352
0.78125,0.9596345332990055,3.0,0.6602809438903737,0.7715433073620931,2.8284271247461903,32,32,case_00075,123
1.4119918685739195,2.321662625559432,16.0,3.236279705263814,4.439141904555963,16.1245154965971,390,297,case_00113,361
0.5152692772959332,0.5349969250434634,2.0,0.5320243248612427,0.5266779644104158,2.0,91,87,case_00086,114
0.5263157894736842,0.49930699897395464,1.0,0.6274880842783802,0.5506617846358556,2.0,66,57,case_00194,189
0.4308716969017793,0.5260372346201652,1.4142135623730951,3.4658242870937883,4.006780150763671,11.661903789690601,151,93,case_00203,369
0.6233074433856218,0.637035377475091,3.0,0.6253363275438144,0.5819658127276419,2.23606797749979,148,141,case_00134,148
2.2026663211067516,1.513644020474825,5.0,0.9414213562373096,0.8448229577966646,2.0,10,21,case_00161,321
0.9832416567656856,0.9044589382514543,3.605551275463989,1.7834615530583728,1.8255243698854866,8.94427190999916,113,79,case_00079,336
0.5894153171249294,0.5811839374274758,2.0,1.0422536732382546,1.1473818276402776,5.656854249492381,144,108,case_00079,366
0.4032258064516129,0.4905453653466307,1.0,0.4940202429042013,0.5298742252991128,2.0,141,124,case_00134,290
0.48,0.5381449618829484,2.0,0.7814725401648721,0.8919364713746504,4.0,128,100,case_00161,199
0.5116279069767442,0.5151394643670124,2.0,0.648733900110802,0.6298506921601306,3.1622776601683795,148,129,case_00161,146
0.4711608744147018,0.5046215853879668,1.4142135623730951,0.5115515402151842,0.5099550491349755,1.4142135623730951,115,107,case_00125,169
0.8220020565780882,0.7042938241235436,2.8284271247461903,0.8808170804196644,0.7487988597610443,3.1622776601683795,104,99,case_00086,388
0.08163265306122448,0.2738042421428314,1.0,0.11764705882352941,0.32218973970892123,1.0,51,49,case_00033,324
0.3653006425827431,0.5342980062170866,2.23606797749979,2.615084081328513,3.3813165741732703,11.40175425099138,239,148,case_00033,352
0.26436781609195403,0.44099600214369833,1.0,0.31628186626207627,0.4717482657467523,1.4142135623730951,93,87,case_00125,158
1.4330819912032366,1.7036667473573022,8.602325267042627,3.8731629185291885,5.269302294982435,17.46424919657298,369,274,case_00113,348
1.1735679390494034,1.3536675041494404,6.4031242374328485,1.6960876267121472,2.3560067229412756,10.04987562112089,131,124,case_00086,162
0.34607399605741523,0.4812318989886305,1.4142135623730951,0.3953970699109524,0.5088372965830719,1.4142135623730951,118,111,case_00086,362
0.49063120855932285,0.5884195262962887,2.0,0.6055978376191491,0.6073002297886985,2.23606797749979,329,276,case_00161,349
0.7410095578728848,0.7825875648638261,2.8284271247461903,0.7349108406935004,0.7777816044173993,2.8284271247461903,131,130,case_00086,152
0.7524752475247525,0.6356713235356246,3.0,0.9176054328996851,0.7028515273604956,3.0,125,101,case_00161,203
0.5578947368421052,0.7499584476023949,4.0,0.6377268023082886,0.7451236726358966,3.605551275463989,105,95,case_00203,351
0.3823801506930344,0.492619842520438,1.4142135623730951,0.48310231429922396,0.5346427995863249,2.0,104,90,case_00079,403
0.46882640726108915,0.6088333025803121,3.1622776601683795,0.708943145803242,0.9187893172904169,4.47213595499958,124,105,case_00079,392
0.649045539476682,0.6018679608723148,2.8284271247461903,1.7777595909677117,2.7553053531068143,10.0,117,97,case_00079,197
0.9010490170304531,0.6951205910642907,2.8284271247461903,0.942321834538977,0.6965370690130612,2.8284271247461903,67,61,case_00102,376
0.7310383051124827,0.7520525224066925,3.0,0.7975255415410997,0.7848909802805165,3.1622776601683795,119,110,case_00161,387
1.4812619402275735,1.6409719252583963,8.0,1.5187608215202328,1.4399402322010237,5.830951894845301,321,283,case_00113,339
1.3575203294632592,1.4307711880780998,6.708203932499369,2.7616863089393138,3.858787261147667,17.11724276862369,379,309,case_00113,352
1.2547812541729373,1.4365302789260754,6.082762530298219,1.0964178533600644,1.1529958466381567,5.656854249492381,111,105,case_00075,311
0.7246104934170978,0.69300705751529,3.1622776601683795,0.7540263173126498,0.6385511963307784,3.0,211,188,case_00161,191
0.6444444444444445,0.47868131618973375,1.0,0.6683875226036828,0.48384830624638797,1.4142135623730951,47,45,case_00079,223
0.7163247116564646,0.6347009484985073,2.0,0.6833084747813846,0.5829341449662803,2.0,119,119,case_00086,131
0.981151130852471,1.0849550242583683,4.123105625617661,2.283726070575641,3.3702624984780067,12.083045973594572,108,93,case_00086,171
0.6700183619543468,0.8240038661245468,4.123105625617661,1.0830239775487533,1.2513184258186307,6.0,111,86,case_00154,145
0.37037037037037035,0.48290388186686284,1.0,0.4377699512668846,0.5157369372188279,1.4142135623730951,59,54,case_00079,220
0.8178248987820628,0.605442536514081,2.0,0.863127928661361,0.5761364905018822,2.23606797749979,130,113,case_00113,200
0.304,0.4599826083668816,1.0,0.3448340548057399,0.5003201413864938,2.0,130,125,case_00014,192
0.35384615384615387,0.47816216208984774,1.0,0.36991232670262264,0.49188692739422435,1.4142135623730951,66,65,case_00133,338
0.4264705882352941,0.5234550508987554,2.0,0.631779603627082,0.662704976391622,2.23606797749979,167,136,case_00161,148
0.6168905551836191,0.5888283028166813,2.23606797749979,0.7642810582434271,0.6830134518460909,3.0,79,66,case_00075,209
2.317796586894229,3.051169802485539,9.486832980505138,0.7897056274847714,0.6605793078191925,2.8284271247461903,50,66,case_00115,373
0.33070866141732286,0.4704683227177844,1.0,0.33070866141732286,0.4704683227177844,1.0,127,127,case_00033,375
0.7142857142857143,0.7810868519230406,4.0,1.1345145329256594,1.1939782062085198,5.656854249492381,181,133,case_00113,404
0.6725766501804824,0.61221004847941,2.23606797749979,0.9459816669987482,0.8999336589239088,4.242640687119285,105,81,case_00079,341
0.504950495049505,0.4999754919981226,1.0,0.540452589950899,0.509227716423845,1.4142135623730951,107,101,case_00125,164
0.32668983058876566,0.48515875520058205,1.4142135623730951,0.5866901505901774,0.8936732121181757,3.1622776601683795,42,38,case_00102,130
3.1530155293953737,2.702172517555986,8.54400374531753,1.0654021414273307,0.4830520983016601,2.0,19,37,case_00194,203
1.1367951244667738,1.094731741445964,5.0,1.1543985074138443,1.129320187582197,6.4031242374328485,125,108,case_00079,346
0.5812907991041213,0.5072860160846022,1.4142135623730951,0.55,0.4974937185533099,1.0,40,42,case_00203,337
0.43333333333333335,0.4955356249106168,1.0,0.46875,0.4990224819584785,1.0,32,30,case_00033,319
0.8076923076923077,0.39411349099844606,1.0,1.4893779293230727,1.4983884735914306,6.0,41,26,case_00115,126
0.22023809523809523,0.4144071387464156,1.0,0.5947213237787481,1.976409257388907,12.041594578792296,177,168,case_00154,164
0.29332727072591114,0.4877527798181359,2.23606797749979,0.4252336448598131,1.0552577271186998,7.0,214,213,case_00154,166
0.3644067796610169,0.48126341913561654,1.0,0.3697478991596639,0.48273635685193517,1.0,119,118,case_00033,379
0.6007950370163543,0.6217073837194351,2.23606797749979,1.657461956866208,2.2093433956539257,8.94427190999916,148,99,case_00161,196
1.3564222939081505,1.6190655246576886,8.06225774829855,1.7590809519513597,1.9253106627508392,8.246211251235321,337,271,case_00113,340
0.16326530612244897,0.36960755665867007,1.0,0.19607843137254902,0.3970285633591488,1.0,102,98,case_00133,132
0.37272727272727274,0.48353040534444364,1.0,0.3783783783783784,0.48498266067368534,1.0,111,110,case_00033,383
0.3670886075949367,0.48201095606733596,1.0,0.4506460710169589,0.5236323576228893,1.4142135623730951,88,79,case_00079,412
0.5077542666949282,0.5805283721404083,2.0,0.6510197233420923,0.7485320994764152,2.8284271247461903,126,116,case_00133,155
0.5295814706373713,0.6281269505104515,2.8284271247461903,0.628394864501157,0.7064412843315193,3.1622776601683795,132,120,case_00133,149
0.49549279949494085,0.5335618314033956,2.0,0.5764661965574088,0.5956536650133304,3.0,163,149,case_00125,324
0.32323232323232326,0.4677105819309182,1.0,0.33663366336633666,0.4725583985656127,1.0,101,99,case_00133,325
0.320553199616052,0.4730499534518627,1.4142135623730951,3.6542679776444627,7.749164558454923,34.438350715445125,124,98,case_00154,320
0.9370241549588728,1.1548272358512428,5.0,0.8839874078612001,1.029253264577448,6.4031242374328485,201,189,case_00134,344
6.642824904463471,5.246432235499032,15.524174696260024,0.5885618083164127,0.5659166585796719,1.4142135623730951,15,46,case_00194,204
0.5352112676056338,0.6463545862300712,3.0,0.6389681101891564,0.7581362685025201,4.242640687119285,236,213,case_00113,143
0.6313862975316366,0.5527899197723922,2.0,0.7418696059381145,0.6513931471001398,2.8284271247461903,79,71,case_00102,303
0.5873015873015873,0.5530555996883918,2.0,0.7336381940409891,0.6004241646198675,2.23606797749979,79,63,case_00161,228
0.38461538461538464,0.48650425541051984,1.0,0.4074074074074074,0.4913518207933926,1.0,81,78,case_00125,154
1.751952560154295,0.7085836565977112,3.1622776601683795,1.0,0.0,1.0,3,14,case_00115,292
0.4346052893308025,0.5177014527793284,2.0,0.48780525881037967,0.5876898525670423,2.23606797749979,120,116,case_00014,355
0.5255228474983079,0.6031796886146533,2.0,0.7406561650160612,0.7531387115982764,3.1622776601683795,95,75,case_00161,330
0.27044025157232704,0.44418725994992647,1.0,0.26582278481012656,0.44177033839532015,1.0,158,159,case_00154,366
1.255872765604973,1.3574916561849344,4.47213595499958,0.9235123037275014,0.9990940169229106,4.123105625617661,47,50,case_00086,290
0.38095238095238093,0.48562090605645564,1.0,0.4639175257731959,0.49869635556485875,1.0,97,84,case_00079,148
0.48050779783625214,0.5400860129459434,2.23606797749979,2.190257518046035,3.0356083004285446,12.649110640673518,247,155,case_00194,160
0.6237623762376238,0.6109801433877826,3.0,0.813482715124768,0.7336524191967443,3.0,125,101,case_00113,203
0.4318181818181818,0.4953294254023492,1.0,0.42823752470635107,0.5084024857823342,1.4142135623730951,43,44,case_00086,99
0.29245283018867924,0.4548891868392903,1.0,0.29245283018867924,0.4548891868392903,1.0,106,106,case_00133,318
0.6639737337677836,0.5795900233373439,2.23606797749979,0.6314534598600567,0.5463645618566252,2.0,109,112,case_00203,163
0.6,0.6845227743263392,2.0,0.7745231956650047,0.767039186413912,3.1622776601683795,85,70,case_00161,329
0.4567901234567901,0.49812940745264234,1.0,0.4823529411764706,0.4996884842728306,1.0,85,81,case_00125,155
0.9475558514664534,0.7210127789013356,2.8284271247461903,0.9523534176018246,0.69517398571951,2.8284271247461903,82,79,case_00102,309
0.25,0.4330127018922193,1.0,0.2728757554311042,0.4641054778406223,1.4142135623730951,69,68,case_00014,372
1.0371984656638775,1.2488928542977924,5.385164807134504,1.071054866789012,1.1648633022711197,5.385164807134504,123,107,case_00075,194
1.2234453923495034,1.7807950933417045,11.0,0.9127298595125514,0.7167275612829364,3.1622776601683795,248,241,case_00113,383
