kidney_dice,kidney_jaccard,kidney_hd95,kidney_asd,tumor_dice,tumor_jaccard,tumor_hd95,tumor_asd
0.9772226304188097,0.9554597701149425,1.0,0.32098765432098764,1.0,1.0,0.0,0.0
0.0,0.0,inf,inf,1.0,1.0,0.0,0.0
1.0,1.0,0.0,0.0,1.0,1.0,0.0,0.0
0.0,0.0,inf,inf,1.0,1.0,0.0,0.0
0.9429241594996091,0.8920118343195266,2.0,0.7919026754380465,1.0,1.0,0.0,0.0
1.0,1.0,0.0,0.0,1.0,1.0,0.0,0.0
0.9302068965517242,0.8695203713254255,3.0,0.8540567811058749,1.0,1.0,0.0,0.0
1.0,1.0,0.0,0.0,1.0,1.0,0.0,0.0
0.9071803852889667,0.8301282051282052,4.815247584249849,0.5073966707566624,1.0,1.0,0.0,0.0
1.0,1.0,0.0,0.0,0.0,0.0,inf,inf
0.9126760563380282,0.8393782383419689,28.44526903729671,0.37609944567401205,0.899505766062603,0.8173652694610778,2.3249218495867447,0.9882565388028012
1.0,1.0,0.0,0.0,0.0,0.0,inf,inf
1.0,1.0,0.0,0.0,1.0,1.0,0.0,0.0
1.0,1.0,0.0,0.0,1.0,1.0,0.0,0.0
0.0,0.0,inf,inf,0.0,0.0,inf,inf
1.0,1.0,0.0,0.0,1.0,1.0,0.0,0.0
1.0,1.0,0.0,0.0,1.0,1.0,0.0,0.0
0.0,0.0,inf,inf,0.0,0.0,inf,inf
0.9221453287197232,0.85553772070626,2.23606797749979,0.6731670744554182,0.9705973382853605,0.9428743235117258,1.4142135623730951,0.5344887651767585
1.0,1.0,0.0,0.0,1.0,1.0,0.0,0.0
0.9436997319034852,0.8934010152284264,1.0,0.4074074074074074,0.9640427599611273,0.9305816135084428,1.4142135623730951,0.6262451282251473
1.0,1.0,0.0,0.0,1.0,1.0,0.0,0.0
0.9216152019002375,0.8546255506607929,2.0,0.6208950781532715,0.8438061041292639,0.7298136645962733,3.1622776601683795,1.3461837815767739
1.0,1.0,0.0,0.0,1.0,1.0,0.0,0.0
0.8412017167381974,0.725925925925926,1.8828427124746174,0.6772875272403358,0.978620166793025,0.9581353919239906,2.23606797749979,0.6086022299544745
0.0,0.0,inf,inf,0.0,0.0,inf,inf
0.9796232218377547,0.960060286360211,1.0,0.40177075290500924,1.0,1.0,0.0,0.0
0.9181494661921709,0.8486842105263158,1.0,0.5788561808316413,0.9680777238029147,0.9381304640215198,1.4142135623730951,0.5514705882352942
1.0,1.0,0.0,0.0,1.0,1.0,0.0,0.0
1.0,1.0,0.0,0.0,1.0,1.0,0.0,0.0
1.0,1.0,0.0,0.0,0.0,0.0,inf,inf
0.9713024282560706,0.944206008583691,1.0,0.2553191489361702,1.0,1.0,0.0,0.0
1.0,1.0,0.0,0.0,0.0,0.0,inf,inf
0.0,0.0,inf,inf,0.0,0.0,inf,inf
0.9837239583333334,0.9679692504804612,1.0,0.6475893683746685,1.0,1.0,0.0,0.0
0.0,0.0,inf,inf,1.0,1.0,0.0,0.0
0.9624664879356568,0.9276485788113695,2.6507193805722635,0.501330624944266,1.0,1.0,0.0,0.0
0.9246686065308761,0.8598917618761275,2.0,0.8037950364527939,0.9056603773584906,0.8275862068965517,2.0,0.9781197389230382
1.0,1.0,0.0,0.0,1.0,1.0,0.0,0.0
0.9387755102040817,0.8846153846153846,1.0,0.4186046511627907,1.0,1.0,0.0,0.0
1.0,1.0,0.0,0.0,0.0,0.0,inf,inf
0.93007769145394,0.8692946058091287,3.0,0.9927673395753469,0.9476168003775366,0.9004484304932735,3.0,1.0950540200304242
1.0,1.0,0.0,0.0,1.0,1.0,0.0,0.0
1.0,1.0,0.0,0.0,1.0,1.0,0.0,0.0
0.9281653746770026,0.8659594985535197,4.147012637917984,1.1148081778237242,1.0,1.0,0.0,0.0
1.0,1.0,0.0,0.0,1.0,1.0,0.0,0.0
0.1,0.05263157894736842,3.2066050216979396,1.3786116485532693,1.0,1.0,0.0,0.0
0.2857142857142857,0.16666666666666666,5.210586460772701,0.5384615384615384,0.946551724137931,0.8985270049099836,2.23606797749979,0.8315711429030193
1.0,1.0,0.0,0.0,1.0,1.0,0.0,0.0
0.0,0.0,inf,inf,0.9565727699530516,0.9167604049493814,1.4142135623730951,0.5567512789738117
0.9279538904899135,0.8655913978494624,1.0,0.5813953488372093,1.0,1.0,0.0,0.0
0.9760255727224294,0.9531737773152965,1.0,0.25874125874125875,1.0,1.0,0.0,0.0
0.0,0.0,inf,inf,0.0,0.0,inf,inf
1.0,1.0,0.0,0.0,1.0,1.0,0.0,0.0
0.0,0.0,inf,inf,0.0,0.0,inf,inf
1.0,1.0,0.0,0.0,1.0,1.0,0.0,0.0
1.0,1.0,0.0,0.0,1.0,1.0,0.0,0.0
0.0,0.0,inf,inf,0.0,0.0,inf,inf
1.0,1.0,0.0,0.0,1.0,1.0,0.0,0.0
1.0,1.0,0.0,0.0,1.0,1.0,0.0,0.0
0.7162790697674418,0.5579710144927537,4.0,1.7605975155480418,1.0,1.0,0.0,0.0
0.9061662198391421,0.8284313725490197,3.129822128134701,0.634803882952238,0.966438781852082,0.9350571256764882,2.0,0.6492276308425848
1.0,1.0,0.0,0.0,1.0,1.0,0.0,0.0
0.9646266142616507,0.9316702819956616,2.0,0.4852307254378488,1.0,1.0,0.0,0.0
1.0,1.0,0.0,0.0,1.0,1.0,0.0,0.0
1.0,1.0,0.0,0.0,1.0,1.0,0.0,0.0
0.9794050343249427,0.9596412556053812,1.4142135623730951,0.29576058859750654,1.0,1.0,0.0,0.0
0.9474930911962101,0.900225056264066,2.8284271247461903,0.8524144906635783,1.0,1.0,0.0,0.0
1.0,1.0,0.0,0.0,1.0,1.0,0.0,0.0
1.0,1.0,0.0,0.0,1.0,1.0,0.0,0.0
1.0,1.0,0.0,0.0,1.0,1.0,0.0,0.0
1.0,1.0,0.0,0.0,1.0,1.0,0.0,0.0
0.942869234024545,0.8919135308246597,5.830951894845301,0.9310252373563176,1.0,1.0,0.0,0.0
1.0,1.0,0.0,0.0,1.0,1.0,0.0,0.0
1.0,1.0,0.0,0.0,1.0,1.0,0.0,0.0
0.9608433734939759,0.9246376811594202,7.133780435089984,0.5178571428571429,1.0,1.0,0.0,0.0
1.0,1.0,0.0,0.0,1.0,1.0,0.0,0.0
0.9523463077482721,0.9090277777777778,5.0,0.6262882812240457,0.9364461738002594,0.8804878048780488,1.4142135623730951,0.6408746807614213
1.0,1.0,0.0,0.0,1.0,1.0,0.0,0.0
0.9310344827586207,0.8709677419354839,2.23606797749979,0.5182802466530742,1.0,1.0,0.0,0.0
1.0,1.0,0.0,0.0,1.0,1.0,0.0,0.0
0.9023508137432188,0.8220757825370676,3.605551275463989,0.7055766553102569,1.0,1.0,0.0,0.0
0.0,0.0,inf,inf,0.0,0.0,inf,inf
1.0,1.0,0.0,0.0,1.0,1.0,0.0,0.0
0.9523569447945551,0.9090471607314725,1.4142135623730951,0.4777056089509483,1.0,1.0,0.0,0.0
0.0,0.0,inf,inf,1.0,1.0,0.0,0.0
1.0,1.0,0.0,0.0,1.0,1.0,0.0,0.0
1.0,1.0,0.0,0.0,1.0,1.0,0.0,0.0
1.0,1.0,0.0,0.0,1.0,1.0,0.0,0.0
1.0,1.0,0.0,0.0,1.0,1.0,0.0,0.0
1.0,1.0,0.0,0.0,1.0,1.0,0.0,0.0
1.0,1.0,0.0,0.0,1.0,1.0,0.0,0.0
0.0,0.0,inf,inf,1.0,1.0,0.0,0.0
0.9456521739130435,0.8969072164948454,1.0621320343559666,0.49230769230769234,1.0,1.0,0.0,0.0
1.0,1.0,0.0,0.0,0.7828746177370031,0.6432160804020101,2.20065778087482,0.8431372549019608
1.0,1.0,0.0,0.0,1.0,1.0,0.0,0.0
1.0,1.0,0.0,0.0,1.0,1.0,0.0,0.0
1.0,1.0,0.0,0.0,1.0,1.0,0.0,0.0
0.0,0.0,inf,inf,0.0,0.0,inf,inf
1.0,1.0,0.0,0.0,1.0,1.0,0.0,0.0
1.0,1.0,0.0,0.0,0.8,0.6666666666666666,2.38415776431139,1.094019153097813
0.9408381265406738,0.8882854926299457,2.8284271247461903,0.6767380993682913,0.8235294117647058,0.7,1.4142135623730951,0.7290790557990391
0.0,0.0,inf,inf,0.0,0.0,inf,inf
1.0,1.0,0.0,0.0,1.0,1.0,0.0,0.0
1.0,1.0,0.0,0.0,1.0,1.0,0.0,0.0
1.0,1.0,0.0,0.0,1.0,1.0,0.0,0.0
0.9504678040726472,0.9056109071840587,2.23606797749979,0.5043626848452705,1.0,1.0,0.0,0.0
0.9846731310603691,0.9698089956869994,1.0,0.27741935483870966,1.0,1.0,0.0,0.0
1.0,1.0,0.0,0.0,0.0,0.0,inf,inf
1.0,1.0,0.0,0.0,1.0,1.0,0.0,0.0
0.9360687022900763,0.8798206278026905,3.1622776601683795,0.7939712809277725,1.0,1.0,0.0,0.0
1.0,1.0,0.0,0.0,1.0,1.0,0.0,0.0
1.0,1.0,0.0,0.0,1.0,1.0,0.0,0.0
1.0,1.0,0.0,0.0,1.0,1.0,0.0,0.0
0.9565649044427897,0.9167459562321598,1.4142135623730951,0.4570853855092762,1.0,1.0,0.0,0.0
1.0,1.0,0.0,0.0,1.0,1.0,0.0,0.0
0.9226519337016574,0.8564102564102564,3.08113883008419,0.9019351482810404,0.88,0.7857142857142857,3.544996147917585,0.9979828953317169
1.0,1.0,0.0,0.0,1.0,1.0,0.0,0.0
0.0,0.0,inf,inf,0.0,0.0,inf,inf
0.0,0.0,3.76081758051009,2.2368828366698996,0.7847222222222222,0.6457142857142857,14.032101962856379,4.30773615277271
0.9495614035087719,0.9039665970772442,1.0,0.463768115942029,1.0,1.0,0.0,0.0
1.0,1.0,0.0,0.0,0.0,0.0,inf,inf
0.9196581196581196,0.8512658227848101,3.5390602331696326,0.8769274980359147,0.945705824284304,0.897003745318352,3.1622776601683795,1.1192598798337974
0.9114219114219114,0.8372591006423983,2.98284271247462,0.9166356147135835,1.0,1.0,0.0,0.0
0.0,0.0,inf,inf,0.0,0.0,inf,inf
1.0,1.0,0.0,0.0,1.0,1.0,0.0,0.0
0.0,0.0,inf,inf,1.0,1.0,0.0,0.0
0.953664700926706,0.9114331723027376,1.0,0.5102355298292883,1.0,1.0,0.0,0.0
1.0,1.0,0.0,0.0,1.0,1.0,0.0,0.0
0.0,0.0,inf,inf,1.0,1.0,0.0,0.0
1.0,1.0,0.0,0.0,1.0,1.0,0.0,0.0
1.0,1.0,0.0,0.0,1.0,1.0,0.0,0.0
1.0,1.0,0.0,0.0,1.0,1.0,0.0,0.0
0.0,0.0,inf,inf,1.0,1.0,0.0,0.0
0.0,0.0,inf,inf,0.0,0.0,inf,inf
0.9600456621004566,0.9231613611416026,3.0,0.5795370992780529,1.0,1.0,0.0,0.0
1.0,1.0,0.0,0.0,1.0,1.0,0.0,0.0
0.0,0.0,inf,inf,0.0,0.0,inf,inf
1.0,1.0,0.0,0.0,1.0,1.0,0.0,0.0
1.0,1.0,0.0,0.0,1.0,1.0,0.0,0.0
0.9365303244005642,0.8806366047745358,2.0,0.6002220869120796,1.0,1.0,0.0,0.0
0.0,0.0,inf,inf,0.0,0.0,inf,inf
1.0,1.0,0.0,0.0,1.0,1.0,0.0,0.0
1.0,1.0,0.0,0.0,1.0,1.0,0.0,0.0
0.831858407079646,0.7121212121212122,1.0,0.7255922317655457,1.0,1.0,0.0,0.0
1.0,1.0,0.0,0.0,1.0,1.0,0.0,0.0
0.0,0.0,inf,inf,0.0,0.0,inf,inf
0.93476465730801,0.8775193798449612,2.0,0.835892728864208,1.0,1.0,0.0,0.0
1.0,1.0,0.0,0.0,1.0,1.0,0.0,0.0
1.0,1.0,0.0,0.0,0.8421052631578947,0.7272727272727273,1.0,0.7931190208286332
0.9607390300230947,0.9244444444444444,1.0,0.32608695652173914,1.0,1.0,0.0,0.0
1.0,1.0,0.0,0.0,1.0,1.0,0.0,0.0
1.0,1.0,0.0,0.0,1.0,1.0,0.0,0.0
0.9625871908687381,0.9278728606356969,6.52515611545945,0.32727272727272727,1.0,1.0,0.0,0.0
0.0,0.0,inf,inf,0.0,0.0,inf,inf
0.9202049780380673,0.8522033898305085,4.242640687119285,1.1376176459169358,0.9602934829520933,0.9236197592361975,2.23606797749979,0.8458700050181893
1.0,1.0,0.0,0.0,1.0,1.0,0.0,0.0
0.8967629046369204,0.8128469468675654,3.0,1.0409931237057406,0.937007874015748,0.8814814814814815,2.0,0.6698113207547169
0.9054863992623329,0.827295703454086,5.830951894845301,1.1429906592198114,1.0,1.0,0.0,0.0
0.9655831739961759,0.933456561922366,2.0,0.6048784641567778,1.0,1.0,0.0,0.0
0.9471544715447154,0.8996138996138996,8.94427190999916,0.7987206559928398,0.9054726368159204,0.8272727272727273,1.4142135623730951,0.45044417382415924
1.0,1.0,0.0,0.0,1.0,1.0,0.0,0.0
1.0,1.0,0.0,0.0,1.0,1.0,0.0,0.0
1.0,1.0,0.0,0.0,1.0,1.0,0.0,0.0
0.9580209895052474,0.9194244604316547,2.0,0.5521472392638037,0.9177377892030848,0.8479809976247031,2.20065778087482,0.7941176470588235
1.0,1.0,0.0,0.0,1.0,1.0,0.0,0.0
1.0,1.0,0.0,0.0,1.0,1.0,0.0,0.0
1.0,1.0,0.0,0.0,0.0,0.0,inf,inf
1.0,1.0,0.0,0.0,1.0,1.0,0.0,0.0
0.0,0.0,inf,inf,1.0,1.0,0.0,0.0
1.0,1.0,0.0,0.0,1.0,1.0,0.0,0.0
0.9849510910458992,0.9703484062268347,1.0,0.2565789473684211,1.0,1.0,0.0,0.0
0.8945686900958466,0.8092485549132948,2.23606797749979,0.6416541483194776,0.9671726085421815,0.9364319890635681,2.0,0.5806451612903226
0.0,0.0,inf,inf,0.0,0.0,inf,inf
1.0,1.0,0.0,0.0,1.0,1.0,0.0,0.0
0.9429747207524986,0.8921023359288098,3.1622776601683795,0.7585628598610448,1.0,1.0,0.0,0.0
0.8085106382978723,0.6785714285714286,4.0,1.5451056737346234,1.0,1.0,0.0,0.0
1.0,1.0,0.0,0.0,1.0,1.0,0.0,0.0
1.0,1.0,0.0,0.0,1.0,1.0,0.0,0.0
0.0,0.0,inf,inf,1.0,1.0,0.0,0.0
0.9182115594329335,0.8487903225806451,2.7691912100215537,1.0563584477138928,1.0,1.0,0.0,0.0
0.8931524975190208,0.8069336521219367,4.0,1.0099851976829595,0.929159802306425,0.8676923076923077,2.0,0.5788252421852338
0.0,0.0,inf,inf,1.0,1.0,0.0,0.0
1.0,1.0,0.0,0.0,1.0,1.0,0.0,0.0
0.0,0.0,inf,inf,1.0,1.0,0.0,0.0
1.0,1.0,0.0,0.0,1.0,1.0,0.0,0.0
0.0,0.0,inf,inf,1.0,1.0,0.0,0.0
1.0,1.0,0.0,0.0,1.0,1.0,0.0,0.0
1.0,1.0,0.0,0.0,1.0,1.0,0.0,0.0
0.982183908045977,0.9649915302089215,1.0,0.31016042780748665,1.0,1.0,0.0,0.0
1.0,1.0,0.0,0.0,1.0,1.0,0.0,0.0
1.0,1.0,0.0,0.0,1.0,1.0,0.0,0.0
1.0,1.0,0.0,0.0,1.0,1.0,0.0,0.0
0.9703522846180677,0.9424119241192412,1.4142135623730951,0.4370860927152318,1.0,1.0,0.0,0.0
0.0,0.0,inf,inf,1.0,1.0,0.0,0.0
1.0,1.0,0.0,0.0,1.0,1.0,0.0,0.0
1.0,1.0,0.0,0.0,1.0,1.0,0.0,0.0
0.0,0.0,inf,inf,0.0,0.0,inf,inf
0.875,0.7777777777777778,1.5020815280171258,0.6,1.0,1.0,0.0,0.0
0.9648491558261832,0.9320855614973262,12.083045973594572,0.4408629483996871,1.0,1.0,0.0,0.0
1.0,1.0,0.0,0.0,1.0,1.0,0.0,0.0
0.0,0.0,inf,inf,1.0,1.0,0.0,0.0
1.0,1.0,0.0,0.0,1.0,1.0,0.0,0.0
1.0,1.0,0.0,0.0,1.0,1.0,0.0,0.0
1.0,1.0,0.0,0.0,1.0,1.0,0.0,0.0
0.9736842105263158,0.9487179487179487,1.0,0.360536767944288,1.0,1.0,0.0,0.0
1.0,1.0,0.0,0.0,1.0,1.0,0.0,0.0
0.4,0.25,4.6970562748477125,2.032948195248357,1.0,1.0,0.0,0.0
1.0,1.0,0.0,0.0,1.0,1.0,0.0,0.0
0.9577950043066322,0.9190082644628099,1.4142135623730951,0.5898979377025761,1.0,1.0,0.0,0.0
1.0,1.0,0.0,0.0,1.0,1.0,0.0,0.0
0.9657163478888487,0.933705512909979,8.54400374531753,0.5581395348837209,1.0,1.0,0.0,0.0
1.0,1.0,0.0,0.0,0.0,0.0,inf,inf
0.9824858757062147,0.9655746807329262,1.0,0.40725806451612906,1.0,1.0,0.0,0.0
0.940512375162831,0.8877049180327868,2.23606797749979,1.0070805737157793,0.8340807174887892,0.7153846153846154,2.0,0.9234066857533136
0.9590443686006825,0.921311475409836,1.0,0.3508771929824561,1.0,1.0,0.0,0.0
1.0,1.0,0.0,0.0,1.0,1.0,0.0,0.0
1.0,1.0,0.0,0.0,1.0,1.0,0.0,0.0
1.0,1.0,0.0,0.0,1.0,1.0,0.0,0.0
1.0,1.0,0.0,0.0,0.0,0.0,inf,inf
1.0,1.0,0.0,0.0,1.0,1.0,0.0,0.0
0.0,0.0,inf,inf,0.0,0.0,inf,inf
1.0,1.0,0.0,0.0,1.0,1.0,0.0,0.0
0.0,0.0,inf,inf,0.0,0.0,inf,inf
0.944746087511977,0.8952784503631961,2.0,0.6747057846752174,0.9555984555984556,0.9149722735674677,2.8284271247461903,0.8254938763382076
1.0,1.0,0.0,0.0,1.0,1.0,0.0,0.0
1.0,1.0,0.0,0.0,1.0,1.0,0.0,0.0
1.0,1.0,0.0,0.0,1.0,1.0,0.0,0.0
1.0,1.0,0.0,0.0,1.0,1.0,0.0,0.0
0.9477277576274803,0.9006488240064883,3.0,0.7037251152217234,0.0,0.0,inf,inf
0.986682808716707,0.973715651135006,9.919214038559772,0.24358974358974358,1.0,1.0,0.0,0.0
0.0,0.0,inf,inf,0.0,0.0,inf,inf
1.0,1.0,0.0,0.0,1.0,1.0,0.0,0.0
1.0,1.0,0.0,0.0,1.0,1.0,0.0,0.0
0.9608540925266904,0.9246575342465754,1.0,0.22857142857142856,1.0,1.0,0.0,0.0
0.9838846480067854,0.9682804674457429,1.0,0.24709260086031856,1.0,1.0,0.0,0.0
0.9836238774432118,0.9677754677754677,1.289949493661162,0.3979605586615845,1.0,1.0,0.0,0.0
1.0,1.0,0.0,0.0,1.0,1.0,0.0,0.0
1.0,1.0,0.0,0.0,1.0,1.0,0.0,0.0
1.0,1.0,0.0,0.0,1.0,1.0,0.0,0.0
1.0,1.0,0.0,0.0,1.0,1.0,0.0,0.0
0.9540412044374009,0.9121212121212121,1.0,0.388444317093722,0.8181818181818182,0.6923076923076923,1.0,0.6126007977866527
1.0,1.0,0.0,0.0,1.0,1.0,0.0,0.0
1.0,1.0,0.0,0.0,1.0,1.0,0.0,0.0
1.0,1.0,0.0,0.0,1.0,1.0,0.0,0.0
1.0,1.0,0.0,0.0,1.0,1.0,0.0,0.0
0.9142857142857143,0.8421052631578947,3.802775637731995,1.1342866617813403,1.0,1.0,0.0,0.0
1.0,1.0,0.0,0.0,0.9588862301500979,0.9210196406184705,2.8284271247461903,0.9009566649169903
0.902638762511374,0.8225538971807629,3.605551275463989,1.0697197126344902,1.0,1.0,0.0,0.0
0.0,0.0,inf,inf,1.0,1.0,0.0,0.0
1.0,1.0,0.0,0.0,1.0,1.0,0.0,0.0
0.9244288224956063,0.8594771241830066,1.4142135623730951,0.5272727272727272,0.9690279055504446,0.9399167162403331,2.0,0.6076035364446142
0.7731958762886598,0.6302521008403361,2.0999999999999943,0.4074074074074074,0.9225700164744646,0.8562691131498471,2.0,0.7334119252118835
1.0,1.0,0.0,0.0,1.0,1.0,0.0,0.0
1.0,1.0,0.0,0.0,0.0,0.0,inf,inf
1.0,1.0,0.0,0.0,1.0,1.0,0.0,0.0
0.9242053789731052,0.8590909090909091,1.4142135623730951,0.4375,1.0,1.0,0.0,0.0
1.0,1.0,0.0,0.0,1.0,1.0,0.0,0.0
1.0,1.0,0.0,0.0,1.0,1.0,0.0,0.0
1.0,1.0,0.0,0.0,1.0,1.0,0.0,0.0
0.9048096192384769,0.8261665141811528,3.0,0.9021607390720479,1.0,1.0,0.0,0.0
1.0,1.0,0.0,0.0,1.0,1.0,0.0,0.0
1.0,1.0,0.0,0.0,1.0,1.0,0.0,0.0
1.0,1.0,0.0,0.0,1.0,1.0,0.0,0.0
1.0,1.0,0.0,0.0,1.0,1.0,0.0,0.0
1.0,1.0,0.0,0.0,1.0,1.0,0.0,0.0
1.0,1.0,0.0,0.0,0.0,0.0,inf,inf
0.0,0.0,inf,inf,1.0,1.0,0.0,0.0
0.9547581903276131,0.9134328358208955,1.0,0.43859649122807015,1.0,1.0,0.0,0.0
0.0,0.0,inf,inf,1.0,1.0,0.0,0.0
0.0,0.0,inf,inf,1.0,1.0,0.0,0.0
1.0,1.0,0.0,0.0,0.0,0.0,inf,inf
1.0,1.0,0.0,0.0,1.0,1.0,0.0,0.0
0.9530931339225017,0.9103896103896104,9.662163300413322,0.39394174659912273,1.0,1.0,0.0,0.0
1.0,1.0,0.0,0.0,1.0,1.0,0.0,0.0
0.0,0.0,inf,inf,1.0,1.0,0.0,0.0
0.9204466154919749,0.8526179702650291,2.2006577808748267,0.7865690527282216,1.0,1.0,0.0,0.0
0.931909212283044,0.8725,2.0,0.5647515689813025,0.8743362831858407,0.7767295597484277,3.0,1.036056138371238
1.0,1.0,0.0,0.0,1.0,1.0,0.0,0.0
1.0,1.0,0.0,0.0,1.0,1.0,0.0,0.0
1.0,1.0,0.0,0.0,1.0,1.0,0.0,0.0
1.0,1.0,0.0,0.0,1.0,1.0,0.0,0.0
1.0,1.0,0.0,0.0,1.0,1.0,0.0,0.0
1.0,1.0,0.0,0.0,1.0,1.0,0.0,0.0
1.0,1.0,0.0,0.0,1.0,1.0,0.0,0.0
0.9333333333333333,0.875,3.0,0.8131868131868132,1.0,1.0,0.0,0.0
1.0,1.0,0.0,0.0,1.0,1.0,0.0,0.0
1.0,1.0,0.0,0.0,1.0,1.0,0.0,0.0
0.9487726787620064,0.9025380710659898,3.1135943621178637,0.8640337160035695,1.0,1.0,0.0,0.0
1.0,1.0,0.0,0.0,1.0,1.0,0.0,0.0
0.9127659574468086,0.8395303326810176,2.23606797749979,0.6349670690042282,1.0,1.0,0.0,0.0
0.9395302348825587,0.885956644674835,2.0,0.6189435765389355,0.9214876033057852,0.8544061302681992,2.0,0.868421052631579
0.0,0.0,inf,inf,0.0,0.0,inf,inf
0.0,0.0,inf,inf,1.0,1.0,0.0,0.0
0.9472,0.8996960486322189,2.0,0.43540058966839545,0.9538461538461539,0.9117647058823529,1.4142135623730951,0.4724438258837925
1.0,1.0,0.0,0.0,1.0,1.0,0.0,0.0
1.0,1.0,0.0,0.0,1.0,1.0,0.0,0.0
1.0,1.0,0.0,0.0,0.0,0.0,inf,inf
0.9305177111716622,0.870063694267516,5.0,0.6705084094231522,0.9756160830090791,0.9523930108888327,2.0,0.6715247841139085
0.0,0.0,inf,inf,1.0,1.0,0.0,0.0
1.0,1.0,0.0,0.0,1.0,1.0,0.0,0.0
1.0,1.0,0.0,0.0,1.0,1.0,0.0,0.0
1.0,1.0,0.0,0.0,1.0,1.0,0.0,0.0
1.0,1.0,0.0,0.0,1.0,1.0,0.0,0.0
1.0,1.0,0.0,0.0,1.0,1.0,0.0,0.0
1.0,1.0,0.0,0.0,0.0,0.0,inf,inf
1.0,1.0,0.0,0.0,1.0,1.0,0.0,0.0
1.0,1.0,0.0,0.0,1.0,1.0,0.0,0.0
0.0,0.0,inf,inf,1.0,1.0,0.0,0.0
0.9657859078590786,0.9338355715689486,2.354539806949063,0.7610548280596394,1.0,1.0,0.0,0.0
1.0,1.0,0.0,0.0,1.0,1.0,0.0,0.0
0.9162011173184358,0.845360824742268,41.6938987599714,11.141421800542092,1.0,1.0,0.0,0.0
0.9301934398654331,0.8694968553459119,2.0,0.8968191741770091,1.0,1.0,0.0,0.0
0.9398663697104677,0.8865546218487395,3.1217082451262845,0.6161661254260963,0.6944444444444444,0.5319148936170213,2.2953038922244264,1.3072563584013217
0.9754098360655737,0.952,1.0,0.39404611588277283,1.0,1.0,0.0,0.0
1.0,1.0,0.0,0.0,1.0,1.0,0.0,0.0
1.0,1.0,0.0,0.0,0.0,0.0,inf,inf
0.9872093023255814,0.9747416762342136,1.0,0.26191993171457273,1.0,1.0,0.0,0.0
0.0,0.0,inf,inf,1.0,1.0,0.0,0.0
0.8971153846153846,0.8134263295553618,3.0,0.9184261858264723,0.8980797636632201,0.8150134048257373,3.0,0.9785799826017082
1.0,1.0,0.0,0.0,1.0,1.0,0.0,0.0
0.8930635838150289,0.8067885117493473,3.016227766016837,0.8578911740987922,0.8980612883051907,0.8149829738933031,4.788854381999814,0.7586047252170866
0.0,0.0,inf,inf,1.0,1.0,0.0,0.0
0.9354375896700143,0.8787061994609164,5.0,1.242185213176012,1.0,1.0,0.0,0.0
1.0,1.0,0.0,0.0,1.0,1.0,0.0,0.0
1.0,1.0,0.0,0.0,1.0,1.0,0.0,0.0
1.0,1.0,0.0,0.0,1.0,1.0,0.0,0.0
1.0,1.0,0.0,0.0,1.0,1.0,0.0,0.0
0.0,0.0,inf,inf,1.0,1.0,0.0,0.0
1.0,1.0,0.0,0.0,1.0,1.0,0.0,0.0
1.0,1.0,0.0,0.0,1.0,1.0,0.0,0.0
1.0,1.0,0.0,0.0,1.0,1.0,0.0,0.0
0.9185867895545314,0.8494318181818182,4.577708763999658,0.5081218345563352,1.0,1.0,0.0,0.0
1.0,1.0,0.0,0.0,0.0,0.0,inf,inf
1.0,1.0,0.0,0.0,0.0,0.0,inf,inf
0.9536423841059603,0.9113924050632911,1.4142135623730951,0.6572262226082476,1.0,1.0,0.0,0.0
0.9353788935378894,0.8786026200873363,6.324555320336759,1.2763323088130383,1.0,1.0,0.0,0.0
0.0,0.0,inf,inf,0.0,0.0,inf,inf
0.0,0.0,inf,inf,1.0,1.0,0.0,0.0
1.0,1.0,0.0,0.0,1.0,1.0,0.0,0.0
1.0,1.0,0.0,0.0,1.0,1.0,0.0,0.0
0.9446494464944649,0.8951048951048951,1.0,0.39473684210526316,1.0,1.0,0.0,0.0
0.9245283018867925,0.8596491228070176,1.0,0.40476190476190477,1.0,1.0,0.0,0.0
0.939795918367347,0.8864292589027911,3.0,0.8818712915711426,1.0,1.0,0.0,0.0
1.0,1.0,0.0,0.0,1.0,1.0,0.0,0.0
1.0,1.0,0.0,0.0,1.0,1.0,0.0,0.0
0.8959660297239915,0.8115384615384615,1.4142135623730951,0.6267049374944825,1.0,1.0,0.0,0.0
0.0,0.0,inf,inf,1.0,1.0,0.0,0.0
1.0,1.0,0.0,0.0,1.0,1.0,0.0,0.0
0.9377289377289377,0.8827586206896552,2.0,0.8007166122471775,0.0,0.0,inf,inf
1.0,1.0,0.0,0.0,1.0,1.0,0.0,0.0
0.8996763754045307,0.8176470588235294,1.0,0.6585365853658537,1.0,1.0,0.0,0.0
0.9502262443438914,0.9051724137931034,1.0,0.3620689655172414,1.0,1.0,0.0,0.0
0.9749552772808586,0.9511343804537522,1.0,0.4818181818181818,1.0,1.0,0.0,0.0
0.8465116279069768,0.7338709677419355,2.9786598656861765,1.1161677234283685,1.0,1.0,0.0,0.0
1.0,1.0,0.0,0.0,1.0,1.0,0.0,0.0
0.9588759424263193,0.9210006583278473,2.23606797749979,0.5388561808316412,1.0,1.0,0.0,0.0
1.0,1.0,0.0,0.0,1.0,1.0,0.0,0.0
1.0,1.0,0.0,0.0,1.0,1.0,0.0,0.0
1.0,1.0,0.0,0.0,1.0,1.0,0.0,0.0
1.0,1.0,0.0,0.0,1.0,1.0,0.0,0.0
1.0,1.0,0.0,0.0,0.0,0.0,inf,inf
0.9627391742195368,0.9281553398058252,2.0,0.5405405405405406,1.0,1.0,0.0,0.0
0.975,0.9512195121951219,1.0,0.234375,1.0,1.0,0.0,0.0
1.0,1.0,0.0,0.0,0.0,0.0,inf,inf
0.8277703604806409,0.7061503416856492,3.0,0.8488166108458983,0.9563239308462238,0.916303400174368,2.0,0.6786389230897535
0.8894154818325435,0.8008534850640113,3.0,1.0829488796376732,0.9369912571600845,0.8814520703346569,4.0,1.1096119998381277
0.0,0.0,inf,inf,1.0,1.0,0.0,0.0
0.9445972495088408,0.8950111690245719,9.899494936611665,0.773992717280199,0.7407407407407407,0.5882352941176471,2.0,1.1515228816828318
0.0,0.0,inf,inf,1.0,1.0,0.0,0.0
0.928,0.8656716417910447,2.23606797749979,0.8344411222273092,0.9321074964639321,0.8728476821192053,4.583452377915598,0.8369658192603574
1.0,1.0,0.0,0.0,1.0,1.0,0.0,0.0
1.0,1.0,0.0,0.0,0.0,0.0,inf,inf
1.0,1.0,0.0,0.0,1.0,1.0,0.0,0.0
1.0,1.0,0.0,0.0,1.0,1.0,0.0,0.0
0.8450704225352113,0.7317073170731707,2.9828427124746177,0.7324167807475828,0.6818181818181818,0.5172413793103449,2.905634918610404,1.412077855884194
0.0,0.0,inf,inf,1.0,1.0,0.0,0.0
1.0,1.0,0.0,0.0,1.0,1.0,0.0,0.0
0.920863309352518,0.8533333333333334,2.0,0.6821427904657101,0.8987012987012987,0.8160377358490566,2.1062305898749063,0.6527193705326928
0.960328317373461,0.9236842105263158,1.0,0.5979381443298969,1.0,1.0,0.0,0.0
0.9233954451345756,0.8576923076923076,1.6778174593051958,0.44730390153182165,1.0,1.0,0.0,0.0
1.0,1.0,0.0,0.0,1.0,1.0,0.0,0.0
0.0,0.0,inf,inf,1.0,1.0,0.0,0.0
1.0,1.0,0.0,0.0,1.0,1.0,0.0,0.0
0.9423076923076923,0.8909090909090909,1.0,0.4130683736675127,1.0,1.0,0.0,0.0
1.0,1.0,0.0,0.0,1.0,1.0,0.0,0.0
1.0,1.0,0.0,0.0,0.0,0.0,inf,inf
1.0,1.0,0.0,0.0,0.0,0.0,inf,inf
1.0,1.0,0.0,0.0,1.0,1.0,0.0,0.0
0.9448648648648649,0.8954918032786885,2.8284271247461903,0.6813763444485098,1.0,1.0,0.0,0.0
1.0,1.0,0.0,0.0,0.0,0.0,inf,inf
1.0,1.0,0.0,0.0,1.0,1.0,0.0,0.0
1.0,1.0,0.0,0.0,1.0,1.0,0.0,0.0
1.0,1.0,0.0,0.0,1.0,1.0,0.0,0.0
0.9626285427639829,0.9279497098646035,2.0,0.6101694915254238,1.0,1.0,0.0,0.0
0.9528688524590164,0.9099804305283757,1.0,0.44086021505376344,0.762589928057554,0.6162790697674418,2.118033988749895,1.1746213571155135
1.0,1.0,0.0,0.0,1.0,1.0,0.0,0.0
1.0,1.0,0.0,0.0,1.0,1.0,0.0,0.0
0.9606533036377134,0.9242857142857143,1.0,0.3228346456692913,1.0,1.0,0.0,0.0
0.9277310924369748,0.8652037617554859,3.1622776601683795,0.8072060383377374,1.0,1.0,0.0,0.0
0.9471458773784355,0.8995983935742972,1.0,0.39215686274509803,1.0,1.0,0.0,0.0
1.0,1.0,0.0,0.0,0.0,0.0,inf,inf
1.0,1.0,0.0,0.0,1.0,1.0,0.0,0.0
0.0,0.0,inf,inf,1.0,1.0,0.0,0.0
0.9233498935415189,0.8576137112722478,5.385164807134504,1.0553055874621862,0.9564671410632064,0.9165663858804654,2.8284271247461903,0.9566467770356095
1.0,1.0,0.0,0.0,0.0,0.0,inf,inf
0.0,0.0,inf,inf,0.0,0.0,inf,inf
1.0,1.0,0.0,0.0,1.0,1.0,0.0,0.0
0.0,0.0,inf,inf,0.0,0.0,inf,inf
1.0,1.0,0.0,0.0,1.0,1.0,0.0,0.0
0.966931216931217,0.9359795134443022,10.949100026165866,0.4740740740740741,1.0,1.0,0.0,0.0
0.9448818897637795,0.8955223880597015,7.0710678118654755,0.5799218048969337,0.6956521739130435,0.5333333333333333,2.0,1.261647966749851
1.0,1.0,0.0,0.0,1.0,1.0,0.0,0.0
1.0,1.0,0.0,0.0,1.0,1.0,0.0,0.0
0.9276054097056484,0.8649851632047477,3.3839144678161843,0.6007106781186548,1.0,1.0,0.0,0.0
1.0,1.0,0.0,0.0,1.0,1.0,0.0,0.0
1.0,1.0,0.0,0.0,1.0,1.0,0.0,0.0
0.9487179487179487,0.9024390243902439,6.082762530298219,0.36655122646461624,1.0,1.0,0.0,0.0
1.0,1.0,0.0,0.0,1.0,1.0,0.0,0.0
0.9307817589576547,0.8705255140898706,2.4433936790360096,0.767702839963874,0.0,0.0,inf,inf
1.0,1.0,0.0,0.0,1.0,1.0,0.0,0.0
0.9845956354300385,0.9696586599241467,1.0,0.359375,1.0,1.0,0.0,0.0
1.0,1.0,0.0,0.0,1.0,1.0,0.0,0.0
1.0,1.0,0.0,0.0,1.0,1.0,0.0,0.0
1.0,1.0,0.0,0.0,1.0,1.0,0.0,0.0
0.0,0.0,inf,inf,1.0,1.0,0.0,0.0
0.0,0.0,inf,inf,0.0,0.0,inf,inf
0.0,0.0,inf,inf,0.0,0.0,inf,inf
1.0,1.0,0.0,0.0,1.0,1.0,0.0,0.0
0.9493359567142154,0.903558052434457,2.9914213562373075,0.7559055118110236,1.0,1.0,0.0,0.0
1.0,1.0,0.0,0.0,1.0,1.0,0.0,0.0
0.0,0.0,inf,inf,1.0,1.0,0.0,0.0
1.0,1.0,0.0,0.0,1.0,1.0,0.0,0.0
0.0,0.0,inf,inf,1.0,1.0,0.0,0.0
0.0,0.0,inf,inf,1.0,1.0,0.0,0.0
1.0,1.0,0.0,0.0,1.0,1.0,0.0,0.0
0.0,0.0,inf,inf,1.0,1.0,0.0,0.0
1.0,1.0,0.0,0.0,1.0,1.0,0.0,0.0
1.0,1.0,0.0,0.0,0.0,0.0,inf,inf
1.0,1.0,0.0,0.0,1.0,1.0,0.0,0.0
0.9181084198385236,0.8486140724946695,2.0,0.8840579710144928,1.0,1.0,0.0,0.0
1.0,1.0,0.0,0.0,0.6101694915254238,0.43902439024390244,2.3999999999999986,1.263157894736842
0.0,0.0,inf,inf,1.0,1.0,0.0,0.0
0.9652836579170194,0.9328968903436988,1.0,0.48148148148148145,1.0,1.0,0.0,0.0
0.0,0.0,inf,inf,1.0,1.0,0.0,0.0
1.0,1.0,0.0,0.0,1.0,1.0,0.0,0.0
0.0,0.0,inf,inf,0.0,0.0,inf,inf
0.9521188772702256,0.9086134453781513,2.8284271247461903,0.4503384181517404,1.0,1.0,0.0,0.0
0.9865205154791883,0.9733995907629348,1.0,0.3404255319148936,1.0,1.0,0.0,0.0
1.0,1.0,0.0,0.0,1.0,1.0,0.0,0.0
0.9576744186046512,0.9187862561356537,2.0,0.5252080338015875,0.8634146341463415,0.759656652360515,3.1622776601683795,0.6285688969253718
0.0,0.0,inf,inf,1.0,1.0,0.0,0.0
0.9853768278965129,0.9711751662971175,1.0,0.24761904761904763,1.0,1.0,0.0,0.0
0.0,0.0,inf,inf,0.0,0.0,inf,inf
0.9677920062087699,0.937593984962406,1.4142135623730951,0.6500566466900197,1.0,1.0,0.0,0.0
1.0,1.0,0.0,0.0,1.0,1.0,0.0,0.0
0.9858012170385395,0.972,1.0,0.2127659574468085,1.0,1.0,0.0,0.0
0.9622399178011816,0.9272277227722773,1.4142135623730951,0.6416221298568471,1.0,1.0,0.0,0.0
0.0,0.0,inf,inf,0.6825396825396826,0.5180722891566265,2.23606797749979,1.479904345527339
0.0,0.0,inf,inf,1.0,1.0,0.0,0.0
1.0,1.0,0.0,0.0,1.0,1.0,0.0,0.0
0.9848888888888889,0.9702276707530648,1.0,0.2857142857142857,1.0,1.0,0.0,0.0
0.0,0.0,inf,inf,1.0,1.0,0.0,0.0
0.943784639746635,0.8935532233883059,3.1844413409331525,0.8684798045105449,1.0,1.0,0.0,0.0
1.0,1.0,0.0,0.0,1.0,1.0,0.0,0.0
0.96468330134357,0.9317760474601409,2.23606797749979,0.6642895979028007,1.0,1.0,0.0,0.0
0.9550706033376123,0.914004914004914,1.0,0.45019741058851515,1.0,1.0,0.0,0.0
1.0,1.0,0.0,0.0,1.0,1.0,0.0,0.0
0.9599074787972244,0.9229058561897702,10.295630140987,0.33498395025251215,0.8269230769230769,0.7049180327868853,2.0,0.9693358038011219
0.0,0.0,inf,inf,1.0,1.0,0.0,0.0
1.0,1.0,0.0,0.0,1.0,1.0,0.0,0.0
0.0,0.0,inf,inf,1.0,1.0,0.0,0.0
0.0,0.0,inf,inf,1.0,1.0,0.0,0.0
0.0,0.0,inf,inf,1.0,1.0,0.0,0.0
1.0,1.0,0.0,0.0,1.0,1.0,0.0,0.0
0.8740824392998306,0.7763289869608826,4.300014504089359,1.311558367519044,1.0,1.0,0.0,0.0
1.0,1.0,0.0,0.0,1.0,1.0,0.0,0.0
1.0,1.0,0.0,0.0,1.0,1.0,0.0,0.0
1.0,1.0,0.0,0.0,1.0,1.0,0.0,0.0
0.9419642857142857,0.890295358649789,2.0,0.46729920468483516,0.9325513196480938,0.8736263736263736,2.1062305898749027,0.7331367285275603
1.0,1.0,0.0,0.0,1.0,1.0,0.0,0.0
0.9472954230235784,0.8998682476943346,2.9742640687119275,0.7484958492284289,1.0,1.0,0.0,0.0
0.8785276073619632,0.7833698030634574,2.8284271247461903,1.3129287320078653,1.0,1.0,0.0,0.0
0.0,0.0,inf,inf,1.0,1.0,0.0,0.0
1.0,1.0,0.0,0.0,1.0,1.0,0.0,0.0
0.966818477553676,0.9357682619647355,1.0,0.39215686274509803,1.0,1.0,0.0,0.0
1.0,1.0,0.0,0.0,1.0,1.0,0.0,0.0
0.0,0.0,inf,inf,1.0,1.0,0.0,0.0
0.0,0.0,inf,inf,1.0,1.0,0.0,0.0
1.0,1.0,0.0,0.0,1.0,1.0,0.0,0.0
1.0,1.0,0.0,0.0,1.0,1.0,0.0,0.0
1.0,1.0,0.0,0.0,1.0,1.0,0.0,0.0
0.0,0.0,inf,inf,0.0,0.0,inf,inf
0.9632829373650108,0.9291666666666667,1.0,0.4230769230769231,1.0,1.0,0.0,0.0
1.0,1.0,0.0,0.0,0.0,0.0,inf,inf
1.0,1.0,0.0,0.0,1.0,1.0,0.0,0.0
1.0,1.0,0.0,0.0,0.0,0.0,inf,inf
0.9392265193370166,0.8854166666666666,2.23606797749979,0.5225463373701271,1.0,1.0,0.0,0.0
0.8947368421052632,0.8095238095238095,1.0,0.5185185185185185,1.0,1.0,0.0,0.0
1.0,1.0,0.0,0.0,1.0,1.0,0.0,0.0
1.0,1.0,0.0,0.0,1.0,1.0,0.0,0.0
0.9529564091497627,0.9101401483924155,3.0,0.6720458262936843,0.9235192639447959,0.8579059829059829,4.0,1.217403304118582
0.929144385026738,0.867665418227216,12.020797289396148,0.8014984026484653,0.9565826330532213,0.9167785234899329,3.0,0.7848348159695614
0.0,0.0,inf,inf,0.0,0.0,inf,inf
0.0,0.0,inf,inf,1.0,1.0,0.0,0.0
1.0,1.0,0.0,0.0,1.0,1.0,0.0,0.0
0.9191132414619533,0.8503325942350333,3.605551275463989,1.1553581150158732,1.0,1.0,0.0,0.0
1.0,1.0,0.0,0.0,1.0,1.0,0.0,0.0
0.9473684210526315,0.9,1.4142135623730951,0.4343065693430657,1.0,1.0,0.0,0.0
0.0,0.0,inf,inf,0.0,0.0,inf,inf
1.0,1.0,0.0,0.0,1.0,1.0,0.0,0.0
0.0,0.0,inf,inf,1.0,1.0,0.0,0.0
0.9326500732064422,0.8737997256515775,5.0,0.5978340832967692,1.0,1.0,0.0,0.0
1.0,1.0,0.0,0.0,1.0,1.0,0.0,0.0
1.0,1.0,0.0,0.0,1.0,1.0,0.0,0.0
1.0,1.0,0.0,0.0,1.0,1.0,0.0,0.0
0.9077809798270894,0.8311345646437994,2.7988091673838635,0.5843975468733301,0.4666666666666667,0.30434782608695654,3.048683298050513,1.4976540137910714
1.0,1.0,0.0,0.0,0.0,0.0,inf,inf
1.0,1.0,0.0,0.0,1.0,1.0,0.0,0.0
0.0,0.0,inf,inf,1.0,1.0,0.0,0.0
1.0,1.0,0.0,0.0,0.0,0.0,inf,inf
1.0,1.0,0.0,0.0,1.0,1.0,0.0,0.0
0.9439088518843121,0.8937759336099586,6.0,0.9139781017596245,1.0,1.0,0.0,0.0
0.9617903930131004,0.9263932702418507,3.1622776601683795,0.6101207080505674,0.9398230088495575,0.8864774624373957,2.0,0.6739234573167227
1.0,1.0,0.0,0.0,1.0,1.0,0.0,0.0
1.0,1.0,0.0,0.0,1.0,1.0,0.0,0.0
0.0,0.0,inf,inf,0.0,0.0,inf,inf
0.9510869565217391,0.9067357512953368,1.4142135623730951,0.4701492537313433,0.9577167019027484,0.9188640973630832,1.3935028842544357,0.3611111111111111
1.0,1.0,0.0,0.0,0.9010654490106544,0.8199445983379502,2.9656854249492377,1.011361836391221
0.0,0.0,inf,inf,1.0,1.0,0.0,0.0
0.9430051813471503,0.8921568627450981,3.7041634565979917,1.3333333333333333,0.6854838709677419,0.5214723926380368,5.0,2.049154645291571
1.0,1.0,0.0,0.0,1.0,1.0,0.0,0.0
1.0,1.0,0.0,0.0,0.0,0.0,inf,inf
1.0,1.0,0.0,0.0,1.0,1.0,0.0,0.0
1.0,1.0,0.0,0.0,1.0,1.0,0.0,0.0
0.9764868603042877,0.9540540540540541,1.0,0.3429538337576401,1.0,1.0,0.0,0.0
0.9027586206896552,0.8227529855436833,2.23606797749979,1.014746529969782,0.8790513833992095,0.7842031029619182,4.080018656651476,1.1503183881083519
1.0,1.0,0.0,0.0,1.0,1.0,0.0,0.0
0.9782321899736148,0.9573918657198193,1.0,0.3684210526315789,1.0,1.0,0.0,0.0
1.0,1.0,0.0,0.0,1.0,1.0,0.0,0.0
0.0,0.0,inf,inf,1.0,1.0,0.0,0.0
1.0,1.0,0.0,0.0,1.0,1.0,0.0,0.0
1.0,1.0,0.0,0.0,1.0,1.0,0.0,0.0
0.9815950920245399,0.963855421686747,1.0,0.30392156862745096,1.0,1.0,0.0,0.0
1.0,1.0,0.0,0.0,0.0,0.0,inf,inf
1.0,1.0,0.0,0.0,1.0,1.0,0.0,0.0
0.9591160220994475,0.921443736730361,2.0,0.5965273563060391,1.0,1.0,0.0,0.0
1.0,1.0,0.0,0.0,1.0,1.0,0.0,0.0
1.0,1.0,0.0,0.0,1.0,1.0,0.0,0.0
0.9640666082383874,0.9306260575296108,7.0,0.45726229884347136,0.673469387755102,0.5076923076923077,2.591483465847627,1.203210595928635
1.0,1.0,0.0,0.0,1.0,1.0,0.0,0.0
1.0,1.0,0.0,0.0,1.0,1.0,0.0,0.0
1.0,1.0,0.0,0.0,1.0,1.0,0.0,0.0
1.0,1.0,0.0,0.0,1.0,1.0,0.0,0.0
1.0,1.0,0.0,0.0,1.0,1.0,0.0,0.0
0.9392265193370166,0.8854166666666666,1.0,0.4222222222222222,0.56,0.3888888888888889,2.8284271247461903,0.16666666666666666
1.0,1.0,0.0,0.0,1.0,1.0,0.0,0.0
1.0,1.0,0.0,0.0,1.0,1.0,0.0,0.0
1.0,1.0,0.0,0.0,1.0,1.0,0.0,0.0
1.0,1.0,0.0,0.0,1.0,1.0,0.0,0.0
1.0,1.0,0.0,0.0,1.0,1.0,0.0,0.0
0.9149439798011677,0.8432228039557883,5.830951894845301,1.3220334982947712,0.8465346534653465,0.7339055793991416,5.0,1.8317117231966322
0.0,0.0,inf,inf,1.0,1.0,0.0,0.0
0.9208103130755064,0.8532423208191127,2.0,0.6417935972128219,1.0,1.0,0.0,0.0
1.0,1.0,0.0,0.0,1.0,1.0,0.0,0.0
1.0,1.0,0.0,0.0,1.0,1.0,0.0,0.0
1.0,1.0,0.0,0.0,1.0,1.0,0.0,0.0
1.0,1.0,0.0,0.0,1.0,1.0,0.0,0.0
1.0,1.0,0.0,0.0,0.0,0.0,inf,inf
0.960167714884696,0.9233870967741935,2.0,0.5926562015175055,1.0,1.0,0.0,0.0
1.0,1.0,0.0,0.0,1.0,1.0,0.0,0.0
1.0,1.0,0.0,0.0,1.0,1.0,0.0,0.0
0.0,0.0,inf,inf,0.0,0.0,inf,inf
1.0,1.0,0.0,0.0,1.0,1.0,0.0,0.0
1.0,1.0,0.0,0.0,1.0,1.0,0.0,0.0
1.0,1.0,0.0,0.0,0.0,0.0,inf,inf
0.0,0.0,inf,inf,1.0,1.0,0.0,0.0
1.0,1.0,0.0,0.0,1.0,1.0,0.0,0.0
0.9760225669957687,0.953168044077135,2.0,0.34077083548453946,1.0,1.0,0.0,0.0
1.0,1.0,0.0,0.0,1.0,1.0,0.0,0.0
1.0,1.0,0.0,0.0,1.0,1.0,0.0,0.0
0.8701923076923077,0.7702127659574468,2.0,0.5873015873015873,0.9571532316630356,0.9178272980501393,2.0,0.7098764982857724
0.768642447418738,0.6242236024844721,3.605551275463989,0.8602497714804771,0.9195402298850575,0.851063829787234,2.8284271247461903,0.9307603651791678
1.0,1.0,0.0,0.0,1.0,1.0,0.0,0.0
0.9264214046822743,0.8629283489096573,1.4142135623730951,0.6593558739158498,1.0,1.0,0.0,0.0
1.0,1.0,0.0,0.0,1.0,1.0,0.0,0.0
1.0,1.0,0.0,0.0,0.9,0.8181818181818182,2.0,0.8132936127819297
0.9797979797979798,0.9603960396039604,1.0,0.38345864661654133,1.0,1.0,0.0,0.0
0.8603988603988604,0.755,2.23606797749979,1.0559598797983292,1.0,1.0,0.0,0.0
1.0,1.0,0.0,0.0,1.0,1.0,0.0,0.0
1.0,1.0,0.0,0.0,1.0,1.0,0.0,0.0
1.0,1.0,0.0,0.0,1.0,1.0,0.0,0.0
1.0,1.0,0.0,0.0,1.0,1.0,0.0,0.0
1.0,1.0,0.0,0.0,1.0,1.0,0.0,0.0
0.0,0.0,inf,inf,1.0,1.0,0.0,0.0
0.955044955044955,0.9139579349904398,2.0,0.7268296281007827,1.0,1.0,0.0,0.0
0.9354005167958657,0.8786407766990292,2.0,0.7043716101826427,0.7934782608695652,0.6576576576576577,2.0,1.03125
1.0,1.0,0.0,0.0,1.0,1.0,0.0,0.0
1.0,1.0,0.0,0.0,1.0,1.0,0.0,0.0
0.9315068493150684,0.8717948717948718,1.4727922061357823,0.5817446955995018,1.0,1.0,0.0,0.0
1.0,1.0,0.0,0.0,1.0,1.0,0.0,0.0
0.6017699115044248,0.43037974683544306,2.888477631085023,1.3068018551083986,1.0,1.0,0.0,0.0
1.0,1.0,0.0,0.0,1.0,1.0,0.0,0.0
0.0,0.0,inf,inf,1.0,1.0,0.0,0.0
1.0,1.0,0.0,0.0,0.0,0.0,inf,inf
0.9693513898788311,0.9405255878284924,2.0,0.40722068187774474,1.0,1.0,0.0,0.0
1.0,1.0,0.0,0.0,1.0,1.0,0.0,0.0
0.9484304932735426,0.9019189765458422,1.0,0.4645311903721045,0.7272727272727273,0.5714285714285714,2.23606797749979,1.319014058598773
0.9700889248181084,0.9419152276295133,1.0,0.40714285714285714,1.0,1.0,0.0,0.0
1.0,1.0,0.0,0.0,1.0,1.0,0.0,0.0
1.0,1.0,0.0,0.0,1.0,1.0,0.0,0.0
0.9417989417989417,0.89,6.0,0.42403642327061086,0.8732394366197183,0.775,1.5606601717798214,0.7975562049832966
0.0,0.0,inf,inf,1.0,1.0,0.0,0.0
0.9784083898827884,0.9577294685990339,1.4142135623730951,0.3108276447409576,1.0,1.0,0.0,0.0
0.0,0.0,inf,inf,0.0,0.0,inf,inf
0.0,0.0,inf,inf,0.0,0.0,inf,inf
0.0,0.0,inf,inf,1.0,1.0,0.0,0.0
1.0,1.0,0.0,0.0,1.0,1.0,0.0,0.0
0.0,0.0,inf,inf,1.0,1.0,0.0,0.0
1.0,1.0,0.0,0.0,1.0,1.0,0.0,0.0
0.0,0.0,inf,inf,0.0,0.0,inf,inf
1.0,1.0,0.0,0.0,1.0,1.0,0.0,0.0
0.0,0.0,inf,inf,1.0,1.0,0.0,0.0
0.9548913043478261,0.9136765470618825,2.0,0.4785409854952451,1.0,1.0,0.0,0.0
0.9883401920438958,0.9769491525423729,1.0,0.2357142857142857,1.0,1.0,0.0,0.0
0.0,0.0,inf,inf,1.0,1.0,0.0,0.0
0.0,0.0,inf,inf,1.0,1.0,0.0,0.0
0.9161290322580645,0.8452380952380952,1.3520815280171286,0.5769230769230769,0.971254649983091,0.9441157133464826,1.0,0.5243872397312364
1.0,1.0,0.0,0.0,1.0,1.0,0.0,0.0
1.0,1.0,0.0,0.0,1.0,1.0,0.0,0.0
1.0,1.0,0.0,0.0,1.0,1.0,0.0,0.0
0.9630753667172484,0.9287804878048781,1.4142135623730951,0.45157509972333154,1.0,1.0,0.0,0.0
0.0,0.0,inf,inf,1.0,1.0,0.0,0.0
1.0,1.0,0.0,0.0,1.0,1.0,0.0,0.0
0.0,0.0,inf,inf,1.0,1.0,0.0,0.0
1.0,1.0,0.0,0.0,1.0,1.0,0.0,0.0
0.9456440804169769,0.8968926553672316,2.0,0.550561797752809,1.0,1.0,0.0,0.0
0.9487418452935694,0.9024822695035462,1.4142135623730951,0.4953178935490584,1.0,1.0,0.0,0.0
1.0,1.0,0.0,0.0,1.0,1.0,0.0,0.0
1.0,1.0,0.0,0.0,1.0,1.0,0.0,0.0
0.915068493150685,0.8434343434343434,6.264107122827124,2.1345789251400706,0.9405528209011738,0.8877769835596855,2.23606797749979,0.7464334721804432
0.0,0.0,inf,inf,1.0,1.0,0.0,0.0
0.0,0.0,inf,inf,0.0,0.0,inf,inf
0.9877094972067039,0.9757174392935982,1.0,0.24812030075187969,1.0,1.0,0.0,0.0
1.0,1.0,0.0,0.0,1.0,1.0,0.0,0.0
0.9590062111801242,0.9212410501193318,2.769191210021537,0.5329833643067983,1.0,1.0,0.0,0.0
1.0,1.0,0.0,0.0,1.0,1.0,0.0,0.0
0.9592053919829727,0.9216087252897068,2.0,0.6876968210687633,1.0,1.0,0.0,0.0
1.0,1.0,0.0,0.0,1.0,1.0,0.0,0.0
0.0,0.0,inf,inf,1.0,1.0,0.0,0.0
1.0,1.0,0.0,0.0,0.0,0.0,inf,inf
1.0,1.0,0.0,0.0,0.0,0.0,inf,inf
1.0,1.0,0.0,0.0,0.0,0.0,inf,inf
1.0,1.0,0.0,0.0,1.0,1.0,0.0,0.0
0.7891156462585034,0.651685393258427,1.4142135623730951,0.6942809041582064,0.9743830053108403,0.9500456899177582,2.0,0.7145264462375478
0.9621993127147767,0.9271523178807947,2.0,0.7107539236032775,1.0,1.0,0.0,0.0
0.9142857142857143,0.8421052631578947,4.001482646623016,1.4785637139827732,1.0,1.0,0.0,0.0
1.0,1.0,0.0,0.0,1.0,1.0,0.0,0.0
1.0,1.0,0.0,0.0,1.0,1.0,0.0,0.0
0.9805527123848515,0.9618473895582329,1.0,0.2595419847328244,1.0,1.0,0.0,0.0
1.0,1.0,0.0,0.0,1.0,1.0,0.0,0.0
1.0,1.0,0.0,0.0,1.0,1.0,0.0,0.0
1.0,1.0,0.0,0.0,0.0,0.0,inf,inf
0.958291956305859,0.9199237368922784,2.0,0.4410097083316067,1.0,1.0,0.0,0.0
0.9546769527483124,0.9132841328413284,7.280109889280518,0.3928548595687688,1.0,1.0,0.0,0.0
1.0,1.0,0.0,0.0,1.0,1.0,0.0,0.0
0.9429429429429429,0.8920454545454546,1.0,0.540934935628646,1.0,1.0,0.0,0.0
0.9303838646714379,0.8698296836982968,3.0,0.9954406896614137,1.0,1.0,0.0,0.0
0.0,0.0,inf,inf,1.0,1.0,0.0,0.0
1.0,1.0,0.0,0.0,0.0,0.0,inf,inf
0.9214092140921409,0.8542713567839196,3.8224980739587884,0.5700934579439252,0.956575682382134,0.9167657550535078,2.0,0.819438209655274
0.0,0.0,inf,inf,1.0,1.0,0.0,0.0
1.0,1.0,0.0,0.0,1.0,1.0,0.0,0.0
1.0,1.0,0.0,0.0,1.0,1.0,0.0,0.0
0.0,0.0,inf,inf,1.0,1.0,0.0,0.0
0.9307692307692308,0.8705035971223022,11.072356791249597,0.6529824368986923,0.9712918660287081,0.9441860465116279,7.442220510185377,0.7699857885937098
0.9357326478149101,0.8792270531400966,1.4142135623730951,0.5752800109066554,1.0,1.0,0.0,0.0
1.0,1.0,0.0,0.0,0.0,0.0,inf,inf
1.0,1.0,0.0,0.0,1.0,1.0,0.0,0.0
0.8958130477117819,0.8112874779541446,2.4730116363983363,0.6003985110945728,0.9652976758993951,0.932923076923077,2.0,0.6789396611073509
1.0,1.0,0.0,0.0,0.9380530973451328,0.8833333333333333,1.0,0.47368421052631576
1.0,1.0,0.0,0.0,1.0,1.0,0.0,0.0
0.9343715239154616,0.8768267223382046,2.23606797749979,0.8982467089716142,0.9578617866602456,0.9191312384473198,2.8284271247461903,0.832258064516129
1.0,1.0,0.0,0.0,1.0,1.0,0.0,0.0
0.93666204345816,0.8808695652173913,2.23606797749979,0.7304107088058568,0.9598352214212152,0.9227722772277228,3.0,0.7255228474983079
1.0,1.0,0.0,0.0,1.0,1.0,0.0,0.0
1.0,1.0,0.0,0.0,0.9413265306122449,0.8891566265060241,2.0,0.4492753623188406
0.9840446749102513,0.9685904986258344,1.0,0.38190954773869346,1.0,1.0,0.0,0.0
0.9206008583690987,0.852882703777336,2.8284271247461903,0.9564001274858609,1.0,1.0,0.0,0.0
0.9531449407474931,0.9104841518634622,5.0,0.680884650070612,0.9150141643059491,0.8433420365535248,2.0,0.8675691150713076
0.9076201261931727,0.8308649289099526,7.1340834444435925,1.3170716982103232,0.8162939297124601,0.689608636977058,6.52718872423572,2.3625635995437992
0.0,0.0,inf,inf,1.0,1.0,0.0,0.0
1.0,1.0,0.0,0.0,1.0,1.0,0.0,0.0
1.0,1.0,0.0,0.0,0.0,0.0,inf,inf
1.0,1.0,0.0,0.0,1.0,1.0,0.0,0.0
1.0,1.0,0.0,0.0,1.0,1.0,0.0,0.0
0.9697946033024567,0.9413604378420641,3.0,0.475043279966004,1.0,1.0,0.0,0.0
0.9369189907038512,0.8813241723922548,2.8284271247461903,0.7531377352300301,0.9579382445903234,0.919272048530098,2.23606797749979,0.7538306432102396
1.0,1.0,0.0,0.0,0.0,0.0,inf,inf
0.9744582043343654,0.950188679245283,1.0,0.3958158111598078,1.0,1.0,0.0,0.0
0.9707806367204536,0.9432203389830508,1.0,0.5154215990010557,1.0,1.0,0.0,0.0
0.9821428571428571,0.9649122807017544,4.147077275370987,0.5966583895723977,1.0,1.0,0.0,0.0
1.0,1.0,0.0,0.0,1.0,1.0,0.0,0.0
0.9315296566077003,0.8718348266458902,5.0,1.0014904548118528,1.0,1.0,0.0,0.0
1.0,1.0,0.0,0.0,1.0,1.0,0.0,0.0
1.0,1.0,0.0,0.0,1.0,1.0,0.0,0.0
1.0,1.0,0.0,0.0,1.0,1.0,0.0,0.0
1.0,1.0,0.0,0.0,1.0,1.0,0.0,0.0
1.0,1.0,0.0,0.0,1.0,1.0,0.0,0.0
0.7886178861788617,0.6510067114093959,7.0710678118654755,0.8784550745285397,1.0,1.0,0.0,0.0
0.6865671641791045,0.5227272727272727,5.425918223488185,2.050663444434651,1.0,1.0,0.0,0.0
0.0,0.0,inf,inf,1.0,1.0,0.0,0.0
0.0,0.0,inf,inf,1.0,1.0,0.0,0.0
1.0,1.0,0.0,0.0,1.0,1.0,0.0,0.0
1.0,1.0,0.0,0.0,1.0,1.0,0.0,0.0
1.0,1.0,0.0,0.0,0.0,0.0,inf,inf
0.9365225390984361,0.8806228373702422,2.0,0.5549598594968419,0.9650092081031307,0.9323843416370107,1.4142135623730951,0.6571408102800879
1.0,1.0,0.0,0.0,1.0,1.0,0.0,0.0
1.0,1.0,0.0,0.0,1.0,1.0,0.0,0.0
0.9653994019649722,0.9331131296449215,1.0,0.4338235294117647,1.0,1.0,0.0,0.0
0.9754792688363798,0.9521322889469104,1.0,0.4396551724137931,1.0,1.0,0.0,0.0
1.0,1.0,0.0,0.0,1.0,1.0,0.0,0.0
1.0,1.0,0.0,0.0,1.0,1.0,0.0,0.0
0.9620905410379095,0.926950354609929,2.0472135954999553,0.722336134437819,1.0,1.0,0.0,0.0
0.8813186813186813,0.787819253438114,5.0,1.220235769365281,1.0,1.0,0.0,0.0
0.0,0.0,inf,inf,0.0,0.0,inf,inf
0.9182389937106918,0.8488372093023255,1.5313708498984737,0.42857142857142855,1.0,1.0,0.0,0.0
1.0,1.0,0.0,0.0,1.0,1.0,0.0,0.0
0.9107806691449815,0.8361774744027304,2.23606797749979,0.8102489489763598,1.0,1.0,0.0,0.0
0.941717791411043,0.8898550724637682,2.0,0.6162637691793988,1.0,1.0,0.0,0.0
0.0,0.0,inf,inf,0.0,0.0,inf,inf
0.0,0.0,inf,inf,0.0,0.0,inf,inf
1.0,1.0,0.0,0.0,1.0,1.0,0.0,0.0
0.9784783267656866,0.9578635014836795,1.0,0.43239320285820493,1.0,1.0,0.0,0.0
1.0,1.0,0.0,0.0,1.0,1.0,0.0,0.0
0.9728516939645502,0.947138488422892,2.0,0.5079365079365079,1.0,1.0,0.0,0.0
1.0,1.0,0.0,0.0,1.0,1.0,0.0,0.0
0.0,0.0,inf,inf,1.0,1.0,0.0,0.0
1.0,1.0,0.0,0.0,1.0,1.0,0.0,0.0
0.9438810006761326,0.8937259923175416,9.848857801796104,0.4437742195970092,1.0,1.0,0.0,0.0
1.0,1.0,0.0,0.0,1.0,1.0,0.0,0.0
1.0,1.0,0.0,0.0,1.0,1.0,0.0,0.0
1.0,1.0,0.0,0.0,0.0,0.0,inf,inf
0.0,0.0,inf,inf,1.0,1.0,0.0,0.0
0.9850911098840419,0.970620239390642,1.0,0.2358490566037736,1.0,1.0,0.0,0.0
1.0,1.0,0.0,0.0,0.0,0.0,inf,inf
1.0,1.0,0.0,0.0,1.0,1.0,0.0,0.0
1.0,1.0,0.0,0.0,0.3404255319148936,0.20512820512820512,7.014213562373095,3.6531458683341818
1.0,1.0,0.0,0.0,1.0,1.0,0.0,0.0
1.0,1.0,0.0,0.0,1.0,1.0,0.0,0.0
1.0,1.0,0.0,0.0,1.0,1.0,0.0,0.0
0.9471407976934166,0.8995892286627111,2.23606797749979,0.5422730940626345,1.0,1.0,0.0,0.0
0.9418604651162791,0.8901098901098901,1.0,0.4418604651162791,1.0,1.0,0.0,0.0
0.0,0.0,inf,inf,1.0,1.0,0.0,0.0
0.9716494845360825,0.9448621553884712,1.0,0.5253409874988965,1.0,1.0,0.0,0.0
0.0,0.0,inf,inf,0.0,0.0,inf,inf
0.9540727902946274,0.9121789560894781,2.0,0.7588358009062873,1.0,1.0,0.0,0.0
1.0,1.0,0.0,0.0,1.0,1.0,0.0,0.0
0.0,0.0,inf,inf,1.0,1.0,0.0,0.0
1.0,1.0,0.0,0.0,1.0,1.0,0.0,0.0
0.0,0.0,inf,inf,1.0,1.0,0.0,0.0
1.0,1.0,0.0,0.0,1.0,1.0,0.0,0.0
1.0,1.0,0.0,0.0,1.0,1.0,0.0,0.0
1.0,1.0,0.0,0.0,1.0,1.0,0.0,0.0
1.0,1.0,0.0,0.0,1.0,1.0,0.0,0.0
0.0,0.0,inf,inf,1.0,1.0,0.0,0.0
0.822429906542056,0.6984126984126984,2.0,0.8260869565217391,1.0,1.0,0.0,0.0
1.0,1.0,0.0,0.0,1.0,1.0,0.0,0.0
0.9446107784431138,0.8950354609929078,2.0,0.4682704115122292,0.9333333333333333,0.875,2.0,0.7745644351625351
0.0,0.0,inf,inf,1.0,1.0,0.0,0.0
0.8037383177570093,0.671875,2.0,0.6701831983640476,1.0,1.0,0.0,0.0
0.9739130434782609,0.9491525423728814,1.0,0.3669724770642202,1.0,1.0,0.0,0.0
0.0,0.0,inf,inf,1.0,1.0,0.0,0.0
0.762962962962963,0.6167664670658682,3.605551275463989,0.6941348439444398,1.0,1.0,0.0,0.0
0.4807692307692308,0.31645569620253167,11.889718263151616,4.394773643338713,1.0,1.0,0.0,0.0
0.0,0.0,inf,inf,0.0,0.0,inf,inf
1.0,1.0,0.0,0.0,1.0,1.0,0.0,0.0
1.0,1.0,0.0,0.0,1.0,1.0,0.0,0.0
0.9694023448670289,0.9406215316315205,3.605551275463989,0.4090909090909091,1.0,1.0,0.0,0.0
0.0,0.0,inf,inf,1.0,1.0,0.0,0.0
1.0,1.0,0.0,0.0,0.8930232558139535,0.8067226890756303,1.0,0.42857142857142855
0.0,0.0,inf,inf,0.9239766081871345,0.8586956521739131,4.242640687119285,1.3117819486612203
1.0,1.0,0.0,0.0,1.0,1.0,0.0,0.0
1.0,1.0,0.0,0.0,1.0,1.0,0.0,0.0
1.0,1.0,0.0,0.0,1.0,1.0,0.0,0.0
0.0,0.0,inf,inf,1.0,1.0,0.0,0.0
1.0,1.0,0.0,0.0,0.0,0.0,inf,inf
0.9677152317880795,0.9374498797113071,1.4142135623730951,0.5318228744908381,1.0,1.0,0.0,0.0
1.0,1.0,0.0,0.0,0.0,0.0,inf,inf
0.0,0.0,inf,inf,1.0,1.0,0.0,0.0
0.9431064572425829,0.892338177014531,2.23606797749979,0.5738432679271822,1.0,1.0,0.0,0.0
1.0,1.0,0.0,0.0,1.0,1.0,0.0,0.0
0.9721115537848606,0.9457364341085271,1.0,0.36,1.0,1.0,0.0,0.0
1.0,1.0,0.0,0.0,0.0,0.0,inf,inf
0.0,0.0,inf,inf,1.0,1.0,0.0,0.0
1.0,1.0,0.0,0.0,0.0,0.0,inf,inf
0.9038461538461539,0.8245614035087719,2.3249218495867363,0.5213617167407908,0.9698316926008257,0.9414303329223181,2.0,0.5783592224227381
0.0,0.0,inf,inf,0.0,0.0,inf,inf
1.0,1.0,0.0,0.0,1.0,1.0,0.0,0.0
1.0,1.0,0.0,0.0,0.0,0.0,inf,inf
0.9332355099046221,0.874828060522696,2.23606797749979,0.9616081067482706,1.0,1.0,0.0,0.0
1.0,1.0,0.0,0.0,1.0,1.0,0.0,0.0
0.9191489361702128,0.8503937007874016,1.0,0.5142857142857142,1.0,1.0,0.0,0.0
1.0,1.0,0.0,0.0,0.0,0.0,inf,inf
0.9751131221719457,0.9514348785871964,1.0,0.5161290322580645,1.0,1.0,0.0,0.0
0.0,0.0,inf,inf,1.0,1.0,0.0,0.0
0.9464285714285714,0.8983050847457628,1.2485281374238548,0.35,1.0,1.0,0.0,0.0
0.9042424242424243,0.8252212389380531,2.0,0.861648439134718,0.9791970319332185,0.9592419522326064,1.4142135623730951,0.6518096714445931
1.0,1.0,0.0,0.0,1.0,1.0,0.0,0.0
0.9495743287491814,0.9039900249376559,2.8284271247461903,0.7626964914362037,0.9308571428571428,0.8706574024585783,3.0,1.128526435347866
1.0,1.0,0.0,0.0,0.0,0.0,inf,inf
1.0,1.0,0.0,0.0,1.0,1.0,0.0,0.0
1.0,1.0,0.0,0.0,1.0,1.0,0.0,0.0
1.0,1.0,0.0,0.0,1.0,1.0,0.0,0.0
0.0,0.0,inf,inf,1.0,1.0,0.0,0.0
1.0,1.0,0.0,0.0,0.0,0.0,inf,inf
0.9504550050556118,0.905587668593449,1.0,0.4148048245103071,0.9644700880655936,0.9313782991202346,1.8828427124746256,0.6908700095433234
1.0,1.0,0.0,0.0,1.0,1.0,0.0,0.0
1.0,1.0,0.0,0.0,1.0,1.0,0.0,0.0
0.9398907103825137,0.8865979381443299,1.0,0.3225806451612903,1.0,1.0,0.0,0.0
0.0,0.0,inf,inf,1.0,1.0,0.0,0.0
1.0,1.0,0.0,0.0,0.0,0.0,inf,inf
1.0,1.0,0.0,0.0,1.0,1.0,0.0,0.0
1.0,1.0,0.0,0.0,1.0,1.0,0.0,0.0
1.0,1.0,0.0,0.0,1.0,1.0,0.0,0.0
0.0,0.0,inf,inf,1.0,1.0,0.0,0.0
1.0,1.0,0.0,0.0,0.8432835820895522,0.7290322580645161,2.0,0.8811916151115412
0.0,0.0,inf,inf,0.0,0.0,inf,inf
0.9708087414260648,0.9432734035957843,2.0,0.564387446932513,1.0,1.0,0.0,0.0
1.0,1.0,0.0,0.0,1.0,1.0,0.0,0.0
0.9212996389891697,0.8540829986613119,2.0,0.5122758405309199,1.0,1.0,0.0,0.0
1.0,1.0,0.0,0.0,1.0,1.0,0.0,0.0
0.9213085764809903,0.8540983606557377,2.8284271247461903,0.49656413173622366,1.0,1.0,0.0,0.0
0.9432013769363167,0.8925081433224755,2.0,0.3360750360126473,1.0,1.0,0.0,0.0
1.0,1.0,0.0,0.0,0.0,0.0,inf,inf
1.0,1.0,0.0,0.0,1.0,1.0,0.0,0.0
0.9349072512647555,0.8777707409753008,1.4142135623730951,0.4477505360166912,0.93,0.8691588785046729,1.0,0.4791666666666667
0.0,0.0,inf,inf,1.0,1.0,0.0,0.0
0.9552238805970149,0.9142857142857143,1.0414213562373071,0.4596833956535533,0.7528089887640449,0.6036036036036037,2.0,1.268693026885631
1.0,1.0,0.0,0.0,1.0,1.0,0.0,0.0
1.0,1.0,0.0,0.0,1.0,1.0,0.0,0.0
0.0,0.0,inf,inf,1.0,1.0,0.0,0.0
1.0,1.0,0.0,0.0,1.0,1.0,0.0,0.0
1.0,1.0,0.0,0.0,1.0,1.0,0.0,0.0
1.0,1.0,0.0,0.0,1.0,1.0,0.0,0.0
1.0,1.0,0.0,0.0,1.0,1.0,0.0,0.0
1.0,1.0,0.0,0.0,0.0,0.0,inf,inf
1.0,1.0,0.0,0.0,0.0,0.0,inf,inf
0.0,0.0,inf,inf,1.0,1.0,0.0,0.0
0.928133704735376,0.8659043659043659,11.0,0.7045510759179693,0.9726118904475618,0.9466840052015605,3.7999999999999545,0.6927921462612538
1.0,1.0,0.0,0.0,1.0,1.0,0.0,0.0
0.9845498135322323,0.9695697796432319,1.0,0.2761904761904762,1.0,1.0,0.0,0.0
1.0,1.0,0.0,0.0,1.0,1.0,0.0,0.0
1.0,1.0,0.0,0.0,1.0,1.0,0.0,0.0
1.0,1.0,0.0,0.0,1.0,1.0,0.0,0.0
0.0,0.0,inf,inf,0.0,0.0,inf,inf
0.918525703200776,0.8493273542600897,3.8816653826391923,0.8326283591353877,1.0,1.0,0.0,0.0
1.0,1.0,0.0,0.0,1.0,1.0,0.0,0.0
0.9749866950505588,0.9511941848390446,1.0,0.3925233644859813,1.0,1.0,0.0,0.0
0.9458375125376128,0.8972407231208372,2.888477631085023,0.7597166567465881,1.0,1.0,0.0,0.0
1.0,1.0,0.0,0.0,1.0,1.0,0.0,0.0
1.0,1.0,0.0,0.0,1.0,1.0,0.0,0.0
1.0,1.0,0.0,0.0,1.0,1.0,0.0,0.0
0.9652892561983472,0.9329073482428115,2.23606797749979,0.5066183022418413,1.0,1.0,0.0,0.0
0.9390187987161852,0.88504753673293,4.47213595499958,1.1492871349580045,1.0,1.0,0.0,0.0
1.0,1.0,0.0,0.0,1.0,1.0,0.0,0.0
0.9410058027079303,0.8885844748858448,2.23606797749979,0.8225858561302023,1.0,1.0,0.0,0.0
1.0,1.0,0.0,0.0,0.0,0.0,inf,inf
0.9833212472806382,0.9671897289586305,1.0,0.24175824175824176,1.0,1.0,0.0,0.0
0.9485294117647058,0.9020979020979021,1.0,0.4335965474513536,1.0,1.0,0.0,0.0
0.9490254872563718,0.9029957203994294,1.0621320343559548,0.5974070603828988,1.0,1.0,0.0,0.0
0.8478964401294499,0.7359550561797753,1.4142135623730951,0.5660377358490566,0.9511710996427154,0.906888720666162,2.0,0.7948479446775855
0.9498327759197325,0.9044585987261147,1.0,0.325,1.0,1.0,0.0,0.0
1.0,1.0,0.0,0.0,0.0,0.0,inf,inf
0.9382716049382716,0.8837209302325582,2.0,0.556844657861411,0.9395085066162571,0.8859180035650623,2.0,0.7348405892058207
1.0,1.0,0.0,0.0,1.0,1.0,0.0,0.0
0.0,0.0,inf,inf,1.0,1.0,0.0,0.0
1.0,1.0,0.0,0.0,1.0,1.0,0.0,0.0
0.9704443971932809,0.9425857083849649,2.0,0.5503259571694066,1.0,1.0,0.0,0.0
0.9320388349514563,0.8727272727272727,1.0,0.425712973861329,1.0,1.0,0.0,0.0
1.0,1.0,0.0,0.0,1.0,1.0,0.0,0.0
1.0,1.0,0.0,0.0,1.0,1.0,0.0,0.0
1.0,1.0,0.0,0.0,1.0,1.0,0.0,0.0
0.9438865918487891,0.8937360178970917,2.23606797749979,0.5750308749977134,1.0,1.0,0.0,0.0
0.9348659003831418,0.8776978417266187,1.0,0.40540540540540543,1.0,1.0,0.0,0.0
1.0,1.0,0.0,0.0,0.9430569430569431,0.8922495274102079,1.4142135623730951,0.5426776695296637
1.0,1.0,0.0,0.0,1.0,1.0,0.0,0.0
0.9290322580645162,0.8674698795180723,2.931370849898475,1.0492917624226832,1.0,1.0,0.0,0.0
0.9564571994062345,0.9165481270744429,1.4142135623730951,0.4734658633068537,1.0,1.0,0.0,0.0
1.0,1.0,0.0,0.0,1.0,1.0,0.0,0.0
0.9736456808199122,0.948644793152639,1.0,0.4090909090909091,1.0,1.0,0.0,0.0
1.0,1.0,0.0,0.0,1.0,1.0,0.0,0.0
0.0,0.0,inf,inf,1.0,1.0,0.0,0.0
1.0,1.0,0.0,0.0,1.0,1.0,0.0,0.0
1.0,1.0,0.0,0.0,0.0,0.0,inf,inf
0.0,0.0,inf,inf,1.0,1.0,0.0,0.0
1.0,1.0,0.0,0.0,1.0,1.0,0.0,0.0
1.0,1.0,0.0,0.0,1.0,1.0,0.0,0.0
1.0,1.0,0.0,0.0,1.0,1.0,0.0,0.0
0.9661758853959411,0.9345650500384911,1.1656854249492286,0.522518338104995,1.0,1.0,0.0,0.0
0.9844082211197732,0.9692951849267272,1.0,0.29927007299270075,1.0,1.0,0.0,0.0
0.0,0.0,inf,inf,1.0,1.0,0.0,0.0
0.0,0.0,inf,inf,1.0,1.0,0.0,0.0
1.0,1.0,0.0,0.0,1.0,1.0,0.0,0.0
0.9791183294663574,0.9590909090909091,11.180339887498949,0.2814170677420929,0.0,0.0,inf,inf
1.0,1.0,0.0,0.0,0.0,0.0,inf,inf
0.0,0.0,inf,inf,0.0,0.0,inf,inf
1.0,1.0,0.0,0.0,1.0,1.0,0.0,0.0
1.0,1.0,0.0,0.0,1.0,1.0,0.0,0.0
1.0,1.0,0.0,0.0,1.0,1.0,0.0,0.0
0.9606557377049181,0.9242902208201893,1.0,0.4470588235294118,1.0,1.0,0.0,0.0
1.0,1.0,0.0,0.0,1.0,1.0,0.0,0.0
0.9012345679012346,0.8202247191011236,2.4137757216736997,0.7903054807804221,1.0,1.0,0.0,0.0
1.0,1.0,0.0,0.0,1.0,1.0,0.0,0.0
0.9427354472314246,0.891674127126231,2.0,0.941348320166533,0.7417840375586855,0.5895522388059702,2.931370849898475,1.4939467507705106
0.9388833828873472,0.8848069738480697,4.242640687119285,0.6154892698313797,0.897119341563786,0.8134328358208955,2.0,0.7166220647704199
0.933115823817292,0.8746177370030581,2.23606797749979,0.5230774189432259,0.9398704902867715,0.8865619546247818,2.4137757216736997,0.7294227104454898
1.0,1.0,0.0,0.0,1.0,1.0,0.0,0.0
1.0,1.0,0.0,0.0,1.0,1.0,0.0,0.0
0.5945945945945946,0.4230769230769231,5.385164807134504,2.050323740189573,0.7847730600292826,0.6457831325301204,4.3848783726541,1.6879538548856716
1.0,1.0,0.0,0.0,1.0,1.0,0.0,0.0
1.0,1.0,0.0,0.0,0.0,0.0,inf,inf
0.48148148148148145,0.3170731707317073,5.0,2.1086576369603147,1.0,1.0,0.0,0.0
1.0,1.0,0.0,0.0,1.0,1.0,0.0,0.0
0.9339305711086227,0.8760504201680672,3.5833875946992038,0.8680211816550814,1.0,1.0,0.0,0.0
0.9466537342386033,0.8987108655616943,2.16524758424985,0.6847435062254175,1.0,1.0,0.0,0.0
1.0,1.0,0.0,0.0,1.0,1.0,0.0,0.0
1.0,1.0,0.0,0.0,1.0,1.0,0.0,0.0
1.0,1.0,0.0,0.0,1.0,1.0,0.0,0.0
1.0,1.0,0.0,0.0,1.0,1.0,0.0,0.0
1.0,1.0,0.0,0.0,1.0,1.0,0.0,0.0
1.0,1.0,0.0,0.0,1.0,1.0,0.0,0.0
0.9402985074626866,0.8873239436619719,2.8284271247461903,0.8097560975609757,0.7662337662337663,0.6210526315789474,5.0,1.6020998704420517
0.9510229386236826,0.9066193853427896,2.23606797749979,0.5208333333333334,1.0,1.0,0.0,0.0
0.9059223157583813,0.828023758099352,9.375635565834257,1.294927749414129,0.8073394495412844,0.676923076923077,5.0,1.652018996238453
1.0,1.0,0.0,0.0,1.0,1.0,0.0,0.0
0.9478672985781991,0.9009009009009009,2.0,0.5638146790040138,1.0,1.0,0.0,0.0
1.0,1.0,0.0,0.0,1.0,1.0,0.0,0.0
0.966275659824047,0.9347517730496454,1.0,0.3953488372093023,1.0,1.0,0.0,0.0
0.9389140271493213,0.8848614072494669,1.0,0.5026229775277754,0.9731945758435825,0.9477886977886978,1.4142135623730951,0.47312485489155515
1.0,1.0,0.0,0.0,1.0,1.0,0.0,0.0
0.9882659713168188,0.9768041237113402,1.0,0.11764705882352941,1.0,1.0,0.0,0.0
0.0,0.0,inf,inf,0.0,0.0,inf,inf
1.0,1.0,0.0,0.0,1.0,1.0,0.0,0.0
1.0,1.0,0.0,0.0,1.0,1.0,0.0,0.0
1.0,1.0,0.0,0.0,1.0,1.0,0.0,0.0
1.0,1.0,0.0,0.0,1.0,1.0,0.0,0.0
0.0,0.0,inf,inf,1.0,1.0,0.0,0.0
0.9737354085603113,0.9488151658767773,2.1770509831248424,0.5780263286541233,1.0,1.0,0.0,0.0
1.0,1.0,0.0,0.0,1.0,1.0,0.0,0.0
1.0,1.0,0.0,0.0,0.0,0.0,inf,inf
1.0,1.0,0.0,0.0,1.0,1.0,0.0,0.0
1.0,1.0,0.0,0.0,1.0,1.0,0.0,0.0
0.9163498098859315,0.8456140350877193,2.23606797749979,0.8037948331979536,1.0,1.0,0.0,0.0
1.0,1.0,0.0,0.0,1.0,1.0,0.0,0.0
1.0,1.0,0.0,0.0,0.0,0.0,inf,inf
0.4835164835164835,0.3188405797101449,9.667845391150621,3.7214274958152638,0.8839285714285714,0.792,2.23606797749979,0.7390028323958245
0.889937106918239,0.8016997167138811,9.810351844697887,0.6229508196721312,1.0,1.0,0.0,0.0
0.9507119386637459,0.906054279749478,2.914213562373095,1.768648383052813,0.8157894736842105,0.6888888888888889,3.0,0.967741935483871
0.0,0.0,inf,inf,1.0,1.0,0.0,0.0
1.0,1.0,0.0,0.0,1.0,1.0,0.0,0.0
0.9828153564899451,0.9662113587347232,1.0,0.30359589903757406,1.0,1.0,0.0,0.0
1.0,1.0,0.0,0.0,1.0,1.0,0.0,0.0
1.0,1.0,0.0,0.0,1.0,1.0,0.0,0.0
0.9471397538015931,0.8995873452544704,3.0,0.7178259488233436,1.0,1.0,0.0,0.0
0.9428320140721196,0.891846921797005,2.0,0.9301574967927024,0.8504672897196262,0.7398373983739838,2.0,0.8894894319740967
0.9137709137709138,0.8412322274881516,7.221453651680858,1.1307504593993911,1.0,1.0,0.0,0.0
1.0,1.0,0.0,0.0,1.0,1.0,0.0,0.0
0.0,0.0,inf,inf,1.0,1.0,0.0,0.0
0.8980115458627326,0.8149010477299186,3.048683298050516,0.9864908094733178,0.9486301369863014,0.9022801302931596,2.23606797749979,0.6018308851484879
0.0,0.0,inf,inf,1.0,1.0,0.0,0.0
0.0,0.0,inf,inf,1.0,1.0,0.0,0.0
0.0,0.0,inf,inf,1.0,1.0,0.0,0.0
1.0,1.0,0.0,0.0,0.0,0.0,inf,inf
1.0,1.0,0.0,0.0,1.0,1.0,0.0,0.0
0.8671328671328671,0.7654320987654321,1.4142135623730951,0.43478260869565216,1.0,1.0,0.0,0.0
0.96,0.9230769230769231,1.0,0.42241963281073747,1.0,1.0,0.0,0.0
1.0,1.0,0.0,0.0,1.0,1.0,0.0,0.0
1.0,1.0,0.0,0.0,1.0,1.0,0.0,0.0
1.0,1.0,0.0,0.0,1.0,1.0,0.0,0.0
1.0,1.0,0.0,0.0,1.0,1.0,0.0,0.0
1.0,1.0,0.0,0.0,1.0,1.0,0.0,0.0
0.0,0.0,inf,inf,0.0,0.0,inf,inf
1.0,1.0,0.0,0.0,1.0,1.0,0.0,0.0
1.0,1.0,0.0,0.0,1.0,1.0,0.0,0.0
1.0,1.0,0.0,0.0,1.0,1.0,0.0,0.0
0.916015625,0.8450450450450451,2.0,0.9414213562373096,1.0,1.0,0.0,0.0
1.0,1.0,0.0,0.0,0.0,0.0,inf,inf
1.0,1.0,0.0,0.0,1.0,1.0,0.0,0.0
1.0,1.0,0.0,0.0,0.0,0.0,inf,inf
1.0,1.0,0.0,0.0,1.0,1.0,0.0,0.0
0.958792803250145,0.9208472686733556,2.23606797749979,0.7133204399190733,1.0,1.0,0.0,0.0
0.4716981132075472,0.30864197530864196,3.605551275463989,0.7058823529411765,0.9141914191419142,0.8419452887537994,2.0,0.6853420193376488
1.0,1.0,0.0,0.0,1.0,1.0,0.0,0.0
1.0,1.0,0.0,0.0,1.0,1.0,0.0,0.0
1.0,1.0,0.0,0.0,1.0,1.0,0.0,0.0
0.961380443714051,0.9256329113924051,3.605551275463989,0.6446157115532605,1.0,1.0,0.0,0.0
0.0,0.0,inf,inf,0.0,0.0,inf,inf
0.9723991507430998,0.9462809917355371,2.0,0.5211142786572984,1.0,1.0,0.0,0.0
0.9474421864050455,0.9001331557922769,2.0,0.6048731007338011,0.8987730061349694,0.8161559888579387,2.0,0.8920362879077556
0.8971428571428571,0.8134715025906736,2.0,0.691124781573604,0.9115913555992141,0.8375451263537906,1.4142135623730951,0.7417338651911018
1.0,1.0,0.0,0.0,1.0,1.0,0.0,0.0
0.8948985863552551,0.8097886540600667,5.656854249492381,1.0425792882442322,1.0,1.0,0.0,0.0
1.0,1.0,0.0,0.0,1.0,1.0,0.0,0.0
0.0,0.0,inf,inf,1.0,1.0,0.0,0.0
1.0,1.0,0.0,0.0,1.0,1.0,0.0,0.0
0.9454722492697176,0.8965835641735919,2.0,0.8793949636425774,0.728110599078341,0.572463768115942,2.23606797749979,1.5235963607474947
1.0,1.0,0.0,0.0,0.0,0.0,inf,inf
1.0,1.0,0.0,0.0,1.0,1.0,0.0,0.0
1.0,1.0,0.0,0.0,1.0,1.0,0.0,0.0
1.0,1.0,0.0,0.0,0.0,0.0,inf,inf
1.0,1.0,0.0,0.0,1.0,1.0,0.0,0.0
0.9090909090909091,0.8333333333333334,1.1242640687119274,0.6728882227466483,1.0,1.0,0.0,0.0
0.9483747609942639,0.9018181818181819,6.082762530298219,0.5142832262887275,1.0,1.0,0.0,0.0
0.0,0.0,inf,inf,1.0,1.0,0.0,0.0
1.0,1.0,0.0,0.0,1.0,1.0,0.0,0.0
0.9606557377049181,0.9242902208201893,9.512491331479888,0.5839855932449443,1.0,1.0,0.0,0.0
1.0,1.0,0.0,0.0,0.0,0.0,inf,inf
1.0,1.0,0.0,0.0,1.0,1.0,0.0,0.0
1.0,1.0,0.0,0.0,0.0,0.0,inf,inf
1.0,1.0,0.0,0.0,0.0,0.0,inf,inf
0.9538162372386971,0.9117100371747212,2.8970562748477104,0.5625,0.21739130434782608,0.12195121951219512,3.9013878188659974,0.6
1.0,1.0,0.0,0.0,1.0,1.0,0.0,0.0
1.0,1.0,0.0,0.0,1.0,1.0,0.0,0.0
1.0,1.0,0.0,0.0,1.0,1.0,0.0,0.0
0.0,0.0,inf,inf,1.0,1.0,0.0,0.0
0.986784140969163,0.9739130434782609,1.0,0.26865671641791045,1.0,1.0,0.0,0.0
0.9459798994974874,0.8974970202622169,2.0,0.6628103968294002,1.0,1.0,0.0,0.0
0.8954954954954955,0.8107667210440457,4.47213595499958,0.8434390674404464,1.0,1.0,0.0,0.0
1.0,1.0,0.0,0.0,0.0,0.0,inf,inf
1.0,1.0,0.0,0.0,1.0,1.0,0.0,0.0
0.9671859463042758,0.9364569961489089,1.4142135623730951,0.45901639344262296,1.0,1.0,0.0,0.0
0.896551724137931,0.8125,1.0,0.5555555555555556,1.0,1.0,0.0,0.0
1.0,1.0,0.0,0.0,1.0,1.0,0.0,0.0
0.9448022079116836,0.8953792502179599,2.23606797749979,0.9523832360348131,1.0,1.0,0.0,0.0
0.939894319682959,0.8866043613707165,2.6507193805722635,0.7212759600115156,0.9540449976065103,0.9121281464530893,2.8284271247461903,0.883556336050959
0.9599575709360912,0.9229984701682815,2.23606797749979,0.7701149425287356,1.0,1.0,0.0,0.0
0.9498164014687882,0.9044289044289044,1.1656854249492403,0.4398654316830953,1.0,1.0,0.0,0.0
1.0,1.0,0.0,0.0,1.0,1.0,0.0,0.0
1.0,1.0,0.0,0.0,1.0,1.0,0.0,0.0
0.0,0.0,inf,inf,0.0,0.0,inf,inf
0.9632323232323232,0.9290724863600935,1.4142135623730951,0.6390535539283814,1.0,1.0,0.0,0.0
0.9485578352661315,0.9021493212669683,1.4142135623730951,0.4206605422039018,1.0,1.0,0.0,0.0
0.0,0.0,inf,inf,0.0,0.0,inf,inf
0.0,0.0,inf,inf,1.0,1.0,0.0,0.0
1.0,1.0,0.0,0.0,1.0,1.0,0.0,0.0
1.0,1.0,0.0,0.0,0.8471953578336557,0.7348993288590604,2.070820393249936,0.9654577414261012
0.0,0.0,inf,inf,0.0,0.0,inf,inf
1.0,1.0,0.0,0.0,1.0,1.0,0.0,0.0
0.8615916955017301,0.756838905775076,5.0,1.3994011882673298,1.0,1.0,0.0,0.0
0.8876404494382022,0.797979797979798,1.0,0.6451612903225806,1.0,1.0,0.0,0.0
0.0,0.0,inf,inf,1.0,1.0,0.0,0.0
0.9688122096881221,0.9395109395109396,1.0,0.4827631908953597,1.0,1.0,0.0,0.0
1.0,1.0,0.0,0.0,0.0,0.0,inf,inf
1.0,1.0,0.0,0.0,0.0,0.0,inf,inf
1.0,1.0,0.0,0.0,1.0,1.0,0.0,0.0
1.0,1.0,0.0,0.0,1.0,1.0,0.0,0.0
1.0,1.0,0.0,0.0,1.0,1.0,0.0,0.0
0.0,0.0,inf,inf,0.0,0.0,inf,inf
1.0,1.0,0.0,0.0,1.0,1.0,0.0,0.0
0.9237875288683602,0.8583690987124464,1.0,0.5090046426602847,1.0,1.0,0.0,0.0
1.0,1.0,0.0,0.0,1.0,1.0,0.0,0.0
0.0,0.0,inf,inf,1.0,1.0,0.0,0.0
1.0,1.0,0.0,0.0,1.0,1.0,0.0,0.0
1.0,1.0,0.0,0.0,1.0,1.0,0.0,0.0
0.8982558139534884,0.8153034300791556,38.86176439365674,13.885389186973152,1.0,1.0,0.0,0.0
1.0,1.0,0.0,0.0,1.0,1.0,0.0,0.0
0.0,0.0,inf,inf,0.0,0.0,inf,inf
0.9356110381077529,0.8790123456790123,3.0243416490252533,0.7326750149415368,1.0,1.0,0.0,0.0
0.0,0.0,inf,inf,0.0,0.0,inf,inf
0.980653769179453,0.9620418848167539,1.0,0.3116883116883117,1.0,1.0,0.0,0.0
1.0,1.0,0.0,0.0,1.0,1.0,0.0,0.0
1.0,1.0,0.0,0.0,1.0,1.0,0.0,0.0
0.0,0.0,inf,inf,1.0,1.0,0.0,0.0
0.7543624161073825,0.6056034482758621,5.656854249492381,1.5758741334464326,0.8301886792452831,0.7096774193548387,3.605551275463989,0.8970681950460372
1.0,1.0,0.0,0.0,1.0,1.0,0.0,0.0
0.9345955249569707,0.877221324717286,1.4142135623730951,0.5821808590903996,1.0,1.0,0.0,0.0
1.0,1.0,0.0,0.0,1.0,1.0,0.0,0.0
1.0,1.0,0.0,0.0,1.0,1.0,0.0,0.0
0.9532538955087076,0.9106830122591943,1.7949747468305866,0.612483531907191,1.0,1.0,0.0,0.0
0.9744371085153208,0.9501485638824695,1.2692388155425025,0.5245861239784494,1.0,1.0,0.0,0.0
0.9106078665077473,0.8358862144420132,1.5899494936611567,0.5465116279069767,0.9330085261875761,0.8744292237442922,2.0,0.6181225904831805
0.9142857142857143,0.8421052631578947,1.0,0.41919417382415924,1.0,1.0,0.0,0.0
1.0,1.0,0.0,0.0,1.0,1.0,0.0,0.0
1.0,1.0,0.0,0.0,1.0,1.0,0.0,0.0
1.0,1.0,0.0,0.0,0.0,0.0,inf,inf
0.9680851063829787,0.9381443298969072,1.0,0.3333333333333333,1.0,1.0,0.0,0.0
0.5333333333333333,0.36363636363636365,2.188854381999831,0.375,0.8344370860927153,0.7159090909090909,2.0,0.871936198656182
1.0,1.0,0.0,0.0,1.0,1.0,0.0,0.0
1.0,1.0,0.0,0.0,1.0,1.0,0.0,0.0
0.0,0.0,inf,inf,1.0,1.0,0.0,0.0
0.0,0.0,inf,inf,1.0,1.0,0.0,0.0
1.0,1.0,0.0,0.0,1.0,1.0,0.0,0.0
1.0,1.0,0.0,0.0,1.0,1.0,0.0,0.0
1.0,1.0,0.0,0.0,1.0,1.0,0.0,0.0
0.9524564183835182,0.9092284417549168,1.4142135623730951,0.4663158451811577,0.7195767195767195,0.5619834710743802,2.9828427124746186,1.6032320651367722
0.0,0.0,inf,inf,0.0,0.0,inf,inf
1.0,1.0,0.0,0.0,1.0,1.0,0.0,0.0
0.9519945909398242,0.9083870967741936,2.0,0.6400097655919551,1.0,1.0,0.0,0.0
1.0,1.0,0.0,0.0,1.0,1.0,0.0,0.0
1.0,1.0,0.0,0.0,1.0,1.0,0.0,0.0
0.0,0.0,inf,inf,1.0,1.0,0.0,0.0
0.9583501819652245,0.9200310559006211,8.305978781986134,0.35754761391753964,1.0,1.0,0.0,0.0
1.0,1.0,0.0,0.0,1.0,1.0,0.0,0.0
1.0,1.0,0.0,0.0,1.0,1.0,0.0,0.0
0.0,0.0,inf,inf,0.0,0.0,inf,inf
0.9768875192604006,0.9548192771084337,1.0,0.32142857142857145,1.0,1.0,0.0,0.0
0.0,0.0,inf,inf,1.0,1.0,0.0,0.0
1.0,1.0,0.0,0.0,1.0,1.0,0.0,0.0
1.0,1.0,0.0,0.0,1.0,1.0,0.0,0.0
1.0,1.0,0.0,0.0,1.0,1.0,0.0,0.0
1.0,1.0,0.0,0.0,1.0,1.0,0.0,0.0
0.9451348893604122,0.8959770114942529,2.23606797749979,0.6731045207161447,1.0,1.0,0.0,0.0
0.0,0.0,inf,inf,1.0,1.0,0.0,0.0
0.9633569739952719,0.9293044469783353,1.0,0.6045167417052989,1.0,1.0,0.0,0.0
1.0,1.0,0.0,0.0,1.0,1.0,0.0,0.0
1.0,1.0,0.0,0.0,1.0,1.0,0.0,0.0
1.0,1.0,0.0,0.0,1.0,1.0,0.0,0.0
0.9437148217636022,0.8934280639431617,1.1035533905932737,0.5900425612360919,1.0,1.0,0.0,0.0
0.9791492910758965,0.9591503267973857,1.0,0.19626168224299065,1.0,1.0,0.0,0.0
1.0,1.0,0.0,0.0,1.0,1.0,0.0,0.0
1.0,1.0,0.0,0.0,1.0,1.0,0.0,0.0
1.0,1.0,0.0,0.0,1.0,1.0,0.0,0.0
1.0,1.0,0.0,0.0,1.0,1.0,0.0,0.0
1.0,1.0,0.0,0.0,1.0,1.0,0.0,0.0
1.0,1.0,0.0,0.0,1.0,1.0,0.0,0.0
0.987205943045811,0.9747351263243684,1.0,0.30256410256410254,1.0,1.0,0.0,0.0
1.0,1.0,0.0,0.0,1.0,1.0,0.0,0.0
0.9379310344827586,0.8831168831168831,1.0,0.45,1.0,1.0,0.0,0.0
0.0,0.0,inf,inf,1.0,1.0,0.0,0.0
1.0,1.0,0.0,0.0,1.0,1.0,0.0,0.0
1.0,1.0,0.0,0.0,1.0,1.0,0.0,0.0
1.0,1.0,0.0,0.0,1.0,1.0,0.0,0.0
1.0,1.0,0.0,0.0,1.0,1.0,0.0,0.0
0.9549248747913188,0.9137380191693291,2.0,0.5841600165570912,1.0,1.0,0.0,0.0
1.0,1.0,0.0,0.0,1.0,1.0,0.0,0.0
1.0,1.0,0.0,0.0,0.0,0.0,inf,inf
1.0,1.0,0.0,0.0,1.0,1.0,0.0,0.0
1.0,1.0,0.0,0.0,1.0,1.0,0.0,0.0
1.0,1.0,0.0,0.0,1.0,1.0,0.0,0.0
0.9296407185628742,0.8685314685314686,2.23606797749979,0.9735082430825179,1.0,1.0,0.0,0.0
0.0,0.0,4.52492235949962,1.0,0.7580645161290323,0.6103896103896104,15.0,4.832923996708832
1.0,1.0,0.0,0.0,1.0,1.0,0.0,0.0
0.9323308270676691,0.8732394366197183,6.082762530298219,1.1793158462374846,1.0,1.0,0.0,0.0
0.9730941704035875,0.9475982532751092,1.0,0.4,1.0,1.0,0.0,0.0
0.0,0.0,inf,inf,1.0,1.0,0.0,0.0
0.0,0.0,inf,inf,1.0,1.0,0.0,0.0
0.9576824765691565,0.9188010899182562,9.947100230628633,0.6351316319018564,1.0,1.0,0.0,0.0
1.0,1.0,0.0,0.0,1.0,1.0,0.0,0.0
0.9842185128983308,0.9689273976695548,1.0,0.39938299245470854,1.0,1.0,0.0,0.0
1.0,1.0,0.0,0.0,1.0,1.0,0.0,0.0
1.0,1.0,0.0,0.0,0.0,0.0,inf,inf
0.0,0.0,inf,inf,0.0,0.0,inf,inf
0.9088639200998752,0.8329519450800915,21.45087451290378,0.38156662002139036,0.9576988155668359,0.9188311688311688,2.070820393249933,0.43103448275862066
1.0,1.0,0.0,0.0,1.0,1.0,0.0,0.0
1.0,1.0,0.0,0.0,1.0,1.0,0.0,0.0
0.9539007092198581,0.911864406779661,1.0,0.3453905413285983,0.9069585613760751,0.8297567954220315,2.8284271247461903,0.8072508699505616
1.0,1.0,0.0,0.0,1.0,1.0,0.0,0.0
0.9529830106677203,0.910188679245283,2.0,0.6132234985579373,1.0,1.0,0.0,0.0
0.8661219358893778,0.7638580931263859,8.049806198638839,1.9726555780127095,1.0,1.0,0.0,0.0
0.0,0.0,inf,inf,1.0,1.0,0.0,0.0
0.9222797927461139,0.8557692307692307,1.5313708498984695,0.5957446808510638,1.0,1.0,0.0,0.0
1.0,1.0,0.0,0.0,1.0,1.0,0.0,0.0
0.9782683684028975,0.9574611748818366,10.588816906321853,0.3547252991699948,1.0,1.0,0.0,0.0
1.0,1.0,0.0,0.0,1.0,1.0,0.0,0.0
1.0,1.0,0.0,0.0,1.0,1.0,0.0,0.0
0.9233333333333333,0.8575851393188855,2.23606797749979,0.5192821689225217,0.6521739130434783,0.4838709677419355,2.618033988749895,0.3333333333333333
1.0,1.0,0.0,0.0,1.0,1.0,0.0,0.0
0.9891435464414958,0.9785202863961814,1.0,0.20625,1.0,1.0,0.0,0.0
1.0,1.0,0.0,0.0,1.0,1.0,0.0,0.0
0.939203354297694,0.8853754940711462,1.7949747468305866,0.6138881002875897,0.9310344827586207,0.8709677419354839,2.23606797749979,0.6930743460879958
1.0,1.0,0.0,0.0,1.0,1.0,0.0,0.0
1.0,1.0,0.0,0.0,1.0,1.0,0.0,0.0
0.0,0.0,22.949999999999996,14.78968618086744,1.0,1.0,0.0,0.0
1.0,1.0,0.0,0.0,1.0,1.0,0.0,0.0
1.0,1.0,0.0,0.0,1.0,1.0,0.0,0.0
1.0,1.0,0.0,0.0,1.0,1.0,0.0,0.0
0.8879568603954464,0.7984913793103449,5.778722601239423,1.7078244105010145,1.0,1.0,0.0,0.0
0.5891472868217055,0.4175824175824176,3.0621224995417236,0.9774280766514496,0.9404812157028282,0.8876494023904382,2.23606797749979,0.8995088546352304
0.9291979949874687,0.8677589233469866,2.8284271247461903,0.916512687693621,1.0,1.0,0.0,0.0
1.0,1.0,0.0,0.0,1.0,1.0,0.0,0.0
0.0,0.0,inf,inf,1.0,1.0,0.0,0.0
1.0,1.0,0.0,0.0,1.0,1.0,0.0,0.0
0.0,0.0,inf,inf,1.0,1.0,0.0,0.0
1.0,1.0,0.0,0.0,0.8985507246376812,0.8157894736842105,2.98284271247462,0.8816491334161124
0.9733788395904437,0.9481382978723404,1.0,0.3258426966292135,1.0,1.0,0.0,0.0
1.0,1.0,0.0,0.0,1.0,1.0,0.0,0.0
0.9709302325581395,0.943502824858757,10.721265283731979,0.38686131386861317,1.0,1.0,0.0,0.0
0.9842812232066305,0.9690489589195272,11.704699910719626,0.35825497361628317,1.0,1.0,0.0,0.0
1.0,1.0,0.0,0.0,1.0,1.0,0.0,0.0
1.0,1.0,0.0,0.0,1.0,1.0,0.0,0.0
0.9854680635349781,0.9713524317121919,1.0,0.834540725156401,1.0,1.0,0.0,0.0
1.0,1.0,0.0,0.0,1.0,1.0,0.0,0.0
0.0,0.0,inf,inf,1.0,1.0,0.0,0.0
1.0,1.0,0.0,0.0,0.0,0.0,inf,inf
0.9847953216374269,0.9700460829493087,1.0,0.2839506172839506,1.0,1.0,0.0,0.0
0.9774543378995434,0.9559028746860173,10.222436805635926,0.5071422934560398,1.0,1.0,0.0,0.0
0.0,0.0,inf,inf,0.0,0.0,inf,inf
0.0,0.0,inf,inf,1.0,1.0,0.0,0.0
0.8918205804749341,0.8047619047619048,1.0,0.4426229508196721,0.9503058103975535,0.9053168244719592,2.0,0.7767453818749269
0.9781836631151699,0.9572989076464746,3.0899494936610714,0.32432432432432434,1.0,1.0,0.0,0.0
1.0,1.0,0.0,0.0,1.0,1.0,0.0,0.0
1.0,1.0,0.0,0.0,0.0,0.0,inf,inf
1.0,1.0,0.0,0.0,0.0,0.0,inf,inf
0.9377123442808607,0.8827292110874201,1.4142135623730951,0.6031972173488521,1.0,1.0,0.0,0.0
0.0,0.0,inf,inf,1.0,1.0,0.0,0.0
0.0,0.0,inf,inf,1.0,1.0,0.0,0.0
0.9426386233269598,0.891500904159132,2.0,0.6677596427347715,1.0,1.0,0.0,0.0
1.0,1.0,0.0,0.0,1.0,1.0,0.0,0.0
0.974757281553398,0.9507575757575758,1.0,0.3287671232876712,1.0,1.0,0.0,0.0
1.0,1.0,0.0,0.0,1.0,1.0,0.0,0.0
0.9715370018975332,0.9446494464944649,1.0,0.3425925925925926,1.0,1.0,0.0,0.0
0.0,0.0,inf,inf,1.0,1.0,0.0,0.0
0.0,0.0,inf,inf,0.9771689497716894,0.9553571428571429,2.0,0.6180506308023557
0.9705035971223022,0.9426974143955276,4.075064227345186,0.41179630403062056,1.0,1.0,0.0,0.0
0.9424626006904487,0.8911860718171926,2.23606797749979,1.1746614278589906,0.957405614714424,0.9182915506035283,2.709955295296917,0.8331205394788685
1.0,1.0,0.0,0.0,1.0,1.0,0.0,0.0
0.9465478841870824,0.8985200845665962,1.6485281374238605,0.44955819212806286,1.0,1.0,0.0,0.0
1.0,1.0,0.0,0.0,1.0,1.0,0.0,0.0
0.912751677852349,0.8395061728395061,2.0,0.7873617123381166,1.0,1.0,0.0,0.0
1.0,1.0,0.0,0.0,0.9611576542269612,0.9252199413489736,1.0,0.4117647058823529
1.0,1.0,0.0,0.0,1.0,1.0,0.0,0.0
1.0,1.0,0.0,0.0,1.0,1.0,0.0,0.0
0.9659498207885304,0.9341421143847487,1.0,0.4283873533637576,1.0,1.0,0.0,0.0
0.9427860696517413,0.8917647058823529,6.927050983124842,0.6443304961889061,1.0,1.0,0.0,0.0
0.9150326797385621,0.8433734939759037,3.0,0.8140615848271009,1.0,1.0,0.0,0.0
1.0,1.0,0.0,0.0,1.0,1.0,0.0,0.0
1.0,1.0,0.0,0.0,0.0,0.0,inf,inf
0.973303504847129,0.9479953515398024,7.028427124746188,0.45991028778873017,1.0,1.0,0.0,0.0
1.0,1.0,0.0,0.0,1.0,1.0,0.0,0.0
0.9268024215740231,0.8635897435897436,4.0,1.0570476834773375,1.0,1.0,0.0,0.0
1.0,1.0,0.0,0.0,1.0,1.0,0.0,0.0
1.0,1.0,0.0,0.0,1.0,1.0,0.0,0.0
0.0,0.0,inf,inf,1.0,1.0,0.0,0.0
0.9392265193370166,0.8854166666666666,2.0,0.6377389413517578,1.0,1.0,0.0,0.0
1.0,1.0,0.0,0.0,0.0,0.0,inf,inf
1.0,1.0,0.0,0.0,1.0,1.0,0.0,0.0
1.0,1.0,0.0,0.0,0.0,0.0,inf,inf
1.0,1.0,0.0,0.0,1.0,1.0,0.0,0.0
1.0,1.0,0.0,0.0,1.0,1.0,0.0,0.0
0.8793103448275862,0.7846153846153846,4.868033988749895,1.301543256139754,0.8496732026143791,0.7386363636363636,1.4142135623730951,0.42394745771685577
1.0,1.0,0.0,0.0,1.0,1.0,0.0,0.0
1.0,1.0,0.0,0.0,1.0,1.0,0.0,0.0
1.0,1.0,0.0,0.0,1.0,1.0,0.0,0.0
1.0,1.0,0.0,0.0,1.0,1.0,0.0,0.0
0.0,0.0,inf,inf,0.0,0.0,inf,inf
1.0,1.0,0.0,0.0,0.0,0.0,inf,inf
1.0,1.0,0.0,0.0,1.0,1.0,0.0,0.0
1.0,1.0,0.0,0.0,0.904716073147257,0.8260105448154658,3.561223913934418,1.084919992689029
1.0,1.0,0.0,0.0,1.0,1.0,0.0,0.0
1.0,1.0,0.0,0.0,1.0,1.0,0.0,0.0
1.0,1.0,0.0,0.0,1.0,1.0,0.0,0.0
0.9787234042553191,0.9583333333333334,1.0,0.3539242503427093,1.0,1.0,0.0,0.0
0.9490909090909091,0.903114186851211,1.0,0.5346534653465347,1.0,1.0,0.0,0.0
0.9657738095238095,0.9338129496402877,1.4142135623730951,0.6477323141169089,1.0,1.0,0.0,0.0
0.8480725623582767,0.7362204724409449,2.0,0.6840168668967295,0.8961937716262975,0.8119122257053292,2.070820393249936,0.8951605393659278
1.0,1.0,0.0,0.0,1.0,1.0,0.0,0.0
0.8775510204081632,0.7818181818181819,1.4142135623730951,0.5666666666666667,0.9505024190547079,0.9056737588652483,2.0,0.8279946055138137
1.0,1.0,0.0,0.0,1.0,1.0,0.0,0.0
1.0,1.0,0.0,0.0,1.0,1.0,0.0,0.0
1.0,1.0,0.0,0.0,1.0,1.0,0.0,0.0
1.0,1.0,0.0,0.0,1.0,1.0,0.0,0.0
1.0,1.0,0.0,0.0,1.0,1.0,0.0,0.0
1.0,1.0,0.0,0.0,1.0,1.0,0.0,0.0
0.9607128392061564,0.9243959469992206,4.0,0.610402362715437,1.0,1.0,0.0,0.0
0.9725193351982886,0.9465086483023702,6.28361872241708,0.5425502727998845,1.0,1.0,0.0,0.0
0.8734939759036144,0.7754010695187166,2.0,0.7816292172558617,1.0,1.0,0.0,0.0
1.0,1.0,0.0,0.0,1.0,1.0,0.0,0.0
0.0,0.0,inf,inf,0.0,0.0,inf,inf
1.0,1.0,0.0,0.0,1.0,1.0,0.0,0.0
1.0,1.0,0.0,0.0,1.0,1.0,0.0,0.0
1.0,1.0,0.0,0.0,1.0,1.0,0.0,0.0
1.0,1.0,0.0,0.0,1.0,1.0,0.0,0.0
1.0,1.0,0.0,0.0,1.0,1.0,0.0,0.0
0.0,0.0,inf,inf,1.0,1.0,0.0,0.0
0.9269707355655155,0.8638820638820639,3.0,1.2646715537509723,0.9476846057571965,0.9005708848715509,3.0,0.9374653921894532
0.922440537745605,0.8560460652591171,2.8284271247461903,0.7283950617283951,1.0,1.0,0.0,0.0
0.0,0.0,inf,inf,1.0,1.0,0.0,0.0
0.8067226890756303,0.676056338028169,1.6485281374238563,0.708238983168196,1.0,1.0,0.0,0.0
1.0,1.0,0.0,0.0,1.0,1.0,0.0,0.0
0.0,0.0,inf,inf,1.0,1.0,0.0,0.0
0.9807355516637478,0.9621993127147767,1.0,0.34633414891083647,1.0,1.0,0.0,0.0
0.925531914893617,0.8613861386138614,2.23606797749979,0.5468092918492794,0.9218106995884774,0.8549618320610687,2.0,0.7521895141649746
0.9397014925373134,0.8862612612612613,2.0,0.740262089196741,1.0,1.0,0.0,0.0
0.883289124668435,0.7909738717339667,3.0,1.284461981716665,1.0,1.0,0.0,0.0
0.936197094125079,0.8800475059382423,3.0,0.7280512731978351,1.0,1.0,0.0,0.0
0.0,0.0,inf,inf,1.0,1.0,0.0,0.0
1.0,1.0,0.0,0.0,1.0,1.0,0.0,0.0
0.8225806451612904,0.6986301369863014,2.23606797749979,0.7769392860915283,1.0,1.0,0.0,0.0
1.0,1.0,0.0,0.0,0.6885245901639344,0.525,3.0,1.3809660178366352
0.980497646267653,0.9617414248021108,1.0,0.3509933774834437,1.0,1.0,0.0,0.0
1.0,1.0,0.0,0.0,1.0,1.0,0.0,0.0
1.0,1.0,0.0,0.0,1.0,1.0,0.0,0.0
0.9121338912133892,0.8384615384615385,1.0,0.4444444444444444,1.0,1.0,0.0,0.0
0.6766355140186916,0.5112994350282486,5.0,1.2432388890567114,0.8853503184713376,0.7942857142857143,4.0,1.0479676677332554
1.0,1.0,0.0,0.0,0.0,0.0,inf,inf
1.0,1.0,0.0,0.0,0.0,0.0,inf,inf
0.9819957277998169,0.9646282973621103,2.23606797749979,0.37502447978215925,1.0,1.0,0.0,0.0
1.0,1.0,0.0,0.0,0.9577114427860697,0.918854415274463,2.0,0.5217391304347826
0.9461684610512983,0.8978365384615384,1.4142135623730951,0.6788726424704566,1.0,1.0,0.0,0.0
1.0,1.0,0.0,0.0,1.0,1.0,0.0,0.0
0.0,0.0,inf,inf,1.0,1.0,0.0,0.0
1.0,1.0,0.0,0.0,1.0,1.0,0.0,0.0
0.9444444444444444,0.8947368421052632,2.23606797749979,0.5155545063764513,1.0,1.0,0.0,0.0
0.0,0.0,inf,inf,1.0,1.0,0.0,0.0
0.9770065075921909,0.9550466497031382,1.3727922061357762,0.3467741935483871,0.0,0.0,inf,inf
0.9319552110249785,0.8725806451612903,2.6507193805722635,0.72662835567157,0.961401847028179,0.925672594619243,2.0,0.7893010219639188
1.0,1.0,0.0,0.0,1.0,1.0,0.0,0.0
1.0,1.0,0.0,0.0,1.0,1.0,0.0,0.0
0.9656613914601374,0.9336027713625866,2.0,0.5975609756097561,1.0,1.0,0.0,0.0
1.0,1.0,0.0,0.0,1.0,1.0,0.0,0.0
1.0,1.0,0.0,0.0,0.0,0.0,inf,inf
0.9307479224376731,0.8704663212435233,3.0,0.7744360902255639,0.9557883976488628,0.9153206069505629,3.0,0.8504252553799544
0.916615194564546,0.8460661345496009,5.126911250387771,0.736603224830512,1.0,1.0,0.0,0.0
1.0,1.0,0.0,0.0,0.0,0.0,inf,inf
1.0,1.0,0.0,0.0,1.0,1.0,0.0,0.0
1.0,1.0,0.0,0.0,1.0,1.0,0.0,0.0
0.9656432748538012,0.9335689045936396,11.442519899109287,0.38117711866468307,0.8241758241758241,0.7009345794392523,2.0,0.9580266952966369
0.9584269662921349,0.9201725997842503,2.0,0.3681596544101058,1.0,1.0,0.0,0.0
0.0,0.0,inf,inf,0.0,0.0,inf,inf
1.0,1.0,0.0,0.0,1.0,1.0,0.0,0.0
0.7853881278538812,0.6466165413533834,2.23606797749979,0.5593473554242625,0.946980854197349,0.8993006993006993,2.0,0.6237832071249111
1.0,1.0,0.0,0.0,1.0,1.0,0.0,0.0
0.0,0.0,inf,inf,0.0,0.0,inf,inf
1.0,1.0,0.0,0.0,1.0,1.0,0.0,0.0
0.0,0.0,inf,inf,1.0,1.0,0.0,0.0
0.0,0.0,inf,inf,1.0,1.0,0.0,0.0
1.0,1.0,0.0,0.0,1.0,1.0,0.0,0.0
0.0,0.0,inf,inf,1.0,1.0,0.0,0.0
1.0,1.0,0.0,0.0,1.0,1.0,0.0,0.0
1.0,1.0,0.0,0.0,1.0,1.0,0.0,0.0
0.9819494584837545,0.9645390070921985,1.0,0.34108527131782945,1.0,1.0,0.0,0.0
0.9745222929936306,0.9503105590062112,1.0,0.38461538461538464,1.0,1.0,0.0,0.0
1.0,1.0,0.0,0.0,1.0,1.0,0.0,0.0
0.9816138917262512,0.9638916750250752,1.0,0.3333333333333333,1.0,1.0,0.0,0.0
1.0,1.0,0.0,0.0,1.0,1.0,0.0,0.0
1.0,1.0,0.0,0.0,1.0,1.0,0.0,0.0
1.0,1.0,0.0,0.0,1.0,1.0,0.0,0.0
0.9496268656716418,0.9040852575488455,2.0,0.8296779369579249,1.0,1.0,0.0,0.0
0.0,0.0,inf,inf,1.0,1.0,0.0,0.0
1.0,1.0,0.0,0.0,1.0,1.0,0.0,0.0
1.0,1.0,0.0,0.0,1.0,1.0,0.0,0.0
1.0,1.0,0.0,0.0,1.0,1.0,0.0,0.0
0.0,0.0,inf,inf,0.0,0.0,inf,inf
1.0,1.0,0.0,0.0,0.9271948608137045,0.8642714570858283,2.0,0.7258821068440542
1.0,1.0,0.0,0.0,1.0,1.0,0.0,0.0
0.9623287671232876,0.9273927392739274,1.0,0.3333333333333333,1.0,1.0,0.0,0.0
1.0,1.0,0.0,0.0,1.0,1.0,0.0,0.0
0.920774647887324,0.8531810766721044,2.23606797749979,0.5221238938053098,0.9691928527418361,0.9402271368798566,2.0,0.6030822095305481
1.0,1.0,0.0,0.0,1.0,1.0,0.0,0.0
1.0,1.0,0.0,0.0,1.0,1.0,0.0,0.0
0.9721800708143652,0.9458661417322834,1.0,0.4173639100204577,1.0,1.0,0.0,0.0
1.0,1.0,0.0,0.0,1.0,1.0,0.0,0.0
0.9815551537070525,0.9637784090909091,1.0,0.3083707870214847,1.0,1.0,0.0,0.0
0.9506109979633401,0.905870936438622,2.23606797749979,0.5808486324121052,1.0,1.0,0.0,0.0
0.0,0.0,inf,inf,1.0,1.0,0.0,0.0
0.0,0.0,inf,inf,1.0,1.0,0.0,0.0
0.0,0.0,inf,inf,1.0,1.0,0.0,0.0
1.0,1.0,0.0,0.0,1.0,1.0,0.0,0.0
1.0,1.0,0.0,0.0,1.0,1.0,0.0,0.0
0.0,0.0,inf,inf,0.0,0.0,inf,inf
1.0,1.0,0.0,0.0,1.0,1.0,0.0,0.0
1.0,1.0,0.0,0.0,0.0,0.0,inf,inf
0.9622926093514329,0.9273255813953488,1.0,0.3684210526315789,1.0,1.0,0.0,0.0
1.0,1.0,0.0,0.0,1.0,1.0,0.0,0.0
0.9425837320574163,0.8914027149321267,5.0,0.6160222725448655,0.9104477611940298,0.8356164383561644,1.1242640687119274,0.32
1.0,1.0,0.0,0.0,1.0,1.0,0.0,0.0
1.0,1.0,0.0,0.0,1.0,1.0,0.0,0.0
1.0,1.0,0.0,0.0,1.0,1.0,0.0,0.0
0.9456066945606695,0.8968253968253969,3.129822128134701,2.746640872891193,0.7719298245614035,0.6285714285714286,3.9499999999999957,1.2258064516129032
0.0,0.0,inf,inf,0.0,0.0,inf,inf
0.9550930996714129,0.9140461215932913,1.0,0.4266666666666667,1.0,1.0,0.0,0.0
0.8940188877229801,0.8083491461100569,2.23606797749979,0.6065373358561837,0.9690219282979464,0.9399054692775152,2.0,0.5555555555555556
0.0,0.0,inf,inf,1.0,1.0,0.0,0.0
0.9749430523917996,0.9511111111111111,1.0,0.4557757701075921,1.0,1.0,0.0,0.0
0.9429358520267611,0.8920327624720774,7.995285051933338,0.8083216870038771,0.7684729064039408,0.624,2.0,1.2682459513747883
1.0,1.0,0.0,0.0,0.8888888888888888,0.8,1.4142135623730951,0.7147319956117765
0.9743390357698289,0.9499620924943138,1.0,0.4710823674384927,1.0,1.0,0.0,0.0
0.0,0.0,inf,inf,1.0,1.0,0.0,0.0
0.986046511627907,0.9724770642201835,1.0,0.24161073825503357,1.0,1.0,0.0,0.0
1.0,1.0,0.0,0.0,1.0,1.0,0.0,0.0
0.0,0.0,inf,inf,0.0,0.0,inf,inf
1.0,1.0,0.0,0.0,1.0,1.0,0.0,0.0
0.0,0.0,inf,inf,1.0,1.0,0.0,0.0
0.0,0.0,inf,inf,0.0,0.0,inf,inf
0.9709706144256456,0.9435790931118034,2.0,0.6696359887665428,1.0,1.0,0.0,0.0
1.0,1.0,0.0,0.0,1.0,1.0,0.0,0.0
1.0,1.0,0.0,0.0,1.0,1.0,0.0,0.0
1.0,1.0,0.0,0.0,1.0,1.0,0.0,0.0
1.0,1.0,0.0,0.0,1.0,1.0,0.0,0.0
1.0,1.0,0.0,0.0,1.0,1.0,0.0,0.0
0.0,0.0,inf,inf,0.0,0.0,inf,inf
0.9544159544159544,0.9128065395095368,1.4142135623730951,0.49389805794138636,1.0,1.0,0.0,0.0
1.0,1.0,0.0,0.0,1.0,1.0,0.0,0.0
1.0,1.0,0.0,0.0,1.0,1.0,0.0,0.0
1.0,1.0,0.0,0.0,1.0,1.0,0.0,0.0
0.912932138284251,0.839811542991755,2.0,0.7281985513465151,1.0,1.0,0.0,0.0
0.9493161705551086,0.9035222052067381,2.0,0.7054189936925849,1.0,1.0,0.0,0.0
0.0,0.0,inf,inf,1.0,1.0,0.0,0.0
0.0,0.0,inf,inf,0.0,0.0,inf,inf
1.0,1.0,0.0,0.0,1.0,1.0,0.0,0.0
0.0,0.0,inf,inf,0.0,0.0,inf,inf
0.9690909090909091,0.9400352733686067,1.0,0.5217391304347826,1.0,1.0,0.0,0.0
1.0,1.0,0.0,0.0,1.0,1.0,0.0,0.0
1.0,1.0,0.0,0.0,0.0,0.0,inf,inf
1.0,1.0,0.0,0.0,1.0,1.0,0.0,0.0
1.0,1.0,0.0,0.0,1.0,1.0,0.0,0.0
1.0,1.0,0.0,0.0,1.0,1.0,0.0,0.0
1.0,1.0,0.0,0.0,1.0,1.0,0.0,0.0
0.9592993302421432,0.9217821782178218,1.4142135623730951,0.5958527918129818,1.0,1.0,0.0,0.0
1.0,1.0,0.0,0.0,1.0,1.0,0.0,0.0
1.0,1.0,0.0,0.0,1.0,1.0,0.0,0.0
1.0,1.0,0.0,0.0,1.0,1.0,0.0,0.0
1.0,1.0,0.0,0.0,1.0,1.0,0.0,0.0
1.0,1.0,0.0,0.0,0.9401197604790419,0.8870056497175142,1.0,0.22448979591836735
0.9516539440203562,0.9077669902912622,1.0,0.41935483870967744,0.0,0.0,inf,inf
0.9689034369885434,0.9396825396825397,1.0,0.3473684210526316,1.0,1.0,0.0,0.0
0.9525658807212205,0.909427966101695,1.4142135623730951,0.4287592098484721,1.0,1.0,0.0,0.0
1.0,1.0,0.0,0.0,1.0,1.0,0.0,0.0
1.0,1.0,0.0,0.0,1.0,1.0,0.0,0.0
1.0,1.0,0.0,0.0,1.0,1.0,0.0,0.0
1.0,1.0,0.0,0.0,1.0,1.0,0.0,0.0
0.8391699092088197,0.7229050279329609,5.0,1.0489818426419808,0.0,0.0,2.0,1.5
1.0,1.0,0.0,0.0,1.0,1.0,0.0,0.0
0.0,0.0,inf,inf,1.0,1.0,0.0,0.0
1.0,1.0,0.0,0.0,1.0,1.0,0.0,0.0
0.9780658025922233,0.9570731707317073,1.2485281374238548,0.34579439252336447,1.0,1.0,0.0,0.0
0.9735603042375951,0.9484827099505999,2.0,0.5593908663182694,1.0,1.0,0.0,0.0
1.0,1.0,0.0,0.0,1.0,1.0,0.0,0.0
1.0,1.0,0.0,0.0,0.7391304347826086,0.5862068965517241,1.7949747468305826,0.855623509662897
1.0,1.0,0.0,0.0,1.0,1.0,0.0,0.0
0.9357142857142857,0.8791946308724832,2.591483465847627,0.8374391260213615,1.0,1.0,0.0,0.0
0.9852530888800319,0.9709347996857817,1.0,0.28,1.0,1.0,0.0,0.0
0.0,0.0,inf,inf,1.0,1.0,0.0,0.0
1.0,1.0,0.0,0.0,1.0,1.0,0.0,0.0
1.0,1.0,0.0,0.0,1.0,1.0,0.0,0.0
1.0,1.0,0.0,0.0,1.0,1.0,0.0,0.0
0.0,0.0,inf,inf,1.0,1.0,0.0,0.0
1.0,1.0,0.0,0.0,1.0,1.0,0.0,0.0
1.0,1.0,0.0,0.0,1.0,1.0,0.0,0.0
0.7301587301587301,0.575,2.0,0.8383883476483185,1.0,1.0,0.0,0.0
0.0,0.0,inf,inf,1.0,1.0,0.0,0.0
1.0,1.0,0.0,0.0,1.0,1.0,0.0,0.0
1.0,1.0,0.0,0.0,0.0,0.0,inf,inf
1.0,1.0,0.0,0.0,0.0,0.0,inf,inf
0.9233449477351916,0.8576051779935275,2.0,0.8718552113537315,1.0,1.0,0.0,0.0
1.0,1.0,0.0,0.0,1.0,1.0,0.0,0.0
1.0,1.0,0.0,0.0,1.0,1.0,0.0,0.0
0.93812375249501,0.8834586466165414,1.0,0.42028985507246375,0.896774193548387,0.8128654970760234,1.0,0.6765288943422165
0.9580193756727664,0.9194214876033058,1.0,0.4540283790047832,1.0,1.0,0.0,0.0
1.0,1.0,0.0,0.0,0.0,0.0,inf,inf
1.0,1.0,0.0,0.0,1.0,1.0,0.0,0.0
0.9576439444076771,0.9187301587301587,9.0,0.38677459923729246,1.0,1.0,0.0,0.0
1.0,1.0,0.0,0.0,1.0,1.0,0.0,0.0
0.0,0.0,inf,inf,0.0,0.0,inf,inf
0.9584261321455085,0.9201710620099787,2.23606797749979,0.73179907845874,1.0,1.0,0.0,0.0
1.0,1.0,0.0,0.0,1.0,1.0,0.0,0.0
0.946875,0.8991097922848664,9.219544457292887,0.7491634548983763,0.7613636363636364,0.6146788990825688,2.23606797749979,1.1428720194581474
1.0,1.0,0.0,0.0,1.0,1.0,0.0,0.0
0.9113756613756614,0.8371810449574727,2.8284271247461903,0.7487402396605198,0.9288135593220339,0.8670886075949367,2.0,0.557904297984273
1.0,1.0,0.0,0.0,1.0,1.0,0.0,0.0
1.0,1.0,0.0,0.0,1.0,1.0,0.0,0.0
1.0,1.0,0.0,0.0,1.0,1.0,0.0,0.0
0.909433962264151,0.8339100346020761,2.0,0.7169811320754716,1.0,1.0,0.0,0.0
0.0,0.0,inf,inf,0.0,0.0,inf,inf
1.0,1.0,0.0,0.0,1.0,1.0,0.0,0.0
1.0,1.0,0.0,0.0,0.0,0.0,inf,inf
1.0,1.0,0.0,0.0,1.0,1.0,0.0,0.0
0.8477157360406091,0.73568281938326,2.23606797749979,0.7113743252291314,0.9237536656891495,0.8583106267029973,2.0,0.6735702260395515
1.0,1.0,0.0,0.0,0.0,0.0,inf,inf
0.9587337478801583,0.9207383279044516,3.605551275463989,0.5427860277530429,1.0,1.0,0.0,0.0
1.0,1.0,0.0,0.0,1.0,1.0,0.0,0.0
1.0,1.0,0.0,0.0,1.0,1.0,0.0,0.0
0.0,0.0,inf,inf,0.0,0.0,inf,inf
0.0,0.0,inf,inf,1.0,1.0,0.0,0.0
1.0,1.0,0.0,0.0,1.0,1.0,0.0,0.0
1.0,1.0,0.0,0.0,1.0,1.0,0.0,0.0
1.0,1.0,0.0,0.0,1.0,1.0,0.0,0.0
1.0,1.0,0.0,0.0,1.0,1.0,0.0,0.0
0.9047094030555993,0.8259994247914869,7.218003284763234,1.4164806839501327,0.8233413269384492,0.6997282608695652,6.149999999999977,2.2299997629220143
0.0,0.0,inf,inf,1.0,1.0,0.0,0.0
1.0,1.0,0.0,0.0,1.0,1.0,0.0,0.0
0.0,0.0,inf,inf,1.0,1.0,0.0,0.0
0.9116643929058663,0.8376684424945158,15.0,1.2138174584659156,0.8704663212435233,0.7706422018348624,6.904081918257319,1.7215224856531208
0.9699359290290783,0.9416267942583733,1.0,0.509090909090909,1.0,1.0,0.0,0.0
0.9825708061002179,0.9657387580299786,1.0,0.35430697375857323,1.0,1.0,0.0,0.0
1.0,1.0,0.0,0.0,1.0,1.0,0.0,0.0
0.0,0.0,inf,inf,1.0,1.0,0.0,0.0
1.0,1.0,0.0,0.0,1.0,1.0,0.0,0.0
1.0,1.0,0.0,0.0,1.0,1.0,0.0,0.0
0.9038269550748752,0.8245294474802671,3.0,0.8873083872590725,0.9459901800327333,0.8975155279503105,2.0,0.45541747521332926
0.8849797023004059,0.7936893203883495,2.23606797749979,1.16775278638495,1.0,1.0,0.0,0.0
0.9444444444444444,0.8947368421052632,1.0,0.41935483870967744,0.9643953345610804,0.9312388855957321,2.0,0.6920614878436971
1.0,1.0,0.0,0.0,1.0,1.0,0.0,0.0
1.0,1.0,0.0,0.0,1.0,1.0,0.0,0.0
0.0,0.0,inf,inf,0.0,0.0,inf,inf
0.9427917620137299,0.8917748917748918,1.0,0.45454545454545453,1.0,1.0,0.0,0.0
1.0,1.0,0.0,0.0,1.0,1.0,0.0,0.0
0.9299820466786356,0.8691275167785235,2.0,0.6547469758027309,1.0,1.0,0.0,0.0
1.0,1.0,0.0,0.0,1.0,1.0,0.0,0.0
0.9303370786516854,0.8697478991596639,2.0,0.725873090960321,0.9771936606107461,0.9554043839758125,2.0,0.7060210704191782
1.0,1.0,0.0,0.0,1.0,1.0,0.0,0.0
0.9357674104124408,0.8792884371029225,3.0,0.8940726348637531,1.0,1.0,0.0,0.0
0.9482517482517483,0.901595744680851,1.0621320343559666,0.476679611211369,1.0,1.0,0.0,0.0
0.0,0.0,inf,inf,0.0,0.0,inf,inf
0.9745523091423186,0.9503676470588235,1.4142135623730951,0.4583110323852099,1.0,1.0,0.0,0.0
0.968647942521228,0.9392020265991133,11.045361017187261,0.40875912408759124,1.0,1.0,0.0,0.0
1.0,1.0,0.0,0.0,1.0,1.0,0.0,0.0
1.0,1.0,0.0,0.0,1.0,1.0,0.0,0.0
0.9744897959183674,0.9502487562189055,1.0,0.4411764705882353,1.0,1.0,0.0,0.0
1.0,1.0,0.0,0.0,1.0,1.0,0.0,0.0
0.9586821496084256,0.9206431535269709,4.242640687119285,0.5053191489361702,1.0,1.0,0.0,0.0
0.9620253164556962,0.926829268292683,2.0,0.535361923668049,1.0,1.0,0.0,0.0
0.0,0.0,inf,inf,1.0,1.0,0.0,0.0
1.0,1.0,0.0,0.0,1.0,1.0,0.0,0.0
0.0,0.0,inf,inf,1.0,1.0,0.0,0.0
0.936986301369863,0.8814432989690721,2.0,0.5967741935483871,1.0,1.0,0.0,0.0
1.0,1.0,0.0,0.0,1.0,1.0,0.0,0.0
0.0,0.0,inf,inf,1.0,1.0,0.0,0.0
1.0,1.0,0.0,0.0,1.0,1.0,0.0,0.0
0.9278350515463918,0.8653846153846154,1.0,0.4810126582278481,0.9618169848584596,0.9264426125554851,2.0,0.6483878014920104
0.9722386296515062,0.9459770114942528,1.0,0.3838383838383838,1.0,1.0,0.0,0.0
0.9766022380467956,0.9542743538767395,4.045472473094607,0.7547761969829971,1.0,1.0,0.0,0.0
1.0,1.0,0.0,0.0,1.0,1.0,0.0,0.0
1.0,1.0,0.0,0.0,1.0,1.0,0.0,0.0
0.9673300788584304,0.9367272727272727,1.4142135623730951,0.6438822509939086,1.0,1.0,0.0,0.0
1.0,1.0,0.0,0.0,1.0,1.0,0.0,0.0
1.0,1.0,0.0,0.0,1.0,1.0,0.0,0.0
0.0,0.0,inf,inf,1.0,1.0,0.0,0.0
0.8677494199535963,0.7663934426229508,9.593517220918203,2.3205156322308085,0.6972477064220184,0.5352112676056338,3.08113883008419,0.6969810887957519
1.0,1.0,0.0,0.0,1.0,1.0,0.0,0.0
0.9217758985200846,0.8549019607843137,1.4142135623730951,0.774704488454284,1.0,1.0,0.0,0.0
0.9031193266215547,0.8233523924164912,7.810249675906654,1.3211282009796035,0.8134206219312602,0.6855172413793104,7.0,2.4756095265288094
0.0,0.0,inf,inf,1.0,1.0,0.0,0.0
1.0,1.0,0.0,0.0,1.0,1.0,0.0,0.0
0.0,0.0,inf,inf,0.0,0.0,inf,inf
0.9415971394517283,0.8896396396396397,1.0,0.45977011494252873,0.9657380723663145,0.9337461300309597,1.4142135623730951,0.6173017904893829
1.0,1.0,0.0,0.0,0.8246013667425968,0.7015503875968992,3.0,0.8673738819117606
0.0,0.0,inf,inf,0.9448818897637795,0.8955223880597015,2.0,0.6852247277156095
1.0,1.0,0.0,0.0,1.0,1.0,0.0,0.0
1.0,1.0,0.0,0.0,1.0,1.0,0.0,0.0
0.9786347055758208,0.9581632653061225,1.0,0.3761467889908257,1.0,1.0,0.0,0.0
0.0,0.0,inf,inf,1.0,1.0,0.0,0.0
1.0,1.0,0.0,0.0,1.0,1.0,0.0,0.0
1.0,1.0,0.0,0.0,0.0,0.0,inf,inf
0.0,0.0,inf,inf,0.0,0.0,inf,inf
1.0,1.0,0.0,0.0,1.0,1.0,0.0,0.0
1.0,1.0,0.0,0.0,1.0,1.0,0.0,0.0
1.0,1.0,0.0,0.0,1.0,1.0,0.0,0.0
1.0,1.0,0.0,0.0,1.0,1.0,0.0,0.0
1.0,1.0,0.0,0.0,1.0,1.0,0.0,0.0
1.0,1.0,0.0,0.0,1.0,1.0,0.0,0.0
0.8551724137931035,0.7469879518072289,3.0,0.39285714285714285,1.0,1.0,0.0,0.0
1.0,1.0,0.0,0.0,0.0,0.0,inf,inf
0.0,0.0,inf,inf,1.0,1.0,0.0,0.0
1.0,1.0,0.0,0.0,1.0,1.0,0.0,0.0
1.0,1.0,0.0,0.0,0.9178245335450576,0.8481291269258987,3.605551275463989,1.0934382588805645
1.0,1.0,0.0,0.0,1.0,1.0,0.0,0.0
1.0,1.0,0.0,0.0,1.0,1.0,0.0,0.0
0.9573573573573574,0.9182027649769585,1.7656854249492346,0.47540136634573804,1.0,1.0,0.0,0.0
0.0,0.0,inf,inf,1.0,1.0,0.0,0.0
0.0,0.0,inf,inf,0.0,0.0,inf,inf
0.8055555555555556,0.6744186046511628,3.0,0.9501652050263572,0.9622025198320112,0.927158273381295,2.0,0.6203703703703703
1.0,1.0,0.0,0.0,0.0,0.0,inf,inf
1.0,1.0,0.0,0.0,1.0,1.0,0.0,0.0
1.0,1.0,0.0,0.0,1.0,1.0,0.0,0.0
0.0,0.0,inf,inf,1.0,1.0,0.0,0.0
0.942397137745975,0.8910690121786198,1.4142135623730951,0.44665659158597737,1.0,1.0,0.0,0.0
0.9330227140361095,0.8744541484716157,9.923024947075767,0.6391557799033205,0.9687991609858416,0.9394863971523011,3.1135943621178637,0.8388033599487912
0.9040123456790123,0.8248380737820332,12.257231377911868,1.47451654694307,0.8518155053974484,0.7418803418803419,4.47213595499958,1.5623905206803068
0.0,0.0,inf,inf,1.0,1.0,0.0,0.0
0.0,0.0,inf,inf,0.0,0.0,inf,inf
1.0,1.0,0.0,0.0,1.0,1.0,0.0,0.0
0.9361593462717058,0.8799807969275084,3.0,0.9442945354658887,1.0,1.0,0.0,0.0
0.9566360052562418,0.9168765743073047,2.23606797749979,0.7877585023800209,1.0,1.0,0.0,0.0
0.9475465313028765,0.9003215434083601,1.0,0.5243829924547085,1.0,1.0,0.0,0.0
0.9563567362428842,0.9163636363636364,1.0,0.35185185185185186,1.0,1.0,0.0,0.0
1.0,1.0,0.0,0.0,0.0,0.0,inf,inf
0.9679572763684913,0.9379042690815006,1.0,0.44929830514457053,1.0,1.0,0.0,0.0
1.0,1.0,0.0,0.0,1.0,1.0,0.0,0.0
1.0,1.0,0.0,0.0,1.0,1.0,0.0,0.0
0.0,0.0,inf,inf,1.0,1.0,0.0,0.0
1.0,1.0,0.0,0.0,1.0,1.0,0.0,0.0
1.0,1.0,0.0,0.0,1.0,1.0,0.0,0.0
0.9161518093556928,0.8452768729641694,2.8284271247461903,0.6569277370529004,1.0,1.0,0.0,0.0
0.0,0.0,inf,inf,0.0,0.0,inf,inf
0.0,0.0,inf,inf,0.0,0.0,inf,inf
0.9300873907615481,0.8693115519253208,3.605551275463989,0.955507543197618,1.0,1.0,0.0,0.0
1.0,1.0,0.0,0.0,1.0,1.0,0.0,0.0
1.0,1.0,0.0,0.0,1.0,1.0,0.0,0.0
0.9782252399906345,0.9573785517873511,1.4142135623730951,0.47935516861054556,1.0,1.0,0.0,0.0
0.9231391585760518,0.8572501878287002,5.014852927038915,1.0549115200011587,1.0,1.0,0.0,0.0
0.9068219633943427,0.8295281582952816,2.8284271247461903,0.760591817735949,0.8090452261306532,0.679324894514768,3.056797181058932,1.3944708228398621
0.0,0.0,inf,inf,0.9524475524475524,0.9092122830440588,2.0,0.4991156037358051
1.0,1.0,0.0,0.0,1.0,1.0,0.0,0.0
1.0,1.0,0.0,0.0,0.0,0.0,inf,inf
0.0,0.0,inf,inf,1.0,1.0,0.0,0.0
0.9491017964071856,0.9031339031339032,2.23606797749979,0.39655172413793105,1.0,1.0,0.0,0.0
0.9266547406082289,0.8633333333333333,1.7071067811865475,0.7021922520506776,0.9801773604590506,0.9611253196930947,1.4142135623730951,0.6216181358221975
0.9718670076726342,0.945273631840796,3.0,0.4644356916539102,1.0,1.0,0.0,0.0
0.9709075119409466,0.9434599156118143,1.4142135623730951,0.5345974666488614,1.0,1.0,0.0,0.0
1.0,1.0,0.0,0.0,0.0,0.0,inf,inf
0.0,0.0,inf,inf,1.0,1.0,0.0,0.0
0.9189551239115874,0.8500619578686494,10.329081708161764,0.7392051210025381,1.0,1.0,0.0,0.0
1.0,1.0,0.0,0.0,1.0,1.0,0.0,0.0
1.0,1.0,0.0,0.0,1.0,1.0,0.0,0.0
1.0,1.0,0.0,0.0,1.0,1.0,0.0,0.0
0.9625112107623318,0.927731673582296,3.0,0.5840218812281084,0.9453262786596119,0.8963210702341137,2.0,0.6223717379456913
1.0,1.0,0.0,0.0,1.0,1.0,0.0,0.0
0.0,0.0,inf,inf,1.0,1.0,0.0,0.0
0.9732334047109208,0.9478623566214807,11.180339887498949,0.37254901960784315,0.0,0.0,inf,inf
0.9686924493554327,0.9392857142857143,1.0,0.30396691782172397,1.0,1.0,0.0,0.0
0.9053254437869822,0.827027027027027,1.1656854249492345,0.5238095238095238,1.0,1.0,0.0,0.0
1.0,1.0,0.0,0.0,1.0,1.0,0.0,0.0
1.0,1.0,0.0,0.0,1.0,1.0,0.0,0.0
0.0,0.0,inf,inf,1.0,1.0,0.0,0.0
0.0,0.0,inf,inf,1.0,1.0,0.0,0.0
1.0,1.0,0.0,0.0,1.0,1.0,0.0,0.0
1.0,1.0,0.0,0.0,1.0,1.0,0.0,0.0
0.9203475742215785,0.852448021462106,9.0,0.9211456797912336,0.8864592094196804,0.7960725075528701,3.1622776601683795,1.398626112472578
0.9032258064516129,0.8235294117647058,1.0,0.4090909090909091,1.0,1.0,0.0,0.0
1.0,1.0,0.0,0.0,1.0,1.0,0.0,0.0
0.8367346938775511,0.7192982456140351,1.8828427124746174,0.495914931541576,1.0,1.0,0.0,0.0
1.0,1.0,0.0,0.0,0.0,0.0,inf,inf
1.0,1.0,0.0,0.0,1.0,1.0,0.0,0.0
0.7743589743589744,0.6317991631799164,10.183937056189276,2.938186253992294,1.0,1.0,0.0,0.0
0.0,0.0,inf,inf,1.0,1.0,0.0,0.0
0.9317851959361393,0.8722826086956522,1.4142135623730951,0.5971404520791032,1.0,1.0,0.0,0.0
1.0,1.0,0.0,0.0,1.0,1.0,0.0,0.0
1.0,1.0,0.0,0.0,1.0,1.0,0.0,0.0
0.8114285714285714,0.6826923076923077,2.0,0.5956622499846176,0.9766369505072241,0.9543406428356864,2.0,0.6442516977811517
0.9174800354924578,0.8475409836065574,2.8627416997969504,0.5636363636363636,0.9690210656753407,0.9399038461538461,1.4142135623730951,0.5929596168459869
0.9107981220657277,0.8362068965517241,1.0,0.5454545454545454,1.0,1.0,0.0,0.0
0.0,0.0,inf,inf,0.0,0.0,inf,inf
0.0,0.0,inf,inf,0.0,0.0,inf,inf
0.9627228525121556,0.928125,1.0,0.3442622950819672,1.0,1.0,0.0,0.0
1.0,1.0,0.0,0.0,1.0,1.0,0.0,0.0
1.0,1.0,0.0,0.0,1.0,1.0,0.0,0.0
1.0,1.0,0.0,0.0,1.0,1.0,0.0,0.0
1.0,1.0,0.0,0.0,1.0,1.0,0.0,0.0
1.0,1.0,0.0,0.0,1.0,1.0,0.0,0.0
0.9621717846016912,0.9271012006861064,1.4142135623730951,0.5598191738241592,1.0,1.0,0.0,0.0
1.0,1.0,0.0,0.0,1.0,1.0,0.0,0.0
0.9188118811881189,0.8498168498168498,1.0,0.547945205479452,0.9612294795668879,0.9253530598520511,2.0,0.6825619641525454
1.0,1.0,0.0,0.0,1.0,1.0,0.0,0.0
1.0,1.0,0.0,0.0,1.0,1.0,0.0,0.0
1.0,1.0,0.0,0.0,1.0,1.0,0.0,0.0
1.0,1.0,0.0,0.0,1.0,1.0,0.0,0.0
1.0,1.0,0.0,0.0,1.0,1.0,0.0,0.0
1.0,1.0,0.0,0.0,1.0,1.0,0.0,0.0
0.9027484143763214,0.8227360308285164,2.23606797749979,1.123363237040259,1.0,1.0,0.0,0.0
1.0,1.0,0.0,0.0,0.0,0.0,inf,inf
1.0,1.0,0.0,0.0,1.0,1.0,0.0,0.0
1.0,1.0,0.0,0.0,1.0,1.0,0.0,0.0
1.0,1.0,0.0,0.0,1.0,1.0,0.0,0.0
0.9591455273698264,0.9214982042072858,2.0,0.41304347826086957,1.0,1.0,0.0,0.0
0.9488139825218477,0.9026128266033254,2.0,0.7958822509939085,0.8584474885844748,0.752,2.0,0.8355040196319795
1.0,1.0,0.0,0.0,1.0,1.0,0.0,0.0
0.0,0.0,inf,inf,1.0,1.0,0.0,0.0
1.0,1.0,0.0,0.0,1.0,1.0,0.0,0.0
1.0,1.0,0.0,0.0,1.0,1.0,0.0,0.0
0.9651257096512571,0.932601880877743,1.0,0.35353535353535354,1.0,1.0,0.0,0.0
0.0,0.0,inf,inf,1.0,1.0,0.0,0.0
0.0,0.0,inf,inf,1.0,1.0,0.0,0.0
1.0,1.0,0.0,0.0,1.0,1.0,0.0,0.0
1.0,1.0,0.0,0.0,1.0,1.0,0.0,0.0
0.0,0.0,inf,inf,1.0,1.0,0.0,0.0
1.0,1.0,0.0,0.0,1.0,1.0,0.0,0.0
0.0,0.0,inf,inf,0.0,0.0,inf,inf
1.0,1.0,0.0,0.0,1.0,1.0,0.0,0.0
1.0,1.0,0.0,0.0,1.0,1.0,0.0,0.0
0.0,0.0,inf,inf,0.0,0.0,inf,inf
0.9783737024221453,0.9576629974597799,1.0,0.3878621869446566,1.0,1.0,0.0,0.0
0.0,0.0,inf,inf,0.0,0.0,inf,inf
0.9860924181247196,0.9725663716814159,1.0,0.26495726495726496,1.0,1.0,0.0,0.0
0.0,0.0,inf,inf,1.0,1.0,0.0,0.0
0.9875635952515546,0.9754327191513121,1.0,0.2634730538922156,1.0,1.0,0.0,0.0
1.0,1.0,0.0,0.0,1.0,1.0,0.0,0.0
1.0,1.0,0.0,0.0,1.0,1.0,0.0,0.0
0.9530386740331491,0.9102902374670184,1.0,0.43243243243243246,0.7764705882352941,0.6346153846153846,1.4727922061357865,0.8489727202260091
0.9228711547035221,0.8567880794701986,4.0,1.1065379511549276,1.0,1.0,0.0,0.0
0.0,0.0,inf,inf,0.0,0.0,inf,inf
0.9395973154362416,0.8860759493670886,2.1062305898749027,0.3926776695296637,0.9251336898395722,0.8606965174129353,1.0,0.5407279481355978
0.0,0.0,inf,inf,1.0,1.0,0.0,0.0
0.952112676056338,0.9086021505376344,6.082762530298219,0.7328284331176088,0.9138655462184874,0.8413926499032882,2.0,0.9338735318033351
1.0,1.0,0.0,0.0,1.0,1.0,0.0,0.0
1.0,1.0,0.0,0.0,1.0,1.0,0.0,0.0
1.0,1.0,0.0,0.0,1.0,1.0,0.0,0.0
0.0,0.0,inf,inf,0.0,0.0,inf,inf
0.35294117647058826,0.21428571428571427,8.045584412271559,0.49046817359701056,0.9440497335701599,0.8940285954583683,2.23606797749979,0.8301539628680136
1.0,1.0,0.0,0.0,1.0,1.0,0.0,0.0
0.0,0.0,inf,inf,0.0,0.0,inf,inf
0.967992240543162,0.9379699248120301,1.0,0.37662337662337664,1.0,1.0,0.0,0.0
1.0,1.0,0.0,0.0,1.0,1.0,0.0,0.0
1.0,1.0,0.0,0.0,1.0,1.0,0.0,0.0
1.0,1.0,0.0,0.0,1.0,1.0,0.0,0.0
0.9578544061302682,0.9191176470588235,3.1622776601683795,0.4802444665708583,0.0,0.0,5.935201077792402,1.482842712474619
0.0,0.0,inf,inf,1.0,1.0,0.0,0.0
1.0,1.0,0.0,0.0,1.0,1.0,0.0,0.0
1.0,1.0,0.0,0.0,1.0,1.0,0.0,0.0
1.0,1.0,0.0,0.0,1.0,1.0,0.0,0.0
0.0,0.0,inf,inf,0.0,0.0,inf,inf
1.0,1.0,0.0,0.0,1.0,1.0,0.0,0.0
0.9252336448598131,0.8608695652173913,2.23606797749979,0.6050021656913298,0.7069767441860465,0.5467625899280576,4.0,1.1421271775846573
1.0,1.0,0.0,0.0,1.0,1.0,0.0,0.0
1.0,1.0,0.0,0.0,1.0,1.0,0.0,0.0
0.0,0.0,inf,inf,0.0,0.0,inf,inf
1.0,1.0,0.0,0.0,0.0,0.0,inf,inf
0.45662100456621,0.2958579881656805,7.155088655302976,0.8,0.9388335704125178,0.8847184986595175,3.0,1.1078548870571907
1.0,1.0,0.0,0.0,1.0,1.0,0.0,0.0
1.0,1.0,0.0,0.0,1.0,1.0,0.0,0.0
0.9420575482853765,0.8904619970193741,5.0,0.6123588564905141,0.8652482269503546,0.7625,1.4142135623730951,0.5769230769230769
0.0,0.0,inf,inf,1.0,1.0,0.0,0.0
1.0,1.0,0.0,0.0,1.0,1.0,0.0,0.0
0.0,0.0,inf,inf,1.0,1.0,0.0,0.0
0.976389085253782,0.9538674033149172,11.079105734765182,0.5471269339931484,1.0,1.0,0.0,0.0
1.0,1.0,0.0,0.0,0.0,0.0,inf,inf
0.8095238095238095,0.68,1.0,0.7816292172558617,1.0,1.0,0.0,0.0
1.0,1.0,0.0,0.0,1.0,1.0,0.0,0.0
0.979891477816789,0.9605757196495619,1.0,0.33034572263163425,1.0,1.0,0.0,0.0
0.0,0.0,inf,inf,0.0,0.0,inf,inf
1.0,1.0,0.0,0.0,0.0,0.0,inf,inf
0.9697732997481109,0.941320293398533,1.0,0.5289256198347108,1.0,1.0,0.0,0.0
1.0,1.0,0.0,0.0,1.0,1.0,0.0,0.0
1.0,1.0,0.0,0.0,1.0,1.0,0.0,0.0
0.9616161616161616,0.9260700389105059,2.0,0.4468175013817025,1.0,1.0,0.0,0.0
1.0,1.0,0.0,0.0,1.0,1.0,0.0,0.0
1.0,1.0,0.0,0.0,1.0,1.0,0.0,0.0
0.0,0.0,inf,inf,1.0,1.0,0.0,0.0
0.0,0.0,inf,inf,1.0,1.0,0.0,0.0
0.947986577181208,0.9011164274322169,5.0,0.8711255768864016,1.0,1.0,0.0,0.0
0.9702390632623191,0.9421983575489576,2.0,0.6274006927548464,1.0,1.0,0.0,0.0
1.0,1.0,0.0,0.0,1.0,1.0,0.0,0.0
1.0,1.0,0.0,0.0,1.0,1.0,0.0,0.0
0.6834170854271356,0.5190839694656488,4.073863375370595,1.7085303154789653,1.0,1.0,0.0,0.0
1.0,1.0,0.0,0.0,1.0,1.0,0.0,0.0
1.0,1.0,0.0,0.0,1.0,1.0,0.0,0.0
0.0,0.0,inf,inf,0.0,0.0,inf,inf
0.9558755225267069,0.9154804270462633,5.385164807134504,0.40847675355381535,0.8539325842696629,0.7450980392156863,2.0,0.8147208691207961
1.0,1.0,0.0,0.0,1.0,1.0,0.0,0.0
1.0,1.0,0.0,0.0,1.0,1.0,0.0,0.0
0.9703003712453594,0.9423139954113405,2.0,0.6252719965219186,1.0,1.0,0.0,0.0
1.0,1.0,0.0,0.0,1.0,1.0,0.0,0.0
1.0,1.0,0.0,0.0,1.0,1.0,0.0,0.0
0.983957219251337,0.968421052631579,1.0,0.3062200956937799,1.0,1.0,0.0,0.0
1.0,1.0,0.0,0.0,1.0,1.0,0.0,0.0
1.0,1.0,0.0,0.0,1.0,1.0,0.0,0.0
1.0,1.0,0.0,0.0,1.0,1.0,0.0,0.0
1.0,1.0,0.0,0.0,1.0,1.0,0.0,0.0
1.0,1.0,0.0,0.0,1.0,1.0,0.0,0.0
0.988544474393531,0.977348434377082,1.0,0.2323943661971831,1.0,1.0,0.0,0.0
1.0,1.0,0.0,0.0,1.0,1.0,0.0,0.0
1.0,1.0,0.0,0.0,0.8967851099830795,0.8128834355828221,2.75,0.8666666666666667
1.0,1.0,0.0,0.0,1.0,1.0,0.0,0.0
1.0,1.0,0.0,0.0,1.0,1.0,0.0,0.0
1.0,1.0,0.0,0.0,0.0,0.0,inf,inf
0.0,0.0,inf,inf,1.0,1.0,0.0,0.0
1.0,1.0,0.0,0.0,1.0,1.0,0.0,0.0
1.0,1.0,0.0,0.0,1.0,1.0,0.0,0.0
0.0,0.0,inf,inf,1.0,1.0,0.0,0.0
1.0,1.0,0.0,0.0,1.0,1.0,0.0,0.0
1.0,1.0,0.0,0.0,0.0,0.0,inf,inf
1.0,1.0,0.0,0.0,1.0,1.0,0.0,0.0
0.7222222222222222,0.5652173913043478,2.23606797749979,0.7365685424949239,1.0,1.0,0.0,0.0
0.0,0.0,inf,inf,0.0,0.0,inf,inf
1.0,1.0,0.0,0.0,1.0,1.0,0.0,0.0
0.9286887939533355,0.8668711656441718,2.9399494936611625,0.7167982737256767,0.8473684210526315,0.7351598173515982,2.0,1.0829488796376732
1.0,1.0,0.0,0.0,1.0,1.0,0.0,0.0
1.0,1.0,0.0,0.0,1.0,1.0,0.0,0.0
1.0,1.0,0.0,0.0,1.0,1.0,0.0,0.0
1.0,1.0,0.0,0.0,1.0,1.0,0.0,0.0
0.8631578947368421,0.7592592592592593,5.0,1.5324003155631067,1.0,1.0,0.0,0.0
0.9296826384567517,0.8686046511627907,7.0,0.764344577931153,1.0,1.0,0.0,0.0
1.0,1.0,0.0,0.0,1.0,1.0,0.0,0.0
0.9439692044482464,0.8938841636289996,3.0,0.7762937772708571,0.40816326530612246,0.2564102564102564,4.2278147244322355,1.4375
1.0,1.0,0.0,0.0,1.0,1.0,0.0,0.0
0.9488054607508533,0.9025974025974026,1.4142135623730951,0.6809813210855749,0.72,0.5625,1.6485281374238563,0.6875
0.9117903930131004,0.8378812199036918,4.123105625617661,0.7654298388123723,1.0,1.0,0.0,0.0
0.0,0.0,inf,inf,1.0,1.0,0.0,0.0
0.0,0.0,inf,inf,0.9420775490665391,0.890497737556561,2.0,0.8418146647712607
1.0,1.0,0.0,0.0,1.0,1.0,0.0,0.0
0.96962879640045,0.9410480349344978,1.0,0.49389805794138636,1.0,1.0,0.0,0.0
0.9689224513505663,0.9397183098591549,4.47213595499958,0.35587507727644974,1.0,1.0,0.0,0.0
0.0,0.0,inf,inf,1.0,1.0,0.0,0.0
0.9425287356321839,0.8913043478260869,1.0,0.43139805794138636,0.9607783520826999,0.9245172615564657,2.0,0.772165448543846
1.0,1.0,0.0,0.0,1.0,1.0,0.0,0.0
0.0,0.0,inf,inf,0.0,0.0,inf,inf
0.9555822328931572,0.9149425287356322,9.337484628412934,0.632,1.0,1.0,0.0,0.0
0.9004940014114327,0.8189987163029525,2.982842712474615,0.9095608042104747,0.9506378258458126,0.9059196617336153,2.0,0.6708271186953461
0.9464601769911505,0.8983620327593448,3.1622776601683795,0.9203492699757518,1.0,1.0,0.0,0.0
1.0,1.0,0.0,0.0,1.0,1.0,0.0,0.0
0.0,0.0,inf,inf,1.0,1.0,0.0,0.0
1.0,1.0,0.0,0.0,1.0,1.0,0.0,0.0
1.0,1.0,0.0,0.0,1.0,1.0,0.0,0.0
0.0,0.0,inf,inf,0.0,0.0,inf,inf
0.0,0.0,inf,inf,1.0,1.0,0.0,0.0
1.0,1.0,0.0,0.0,1.0,1.0,0.0,0.0
0.9054573405073021,0.827247191011236,15.491526524772622,1.1249481884888177,0.9532763532763533,0.9107240065323897,2.8284271247461903,0.8772298793890465
0.9623520975259949,0.9274360746371804,2.0,0.5606409085875721,1.0,1.0,0.0,0.0
1.0,1.0,0.0,0.0,1.0,1.0,0.0,0.0
1.0,1.0,0.0,0.0,1.0,1.0,0.0,0.0
0.9561441597915762,0.9159733777038269,2.0,1.2864506719437803,1.0,1.0,0.0,0.0
0.9516008935219658,0.9076704545454546,2.3249218495867363,0.847935356685976,1.0,1.0,0.0,0.0
1.0,1.0,0.0,0.0,0.0,0.0,inf,inf
0.930117501546073,0.869364161849711,9.0,0.6671825410541354,0.9709803921568627,0.9435975609756098,2.23606797749979,0.7806109795499774
0.8885245901639345,0.799410029498525,2.0,0.677218446635389,1.0,1.0,0.0,0.0
1.0,1.0,0.0,0.0,1.0,1.0,0.0,0.0
0.9025092554504319,0.8223388305847077,4.0,1.2506911531382718,1.0,1.0,0.0,0.0
1.0,1.0,0.0,0.0,1.0,1.0,0.0,0.0
0.0,0.0,inf,inf,0.0,0.0,inf,inf
0.0,0.0,inf,inf,1.0,1.0,0.0,0.0
0.9665775401069518,0.9353169469598965,10.044344521148043,0.5149253731343284,1.0,1.0,0.0,0.0
0.9292848581701958,0.8679104477611941,3.0,0.7826245075996364,0.9429657794676806,0.8920863309352518,3.1622776601683795,1.208482736115277
1.0,1.0,0.0,0.0,1.0,1.0,0.0,0.0
0.0,0.0,inf,inf,0.0,0.0,inf,inf
1.0,1.0,0.0,0.0,1.0,1.0,0.0,0.0
0.9438090502237693,0.8935969868173258,3.0,1.7904206461862089,0.7307692307692307,0.5757575757575758,5.0,1.6781725989548082
1.0,1.0,0.0,0.0,1.0,1.0,0.0,0.0
0.9515969706947646,0.9076633165829145,10.92159688587405,0.6558790038256673,0.9733075435203095,0.9480030143180106,2.0,0.6321972559483523
0.9607843137254902,0.9245283018867925,2.0,0.6593534791239372,1.0,1.0,0.0,0.0
1.0,1.0,0.0,0.0,1.0,1.0,0.0,0.0
1.0,1.0,0.0,0.0,1.0,1.0,0.0,0.0
0.9428129829984544,0.8918128654970761,2.0,0.62597890112334,0.2857142857142857,0.16666666666666666,2.8951972318306267,1.1697852657278045
0.9446883230904302,0.8951747088186356,2.0,0.5095785440613027,1.0,1.0,0.0,0.0
1.0,1.0,0.0,0.0,1.0,1.0,0.0,0.0
0.926605504587156,0.8632478632478633,4.152989390993067,0.9215281049756385,0.8941605839416058,0.8085808580858086,3.1217082451262845,1.1344012679303088
1.0,1.0,0.0,0.0,1.0,1.0,0.0,0.0
1.0,1.0,0.0,0.0,1.0,1.0,0.0,0.0
0.0,0.0,inf,inf,0.0,0.0,inf,inf
0.9448760636330004,0.8955119214586256,4.212756921743878,0.6069555068865754,0.7862068965517242,0.6477272727272727,2.0236067977499776,0.8844924668921684
0.0,0.0,inf,inf,1.0,1.0,0.0,0.0
0.0,0.0,inf,inf,1.0,1.0,0.0,0.0
1.0,1.0,0.0,0.0,1.0,1.0,0.0,0.0
1.0,1.0,0.0,0.0,1.0,1.0,0.0,0.0
1.0,1.0,0.0,0.0,1.0,1.0,0.0,0.0
1.0,1.0,0.0,0.0,1.0,1.0,0.0,0.0
0.803921568627451,0.6721311475409836,2.23606797749979,0.8610915368722029,0.7591240875912408,0.611764705882353,2.23606797749979,1.1098935378316706
1.0,1.0,0.0,0.0,1.0,1.0,0.0,0.0
1.0,1.0,0.0,0.0,1.0,1.0,0.0,0.0
0.9042316258351893,0.8252032520325203,10.0,1.403174221965648,0.8182897862232779,0.6924623115577889,4.0,1.4694713361772351
1.0,1.0,0.0,0.0,1.0,1.0,0.0,0.0
0.9671513193322563,0.9363920750782064,1.4142135623730951,0.4758126376063096,1.0,1.0,0.0,0.0
0.0,0.0,inf,inf,1.0,1.0,0.0,0.0
1.0,1.0,0.0,0.0,1.0,1.0,0.0,0.0
1.0,1.0,0.0,0.0,1.0,1.0,0.0,0.0
0.9116409537166901,0.8376288659793815,2.0,0.6966292134831461,1.0,1.0,0.0,0.0
1.0,1.0,0.0,0.0,1.0,1.0,0.0,0.0
0.0,0.0,inf,inf,1.0,1.0,0.0,0.0
1.0,1.0,0.0,0.0,1.0,1.0,0.0,0.0
1.0,1.0,0.0,0.0,1.0,1.0,0.0,0.0
0.0,0.0,inf,inf,0.0,0.0,inf,inf
1.0,1.0,0.0,0.0,1.0,1.0,0.0,0.0
0.9276595744680851,0.8650793650793651,1.0,0.5660377358490566,1.0,1.0,0.0,0.0
1.0,1.0,0.0,0.0,1.0,1.0,0.0,0.0
0.9651928504233303,0.9327272727272727,1.0,0.38271604938271603,1.0,1.0,0.0,0.0
1.0,1.0,0.0,0.0,1.0,1.0,0.0,0.0
1.0,1.0,0.0,0.0,1.0,1.0,0.0,0.0
1.0,1.0,0.0,0.0,0.0,0.0,inf,inf
1.0,1.0,0.0,0.0,1.0,1.0,0.0,0.0
1.0,1.0,0.0,0.0,0.0,0.0,inf,inf
1.0,1.0,0.0,0.0,0.9338842975206612,0.875968992248062,2.0,0.7200287031208619
0.0,0.0,inf,inf,1.0,1.0,0.0,0.0
1.0,1.0,0.0,0.0,1.0,1.0,0.0,0.0
1.0,1.0,0.0,0.0,1.0,1.0,0.0,0.0
1.0,1.0,0.0,0.0,1.0,1.0,0.0,0.0
0.9392670157068063,0.8854886475814413,2.23606797749979,0.6824334281048997,0.9575040344271114,0.9184726522187823,3.0,0.7410818510677891
1.0,1.0,0.0,0.0,1.0,1.0,0.0,0.0
1.0,1.0,0.0,0.0,1.0,1.0,0.0,0.0
0.0,0.0,inf,inf,1.0,1.0,0.0,0.0
0.9632898696088265,0.9291795665634675,2.23606797749979,0.7032702678210974,1.0,1.0,0.0,0.0
0.9403122130394858,0.8873483535528596,3.0,0.8266657012361956,0.8961303462321792,0.8118081180811808,2.324921849586753,1.1005770095064422
0.9736842105263158,0.9487179487179487,1.0,0.37349397590361444,1.0,1.0,0.0,0.0
1.0,1.0,0.0,0.0,1.0,1.0,0.0,0.0
0.0,0.0,inf,inf,1.0,1.0,0.0,0.0
0.9520594193112761,0.9085051546391752,9.433981132056603,0.41382022983052225,1.0,1.0,0.0,0.0
0.9394673123486683,0.8858447488584474,1.0,0.5555555555555556,1.0,1.0,0.0,0.0
0.9759900218272529,0.9531059683313033,1.4142135623730951,0.3875,1.0,1.0,0.0,0.0
1.0,1.0,0.0,0.0,1.0,1.0,0.0,0.0
1.0,1.0,0.0,0.0,1.0,1.0,0.0,0.0
0.0,0.0,inf,inf,0.0,0.0,inf,inf
0.963302752293578,0.9292035398230089,1.0,0.39473684210526316,1.0,1.0,0.0,0.0
0.9344262295081968,0.8769230769230769,1.0,0.4872655122255021,1.0,1.0,0.0,0.0
0.9578713968957872,0.9191489361702128,1.0,0.3191489361702128,1.0,1.0,0.0,0.0
0.9477351916376306,0.9006622516556292,4.920820393249919,0.5816941738241592,0.8888888888888888,0.8,1.4142135623730951,0.4
1.0,1.0,0.0,0.0,1.0,1.0,0.0,0.0
0.9480762047067613,0.9012784090909091,6.0,0.565522847498308,0.8169014084507042,0.6904761904761905,2.0,0.7241379310344828
1.0,1.0,0.0,0.0,1.0,1.0,0.0,0.0
0.9630369630369631,0.928709055876686,6.5485090677953615,0.48214285714285715,1.0,1.0,0.0,0.0
1.0,1.0,0.0,0.0,1.0,1.0,0.0,0.0
1.0,1.0,0.0,0.0,1.0,1.0,0.0,0.0
0.0,0.0,inf,inf,1.0,1.0,0.0,0.0
0.0,0.0,inf,inf,1.0,1.0,0.0,0.0
0.9843089921544961,0.9691027926322044,11.166842000467778,0.2758677508428797,1.0,1.0,0.0,0.0
0.9578134284016637,0.9190421892816419,2.0,0.4818627266293312,1.0,1.0,0.0,0.0
1.0,1.0,0.0,0.0,1.0,1.0,0.0,0.0
1.0,1.0,0.0,0.0,1.0,1.0,0.0,0.0
0.9189658918096894,0.85008038585209,4.242640687119285,1.2658046123235525,0.8584202682563339,0.7519582245430809,3.605551275463989,1.3566941738241591
0.9652836579170194,0.9328968903436988,1.0,0.413811585159257,1.0,1.0,0.0,0.0
1.0,1.0,0.0,0.0,1.0,1.0,0.0,0.0
1.0,1.0,0.0,0.0,1.0,1.0,0.0,0.0
0.9352014010507881,0.8782894736842105,2.0,0.9361977276927036,1.0,1.0,0.0,0.0
0.9594356261022927,0.9220338983050848,1.0,0.4933433359360579,1.0,1.0,0.0,0.0
0.0,0.0,inf,inf,0.0,0.0,inf,inf
1.0,1.0,0.0,0.0,1.0,1.0,0.0,0.0
0.9583333333333334,0.92,1.9414213562372962,0.38586162367886717,1.0,1.0,0.0,0.0
1.0,1.0,0.0,0.0,1.0,1.0,0.0,0.0
0.9746401644962303,0.9505347593582888,11.180339887498949,0.3142847458036657,0.8351648351648352,0.7169811320754716,1.3727922061357851,0.5435339791606236
1.0,1.0,0.0,0.0,1.0,1.0,0.0,0.0
0.8952380952380953,0.8103448275862069,5.0,1.1353688352380993,1.0,1.0,0.0,0.0
0.0,0.0,inf,inf,0.0,0.0,inf,inf
0.8728323699421965,0.7743589743589744,2.20065778087482,0.5,1.0,1.0,0.0,0.0
0.9405963841277295,0.887854609929078,2.4730116363983363,0.7581238760262444,1.0,1.0,0.0,0.0
1.0,1.0,0.0,0.0,1.0,1.0,0.0,0.0
0.8397318708104814,0.7237394957983193,5.385164807134504,1.18255550406696,0.0,0.0,4.709674775249768,2.0
1.0,1.0,0.0,0.0,1.0,1.0,0.0,0.0
0.9426494345718901,0.891520244461421,8.94427190999916,0.8306274169979695,0.89,0.8018018018018018,1.4142135623730951,0.5441941738241592
1.0,1.0,0.0,0.0,0.0,0.0,inf,inf
0.979187314172448,0.9592233009708738,9.899494936611665,0.3076923076923077,1.0,1.0,0.0,0.0
0.9626307922272048,0.9279538904899135,7.7118298293979315,0.5132743362831859,1.0,1.0,0.0,0.0
0.904530138524897,0.8257006151742994,2.8284271247461903,0.9650475911627605,0.8907801418439716,0.80306905370844,3.1622776601683795,1.1986191648691191
0.9762076423936553,0.9535211267605633,1.0,0.35032303550847943,1.0,1.0,0.0,0.0
1.0,1.0,0.0,0.0,1.0,1.0,0.0,0.0
0.0,0.0,inf,inf,1.0,1.0,0.0,0.0
0.0,0.0,inf,inf,1.0,1.0,0.0,0.0
1.0,1.0,0.0,0.0,1.0,1.0,0.0,0.0
1.0,1.0,0.0,0.0,1.0,1.0,0.0,0.0
0.912532637075718,0.8391356542617047,2.8284271247461903,1.157299412697281,1.0,1.0,0.0,0.0
1.0,1.0,0.0,0.0,1.0,1.0,0.0,0.0
0.9749262536873157,0.9510791366906475,1.0,0.35434973706604816,1.0,1.0,0.0,0.0
0.9151450053705693,0.8435643564356435,2.0,0.7461251169051873,1.0,1.0,0.0,0.0
0.9702297702297702,0.9421808304229724,2.23606797749979,0.6227301160708034,1.0,1.0,0.0,0.0
0.819672131147541,0.6944444444444444,1.0,0.5,1.0,1.0,0.0,0.0
0.9646816189739623,0.9317729083665338,1.4142135623730951,0.5420401291654581,1.0,1.0,0.0,0.0
0.9507575757575758,0.9061371841155235,1.0,0.4528301886792453,1.0,1.0,0.0,0.0
0.8932153392330383,0.8070362473347548,9.16208869558847,1.2264612799757049,1.0,1.0,0.0,0.0
0.0,0.0,inf,inf,1.0,1.0,0.0,0.0
0.0,0.0,inf,inf,0.0,0.0,inf,inf
1.0,1.0,0.0,0.0,1.0,1.0,0.0,0.0
1.0,1.0,0.0,0.0,1.0,1.0,0.0,0.0
1.0,1.0,0.0,0.0,0.0,0.0,inf,inf
1.0,1.0,0.0,0.0,1.0,1.0,0.0,0.0
1.0,1.0,0.0,0.0,1.0,1.0,0.0,0.0
1.0,1.0,0.0,0.0,1.0,1.0,0.0,0.0
1.0,1.0,0.0,0.0,1.0,1.0,0.0,0.0
1.0,1.0,0.0,0.0,0.0,0.0,inf,inf
0.9680170575692963,0.9380165289256198,1.0,0.3866837584926815,0.926829268292683,0.8636363636363636,1.4142135623730951,0.7205450493309733
1.0,1.0,0.0,0.0,1.0,1.0,0.0,0.0
1.0,1.0,0.0,0.0,0.0,0.0,inf,inf
0.0,0.0,inf,inf,0.0,0.0,inf,inf
1.0,1.0,0.0,0.0,0.0,0.0,inf,inf
1.0,1.0,0.0,0.0,1.0,1.0,0.0,0.0
1.0,1.0,0.0,0.0,0.9686046511627907,0.939120631341601,2.0,0.7570215420946179
0.9735603042375951,0.9484827099505999,2.0,0.4976917194942668,0.8854700854700854,0.7944785276073619,2.0236067977499776,1.0401971337561229
1.0,1.0,0.0,0.0,1.0,1.0,0.0,0.0
1.0,1.0,0.0,0.0,1.0,1.0,0.0,0.0
1.0,1.0,0.0,0.0,1.0,1.0,0.0,0.0
0.9745836985100789,0.9504273504273504,1.0,0.3373493975903614,1.0,1.0,0.0,0.0
1.0,1.0,0.0,0.0,1.0,1.0,0.0,0.0
0.9553719008264463,0.9145569620253164,1.0,0.39285714285714285,1.0,1.0,0.0,0.0
1.0,1.0,0.0,0.0,1.0,1.0,0.0,0.0
0.0,0.0,inf,inf,1.0,1.0,0.0,0.0
0.0,0.0,inf,inf,1.0,1.0,0.0,0.0
1.0,1.0,0.0,0.0,1.0,1.0,0.0,0.0
1.0,1.0,0.0,0.0,1.0,1.0,0.0,0.0
1.0,1.0,0.0,0.0,1.0,1.0,0.0,0.0
1.0,1.0,0.0,0.0,1.0,1.0,0.0,0.0
1.0,1.0,0.0,0.0,1.0,1.0,0.0,0.0
1.0,1.0,0.0,0.0,0.0,0.0,inf,inf
1.0,1.0,0.0,0.0,1.0,1.0,0.0,0.0
0.9511077158135982,0.9067734887108522,2.38415776431139,0.8422001819308407,1.0,1.0,0.0,0.0
0.0,0.0,inf,inf,0.0,0.0,inf,inf
1.0,1.0,0.0,0.0,1.0,1.0,0.0,0.0
1.0,1.0,0.0,0.0,1.0,1.0,0.0,0.0
1.0,1.0,0.0,0.0,1.0,1.0,0.0,0.0
0.0,0.0,inf,inf,0.0,0.0,inf,inf
1.0,1.0,0.0,0.0,1.0,1.0,0.0,0.0
1.0,1.0,0.0,0.0,1.0,1.0,0.0,0.0
0.9408212560386473,0.8882554161915621,2.0,0.6149608583321159,0.8957952468007313,0.8112582781456954,2.8284271247461903,1.007769311327379
1.0,1.0,0.0,0.0,1.0,1.0,0.0,0.0
1.0,1.0,0.0,0.0,1.0,1.0,0.0,0.0
1.0,1.0,0.0,0.0,1.0,1.0,0.0,0.0
1.0,1.0,0.0,0.0,1.0,1.0,0.0,0.0
1.0,1.0,0.0,0.0,1.0,1.0,0.0,0.0
1.0,1.0,0.0,0.0,0.0,0.0,inf,inf
1.0,1.0,0.0,0.0,1.0,1.0,0.0,0.0
0.0,0.0,inf,inf,1.0,1.0,0.0,0.0
1.0,1.0,0.0,0.0,1.0,1.0,0.0,0.0
0.928923988153998,0.8672811059907835,4.0,0.7373493438387375,0.6746987951807228,0.509090909090909,3.605551275463989,1.5841858579870651
0.9628681177976952,0.928395061728395,1.0,0.5263157894736842,1.0,1.0,0.0,0.0
1.0,1.0,0.0,0.0,1.0,1.0,0.0,0.0
1.0,1.0,0.0,0.0,1.0,1.0,0.0,0.0
1.0,1.0,0.0,0.0,0.0,0.0,inf,inf
1.0,1.0,0.0,0.0,1.0,1.0,0.0,0.0
0.7311827956989247,0.576271186440678,3.295259744757061,1.1331085580538236,1.0,1.0,0.0,0.0
0.9709302325581395,0.943502824858757,1.0,0.31666666666666665,1.0,1.0,0.0,0.0
0.979805927091529,0.9604113110539846,1.4142135623730951,0.3197142726221375,1.0,1.0,0.0,0.0
0.0,0.0,inf,inf,0.0,0.0,inf,inf
1.0,1.0,0.0,0.0,1.0,1.0,0.0,0.0
0.9395604395604396,0.8860103626943006,3.605551275463989,1.2687070875734294,1.0,1.0,0.0,0.0
0.9519343493552169,0.9082774049217002,2.0,0.5360824742268041,1.0,1.0,0.0,0.0
1.0,1.0,0.0,0.0,1.0,1.0,0.0,0.0
0.0,0.0,inf,inf,1.0,1.0,0.0,0.0
1.0,1.0,0.0,0.0,1.0,1.0,0.0,0.0
1.0,1.0,0.0,0.0,1.0,1.0,0.0,0.0
0.932422171602126,0.8733997155049786,28.00134211135105,0.3438273161395446,0.9050847457627119,0.826625386996904,2.0,0.9150184105494048
1.0,1.0,0.0,0.0,1.0,1.0,0.0,0.0
0.9218181818181819,0.8549747048903878,3.0,0.8589743589743589,1.0,1.0,0.0,0.0
0.9412541254125413,0.8890274314214464,4.24526624090133,0.5079000825144152,0.974559686888454,0.950381679389313,2.0,0.6706761324332212
1.0,1.0,0.0,0.0,0.0,0.0,inf,inf
0.9635701275045537,0.929701230228471,8.06225774829855,0.3735702260395516,0.8700564971751412,0.77,1.4142135623730951,0.6747546895706428
0.9399585921325052,0.88671875,1.0,0.5098039215686274,1.0,1.0,0.0,0.0
0.890282131661442,0.8022598870056498,2.8284271247461903,0.6010626962521941,0.9699248120300752,0.9416058394160584,2.0,0.5623166422234102
0.9247842170160296,0.8600917431192661,7.0,0.7814031113759053,1.0,1.0,0.0,0.0
0.0,0.0,inf,inf,1.0,1.0,0.0,0.0
1.0,1.0,0.0,0.0,1.0,1.0,0.0,0.0
1.0,1.0,0.0,0.0,1.0,1.0,0.0,0.0
0.8963474827245804,0.8121645796064401,2.8284271247461903,1.2897596920218246,1.0,1.0,0.0,0.0
0.0,0.0,inf,inf,1.0,1.0,0.0,0.0
1.0,1.0,0.0,0.0,1.0,1.0,0.0,0.0
1.0,1.0,0.0,0.0,1.0,1.0,0.0,0.0
1.0,1.0,0.0,0.0,1.0,1.0,0.0,0.0
0.0,0.0,inf,inf,1.0,1.0,0.0,0.0
0.0,0.0,inf,inf,1.0,1.0,0.0,0.0
0.95836947094536,0.9200666111573689,1.4142135623730951,0.5208627916547873,0.9508571428571428,0.906318082788671,1.4142135623730951,0.4057971014492754
1.0,1.0,0.0,0.0,1.0,1.0,0.0,0.0
0.0,0.0,inf,inf,0.9453262786596119,0.8963210702341137,2.0,0.9319035593728848
0.0,0.0,inf,inf,0.0,0.0,inf,inf
1.0,1.0,0.0,0.0,1.0,1.0,0.0,0.0
0.945273631840796,0.8962264150943396,1.4142135623730951,0.5039076751167273,0.6966292134831461,0.5344827586206896,3.2879360111431213,1.675069861003654
0.0,0.0,inf,inf,0.0,0.0,inf,inf
0.9504577275175013,0.90559261159569,2.23606797749979,0.5337432203652853,1.0,1.0,0.0,0.0
0.0,0.0,inf,inf,0.0,0.0,inf,inf
1.0,1.0,0.0,0.0,1.0,1.0,0.0,0.0
0.9302325581395349,0.8695652173913043,3.0,0.9880580245561107,1.0,1.0,0.0,0.0
0.9160601649684619,0.8451208594449419,4.47213595499958,1.198293392721212,1.0,1.0,0.0,0.0
1.0,1.0,0.0,0.0,1.0,1.0,0.0,0.0
0.8951194184839044,0.8101503759398496,5.077032961426896,1.235673837429295,1.0,1.0,0.0,0.0
1.0,1.0,0.0,0.0,1.0,1.0,0.0,0.0
1.0,1.0,0.0,0.0,1.0,1.0,0.0,0.0
1.0,1.0,0.0,0.0,1.0,1.0,0.0,0.0
0.9368635437881874,0.8812260536398467,2.23606797749979,1.1371567101593354,0.9557956777996071,0.9153339604891816,2.8284271247461903,0.8224044255835902
0.9665071770334929,0.9351851851851852,1.0,0.21212121212121213,1.0,1.0,0.0,0.0
0.9776699029126213,0.956315289648623,1.0,0.39836597261663037,1.0,1.0,0.0,0.0
0.0,0.0,inf,inf,0.0,0.0,inf,inf
1.0,1.0,0.0,0.0,1.0,1.0,0.0,0.0
0.0,0.0,inf,inf,1.0,1.0,0.0,0.0
1.0,1.0,0.0,0.0,0.0,0.0,inf,inf
0.9760153501758875,0.9531542785758901,1.4142135623730951,0.37735849056603776,1.0,1.0,0.0,0.0
0.9724508050089445,0.9463788300835655,1.4142135623730951,0.4953258018108523,0.9036144578313253,0.8241758241758241,2.0,0.9453558225289727
1.0,1.0,0.0,0.0,1.0,1.0,0.0,0.0
1.0,1.0,0.0,0.0,1.0,1.0,0.0,0.0
0.9242310577644411,0.8591352859135286,2.23606797749979,1.0920329611450734,1.0,1.0,0.0,0.0
0.8644501278772379,0.7612612612612613,1.8242640687119218,0.7943679959493319,0.9779915464218044,0.9569309754706218,2.0,0.5972922404449236
1.0,1.0,0.0,0.0,1.0,1.0,0.0,0.0
0.9148401006108516,0.8430463576158941,5.923928352680377,0.8384216725252035,0.9531275518536665,0.9104524180967238,3.0,0.8136522009157232
0.8848223896663079,0.7934362934362934,2.8284271247461903,0.6726244987167749,0.9633620689655172,0.9293139293139293,2.0,0.7049533351804281
1.0,1.0,0.0,0.0,1.0,1.0,0.0,0.0
0.9455938697318008,0.8968023255813954,1.4142135623730951,0.563433151948377,1.0,1.0,0.0,0.0
1.0,1.0,0.0,0.0,1.0,1.0,0.0,0.0
0.0,0.0,inf,inf,1.0,1.0,0.0,0.0
1.0,1.0,0.0,0.0,0.0,0.0,inf,inf
0.0,0.0,inf,inf,1.0,1.0,0.0,0.0
1.0,1.0,0.0,0.0,0.0,0.0,inf,inf
1.0,1.0,0.0,0.0,1.0,1.0,0.0,0.0
0.0,0.0,inf,inf,1.0,1.0,0.0,0.0
0.759825327510917,0.6126760563380281,5.385164807134504,1.7010086871546228,0.5086206896551724,0.34104046242774566,4.109188309203679,1.86436202033635
1.0,1.0,0.0,0.0,1.0,1.0,0.0,0.0
0.959758551307847,0.9226305609284333,1.0,0.4372125131157172,0.9236947791164659,0.8582089552238806,1.0,0.5142857142857142
1.0,1.0,0.0,0.0,1.0,1.0,0.0,0.0
0.9697766097240473,0.9413265306122449,1.0,0.5412403538010373,1.0,1.0,0.0,0.0
1.0,1.0,0.0,0.0,1.0,1.0,0.0,0.0
1.0,1.0,0.0,0.0,1.0,1.0,0.0,0.0
0.0,0.0,inf,inf,0.0,0.0,inf,inf
0.9338410280818658,0.8758928571428571,3.1622776601683795,0.7262344826067721,0.7311827956989247,0.576271186440678,2.6803373379345903,1.1352724000104768
0.7391304347826086,0.5862068965517241,2.23606797749979,1.093612987659271,1.0,1.0,0.0,0.0
0.5251989389920424,0.35611510791366907,6.0,2.311995284406741,1.0,1.0,0.0,0.0
1.0,1.0,0.0,0.0,1.0,1.0,0.0,0.0
1.0,1.0,0.0,0.0,1.0,1.0,0.0,0.0
1.0,1.0,0.0,0.0,1.0,1.0,0.0,0.0
0.7807486631016043,0.6403508771929824,3.0,0.9327714473579487,1.0,1.0,0.0,0.0
0.9433727442439328,0.8928150765606596,7.0,0.5816380462911631,1.0,1.0,0.0,0.0
0.863013698630137,0.7590361445783133,2.0,0.6206896551724138,1.0,1.0,0.0,0.0
1.0,1.0,0.0,0.0,0.0,0.0,inf,inf
0.0,0.0,inf,inf,1.0,1.0,0.0,0.0
1.0,1.0,0.0,0.0,1.0,1.0,0.0,0.0
1.0,1.0,0.0,0.0,1.0,1.0,0.0,0.0
1.0,1.0,0.0,0.0,0.0,0.0,inf,inf
0.0,0.0,inf,inf,1.0,1.0,0.0,0.0
0.0,0.0,inf,inf,1.0,1.0,0.0,0.0
1.0,1.0,0.0,0.0,1.0,1.0,0.0,0.0
1.0,1.0,0.0,0.0,1.0,1.0,0.0,0.0
0.9470672389127325,0.8994565217391305,2.0,0.7065461158827727,1.0,1.0,0.0,0.0
0.9046563192904656,0.8259109311740891,7.0,1.2077746551348296,1.0,1.0,0.0,0.0
0.0,0.0,inf,inf,1.0,1.0,0.0,0.0
0.9635416666666666,0.9296482412060302,1.4142135623730951,0.31971971263449017,1.0,1.0,0.0,0.0
1.0,1.0,0.0,0.0,1.0,1.0,0.0,0.0
1.0,1.0,0.0,0.0,1.0,1.0,0.0,0.0
0.9829571625978811,0.9664855072463768,1.0,0.3,1.0,1.0,0.0,0.0
0.8974789915966387,0.8140243902439024,2.0,0.8012493438828425,0.9818930041152263,0.9644300727566694,2.0,0.557829569181044
0.0,0.0,inf,inf,1.0,1.0,0.0,0.0
1.0,1.0,0.0,0.0,1.0,1.0,0.0,0.0
1.0,1.0,0.0,0.0,0.0,0.0,inf,inf
1.0,1.0,0.0,0.0,1.0,1.0,0.0,0.0
0.0,0.0,inf,inf,0.0,0.0,inf,inf
1.0,1.0,0.0,0.0,1.0,1.0,0.0,0.0
1.0,1.0,0.0,0.0,0.0,0.0,inf,inf
1.0,1.0,0.0,0.0,0.0,0.0,inf,inf
1.0,1.0,0.0,0.0,1.0,1.0,0.0,0.0
1.0,1.0,0.0,0.0,1.0,1.0,0.0,0.0
0.0,0.0,inf,inf,1.0,1.0,0.0,0.0
0.9837642814191221,0.9680473372781065,1.0,0.25742574257425743,1.0,1.0,0.0,0.0
1.0,1.0,0.0,0.0,1.0,1.0,0.0,0.0
1.0,1.0,0.0,0.0,1.0,1.0,0.0,0.0
0.8996763754045307,0.8176470588235294,1.4142135623730951,0.6853553390593274,1.0,1.0,0.0,0.0
0.967501692620176,0.9370491803278689,9.137464797715152,0.48120300751879697,1.0,1.0,0.0,0.0
1.0,1.0,0.0,0.0,1.0,1.0,0.0,0.0
0.0,0.0,inf,inf,0.0,0.0,inf,inf
1.0,1.0,0.0,0.0,1.0,1.0,0.0,0.0
1.0,1.0,0.0,0.0,1.0,1.0,0.0,0.0
1.0,1.0,0.0,0.0,1.0,1.0,0.0,0.0
1.0,1.0,0.0,0.0,1.0,1.0,0.0,0.0
1.0,1.0,0.0,0.0,1.0,1.0,0.0,0.0
1.0,1.0,0.0,0.0,1.0,1.0,0.0,0.0
0.0,0.0,inf,inf,1.0,1.0,0.0,0.0
0.0,0.0,inf,inf,0.0,0.0,inf,inf
0.0,0.0,inf,inf,1.0,1.0,0.0,0.0
0.9308520343003102,0.8706484641638226,9.305319127198368,0.7331001327323042,0.9015979814970564,0.8208269525267994,2.8284271247461903,1.1828687731876057
0.9620328849028401,0.9268433179723502,1.0,0.4194560207551235,1.0,1.0,0.0,0.0
1.0,1.0,0.0,0.0,1.0,1.0,0.0,0.0
1.0,1.0,0.0,0.0,1.0,1.0,0.0,0.0
0.9620615604867573,0.926896551724138,2.0,0.4212497400290508,1.0,1.0,0.0,0.0
1.0,1.0,0.0,0.0,1.0,1.0,0.0,0.0
0.9628140703517588,0.9282945736434108,1.0,0.42857142857142855,1.0,1.0,0.0,0.0
0.9788550799381124,0.9585858585858585,2.884414755367792,0.44568837981459364,1.0,1.0,0.0,0.0
0.0,0.0,inf,inf,1.0,1.0,0.0,0.0
1.0,1.0,0.0,0.0,1.0,1.0,0.0,0.0
1.0,1.0,0.0,0.0,1.0,1.0,0.0,0.0
0.9428076256499134,0.8918032786885246,2.2124611797498055,0.6388458519714577,1.0,1.0,0.0,0.0
0.0,0.0,inf,inf,1.0,1.0,0.0,0.0
1.0,1.0,0.0,0.0,1.0,1.0,0.0,0.0
0.9278688524590164,0.8654434250764526,2.9742640687119275,0.4966164173572853,1.0,1.0,0.0,0.0
0.0,0.0,inf,inf,0.0,0.0,inf,inf
0.0,0.0,inf,inf,1.0,1.0,0.0,0.0
1.0,1.0,0.0,0.0,1.0,1.0,0.0,0.0
1.0,1.0,0.0,0.0,1.0,1.0,0.0,0.0
1.0,1.0,0.0,0.0,1.0,1.0,0.0,0.0
1.0,1.0,0.0,0.0,1.0,1.0,0.0,0.0
0.9317773788150808,0.8722689075630252,1.4142135623730951,0.5420235643179242,0.9275675675675675,0.8649193548387096,2.0,0.8275919666078506
1.0,1.0,0.0,0.0,0.9671980941909474,0.9364797728885734,3.0892527130926104,0.8561023439892562
0.9657407407407408,0.9337511190689346,6.324555320336759,0.2980177162390233,1.0,1.0,0.0,0.0
1.0,1.0,0.0,0.0,1.0,1.0,0.0,0.0
0.9228529839883551,0.8567567567567568,6.479394161199479,1.229634751582587,1.0,1.0,0.0,0.0
0.9784714747039828,0.9578503688092729,1.0,0.38341968911917096,1.0,1.0,0.0,0.0
0.0,0.0,inf,inf,1.0,1.0,0.0,0.0
0.0,0.0,inf,inf,1.0,1.0,0.0,0.0
1.0,1.0,0.0,0.0,1.0,1.0,0.0,0.0
0.0,0.0,inf,inf,1.0,1.0,0.0,0.0
0.9805323798172427,0.9618082618862042,1.0,0.3842397901775642,1.0,1.0,0.0,0.0
1.0,1.0,0.0,0.0,1.0,1.0,0.0,0.0
1.0,1.0,0.0,0.0,1.0,1.0,0.0,0.0
0.8302658486707567,0.7097902097902098,3.4282418293457426,1.364110378798856,1.0,1.0,0.0,0.0
0.9591439688715954,0.9214953271028037,2.0,0.4964809063666638,1.0,1.0,0.0,0.0
0.9240506329113924,0.8588235294117647,1.0,0.4634146341463415,0.0,0.0,inf,inf
1.0,1.0,0.0,0.0,1.0,1.0,0.0,0.0
0.0,0.0,inf,inf,0.0,0.0,inf,inf
0.0,0.0,inf,inf,1.0,1.0,0.0,0.0
1.0,1.0,0.0,0.0,1.0,1.0,0.0,0.0
1.0,1.0,0.0,0.0,1.0,1.0,0.0,0.0
1.0,1.0,0.0,0.0,1.0,1.0,0.0,0.0
1.0,1.0,0.0,0.0,1.0,1.0,0.0,0.0
1.0,1.0,0.0,0.0,1.0,1.0,0.0,0.0
1.0,1.0,0.0,0.0,1.0,1.0,0.0,0.0
1.0,1.0,0.0,0.0,1.0,1.0,0.0,0.0
1.0,1.0,0.0,0.0,1.0,1.0,0.0,0.0
1.0,1.0,0.0,0.0,0.0,0.0,inf,inf
1.0,1.0,0.0,0.0,1.0,1.0,0.0,0.0
1.0,1.0,0.0,0.0,1.0,1.0,0.0,0.0
0.9142351900972591,0.8420195439739414,14.063961030678918,1.074614904059597,0.8671846096929338,0.7655127367733507,7.176093866162352,1.6704013184688071
0.9570552147239264,0.9176470588235294,1.0,0.38814723236982357,1.0,1.0,0.0,0.0
0.93296853625171,0.8743589743589744,1.6192388155425086,0.6262649536249386,1.0,1.0,0.0,0.0
1.0,1.0,0.0,0.0,1.0,1.0,0.0,0.0
0.9350333940497875,0.8779931584948689,3.105480479109443,0.8890437359295466,1.0,1.0,0.0,0.0
0.9324894514767933,0.8735177865612648,2.0,0.45329161333802365,0.9356357927786499,0.8790560471976401,2.0,0.6133477633175917
0.0,0.0,inf,inf,1.0,1.0,0.0,0.0
1.0,1.0,0.0,0.0,1.0,1.0,0.0,0.0
0.9588607594936709,0.9209726443768997,2.0,0.7002292510060176,1.0,1.0,0.0,0.0
1.0,1.0,0.0,0.0,1.0,1.0,0.0,0.0
0.0,0.0,inf,inf,1.0,1.0,0.0,0.0
0.0,0.0,inf,inf,0.0,0.0,inf,inf
1.0,1.0,0.0,0.0,1.0,1.0,0.0,0.0
0.0,0.0,inf,inf,0.0,0.0,inf,inf
1.0,1.0,0.0,0.0,1.0,1.0,0.0,0.0
0.0,0.0,inf,inf,1.0,1.0,0.0,0.0
1.0,1.0,0.0,0.0,1.0,1.0,0.0,0.0
0.9691235059760956,0.9400966183574879,3.6573067104793533,0.7066995376150277,1.0,1.0,0.0,0.0
1.0,1.0,0.0,0.0,1.0,1.0,0.0,0.0
0.9823232323232324,0.9652605459057072,1.0,0.32231404958677684,1.0,1.0,0.0,0.0
1.0,1.0,0.0,0.0,1.0,1.0,0.0,0.0
0.9247311827956989,0.86,1.0,0.4722222222222222,1.0,1.0,0.0,0.0
1.0,1.0,0.0,0.0,0.0,0.0,inf,inf
0.0,0.0,inf,inf,1.0,1.0,0.0,0.0
0.9685080020650491,0.938938938938939,1.4142135623730951,0.4537037037037037,1.0,1.0,0.0,0.0
0.9004065040650406,0.8188539741219963,2.8284271247461903,0.5435339791606236,0.9676558852950984,0.9373385012919897,2.0,0.5490575746104356
0.9176626826029216,0.8478527607361963,2.23606797749979,0.7416417399289758,0.9016949152542373,0.8209876543209876,3.0,0.8745060233058338
1.0,1.0,0.0,0.0,0.0,0.0,inf,inf
1.0,1.0,0.0,0.0,1.0,1.0,0.0,0.0
0.9128305582761999,0.8396396396396396,2.8284271247461903,0.6536379596353343,1.0,1.0,0.0,0.0
1.0,1.0,0.0,0.0,1.0,1.0,0.0,0.0
1.0,1.0,0.0,0.0,0.0,0.0,inf,inf
0.0,0.0,inf,inf,1.0,1.0,0.0,0.0
1.0,1.0,0.0,0.0,0.0,0.0,inf,inf
1.0,1.0,0.0,0.0,1.0,1.0,0.0,0.0
1.0,1.0,0.0,0.0,1.0,1.0,0.0,0.0
1.0,1.0,0.0,0.0,1.0,1.0,0.0,0.0
1.0,1.0,0.0,0.0,0.0,0.0,inf,inf
0.0,0.0,inf,inf,1.0,1.0,0.0,0.0
0.6153846153846154,0.4444444444444444,3.7830532015051936,1.3407736472545666,1.0,1.0,0.0,0.0
1.0,1.0,0.0,0.0,1.0,1.0,0.0,0.0
1.0,1.0,0.0,0.0,1.0,1.0,0.0,0.0
0.0,0.0,inf,inf,0.0,0.0,inf,inf
0.0,0.0,inf,inf,1.0,1.0,0.0,0.0
0.934612031386225,0.8772504091653028,2.0,0.5920242717007754,1.0,1.0,0.0,0.0
0.9301204819277108,0.8693693693693694,1.4142135623730951,0.5434782608695652,1.0,1.0,0.0,0.0
1.0,1.0,0.0,0.0,1.0,1.0,0.0,0.0
0.9687910643889619,0.9394711691621536,14.099548913285847,0.6025641025641025,1.0,1.0,0.0,0.0
0.0,0.0,inf,inf,1.0,1.0,0.0,0.0
0.0,0.0,inf,inf,1.0,1.0,0.0,0.0
1.0,1.0,0.0,0.0,1.0,1.0,0.0,0.0
0.9299719887955182,0.8691099476439791,5.830951894845301,0.6254291075559014,1.0,1.0,0.0,0.0
1.0,1.0,0.0,0.0,1.0,1.0,0.0,0.0
1.0,1.0,0.0,0.0,1.0,1.0,0.0,0.0
1.0,1.0,0.0,0.0,1.0,1.0,0.0,0.0
0.9393592677345538,0.8856526429341963,5.0990195135927845,0.3778651707710731,0.8794326241134752,0.7848101265822784,1.4142135623730951,0.734024269131373
1.0,1.0,0.0,0.0,0.0,0.0,inf,inf
1.0,1.0,0.0,0.0,1.0,1.0,0.0,0.0
0.9720021130480718,0.9455292908530318,1.4142135623730951,0.4254076797510219,1.0,1.0,0.0,0.0
1.0,1.0,0.0,0.0,1.0,1.0,0.0,0.0
1.0,1.0,0.0,0.0,1.0,1.0,0.0,0.0
0.9806835066864784,0.9620991253644315,1.0,0.367910977882663,1.0,1.0,0.0,0.0
1.0,1.0,0.0,0.0,1.0,1.0,0.0,0.0
0.0,0.0,inf,inf,1.0,1.0,0.0,0.0
0.9412962334577536,0.889102564102564,10.774962035481302,0.869136235517412,0.9642716921868866,0.931008339651251,2.0,0.8860530058835054
1.0,1.0,0.0,0.0,1.0,1.0,0.0,0.0
1.0,1.0,0.0,0.0,1.0,1.0,0.0,0.0
0.9353448275862069,0.8785425101214575,3.0,0.870799547585698,0.936810970691046,0.8811330298431967,3.0,1.1289173103375418
1.0,1.0,0.0,0.0,1.0,1.0,0.0,0.0
0.9252295583734149,0.8608624898291294,2.0,0.7821610239360995,1.0,1.0,0.0,0.0
1.0,1.0,0.0,0.0,1.0,1.0,0.0,0.0
0.9335219236209336,0.8753315649867374,2.23606797749979,0.49416023586735813,0.941921858500528,0.8902195608782435,2.0,0.5540540540540541
1.0,1.0,0.0,0.0,1.0,1.0,0.0,0.0
0.0,0.0,inf,inf,1.0,1.0,0.0,0.0
1.0,1.0,0.0,0.0,0.7893333333333333,0.6519823788546255,2.4433936790360264,0.7780390184433922
1.0,1.0,0.0,0.0,1.0,1.0,0.0,0.0
1.0,1.0,0.0,0.0,1.0,1.0,0.0,0.0
1.0,1.0,0.0,0.0,1.0,1.0,0.0,0.0
0.8436830835117773,0.7296296296296296,2.23606797749979,0.9643000233953893,1.0,1.0,0.0,0.0
1.0,1.0,0.0,0.0,1.0,1.0,0.0,0.0
0.7848101265822784,0.6458333333333334,3.1622776601683795,1.1303802482766696,0.9494262643433914,0.9037216828478964,2.0,0.8478671425394069
0.9681818181818181,0.9383259911894273,1.0,0.35903255238783965,1.0,1.0,0.0,0.0
0.907563025210084,0.8307692307692308,1.5,0.2608695652173913,1.0,1.0,0.0,0.0
0.9510353227771011,0.9066418950301904,2.0,0.5114540024702215,1.0,1.0,0.0,0.0
0.9838817998656817,0.9682749504296101,1.0,0.2607540087773769,1.0,1.0,0.0,0.0
1.0,1.0,0.0,0.0,1.0,1.0,0.0,0.0
0.9561338289962825,0.915954415954416,2.1298373876248804,0.5877291234069303,1.0,1.0,0.0,0.0
1.0,1.0,0.0,0.0,0.0,0.0,inf,inf
1.0,1.0,0.0,0.0,1.0,1.0,0.0,0.0
1.0,1.0,0.0,0.0,1.0,1.0,0.0,0.0
0.0,0.0,inf,inf,1.0,1.0,0.0,0.0
0.9681289838770154,0.9382267441860465,2.0,0.49699651794652405,1.0,1.0,0.0,0.0
1.0,1.0,0.0,0.0,1.0,1.0,0.0,0.0
0.8832214765100671,0.7908653846153846,2.0,0.7421216536873251,1.0,1.0,0.0,0.0
0.0,0.0,inf,inf,1.0,1.0,0.0,0.0
1.0,1.0,0.0,0.0,1.0,1.0,0.0,0.0
0.0,0.0,inf,inf,0.0,0.0,inf,inf
0.0,0.0,inf,inf,1.0,1.0,0.0,0.0
1.0,1.0,0.0,0.0,1.0,1.0,0.0,0.0
0.962457337883959,0.9276315789473685,2.0,0.5040609172781676,1.0,1.0,0.0,0.0
1.0,1.0,0.0,0.0,0.0,0.0,inf,inf
0.9704515889239919,0.9425992779783393,2.0,0.5522586078173076,0.8457943925233645,0.7327935222672065,2.8284271247461903,1.202842712474619
0.9509906152241918,0.9065606361829026,2.23606797749979,0.7091176048347112,1.0,1.0,0.0,0.0
1.0,1.0,0.0,0.0,1.0,1.0,0.0,0.0
0.0,0.0,inf,inf,0.0,0.0,inf,inf
0.9606908874329958,0.9243553008595988,1.0,0.38545454545454544,1.0,1.0,0.0,0.0
1.0,1.0,0.0,0.0,0.0,0.0,inf,inf
1.0,1.0,0.0,0.0,1.0,1.0,0.0,0.0
0.9275534441805225,0.8648947951273532,3.4725691908753014,1.0094797617115712,1.0,1.0,0.0,0.0
0.0,0.0,inf,inf,1.0,1.0,0.0,0.0
1.0,1.0,0.0,0.0,1.0,1.0,0.0,0.0
1.0,1.0,0.0,0.0,1.0,1.0,0.0,0.0
0.0,0.0,inf,inf,0.8927943760984183,0.8063492063492064,2.23606797749979,0.9433275601127472
0.9616752271829316,0.926179604261796,2.0,0.6546274169979694,1.0,1.0,0.0,0.0
0.9624228827818284,0.9275675675675675,1.4142135623730951,0.5321149575618758,1.0,1.0,0.0,0.0
0.9704230625233995,0.9425454545454546,1.0,0.613254833995939,1.0,1.0,0.0,0.0
1.0,1.0,0.0,0.0,0.0,0.0,inf,inf
0.9476006618863761,0.90041928721174,2.0,0.8201652377401214,0.6923076923076923,0.5294117647058824,2.8284271247461903,1.6699785807166132
1.0,1.0,0.0,0.0,1.0,1.0,0.0,0.0
1.0,1.0,0.0,0.0,1.0,1.0,0.0,0.0
0.0,0.0,inf,inf,1.0,1.0,0.0,0.0
0.0,0.0,inf,inf,0.0,0.0,inf,inf
1.0,1.0,0.0,0.0,1.0,1.0,0.0,0.0
1.0,1.0,0.0,0.0,1.0,1.0,0.0,0.0
0.9016602809706258,0.8209302325581396,2.0,0.8555733992905966,1.0,1.0,0.0,0.0
1.0,1.0,0.0,0.0,1.0,1.0,0.0,0.0
0.9838920330866348,0.9682947729220223,1.79497474683057,0.3767258898432212,1.0,1.0,0.0,0.0
1.0,1.0,0.0,0.0,1.0,1.0,0.0,0.0
0.0,0.0,inf,inf,0.0,0.0,inf,inf
0.9109792284866469,0.8365122615803815,2.2953038922244264,0.9338997860981935,1.0,1.0,0.0,0.0
1.0,1.0,0.0,0.0,1.0,1.0,0.0,0.0
0.0,0.0,inf,inf,0.0,0.0,inf,inf
1.0,1.0,0.0,0.0,1.0,1.0,0.0,0.0
0.921906990348055,0.855127509495388,2.0,0.5871439960712109,0.0,0.0,inf,inf
1.0,1.0,0.0,0.0,1.0,1.0,0.0,0.0
0.9129901960784313,0.8399098083427283,3.684441020371187,0.6077521847567809,1.0,1.0,0.0,0.0
0.9514563106796117,0.9074074074074074,2.23606797749979,0.4902181402015594,1.0,1.0,0.0,0.0
1.0,1.0,0.0,0.0,1.0,1.0,0.0,0.0
0.9783001808318263,0.9575221238938053,1.0,0.38621055271628774,1.0,1.0,0.0,0.0
0.9804123711340206,0.961577350859454,1.0,0.28186272662933126,1.0,1.0,0.0,0.0
0.9496659242761692,0.904156064461408,2.23606797749979,0.6422941147539694,0.8541666666666666,0.7454545454545455,2.0,0.5121951219512195
1.0,1.0,0.0,0.0,1.0,1.0,0.0,0.0
1.0,1.0,0.0,0.0,1.0,1.0,0.0,0.0
1.0,1.0,0.0,0.0,1.0,1.0,0.0,0.0
1.0,1.0,0.0,0.0,0.0,0.0,inf,inf
0.0,0.0,inf,inf,1.0,1.0,0.0,0.0
0.9620945681906995,0.9269578313253012,10.63014581273465,0.3241913398713364,1.0,1.0,0.0,0.0
1.0,1.0,0.0,0.0,0.0,0.0,inf,inf
1.0,1.0,0.0,0.0,0.0,0.0,inf,inf
0.9460243760882182,0.8975770925110133,2.23606797749979,0.6133249700939002,0.40540540540540543,0.2542372881355932,2.8284271247461903,1.1475422309809327
1.0,1.0,0.0,0.0,1.0,1.0,0.0,0.0
0.9596697364242617,0.9224664224664225,8.018677324489563,0.34851706643001945,1.0,1.0,0.0,0.0
0.0,0.0,inf,inf,1.0,1.0,0.0,0.0
1.0,1.0,0.0,0.0,1.0,1.0,0.0,0.0
1.0,1.0,0.0,0.0,1.0,1.0,0.0,0.0
1.0,1.0,0.0,0.0,0.0,0.0,inf,inf
1.0,1.0,0.0,0.0,1.0,1.0,0.0,0.0
0.9751062537947783,0.9514218009478673,1.0,0.41664137693168135,1.0,1.0,0.0,0.0
0.9594803587998763,0.9221165279429251,1.4142135623730951,0.47282608695652173,1.0,1.0,0.0,0.0
1.0,1.0,0.0,0.0,1.0,1.0,0.0,0.0
1.0,1.0,0.0,0.0,1.0,1.0,0.0,0.0
1.0,1.0,0.0,0.0,1.0,1.0,0.0,0.0
1.0,1.0,0.0,0.0,1.0,1.0,0.0,0.0
0.0,0.0,inf,inf,0.0,0.0,inf,inf
0.9752229930624381,0.9516441005802708,2.0,0.3774137137566862,1.0,1.0,0.0,0.0
0.0,0.0,inf,inf,1.0,1.0,0.0,0.0
1.0,1.0,0.0,0.0,1.0,1.0,0.0,0.0
1.0,1.0,0.0,0.0,1.0,1.0,0.0,0.0
1.0,1.0,0.0,0.0,0.0,0.0,inf,inf
0.9583333333333334,0.92,2.53224755112299,0.5055118655987171,1.0,1.0,0.0,0.0
0.928117359413203,0.8658759124087592,3.0,0.9668185197695002,0.9478895257946848,0.9009410599306588,3.605551275463989,0.9335060672828432
0.9014869888475836,0.8206429780033841,6.708203932499369,1.1457080077455772,1.0,1.0,0.0,0.0
1.0,1.0,0.0,0.0,1.0,1.0,0.0,0.0
1.0,1.0,0.0,0.0,0.0,0.0,inf,inf
1.0,1.0,0.0,0.0,1.0,1.0,0.0,0.0
0.9831811629024507,0.9669187145557656,1.0,0.23357664233576642,1.0,1.0,0.0,0.0
0.9234507897934386,0.8577878103837472,9.043908891458575,0.6993921029633157,0.9699503527567285,0.9416539827498731,3.0,0.8097135275453172
1.0,1.0,0.0,0.0,0.0,0.0,inf,inf
0.0,0.0,inf,inf,0.0,0.0,inf,inf
0.0,0.0,inf,inf,0.0,0.0,inf,inf
0.0,0.0,inf,inf,1.0,1.0,0.0,0.0
1.0,1.0,0.0,0.0,1.0,1.0,0.0,0.0
1.0,1.0,0.0,0.0,1.0,1.0,0.0,0.0
1.0,1.0,0.0,0.0,1.0,1.0,0.0,0.0
0.9385640266469282,0.8842398884239888,3.0,0.8492468168467907,0.9072543617998163,0.8302521008403362,2.8284271247461903,1.1180067097374036
1.0,1.0,0.0,0.0,1.0,1.0,0.0,0.0
1.0,1.0,0.0,0.0,1.0,1.0,0.0,0.0
1.0,1.0,0.0,0.0,1.0,1.0,0.0,0.0
1.0,1.0,0.0,0.0,1.0,1.0,0.0,0.0
1.0,1.0,0.0,0.0,1.0,1.0,0.0,0.0
1.0,1.0,0.0,0.0,1.0,1.0,0.0,0.0
0.9657444005270093,0.9337579617834395,1.0,0.4091370591204783,1.0,1.0,0.0,0.0
1.0,1.0,0.0,0.0,1.0,1.0,0.0,0.0
1.0,1.0,0.0,0.0,1.0,1.0,0.0,0.0
1.0,1.0,0.0,0.0,1.0,1.0,0.0,0.0
0.9083568833266048,0.8321005917159763,3.605551275463989,1.2065401752645297,1.0,1.0,0.0,0.0
1.0,1.0,0.0,0.0,1.0,1.0,0.0,0.0
1.0,1.0,0.0,0.0,1.0,1.0,0.0,0.0
0.9625761531766753,0.9278523489932886,1.4142135623730951,0.6266812159069932,1.0,1.0,0.0,0.0
1.0,1.0,0.0,0.0,1.0,1.0,0.0,0.0
1.0,1.0,0.0,0.0,1.0,1.0,0.0,0.0
1.0,1.0,0.0,0.0,0.9324009324009324,0.8733624454148472,1.4142135623730951,0.7786474576599257
1.0,1.0,0.0,0.0,1.0,1.0,0.0,0.0
1.0,1.0,0.0,0.0,1.0,1.0,0.0,0.0
0.918026016931654,0.8484732824427481,5.0,1.4478239087248859,0.8586251621271076,0.7522727272727273,3.605551275463989,0.9559503767325859
1.0,1.0,0.0,0.0,1.0,1.0,0.0,0.0
0.94770819883796,0.9006134969325154,2.0,0.5680912769620103,0.7386363636363636,0.5855855855855856,2.0118033988749886,1.4532550705829743
0.0,0.0,inf,inf,1.0,1.0,0.0,0.0
0.9309504467912266,0.8708206686930091,2.23606797749979,0.6422667339143646,1.0,1.0,0.0,0.0
1.0,1.0,0.0,0.0,1.0,1.0,0.0,0.0
1.0,1.0,0.0,0.0,1.0,1.0,0.0,0.0
0.9404145077720207,0.8875305623471883,1.0,0.42045454545454547,1.0,1.0,0.0,0.0
0.976408656658218,0.9539047619047619,1.4142135623730951,0.4110570740046832,0.7422680412371134,0.5901639344262295,2.8284271247461903,1.0218590712647988
1.0,1.0,0.0,0.0,1.0,1.0,0.0,0.0
0.9326092322883238,0.8737280296022202,4.0,1.020009806876469,1.0,1.0,0.0,0.0
1.0,1.0,0.0,0.0,1.0,1.0,0.0,0.0
1.0,1.0,0.0,0.0,1.0,1.0,0.0,0.0
0.0,0.0,inf,inf,1.0,1.0,0.0,0.0
0.0,0.0,inf,inf,1.0,1.0,0.0,0.0
0.9668508287292817,0.9358288770053476,1.0,0.35384615384615387,1.0,1.0,0.0,0.0
0.9817518248175182,0.96415770609319,1.0,0.2117851130197758,1.0,1.0,0.0,0.0
0.0,0.0,inf,inf,1.0,1.0,0.0,0.0
1.0,1.0,0.0,0.0,1.0,1.0,0.0,0.0
1.0,1.0,0.0,0.0,1.0,1.0,0.0,0.0
1.0,1.0,0.0,0.0,1.0,1.0,0.0,0.0
1.0,1.0,0.0,0.0,1.0,1.0,0.0,0.0
1.0,1.0,0.0,0.0,1.0,1.0,0.0,0.0
1.0,1.0,0.0,0.0,1.0,1.0,0.0,0.0
0.9560887279311906,0.9158716392020815,7.523407139984301,0.5364952670954414,0.7407407407407407,0.5882352941176471,3.1460498941515413,1.4924926395761717
0.0,0.0,inf,inf,1.0,1.0,0.0,0.0
0.0,0.0,inf,inf,1.0,1.0,0.0,0.0
1.0,1.0,0.0,0.0,1.0,1.0,0.0,0.0
1.0,1.0,0.0,0.0,1.0,1.0,0.0,0.0
1.0,1.0,0.0,0.0,1.0,1.0,0.0,0.0
1.0,1.0,0.0,0.0,0.0,0.0,inf,inf
1.0,1.0,0.0,0.0,1.0,1.0,0.0,0.0
1.0,1.0,0.0,0.0,1.0,1.0,0.0,0.0
1.0,1.0,0.0,0.0,1.0,1.0,0.0,0.0
0.9261213720316622,0.8624078624078624,1.7656854249492346,0.7676404719451868,1.0,1.0,0.0,0.0
0.0,0.0,inf,inf,0.0,0.0,inf,inf
0.0,0.0,inf,inf,1.0,1.0,0.0,0.0
1.0,1.0,0.0,0.0,0.0,0.0,inf,inf
0.9570642201834862,0.9176636171710063,2.8284271247461903,0.6924060691033204,0.8338192419825073,0.715,2.23606797749979,0.9348991571388967
0.0,0.0,inf,inf,1.0,1.0,0.0,0.0
0.0,0.0,inf,inf,1.0,1.0,0.0,0.0
0.9650850492390332,0.9325259515570934,1.0,0.4523172353863142,1.0,1.0,0.0,0.0
1.0,1.0,0.0,0.0,1.0,1.0,0.0,0.0
0.9460688758934372,0.8976572133168927,3.1622776601683795,0.7478987542226272,1.0,1.0,0.0,0.0
0.973630237327864,0.9486154724521838,7.280109889280518,0.5377220869120796,1.0,1.0,0.0,0.0
0.9567633269664872,0.9171105193075899,9.856414911706292,0.8538925133301264,1.0,1.0,0.0,0.0
1.0,1.0,0.0,0.0,1.0,1.0,0.0,0.0
1.0,1.0,0.0,0.0,1.0,1.0,0.0,0.0
0.958109559613319,0.9195876288659793,1.4142135623730951,0.4497044811609067,0.9065981148243359,0.829153605015674,5.0990195135927845,1.7691631047116338
0.9282051282051282,0.8660287081339713,6.708203932499369,0.7200225699753785,1.0,1.0,0.0,0.0
0.9550231189575452,0.913917940466613,3.1541637771599587,0.8238619295949551,1.0,1.0,0.0,0.0
1.0,1.0,0.0,0.0,1.0,1.0,0.0,0.0
1.0,1.0,0.0,0.0,1.0,1.0,0.0,0.0
0.9298701298701298,0.8689320388349514,1.0,0.48,1.0,1.0,0.0,0.0
1.0,1.0,0.0,0.0,1.0,1.0,0.0,0.0
0.9068877551020408,0.8296382730455076,6.593109348850582,0.9738275003349798,1.0,1.0,0.0,0.0
0.9741315594974131,0.9495677233429395,1.0,0.32926829268292684,1.0,1.0,0.0,0.0
1.0,1.0,0.0,0.0,1.0,1.0,0.0,0.0
1.0,1.0,0.0,0.0,1.0,1.0,0.0,0.0
0.9633507853403142,0.9292929292929293,3.5168965524048597,0.46580872616897007,1.0,1.0,0.0,0.0
1.0,1.0,0.0,0.0,1.0,1.0,0.0,0.0
1.0,1.0,0.0,0.0,0.0,0.0,inf,inf
1.0,1.0,0.0,0.0,1.0,1.0,0.0,0.0
0.9724182168056447,0.9463171036204744,1.0,0.38296564543025186,1.0,1.0,0.0,0.0
1.0,1.0,0.0,0.0,1.0,1.0,0.0,0.0
0.0,0.0,inf,inf,1.0,1.0,0.0,0.0
0.0,0.0,inf,inf,0.0,0.0,inf,inf
0.0,0.0,inf,inf,1.0,1.0,0.0,0.0
1.0,1.0,0.0,0.0,1.0,1.0,0.0,0.0
0.9347536617842876,0.8775,2.8284271247461903,0.9667298288073628,1.0,1.0,0.0,0.0
0.0,0.0,inf,inf,0.0,0.0,inf,inf
0.0,0.0,inf,inf,1.0,1.0,0.0,0.0
1.0,1.0,0.0,0.0,1.0,1.0,0.0,0.0
0.9392523364485982,0.8854625550660793,1.0,0.4745625615449414,0.9705042816365367,0.9426987060998152,1.4142135623730951,0.5082046400673219
1.0,1.0,0.0,0.0,1.0,1.0,0.0,0.0
1.0,1.0,0.0,0.0,1.0,1.0,0.0,0.0
0.9514348785871964,0.9073684210526316,7.19607692249636,0.4667982737256768,1.0,1.0,0.0,0.0
0.9866429207479964,0.9736379613356766,1.0,0.20567375886524822,1.0,1.0,0.0,0.0
1.0,1.0,0.0,0.0,1.0,1.0,0.0,0.0
1.0,1.0,0.0,0.0,1.0,1.0,0.0,0.0
0.9679521998913634,0.9378947368421052,1.0,0.5252525252525253,1.0,1.0,0.0,0.0
1.0,1.0,0.0,0.0,1.0,1.0,0.0,0.0
0.0,0.0,inf,inf,1.0,1.0,0.0,0.0
1.0,1.0,0.0,0.0,0.9644958409413674,0.9314263322884012,2.0,0.8399288353086759
0.0,0.0,inf,inf,1.0,1.0,0.0,0.0
1.0,1.0,0.0,0.0,1.0,1.0,0.0,0.0
1.0,1.0,0.0,0.0,1.0,1.0,0.0,0.0
1.0,1.0,0.0,0.0,1.0,1.0,0.0,0.0
1.0,1.0,0.0,0.0,1.0,1.0,0.0,0.0
0.0,0.0,inf,inf,1.0,1.0,0.0,0.0
1.0,1.0,0.0,0.0,1.0,1.0,0.0,0.0
1.0,1.0,0.0,0.0,1.0,1.0,0.0,0.0
0.9550254204145483,0.9139221556886228,3.0,0.7303635662271134,1.0,1.0,0.0,0.0
0.9781260202415932,0.9571884984025559,1.0,0.3664363079803987,1.0,1.0,0.0,0.0
1.0,1.0,0.0,0.0,0.9710040738078122,0.9436422915696321,2.0,0.6323623376757822
0.0,0.0,inf,inf,1.0,1.0,0.0,0.0
0.8962739174219537,0.8120437956204379,2.23606797749979,0.5720428104975808,0.9687801738010943,0.9394506866416978,1.765685424949218,0.5939849624060151
0.9441809558555272,0.89426399447132,4.47213595499958,0.7469605017129423,0.9174311926605505,0.847457627118644,2.0,0.9080306055726494
0.0,0.0,inf,inf,1.0,1.0,0.0,0.0
0.9041095890410958,0.825,1.3313708498984749,0.5705583977195816,1.0,1.0,0.0,0.0
0.0,0.0,inf,inf,1.0,1.0,0.0,0.0
0.9114122962089962,0.8372428726091664,5.014852927038915,1.553377678051867,0.8856447688564477,0.7947598253275109,3.4060781485809573,0.8145872436093456
0.0,0.0,inf,inf,0.0,0.0,inf,inf
0.9339080459770115,0.876010781671159,3.0,0.8910512274389358,0.9473933649289099,0.90004502476362,3.0,1.074146409712022
1.0,1.0,0.0,0.0,1.0,1.0,0.0,0.0
0.0,0.0,inf,inf,1.0,1.0,0.0,0.0
0.0,0.0,inf,inf,0.0,0.0,inf,inf
1.0,1.0,0.0,0.0,1.0,1.0,0.0,0.0
0.0,0.0,inf,inf,0.0,0.0,inf,inf
1.0,1.0,0.0,0.0,1.0,1.0,0.0,0.0
1.0,1.0,0.0,0.0,1.0,1.0,0.0,0.0
1.0,1.0,0.0,0.0,1.0,1.0,0.0,0.0
0.0,0.0,inf,inf,0.0,0.0,inf,inf
0.9498680738786279,0.9045226130653267,1.0,0.4185048536902976,1.0,1.0,0.0,0.0
0.0,0.0,inf,inf,1.0,1.0,0.0,0.0
0.7906976744186046,0.6538461538461539,5.0,1.628587447568281,1.0,1.0,0.0,0.0
0.9530277306168647,0.9102702702702703,2.0,0.7497814065480977,1.0,1.0,0.0,0.0
0.0,0.0,inf,inf,1.0,1.0,0.0,0.0
0.0,0.0,inf,inf,1.0,1.0,0.0,0.0
0.9248826291079812,0.8602620087336245,4.824621125123517,1.139674381433749,0.9109730848861284,0.8365019011406845,2.83700576850888,0.9212774698884955
1.0,1.0,0.0,0.0,1.0,1.0,0.0,0.0
1.0,1.0,0.0,0.0,0.9701285855588526,0.9419900115251633,2.0,0.7105023965400548
0.0,0.0,inf,inf,1.0,1.0,0.0,0.0
0.9698630136986301,0.9414893617021277,1.0,0.20930232558139536,1.0,1.0,0.0,0.0
1.0,1.0,0.0,0.0,1.0,1.0,0.0,0.0
0.9452991452991453,0.8962722852512156,1.4142135623730951,1.1562891770015207,1.0,1.0,0.0,0.0
0.9743303571428571,0.9499455930359086,1.0,0.30708661417322836,1.0,1.0,0.0,0.0
0.9800822004426177,0.9609423434593924,1.9414213562372962,0.680773650356924,1.0,1.0,0.0,0.0
1.0,1.0,0.0,0.0,1.0,1.0,0.0,0.0
0.9425287356321839,0.8913043478260869,3.0,0.8135236358484789,1.0,1.0,0.0,0.0
1.0,1.0,0.0,0.0,1.0,1.0,0.0,0.0
0.0,0.0,inf,inf,0.0,0.0,inf,inf
0.0,0.0,inf,inf,1.0,1.0,0.0,0.0
1.0,1.0,0.0,0.0,1.0,1.0,0.0,0.0
0.9749719835636907,0.9511661807580175,1.1656854249492286,0.5142294156642935,1.0,1.0,0.0,0.0
0.8272727272727273,0.7054263565891473,2.23606797749979,0.896432607782914,1.0,1.0,0.0,0.0
1.0,1.0,0.0,0.0,1.0,1.0,0.0,0.0
0.0,0.0,inf,inf,0.0,0.0,inf,inf
1.0,1.0,0.0,0.0,1.0,1.0,0.0,0.0
1.0,1.0,0.0,0.0,1.0,1.0,0.0,0.0
1.0,1.0,0.0,0.0,1.0,1.0,0.0,0.0
0.8638392857142857,0.7603143418467584,3.0,0.785840285480905,0.967170785687938,0.9364285714285714,1.4142135623730951,0.6290322580645161
1.0,1.0,0.0,0.0,1.0,1.0,0.0,0.0
1.0,1.0,0.0,0.0,1.0,1.0,0.0,0.0
0.9464123524069028,0.8982758620689655,3.0,1.1044776119402986,0.7218045112781954,0.5647058823529412,3.154163777159961,1.4514933386598394
0.9098901098901099,0.8346774193548387,2.0,0.61719674871672,1.0,1.0,0.0,0.0
0.9502164502164502,0.9051546391752577,2.153444185374858,0.7820100790466289,1.0,1.0,0.0,0.0
1.0,1.0,0.0,0.0,1.0,1.0,0.0,0.0
0.0,0.0,inf,inf,0.0,0.0,inf,inf
0.8740031897926634,0.7762039660056658,43.94266778327315,0.4266666666666667,1.0,1.0,0.0,0.0
0.7254901960784313,0.5692307692307692,3.669260216629515,0.45454545454545453,0.8702290076335878,0.7702702702702703,1.0,0.5769230769230769
1.0,1.0,0.0,0.0,1.0,1.0,0.0,0.0
0.0,0.0,inf,inf,1.0,1.0,0.0,0.0
0.9690721649484536,0.94,1.0,0.493632756112751,1.0,1.0,0.0,0.0
1.0,1.0,0.0,0.0,1.0,1.0,0.0,0.0
1.0,1.0,0.0,0.0,1.0,1.0,0.0,0.0
0.9370915032679739,0.8816295157571099,2.23606797749979,0.5052337620908891,1.0,1.0,0.0,0.0
1.0,1.0,0.0,0.0,1.0,1.0,0.0,0.0
1.0,1.0,0.0,0.0,0.0,0.0,inf,inf
0.0,0.0,inf,inf,1.0,1.0,0.0,0.0
1.0,1.0,0.0,0.0,1.0,1.0,0.0,0.0
0.978920741989882,0.9587118084227911,1.0,0.3968253968253968,1.0,1.0,0.0,0.0
1.0,1.0,0.0,0.0,1.0,1.0,0.0,0.0
1.0,1.0,0.0,0.0,1.0,1.0,0.0,0.0
1.0,1.0,0.0,0.0,1.0,1.0,0.0,0.0
0.0,0.0,inf,inf,0.0,0.0,inf,inf
0.0,0.0,9.882931668593931,6.0,1.0,1.0,0.0,0.0
1.0,1.0,0.0,0.0,1.0,1.0,0.0,0.0
0.0,0.0,inf,inf,1.0,1.0,0.0,0.0
1.0,1.0,0.0,0.0,1.0,1.0,0.0,0.0
0.9446935724962631,0.8951841359773371,2.0,0.4895192569814619,0.94106463878327,0.8886894075403949,2.0,0.690022340980976
0.9497282608695652,0.9042690815006468,7.961454519341783,0.48050779783625214,0.5,0.3333333333333333,1.8535533905932737,0.6
1.0,1.0,0.0,0.0,1.0,1.0,0.0,0.0
1.0,1.0,0.0,0.0,0.0,0.0,inf,inf
0.9628712871287128,0.9284009546539379,1.0,0.3893129770992366,1.0,1.0,0.0,0.0
0.5789473684210527,0.4074074074074074,5.0990195135927845,1.7387047829855562,0.830423940149626,0.7100213219616205,4.47213595499958,1.4257761482701339
0.0,0.0,inf,inf,1.0,1.0,0.0,0.0
1.0,1.0,0.0,0.0,0.9494736842105264,0.9038076152304609,1.0,0.45977011494252873
0.5476190476190477,0.3770491803278688,10.946063869634179,3.7429490692360545,0.9146110056925996,0.8426573426573427,1.4435028842544386,0.5204710596585765
0.9858646616541353,0.972123368920522,3.7558128308491217,0.27609475708248726,1.0,1.0,0.0,0.0
1.0,1.0,0.0,0.0,1.0,1.0,0.0,0.0
1.0,1.0,0.0,0.0,1.0,1.0,0.0,0.0
1.0,1.0,0.0,0.0,1.0,1.0,0.0,0.0
0.9494640122511485,0.9037900874635568,1.4142135623730951,0.5807849956124789,1.0,1.0,0.0,0.0
1.0,1.0,0.0,0.0,1.0,1.0,0.0,0.0
0.9219858156028369,0.8552631578947368,3.0,0.9121429123087718,1.0,1.0,0.0,0.0
1.0,1.0,0.0,0.0,1.0,1.0,0.0,0.0
1.0,1.0,0.0,0.0,1.0,1.0,0.0,0.0
0.0,0.0,inf,inf,1.0,1.0,0.0,0.0
1.0,1.0,0.0,0.0,1.0,1.0,0.0,0.0
1.0,1.0,0.0,0.0,1.0,1.0,0.0,0.0
1.0,1.0,0.0,0.0,1.0,1.0,0.0,0.0
0.9610007358351729,0.9249291784702549,1.0,0.4020037467082999,0.7701863354037267,0.6262626262626263,2.23606797749979,1.2127275306410334
1.0,1.0,0.0,0.0,1.0,1.0,0.0,0.0
0.8518518518518519,0.7419354838709677,1.4142135623730951,0.5365685424949238,1.0,1.0,0.0,0.0
1.0,1.0,0.0,0.0,1.0,1.0,0.0,0.0
0.0,0.0,inf,inf,0.0,0.0,inf,inf
1.0,1.0,0.0,0.0,1.0,1.0,0.0,0.0
1.0,1.0,0.0,0.0,0.0,0.0,inf,inf
1.0,1.0,0.0,0.0,0.0,0.0,inf,inf
1.0,1.0,0.0,0.0,1.0,1.0,0.0,0.0
1.0,1.0,0.0,0.0,1.0,1.0,0.0,0.0
1.0,1.0,0.0,0.0,0.0,0.0,inf,inf
0.7394957983193278,0.5866666666666667,4.006155281280883,0.8852208163313018,1.0,1.0,0.0,0.0
0.9502487562189055,0.9052132701421801,1.0,0.3958333333333333,1.0,1.0,0.0,0.0
0.0,0.0,inf,inf,1.0,1.0,0.0,0.0
1.0,1.0,0.0,0.0,1.0,1.0,0.0,0.0
1.0,1.0,0.0,0.0,1.0,1.0,0.0,0.0
1.0,1.0,0.0,0.0,1.0,1.0,0.0,0.0
1.0,1.0,0.0,0.0,0.8148148148148148,0.6875,1.0,0.4
0.0,0.0,inf,inf,1.0,1.0,0.0,0.0
0.0,0.0,inf,inf,1.0,1.0,0.0,0.0
0.9555984555984556,0.9149722735674677,2.0,0.6804358415588929,1.0,1.0,0.0,0.0
1.0,1.0,0.0,0.0,1.0,1.0,0.0,0.0
1.0,1.0,0.0,0.0,0.0,0.0,inf,inf
0.970131421744325,0.9419953596287703,1.0,0.4807692307692308,1.0,1.0,0.0,0.0
1.0,1.0,0.0,0.0,1.0,1.0,0.0,0.0
1.0,1.0,0.0,0.0,1.0,1.0,0.0,0.0
1.0,1.0,0.0,0.0,1.0,1.0,0.0,0.0
0.0,0.0,inf,inf,0.0,0.0,inf,inf
1.0,1.0,0.0,0.0,1.0,1.0,0.0,0.0
0.9507707608155147,0.9061611374407583,1.4142135623730951,0.7621198881822521,0.7738693467336684,0.6311475409836066,2.165247584249852,1.2095334379684737
0.9813776082566749,0.9634361233480176,1.4142135623730951,0.4184098432466272,1.0,1.0,0.0,0.0
1.0,1.0,0.0,0.0,1.0,1.0,0.0,0.0
0.8387096774193549,0.7222222222222222,1.3727922061357851,0.5207106781186548,1.0,1.0,0.0,0.0
0.9862554475360376,0.9728835978835979,1.0,0.2676056338028169,1.0,1.0,0.0,0.0
1.0,1.0,0.0,0.0,0.0,0.0,inf,inf
0.9106529209621993,0.8359621451104101,8.086173937932362,1.8395112647332694,1.0,1.0,0.0,0.0
0.9368029739776952,0.8811188811188811,1.4142135623730951,0.4357755813019406,1.0,1.0,0.0,0.0
1.0,1.0,0.0,0.0,1.0,1.0,0.0,0.0
1.0,1.0,0.0,0.0,0.0,0.0,inf,inf
1.0,1.0,0.0,0.0,1.0,1.0,0.0,0.0
0.9475935828877006,0.9004065040650406,2.8284271247461903,0.7480175096493544,1.0,1.0,0.0,0.0
1.0,1.0,0.0,0.0,1.0,1.0,0.0,0.0
0.9569019362898189,0.9173652694610779,2.0,0.489444515886344,1.0,1.0,0.0,0.0
0.948301329394387,0.901685393258427,3.0,0.8486529469989821,0.6967213114754098,0.5345911949685535,3.1622776601683795,1.3174541260349435
0.9502050380785003,0.9051339285714286,2.188854381999828,0.6764705882352942,1.0,1.0,0.0,0.0
1.0,1.0,0.0,0.0,1.0,1.0,0.0,0.0
0.7965367965367965,0.6618705035971223,4.0,0.9372048335647033,0.944920440636475,0.8955916473317865,2.023606797749971,0.8614028003558079
1.0,1.0,0.0,0.0,1.0,1.0,0.0,0.0
1.0,1.0,0.0,0.0,1.0,1.0,0.0,0.0
0.0,0.0,inf,inf,1.0,1.0,0.0,0.0
1.0,1.0,0.0,0.0,1.0,1.0,0.0,0.0
1.0,1.0,0.0,0.0,1.0,1.0,0.0,0.0
0.9631449631449631,0.9289099526066351,1.4142135623730951,0.4857125259115389,1.0,1.0,0.0,0.0
0.0,0.0,inf,inf,1.0,1.0,0.0,0.0
1.0,1.0,0.0,0.0,1.0,1.0,0.0,0.0
0.9303621169916435,0.8697916666666666,4.092329219213245,1.0467005216297345,0.7363636363636363,0.5827338129496403,2.0,1.4904869283203066
0.944516129032258,0.8948655256723717,1.0,0.4457831325301205,0.9651387992253067,0.932626325639426,2.0,0.6316630858315319
1.0,1.0,0.0,0.0,0.9588497768963807,0.920952380952381,2.23606797749979,0.4722222222222222
0.9786675418444372,0.9582262210796915,12.30650502986812,0.3188405797101449,1.0,1.0,0.0,0.0
0.0,0.0,inf,inf,0.0,0.0,inf,inf
0.9731568998109641,0.9477172312223858,1.0,0.4068965517241379,1.0,1.0,0.0,0.0
0.0,0.0,inf,inf,1.0,1.0,0.0,0.0
1.0,1.0,0.0,0.0,1.0,1.0,0.0,0.0
0.9361179361179361,0.8799076212471132,4.045472473094607,1.0046452802421397,0.9103139013452914,0.8353909465020576,2.8451196515172987,0.8318279179384487
0.0,0.0,inf,inf,1.0,1.0,0.0,0.0
1.0,1.0,0.0,0.0,1.0,1.0,0.0,0.0
0.9732895970009372,0.9479689639434048,2.0,0.4486486486486487,1.0,1.0,0.0,0.0
0.9709208400646203,0.9434850863422292,1.4142135623730951,0.5611528507157988,1.0,1.0,0.0,0.0
1.0,1.0,0.0,0.0,1.0,1.0,0.0,0.0
0.0,0.0,inf,inf,1.0,1.0,0.0,0.0
0.869757174392936,0.76953125,4.47213595499958,1.6078979518862033,1.0,1.0,0.0,0.0
0.9590909090909091,0.9213973799126638,6.766563145999475,0.6579779307676757,0.9216799091940976,0.8547368421052631,2.0,0.8376903958192329
1.0,1.0,0.0,0.0,0.0,0.0,inf,inf
1.0,1.0,0.0,0.0,1.0,1.0,0.0,0.0
0.8993362831858407,0.8170854271356784,7.0,1.7347487977807035,1.0,1.0,0.0,0.0
1.0,1.0,0.0,0.0,1.0,1.0,0.0,0.0
0.9608287471673681,0.9246105919003115,11.40175425099138,0.36879432624113473,1.0,1.0,0.0,0.0
0.9771364317841079,0.9552949798460975,1.0,0.44685910656847544,0.8395061728395061,0.723404255319149,2.23606797749979,1.0326578783716964
1.0,1.0,0.0,0.0,1.0,1.0,0.0,0.0
1.0,1.0,0.0,0.0,1.0,1.0,0.0,0.0
0.9517990495587237,0.9080310880829016,1.2071067811865475,0.5929199221505235,1.0,1.0,0.0,0.0
0.0,0.0,inf,inf,1.0,1.0,0.0,0.0
1.0,1.0,0.0,0.0,1.0,1.0,0.0,0.0
1.0,1.0,0.0,0.0,1.0,1.0,0.0,0.0
0.0,0.0,inf,inf,0.0,0.0,inf,inf
0.9741521539871677,0.9496068620443173,2.0,0.5509259259259259,1.0,1.0,0.0,0.0
0.9560975609756097,0.9158878504672897,1.4142135623730951,0.49194677051109303,0.9235668789808917,0.8579881656804734,2.0,0.7228915662650602
1.0,1.0,0.0,0.0,1.0,1.0,0.0,0.0
0.0,0.0,inf,inf,1.0,1.0,0.0,0.0
1.0,1.0,0.0,0.0,0.0,0.0,inf,inf
0.9463869463869464,0.8982300884955752,2.0,0.5410452614418746,1.0,1.0,0.0,0.0
0.0,0.0,inf,inf,0.0,0.0,inf,inf
0.9343339587242027,0.8767605633802817,2.1062305898749027,0.7910447761194029,0.9596879063719116,0.9225,3.0,0.7179749242541265
1.0,1.0,0.0,0.0,1.0,1.0,0.0,0.0
0.9121813031161473,0.8385416666666666,2.0944271909999173,0.6527777777777778,1.0,1.0,0.0,0.0
1.0,1.0,0.0,0.0,1.0,1.0,0.0,0.0
1.0,1.0,0.0,0.0,1.0,1.0,0.0,0.0
0.0,0.0,inf,inf,0.9453262786596119,0.8963210702341137,1.4142135623730951,0.4762762393796092
1.0,1.0,0.0,0.0,1.0,1.0,0.0,0.0
0.7375886524822695,0.5842696629213483,3.0,0.6896551724137931,0.8243243243243243,0.7011494252873564,2.0,0.871936198656182
1.0,1.0,0.0,0.0,1.0,1.0,0.0,0.0
0.9635835185501795,0.929726162982514,3.0,0.7551115531767265,1.0,1.0,0.0,0.0
0.9562326869806094,0.916135881104034,1.765685424949218,0.39898150707396524,1.0,1.0,0.0,0.0
0.6333333333333333,0.4634146341463415,5.039607805437113,2.483836537582331,1.0,1.0,0.0,0.0
0.9487908961593172,0.9025710419485792,1.4142135623730951,0.5043601427618221,1.0,1.0,0.0,0.0
0.9686609686609686,0.9392265193370166,1.0,0.25,1.0,1.0,0.0,0.0
1.0,1.0,0.0,0.0,1.0,1.0,0.0,0.0
0.0,0.0,inf,inf,1.0,1.0,0.0,0.0
1.0,1.0,0.0,0.0,1.0,1.0,0.0,0.0
0.0,0.0,inf,inf,1.0,1.0,0.0,0.0
1.0,1.0,0.0,0.0,1.0,1.0,0.0,0.0
1.0,1.0,0.0,0.0,1.0,1.0,0.0,0.0
0.9410029498525073,0.8885793871866295,2.0,0.7905333925148258,1.0,1.0,0.0,0.0
0.0,0.0,inf,inf,1.0,1.0,0.0,0.0
0.0,0.0,inf,inf,1.0,1.0,0.0,0.0
1.0,1.0,0.0,0.0,1.0,1.0,0.0,0.0
0.9633848657445078,0.9293563579277865,1.0,0.4501544952431858,0.9397590361445783,0.8863636363636364,1.0,0.5425380791638466
0.9588504245591117,0.9209535759096612,1.0,0.6237623762376238,1.0,1.0,0.0,0.0
0.8370136698212408,0.7197106690777577,5.05446073247603,1.6895689994715664,0.5161290322580645,0.34782608695652173,3.5449961479175895,1.6469895973828832
0.9195402298850575,0.851063829787234,4.0,0.7174386867966887,0.0,0.0,inf,inf
1.0,1.0,0.0,0.0,1.0,1.0,0.0,0.0
0.9548611111111112,0.9136212624584718,1.4142135623730951,0.4337776968446083,0.9513641755634639,0.9072398190045249,2.0,0.5832266766249171
0.803088803088803,0.6709677419354839,2.0,1.2184358705196257,1.0,1.0,0.0,0.0
1.0,1.0,0.0,0.0,1.0,1.0,0.0,0.0
1.0,1.0,0.0,0.0,1.0,1.0,0.0,0.0
1.0,1.0,0.0,0.0,1.0,1.0,0.0,0.0
1.0,1.0,0.0,0.0,1.0,1.0,0.0,0.0
0.9411764705882353,0.8888888888888888,1.4142135623730951,0.5722344740518149,1.0,1.0,0.0,0.0
0.9251439539347409,0.8607142857142858,1.4142135623730951,0.545619792334616,0.0,0.0,inf,inf
1.0,1.0,0.0,0.0,1.0,1.0,0.0,0.0
0.0,0.0,inf,inf,0.0,0.0,inf,inf
1.0,1.0,0.0,0.0,1.0,1.0,0.0,0.0
0.9818360333824251,0.9643201542912246,1.0,0.3787315368672646,1.0,1.0,0.0,0.0
0.9335604770017035,0.8753993610223643,1.2485281374238548,0.4411764705882353,1.0,1.0,0.0,0.0
0.8995215311004785,0.8173913043478261,2.354539806949063,0.9463469768055152,1.0,1.0,0.0,0.0
1.0,1.0,0.0,0.0,1.0,1.0,0.0,0.0
0.0,0.0,inf,inf,1.0,1.0,0.0,0.0
0.9773482331621867,0.9556999409332546,3.842220510185582,0.9372408199998898,1.0,1.0,0.0,0.0
1.0,1.0,0.0,0.0,0.9132947976878613,0.8404255319148937,1.4142135623730951,0.60066109592433
0.0,0.0,inf,inf,0.0,0.0,inf,inf
1.0,1.0,0.0,0.0,1.0,1.0,0.0,0.0
0.9602869587496797,0.9236076885165106,2.0,0.4616294305526382,1.0,1.0,0.0,0.0
1.0,1.0,0.0,0.0,1.0,1.0,0.0,0.0
0.9237113402061856,0.8582375478927203,2.0,0.6530612244897959,1.0,1.0,0.0,0.0
0.9182630906768838,0.8488783943329398,1.4142135623730951,0.4742016078527919,0.8192771084337349,0.6938775510204082,2.8284271247461903,0.7470256174164491
0.0,0.0,inf,inf,0.0,0.0,inf,inf
1.0,1.0,0.0,0.0,0.0,0.0,inf,inf
1.0,1.0,0.0,0.0,1.0,1.0,0.0,0.0
1.0,1.0,0.0,0.0,1.0,1.0,0.0,0.0
0.9619686800894854,0.9267241379310345,2.0,0.5240437574815007,1.0,1.0,0.0,0.0
0.0,0.0,inf,inf,1.0,1.0,0.0,0.0
0.944206008583691,0.8943089430894309,1.0,0.3235294117647059,1.0,1.0,0.0,0.0
0.0,0.0,inf,inf,0.0,0.0,inf,inf
0.9090909090909091,0.8333333333333334,4.123105625617661,0.8824326011114424,0.5283018867924528,0.358974358974359,2.082623792124926,1.2062851924841107
1.0,1.0,0.0,0.0,0.0,0.0,inf,inf
0.9734982332155477,0.9483648881239243,1.0,0.3422017337766885,1.0,1.0,0.0,0.0
0.9847480106100795,0.9699542782495101,1.0,0.28378378378378377,1.0,1.0,0.0,0.0
0.0,0.0,inf,inf,0.0,0.0,inf,inf
1.0,1.0,0.0,0.0,1.0,1.0,0.0,0.0
0.8887033945464663,0.799699549323986,5.024754878398197,1.256279642881192,1.0,1.0,0.0,0.0
0.9601694915254237,0.9233903830480847,2.0,0.6417921838801024,1.0,1.0,0.0,0.0
1.0,1.0,0.0,0.0,1.0,1.0,0.0,0.0
0.9426915647134578,0.8915956151035322,2.0,0.7129728306437884,1.0,1.0,0.0,0.0
1.0,1.0,0.0,0.0,1.0,1.0,0.0,0.0
1.0,1.0,0.0,0.0,0.8914027149321267,0.8040816326530612,2.0,1.0034289521688118
1.0,1.0,0.0,0.0,1.0,1.0,0.0,0.0
1.0,1.0,0.0,0.0,1.0,1.0,0.0,0.0
1.0,1.0,0.0,0.0,0.0,0.0,inf,inf
1.0,1.0,0.0,0.0,1.0,1.0,0.0,0.0
0.9283630470016208,0.8663036902601331,3.605551275463989,0.8529540790694818,1.0,1.0,0.0,0.0
0.9581646423751687,0.9196891191709845,1.0,0.4603174603174603,1.0,1.0,0.0,0.0
0.9390034364261168,0.8850202429149797,6.0,1.023817967136041,1.0,1.0,0.0,0.0
1.0,1.0,0.0,0.0,1.0,1.0,0.0,0.0
1.0,1.0,0.0,0.0,1.0,1.0,0.0,0.0
1.0,1.0,0.0,0.0,1.0,1.0,0.0,0.0
0.9441624365482234,0.8942307692307693,1.0,0.455615117753805,0.9558645707376058,0.9154603358425014,2.0,0.8646319371835259
0.9610672474816226,0.9250524109014675,12.0,0.4624277456647399,1.0,1.0,0.0,0.0
1.0,1.0,0.0,0.0,1.0,1.0,0.0,0.0
0.89375,0.807909604519774,2.0,0.8134154836571709,1.0,1.0,0.0,0.0
1.0,1.0,0.0,0.0,1.0,1.0,0.0,0.0
1.0,1.0,0.0,0.0,1.0,1.0,0.0,0.0
0.864,0.7605633802816901,4.47213595499958,1.623942020935977,1.0,1.0,0.0,0.0
1.0,1.0,0.0,0.0,1.0,1.0,0.0,0.0
0.0,0.0,inf,inf,1.0,1.0,0.0,0.0
0.9523227383863081,0.9089848308051341,1.4142135623730951,0.4016393442622951,0.9513742071881607,0.907258064516129,1.4142135623730951,0.4166666666666667
1.0,1.0,0.0,0.0,0.0,0.0,inf,inf
0.9440203562340967,0.8939759036144578,1.0,0.5,1.0,1.0,0.0,0.0
1.0,1.0,0.0,0.0,0.0,0.0,inf,inf
1.0,1.0,0.0,0.0,1.0,1.0,0.0,0.0
1.0,1.0,0.0,0.0,1.0,1.0,0.0,0.0
0.0,0.0,inf,inf,1.0,1.0,0.0,0.0
0.9597989949748744,0.9227053140096618,1.0,0.3968804931772035,0.9488372093023256,0.9026548672566371,1.4142135623730951,0.6267049374944825
1.0,1.0,0.0,0.0,1.0,1.0,0.0,0.0
0.9410916951900559,0.8887376658727458,6.0,0.6478263233765027,0.9209302325581395,0.853448275862069,2.0118033988749855,0.9345986615417913
0.95372460496614,0.9115426105717368,1.4142135623730951,0.6090909090909091,1.0,1.0,0.0,0.0
0.9112107623318386,0.8369028006589786,4.0,0.5542588400217715,0.9628482972136223,0.9283582089552239,2.0,0.6742543118830098
0.9009247027741083,0.8197115384615384,3.1622776601683795,0.8671351309837442,0.907842014882656,0.8312368972746331,4.0,0.7399138543315961
0.0,0.0,inf,inf,1.0,1.0,0.0,0.0
0.0,0.0,inf,inf,1.0,1.0,0.0,0.0
0.0,0.0,inf,inf,1.0,1.0,0.0,0.0
0.8954996186117468,0.8107734806629834,3.0,0.67195083199192,1.0,1.0,0.0,0.0
1.0,1.0,0.0,0.0,1.0,1.0,0.0,0.0
0.9791284020704625,0.9591102387962054,1.0,0.3940520446096654,1.0,1.0,0.0,0.0
1.0,1.0,0.0,0.0,1.0,1.0,0.0,0.0
0.948051948051948,0.9012345679012346,1.372792206135782,0.4787100428267725,0.7733333333333333,0.6304347826086957,1.4142135623730951,0.47058823529411764
1.0,1.0,0.0,0.0,1.0,1.0,0.0,0.0
0.9628543499511242,0.9283694627709708,4.4491864282115445,0.31035092119381297,1.0,1.0,0.0,0.0
0.954248366013072,0.9125,1.0,0.43966643470642225,0.9550173010380623,0.9139072847682119,1.0,0.4925373134328358
1.0,1.0,0.0,0.0,1.0,1.0,0.0,0.0
0.9707893101305158,0.9432367149758454,1.0,0.4791666666666667,1.0,1.0,0.0,0.0
1.0,1.0,0.0,0.0,1.0,1.0,0.0,0.0
0.9696296296296296,0.9410496046010065,1.4142135623730951,0.5038326698782918,1.0,1.0,0.0,0.0
0.9744990892531876,0.9502664298401421,1.4435028842544138,0.46842105263157896,1.0,1.0,0.0,0.0
0.0,0.0,inf,inf,0.0,0.0,inf,inf
1.0,1.0,0.0,0.0,1.0,1.0,0.0,0.0
0.9578246392896781,0.919062832800852,2.0,0.4234625284728314,1.0,1.0,0.0,0.0
0.9815573770491803,0.9637826961770624,1.0,0.3153153153153153,1.0,1.0,0.0,0.0
0.0,0.0,inf,inf,1.0,1.0,0.0,0.0
1.0,1.0,0.0,0.0,1.0,1.0,0.0,0.0
1.0,1.0,0.0,0.0,1.0,1.0,0.0,0.0
1.0,1.0,0.0,0.0,1.0,1.0,0.0,0.0
0.0,0.0,inf,inf,0.0,0.0,inf,inf
1.0,1.0,0.0,0.0,1.0,1.0,0.0,0.0
1.0,1.0,0.0,0.0,1.0,1.0,0.0,0.0
0.9464027040077257,0.8982584784601283,2.0,0.8886014305240857,1.0,1.0,0.0,0.0
0.0,0.0,inf,inf,0.0,0.0,inf,inf
0.0,0.0,inf,inf,0.0,0.0,inf,inf
0.8906560636182903,0.8028673835125448,3.0973665961010224,1.0283686025471235,0.9245982694684796,0.8597701149425288,2.0,0.9180831909345456
0.0,0.0,inf,inf,0.0,0.0,inf,inf
1.0,1.0,0.0,0.0,1.0,1.0,0.0,0.0
1.0,1.0,0.0,0.0,1.0,1.0,0.0,0.0
0.9479305740987984,0.9010152284263959,1.4142135623730951,0.5339794043502923,1.0,1.0,0.0,0.0
0.9240837696335078,0.8588807785888077,3.605551275463989,0.9879666484948662,0.865,0.762114537444934,3.486386568253648,1.1183960853894919
1.0,1.0,0.0,0.0,1.0,1.0,0.0,0.0
1.0,1.0,0.0,0.0,1.0,1.0,0.0,0.0
0.9620060790273556,0.9267935578330894,7.995285051933338,0.31736526946107785,1.0,1.0,0.0,0.0
0.9733656174334141,0.9481132075471698,1.0,0.3024741225383708,1.0,1.0,0.0,0.0
0.0,0.0,inf,inf,1.0,1.0,0.0,0.0
0.9771051610399689,0.9552352048558422,1.0,0.33422520653140536,1.0,1.0,0.0,0.0
1.0,1.0,0.0,0.0,0.7692307692307693,0.625,4.0,1.4588951453305083
0.9654545454545455,0.9332161687170475,5.270706689717814,0.4065040650406504,0.0,0.0,inf,inf
1.0,1.0,0.0,0.0,0.0,0.0,inf,inf
0.8813008130081301,0.7877906976744186,4.116950344336776,0.7706436252668407,0.927038626609442,0.864,3.605551275463989,0.9719416381656503
0.962890625,0.928436911487759,1.0,0.48469972192998645,1.0,1.0,0.0,0.0
1.0,1.0,0.0,0.0,1.0,1.0,0.0,0.0
1.0,1.0,0.0,0.0,1.0,1.0,0.0,0.0
1.0,1.0,0.0,0.0,0.0,0.0,inf,inf
1.0,1.0,0.0,0.0,1.0,1.0,0.0,0.0
0.9657621100684758,0.9337910740559098,2.0,0.5185048645861595,1.0,1.0,0.0,0.0
0.98324478953821,0.9670418006430869,1.0,0.33064516129032256,1.0,1.0,0.0,0.0
0.9325097231754748,0.8735533647663952,3.9408326913196072,0.9064612715138647,1.0,1.0,0.0,0.0
0.0,0.0,inf,inf,1.0,1.0,0.0,0.0
1.0,1.0,0.0,0.0,0.0,0.0,inf,inf
0.0,0.0,inf,inf,1.0,1.0,0.0,0.0
0.8446601941747572,0.7310924369747899,2.0,0.5405405405405406,0.873015873015873,0.7746478873239436,1.0,0.5543928293220421
0.9272445820433437,0.8643578643578643,2.0,0.8121248962381005,0.9723714504988488,0.9462285287528006,2.23606797749979,0.8462307001107883
0.0,0.0,inf,inf,0.0,0.0,inf,inf
1.0,1.0,0.0,0.0,1.0,1.0,0.0,0.0
1.0,1.0,0.0,0.0,1.0,1.0,0.0,0.0
1.0,1.0,0.0,0.0,1.0,1.0,0.0,0.0
1.0,1.0,0.0,0.0,1.0,1.0,0.0,0.0
0.9776391055642226,0.9562563580874873,1.4142135623730951,0.35914337781593736,1.0,1.0,0.0,0.0
1.0,1.0,0.0,0.0,1.0,1.0,0.0,0.0
1.0,1.0,0.0,0.0,1.0,1.0,0.0,0.0
0.951310861423221,0.9071428571428571,1.0,0.49332581747612875,0.9583931133428981,0.9201101928374655,1.0,0.4459722829011756
1.0,1.0,0.0,0.0,1.0,1.0,0.0,0.0
0.9685990338164251,0.9391100702576113,1.0,0.3333333333333333,1.0,1.0,0.0,0.0
0.9652777777777778,0.9328859060402684,1.0,0.4625,1.0,1.0,0.0,0.0
0.0,0.0,inf,inf,0.0,0.0,inf,inf
1.0,1.0,0.0,0.0,0.0,0.0,inf,inf
1.0,1.0,0.0,0.0,1.0,1.0,0.0,0.0
1.0,1.0,0.0,0.0,1.0,1.0,0.0,0.0
1.0,1.0,0.0,0.0,1.0,1.0,0.0,0.0
0.0,0.0,inf,inf,0.0,0.0,inf,inf
1.0,1.0,0.0,0.0,1.0,1.0,0.0,0.0
0.9622119815668203,0.9271758436944938,2.0,0.5811925767388999,1.0,1.0,0.0,0.0
0.9581506576325229,0.9196633511859219,2.0,0.7073137084989848,1.0,1.0,0.0,0.0
0.9535055350553505,0.9111424541607899,2.23606797749979,0.5689259324309858,1.0,1.0,0.0,0.0
1.0,1.0,0.0,0.0,1.0,1.0,0.0,0.0
0.8701298701298701,0.7701149425287356,2.23606797749979,0.8904747757328058,1.0,1.0,0.0,0.0
1.0,1.0,0.0,0.0,1.0,1.0,0.0,0.0
0.9420468557336621,0.8904428904428905,1.0,0.455950376732586,1.0,1.0,0.0,0.0
0.9450023912003825,0.8957388939256573,2.0,0.7919389252093366,1.0,1.0,0.0,0.0
0.9824307190726318,0.9654681381274475,1.0,0.44285714285714284,1.0,1.0,0.0,0.0
0.0,0.0,inf,inf,1.0,1.0,0.0,0.0
1.0,1.0,0.0,0.0,1.0,1.0,0.0,0.0
0.9569230769230769,0.9174041297935103,1.4142135623730951,0.546875,1.0,1.0,0.0,0.0
1.0,1.0,0.0,0.0,0.9506531204644412,0.9059474412171508,1.0,0.54120224802498
0.962457337883959,0.9276315789473685,1.0,0.35714285714285715,1.0,1.0,0.0,0.0
1.0,1.0,0.0,0.0,1.0,1.0,0.0,0.0
0.0,0.0,inf,inf,1.0,1.0,0.0,0.0
1.0,1.0,0.0,0.0,1.0,1.0,0.0,0.0
0.9809939462199071,0.9626968775904946,1.4142135623730951,0.4554787693267996,1.0,1.0,0.0,0.0
0.9397363465160076,0.8863232682060391,1.4142135623730951,0.7075885435014134,0.93354943273906,0.8753799392097265,2.8284271247461903,0.859947724583243
1.0,1.0,0.0,0.0,1.0,1.0,0.0,0.0
1.0,1.0,0.0,0.0,0.0,0.0,inf,inf
1.0,1.0,0.0,0.0,1.0,1.0,0.0,0.0
0.9482758620689655,0.9016393442622951,1.6485281374238439,0.5500557256056291,0.6994535519125683,0.5378151260504201,3.0,1.6547094809533787
1.0,1.0,0.0,0.0,1.0,1.0,0.0,0.0
1.0,1.0,0.0,0.0,1.0,1.0,0.0,0.0
0.0,0.0,inf,inf,1.0,1.0,0.0,0.0
1.0,1.0,0.0,0.0,1.0,1.0,0.0,0.0
0.9705978438418817,0.9428752776896223,13.92838827718412,0.5932203389830508,1.0,1.0,0.0,0.0
0.958904109589041,0.9210526315789473,1.0,0.46875,1.0,1.0,0.0,0.0
1.0,1.0,0.0,0.0,1.0,1.0,0.0,0.0
1.0,1.0,0.0,0.0,1.0,1.0,0.0,0.0
1.0,1.0,0.0,0.0,1.0,1.0,0.0,0.0
0.0,0.0,inf,inf,1.0,1.0,0.0,0.0
0.9752883031301482,0.9517684887459807,1.0,0.4112427181701212,1.0,1.0,0.0,0.0
0.0,0.0,inf,inf,0.0,0.0,inf,inf
1.0,1.0,0.0,0.0,1.0,1.0,0.0,0.0
0.9386056191467221,0.884313725490196,1.4142135623730951,0.523441373394182,1.0,1.0,0.0,0.0
0.9337313432835821,0.8756998880179171,7.085377896320826,0.6334236959914494,1.0,1.0,0.0,0.0
1.0,1.0,0.0,0.0,1.0,1.0,0.0,0.0
0.8668941979522184,0.7650602409638554,2.0,0.953986112934667,1.0,1.0,0.0,0.0
0.9728867623604466,0.9472049689440993,1.0,0.4796747967479675,1.0,1.0,0.0,0.0
1.0,1.0,0.0,0.0,1.0,1.0,0.0,0.0
0.9601949634443542,0.9234375,1.0,0.352463956856161,0.9546961325966851,0.9133192389006343,1.0,0.48379423227422524
1.0,1.0,0.0,0.0,1.0,1.0,0.0,0.0
1.0,1.0,0.0,0.0,1.0,1.0,0.0,0.0
1.0,1.0,0.0,0.0,1.0,1.0,0.0,0.0
0.9707046714172605,0.943076923076923,1.0,0.43529411764705883,1.0,1.0,0.0,0.0
1.0,1.0,0.0,0.0,1.0,1.0,0.0,0.0
1.0,1.0,0.0,0.0,1.0,1.0,0.0,0.0
0.0,0.0,inf,inf,0.9769742452669282,0.9549849949983328,2.0,0.6281191890092028
0.9494949494949495,0.9038461538461539,1.0,0.39285714285714285,1.0,1.0,0.0,0.0
0.9369918699186992,0.8814531548757171,2.1770509831248424,0.7863616594766487,1.0,1.0,0.0,0.0
0.0,0.0,inf,inf,0.0,0.0,inf,inf
0.9525909592061742,0.9094736842105263,4.242640687119285,0.7838476138846219,0.9366197183098591,0.8807947019867549,1.4142135623730951,0.737032282684305
1.0,1.0,0.0,0.0,1.0,1.0,0.0,0.0
1.0,1.0,0.0,0.0,1.0,1.0,0.0,0.0
0.9631688672689368,0.9289544235924933,9.05488611432322,0.47512162612637127,1.0,1.0,0.0,0.0
0.9452054794520548,0.8961038961038961,2.0,0.591489839820324,1.0,1.0,0.0,0.0
1.0,1.0,0.0,0.0,1.0,1.0,0.0,0.0
0.9577464788732394,0.918918918918919,2.0,0.7143523523748903,1.0,1.0,0.0,0.0
1.0,1.0,0.0,0.0,1.0,1.0,0.0,0.0
1.0,1.0,0.0,0.0,1.0,1.0,0.0,0.0
0.9224806201550387,0.8561151079136691,1.0,0.4186046511627907,1.0,1.0,0.0,0.0
1.0,1.0,0.0,0.0,0.0,0.0,inf,inf
0.0,0.0,inf,inf,0.0,0.0,inf,inf
1.0,1.0,0.0,0.0,1.0,1.0,0.0,0.0
0.7727272727272727,0.6296296296296297,2.1999999999999957,0.3333333333333333,1.0,1.0,0.0,0.0
1.0,1.0,0.0,0.0,1.0,1.0,0.0,0.0
1.0,1.0,0.0,0.0,1.0,1.0,0.0,0.0
1.0,1.0,0.0,0.0,1.0,1.0,0.0,0.0
1.0,1.0,0.0,0.0,1.0,1.0,0.0,0.0
1.0,1.0,0.0,0.0,1.0,1.0,0.0,0.0
0.0,0.0,inf,inf,1.0,1.0,0.0,0.0
0.9433962264150944,0.8928571428571429,2.0,0.6588561808316412,1.0,1.0,0.0,0.0
1.0,1.0,0.0,0.0,1.0,1.0,0.0,0.0
1.0,1.0,0.0,0.0,1.0,1.0,0.0,0.0
1.0,1.0,0.0,0.0,1.0,1.0,0.0,0.0
1.0,1.0,0.0,0.0,1.0,1.0,0.0,0.0
1.0,1.0,0.0,0.0,1.0,1.0,0.0,0.0
1.0,1.0,0.0,0.0,1.0,1.0,0.0,0.0
1.0,1.0,0.0,0.0,1.0,1.0,0.0,0.0
0.29464285714285715,0.17277486910994763,9.316040960936556,4.050536161487341,1.0,1.0,0.0,0.0
1.0,1.0,0.0,0.0,1.0,1.0,0.0,0.0
1.0,1.0,0.0,0.0,1.0,1.0,0.0,0.0
0.9063371861299322,0.8287172011661808,8.06225774829855,1.2255703099251254,0.9625490788281486,0.9278020378457059,4.0,0.7220941647249438
0.973,0.9474196689386563,4.47213595499958,0.9123686328578697,1.0,1.0,0.0,0.0
0.0,0.0,inf,inf,0.0,0.0,inf,inf
1.0,1.0,0.0,0.0,1.0,1.0,0.0,0.0
1.0,1.0,0.0,0.0,1.0,1.0,0.0,0.0
1.0,1.0,0.0,0.0,1.0,1.0,0.0,0.0
0.9803725881570193,0.9615008156606851,1.0,0.3713235294117647,1.0,1.0,0.0,0.0
1.0,1.0,0.0,0.0,0.9554479418886198,0.914696337505795,2.8284271247461903,0.9559803632996298
1.0,1.0,0.0,0.0,1.0,1.0,0.0,0.0
1.0,1.0,0.0,0.0,0.0,0.0,inf,inf
1.0,1.0,0.0,0.0,1.0,1.0,0.0,0.0
1.0,1.0,0.0,0.0,1.0,1.0,0.0,0.0
1.0,1.0,0.0,0.0,1.0,1.0,0.0,0.0
1.0,1.0,0.0,0.0,0.0,0.0,inf,inf
0.899063475546306,0.8166351606805293,2.23606797749979,0.8998827735730864,0.945071482317532,0.8958630527817404,2.23606797749979,1.0616470803890692
0.9738910012674271,0.9491106719367589,2.0,0.33008634752003246,1.0,1.0,0.0,0.0
0.8873173031588873,0.7974576271186441,10.0,0.8408431703113178,0.9599215246636771,0.922931824306117,6.324555320336759,0.735500793147477
0.9731343283582089,0.9476744186046512,1.0,0.5346274169979695,1.0,1.0,0.0,0.0
0.9585311807534029,0.9203647416413374,11.661903789690601,0.31360955109711547,1.0,1.0,0.0,0.0
1.0,1.0,0.0,0.0,1.0,1.0,0.0,0.0
1.0,1.0,0.0,0.0,1.0,1.0,0.0,0.0
1.0,1.0,0.0,0.0,1.0,1.0,0.0,0.0
1.0,1.0,0.0,0.0,1.0,1.0,0.0,0.0
0.831973898858075,0.7122905027932961,2.8284271247461903,0.973844876082663,1.0,1.0,0.0,0.0
1.0,1.0,0.0,0.0,0.0,0.0,inf,inf
0.9225225225225225,0.8561872909698997,2.23606797749979,0.7382022938089371,1.0,1.0,0.0,0.0
0.9242053789731052,0.8590909090909091,2.0,0.7139675847693197,0.7142857142857143,0.5555555555555556,1.5313708498984737,0.5333333333333333
1.0,1.0,0.0,0.0,0.0,0.0,inf,inf
0.5974025974025974,0.42592592592592593,10.496275858019493,1.35287176168664,1.0,1.0,0.0,0.0
0.9527272727272728,0.9097222222222222,1.0,0.5140648240365091,1.0,1.0,0.0,0.0
1.0,1.0,0.0,0.0,1.0,1.0,0.0,0.0
1.0,1.0,0.0,0.0,1.0,1.0,0.0,0.0
0.0,0.0,inf,inf,1.0,1.0,0.0,0.0
0.8903225806451613,0.8023255813953488,1.0,0.5,1.0,1.0,0.0,0.0
0.9410986101919259,0.88875,2.0,0.47058823529411764,0.9511677282377919,0.9068825910931174,1.4142135623730951,0.4246575342465753
1.0,1.0,0.0,0.0,1.0,1.0,0.0,0.0
1.0,1.0,0.0,0.0,1.0,1.0,0.0,0.0
0.9583505154639175,0.9200316706254948,3.588854381999755,0.665271765241839,1.0,1.0,0.0,0.0
1.0,1.0,0.0,0.0,1.0,1.0,0.0,0.0
1.0,1.0,0.0,0.0,1.0,1.0,0.0,0.0
1.0,1.0,0.0,0.0,0.0,0.0,inf,inf
0.4444444444444444,0.2857142857142857,1.4142135623730951,0.6767766952966369,1.0,1.0,0.0,0.0
0.9494584837545126,0.9037800687285223,2.0,0.5777180116595007,0.8955223880597015,0.8108108108108109,2.8284271247461903,0.7714285714285715
0.9652241112828439,0.9327856609410008,2.3124611797497847,0.48480970059087897,0.0,0.0,inf,inf
0.8828828828828829,0.7903225806451613,1.0,0.6125041402922483,0.9540434627716423,0.912125340599455,2.0,0.7996845728091715
1.0,1.0,0.0,0.0,1.0,1.0,0.0,0.0
1.0,1.0,0.0,0.0,0.0,0.0,inf,inf
1.0,1.0,0.0,0.0,1.0,1.0,0.0,0.0
0.0,0.0,inf,inf,1.0,1.0,0.0,0.0
0.6428571428571429,0.47368421052631576,2.9061395398179712,0.5714285714285714,0.8551724137931035,0.7469879518072289,1.0,0.75
1.0,1.0,0.0,0.0,1.0,1.0,0.0,0.0
1.0,1.0,0.0,0.0,0.0,0.0,inf,inf
0.9532062391681109,0.9105960264900662,1.4142135623730951,0.3768189532224723,1.0,1.0,0.0,0.0
0.9837209302325581,0.9679633867276888,1.0,0.1891891891891892,1.0,1.0,0.0,0.0
1.0,1.0,0.0,0.0,1.0,1.0,0.0,0.0
1.0,1.0,0.0,0.0,1.0,1.0,0.0,0.0
0.9299610894941635,0.8690909090909091,1.0,0.5666666666666667,1.0,1.0,0.0,0.0
1.0,1.0,0.0,0.0,1.0,1.0,0.0,0.0
1.0,1.0,0.0,0.0,0.0,0.0,inf,inf
0.0,0.0,inf,inf,0.0,0.0,inf,inf
1.0,1.0,0.0,0.0,1.0,1.0,0.0,0.0
1.0,1.0,0.0,0.0,0.0,0.0,inf,inf
1.0,1.0,0.0,0.0,1.0,1.0,0.0,0.0
1.0,1.0,0.0,0.0,1.0,1.0,0.0,0.0
1.0,1.0,0.0,0.0,1.0,1.0,0.0,0.0
1.0,1.0,0.0,0.0,1.0,1.0,0.0,0.0
1.0,1.0,0.0,0.0,1.0,1.0,0.0,0.0
0.0,0.0,inf,inf,0.9383177570093458,0.8838028169014085,2.0,0.9313329143083756
1.0,1.0,0.0,0.0,1.0,1.0,0.0,0.0
0.9348171701112877,0.8776119402985074,4.498529157249592,0.9382977925613935,1.0,1.0,0.0,0.0
0.9528403001071811,0.90992835209826,7.0,0.6415094339622641,1.0,1.0,0.0,0.0
1.0,1.0,0.0,0.0,1.0,1.0,0.0,0.0
0.0,0.0,inf,inf,1.0,1.0,0.0,0.0
0.9659318637274549,0.9341085271317829,1.2485281374238548,0.3,1.0,1.0,0.0,0.0
0.9737704918032787,0.9488817891373802,1.0,0.18181818181818182,1.0,1.0,0.0,0.0
1.0,1.0,0.0,0.0,0.0,0.0,inf,inf
1.0,1.0,0.0,0.0,1.0,1.0,0.0,0.0
0.9840391572675037,0.9685798072894847,1.0,0.3150684931506849,0.0,0.0,inf,inf
1.0,1.0,0.0,0.0,0.0,0.0,inf,inf
1.0,1.0,0.0,0.0,1.0,1.0,0.0,0.0
1.0,1.0,0.0,0.0,1.0,1.0,0.0,0.0
0.0,0.0,inf,inf,1.0,1.0,0.0,0.0
1.0,1.0,0.0,0.0,1.0,1.0,0.0,0.0
0.9718076285240465,0.9451612903225807,1.0,0.4854368932038835,1.0,1.0,0.0,0.0
1.0,1.0,0.0,0.0,0.0,0.0,inf,inf
0.6666666666666666,0.5,7.298123895186318,2.025290811766713,1.0,1.0,0.0,0.0
1.0,1.0,0.0,0.0,1.0,1.0,0.0,0.0
0.9741253051261188,0.9495558375634517,2.23606797749979,0.5456661655329419,1.0,1.0,0.0,0.0
0.8921775898520085,0.8053435114503816,2.0,0.5207972582701925,1.0,1.0,0.0,0.0
1.0,1.0,0.0,0.0,1.0,1.0,0.0,0.0
0.9761181068171949,0.9533502968617472,1.0,0.4409595320773999,1.0,1.0,0.0,0.0
1.0,1.0,0.0,0.0,1.0,1.0,0.0,0.0
0.9357231149567367,0.8792102206736353,7.0,0.6608594218087409,1.0,1.0,0.0,0.0
1.0,1.0,0.0,0.0,1.0,1.0,0.0,0.0
0.0,0.0,inf,inf,0.0,0.0,inf,inf
0.0,0.0,inf,inf,0.0,0.0,inf,inf
1.0,1.0,0.0,0.0,1.0,1.0,0.0,0.0
0.9216589861751152,0.8547008547008547,1.4142135623730951,0.4842216809816518,1.0,1.0,0.0,0.0
0.0,0.0,inf,inf,0.0,0.0,inf,inf
1.0,1.0,0.0,0.0,1.0,1.0,0.0,0.0
0.8808614102118791,0.787088764742396,4.0,1.1445554227227208,0.9290123456790124,0.8674351585014409,2.0,0.6857119200778065
0.0,0.0,23.08679276123039,18.49583274261334,1.0,1.0,0.0,0.0
1.0,1.0,0.0,0.0,1.0,1.0,0.0,0.0
1.0,1.0,0.0,0.0,1.0,1.0,0.0,0.0
0.9404761904761905,0.8876404494382022,3.0,0.9056282322033976,0.8058252427184466,0.6747967479674797,2.0,1.0622955746422025
0.9645972293483838,0.931615460852329,1.0,0.520396149721134,1.0,1.0,0.0,0.0
0.9832912988650694,0.9671317829457364,1.0,0.44052863436123346,1.0,1.0,0.0,0.0
0.8963210702341137,0.8121212121212121,1.2899494936611677,0.575,1.0,1.0,0.0,0.0
0.0,0.0,inf,inf,0.0,0.0,inf,inf
1.0,1.0,0.0,0.0,1.0,1.0,0.0,0.0
0.8486238532110092,0.7370517928286853,2.888477631085023,0.832613759080828,0.9660889223813113,0.934402332361516,1.4142135623730951,0.6067290377055627
0.0,0.0,inf,inf,1.0,1.0,0.0,0.0
0.9625541978715018,0.9278115501519757,2.0,0.592,1.0,1.0,0.0,0.0
1.0,1.0,0.0,0.0,1.0,1.0,0.0,0.0
0.0,0.0,inf,inf,0.0,0.0,inf,inf
0.9660724554341575,0.9343715239154616,1.0,0.5566037735849056,1.0,1.0,0.0,0.0
0.0,0.0,inf,inf,0.0,0.0,inf,inf
1.0,1.0,0.0,0.0,1.0,1.0,0.0,0.0
0.9737670514165793,0.9488752556237219,1.0,0.32857142857142857,1.0,1.0,0.0,0.0
0.0,0.0,inf,inf,1.0,1.0,0.0,0.0
1.0,1.0,0.0,0.0,1.0,1.0,0.0,0.0
1.0,1.0,0.0,0.0,1.0,1.0,0.0,0.0
0.9149036201222379,0.8431542461005199,5.4802561119597595,1.2729668740719018,1.0,1.0,0.0,0.0
0.9723198594024605,0.9461308251389483,1.4142135623730951,0.4438134534034513,1.0,1.0,0.0,0.0
0.0,0.0,inf,inf,1.0,1.0,0.0,0.0
0.9189012426422498,0.8499697519661222,14.0,2.295501513360896,0.8876355748373101,0.7979719188767551,5.91547594742265,1.3571510569836125
0.0,0.0,inf,inf,1.0,1.0,0.0,0.0
1.0,1.0,0.0,0.0,1.0,1.0,0.0,0.0
1.0,1.0,0.0,0.0,0.0,0.0,inf,inf
1.0,1.0,0.0,0.0,1.0,1.0,0.0,0.0
0.0,0.0,inf,inf,0.0,0.0,inf,inf
1.0,1.0,0.0,0.0,1.0,1.0,0.0,0.0
0.9704684317718941,0.9426310583580614,1.0,0.44036697247706424,1.0,1.0,0.0,0.0
0.0,0.0,inf,inf,0.0,0.0,inf,inf
1.0,1.0,0.0,0.0,0.0,0.0,inf,inf
1.0,1.0,0.0,0.0,1.0,1.0,0.0,0.0
1.0,1.0,0.0,0.0,1.0,1.0,0.0,0.0
1.0,1.0,0.0,0.0,1.0,1.0,0.0,0.0
1.0,1.0,0.0,0.0,1.0,1.0,0.0,0.0
0.0,0.0,inf,inf,0.0,0.0,inf,inf
1.0,1.0,0.0,0.0,1.0,1.0,0.0,0.0
0.0,0.0,inf,inf,1.0,1.0,0.0,0.0
1.0,1.0,0.0,0.0,1.0,1.0,0.0,0.0
1.0,1.0,0.0,0.0,1.0,1.0,0.0,0.0
1.0,1.0,0.0,0.0,1.0,1.0,0.0,0.0
0.9404672192916352,0.887624466571835,2.0,0.5968335868236383,1.0,1.0,0.0,0.0
1.0,1.0,0.0,0.0,1.0,1.0,0.0,0.0
0.0,0.0,inf,inf,0.0,0.0,inf,inf
0.0,0.0,inf,inf,0.0,0.0,inf,inf
0.0,0.0,inf,inf,0.0,0.0,inf,inf
0.9244060475161987,0.8594377510040161,2.0,0.5391579661734845,0.0,0.0,inf,inf
1.0,1.0,0.0,0.0,1.0,1.0,0.0,0.0
0.9679193400549955,0.9378330373001776,1.0,0.4375,1.0,1.0,0.0,0.0
0.0,0.0,inf,inf,1.0,1.0,0.0,0.0
1.0,1.0,0.0,0.0,1.0,1.0,0.0,0.0
0.9518803073190457,0.908179012345679,9.316040960936556,0.6854838709677419,1.0,1.0,0.0,0.0
0.0,0.0,inf,inf,1.0,1.0,0.0,0.0
0.9691252144082333,0.940099833610649,1.0,0.5832487435301068,1.0,1.0,0.0,0.0
0.9230769230769231,0.8571428571428571,5.0,0.9573484234765146,1.0,1.0,0.0,0.0
1.0,1.0,0.0,0.0,1.0,1.0,0.0,0.0
1.0,1.0,0.0,0.0,1.0,1.0,0.0,0.0
0.0,0.0,inf,inf,1.0,1.0,0.0,0.0
0.9577464788732394,0.918918918918919,1.0,0.39622641509433965,1.0,1.0,0.0,0.0
1.0,1.0,0.0,0.0,0.0,0.0,inf,inf
0.9840909090909091,0.9686800894854586,1.0,0.3178294573643411,1.0,1.0,0.0,0.0
1.0,1.0,0.0,0.0,1.0,1.0,0.0,0.0
1.0,1.0,0.0,0.0,1.0,1.0,0.0,0.0
0.9345430978613092,0.8771289537712895,1.4142135623730951,0.6064788710773077,1.0,1.0,0.0,0.0
1.0,1.0,0.0,0.0,1.0,1.0,0.0,0.0
1.0,1.0,0.0,0.0,1.0,1.0,0.0,0.0
1.0,1.0,0.0,0.0,1.0,1.0,0.0,0.0
0.0,0.0,inf,inf,1.0,1.0,0.0,0.0
0.9190031152647975,0.8501440922190202,1.4142135623730951,0.7162881951709859,1.0,1.0,0.0,0.0
1.0,1.0,0.0,0.0,0.0,0.0,inf,inf
1.0,1.0,0.0,0.0,0.0,0.0,inf,inf
0.9467592592592593,0.8989010989010989,1.0,0.4987196054085536,1.0,1.0,0.0,0.0
0.9334319526627219,0.8751733703190014,3.016227766016837,0.6970805106948227,1.0,1.0,0.0,0.0
1.0,1.0,0.0,0.0,0.0,0.0,inf,inf
0.9714285714285714,0.9444444444444444,1.0,0.2902368927062183,1.0,1.0,0.0,0.0
1.0,1.0,0.0,0.0,1.0,1.0,0.0,0.0
1.0,1.0,0.0,0.0,1.0,1.0,0.0,0.0
0.946236559139785,0.8979591836734694,1.0,0.40860215053763443,0.966501240694789,0.9351740696278511,2.0,0.603423071020779
1.0,1.0,0.0,0.0,0.9469026548672567,0.8991596638655462,2.23606797749979,0.6637931034482759
0.0,0.0,inf,inf,1.0,1.0,0.0,0.0
0.9795060430898581,0.9598352214212152,1.0,0.30645774510538515,1.0,1.0,0.0,0.0
1.0,1.0,0.0,0.0,1.0,1.0,0.0,0.0
1.0,1.0,0.0,0.0,1.0,1.0,0.0,0.0
1.0,1.0,0.0,0.0,0.0,0.0,inf,inf
1.0,1.0,0.0,0.0,1.0,1.0,0.0,0.0
1.0,1.0,0.0,0.0,1.0,1.0,0.0,0.0
1.0,1.0,0.0,0.0,1.0,1.0,0.0,0.0
0.0,0.0,inf,inf,0.0,0.0,inf,inf
0.0,0.0,inf,inf,1.0,1.0,0.0,0.0
1.0,1.0,0.0,0.0,1.0,1.0,0.0,0.0
0.9645933014354067,0.9316081330868762,1.0,0.37333333333333335,1.0,1.0,0.0,0.0
1.0,1.0,0.0,0.0,1.0,1.0,0.0,0.0
1.0,1.0,0.0,0.0,1.0,1.0,0.0,0.0
0.0,0.0,inf,inf,1.0,1.0,0.0,0.0
1.0,1.0,0.0,0.0,1.0,1.0,0.0,0.0
0.0,0.0,inf,inf,0.0,0.0,inf,inf
0.0,0.0,inf,inf,1.0,1.0,0.0,0.0
1.0,1.0,0.0,0.0,1.0,1.0,0.0,0.0
1.0,1.0,0.0,0.0,1.0,1.0,0.0,0.0
1.0,1.0,0.0,0.0,0.0,0.0,inf,inf
1.0,1.0,0.0,0.0,1.0,1.0,0.0,0.0
1.0,1.0,0.0,0.0,1.0,1.0,0.0,0.0
0.9516008935219658,0.9076704545454546,2.0,0.4056170604445784,0.9448209099709584,0.8954128440366973,2.0,0.5958263185640509
0.9629629629629629,0.9285714285714286,2.0,0.37902879184113636,1.0,1.0,0.0,0.0
1.0,1.0,0.0,0.0,1.0,1.0,0.0,0.0
1.0,1.0,0.0,0.0,1.0,1.0,0.0,0.0
1.0,1.0,0.0,0.0,1.0,1.0,0.0,0.0
1.0,1.0,0.0,0.0,1.0,1.0,0.0,0.0
1.0,1.0,0.0,0.0,1.0,1.0,0.0,0.0
0.0,0.0,inf,inf,0.0,0.0,inf,inf
1.0,1.0,0.0,0.0,1.0,1.0,0.0,0.0
1.0,1.0,0.0,0.0,1.0,1.0,0.0,0.0
1.0,1.0,0.0,0.0,1.0,1.0,0.0,0.0
0.9853202846975089,0.9710653222270934,1.0,0.27699530516431925,1.0,1.0,0.0,0.0
0.9546485260770975,0.913232104121475,1.4142135623730951,0.5021486883492108,1.0,1.0,0.0,0.0
0.9436281057974887,0.8932726353060192,3.0,0.7875634534034514,0.782435129740519,0.6426229508196721,3.9013878188659974,1.2819772733780437
1.0,1.0,0.0,0.0,0.0,0.0,inf,inf
0.8309859154929577,0.7108433734939759,2.1298373876248835,0.3103448275862069,1.0,1.0,0.0,0.0
0.0,0.0,inf,inf,1.0,1.0,0.0,0.0
0.0,0.0,inf,inf,0.0,0.0,inf,inf
0.0,0.0,inf,inf,1.0,1.0,0.0,0.0
0.9349760438056126,0.877892030848329,6.0,0.6042198380368571,1.0,1.0,0.0,0.0
1.0,1.0,0.0,0.0,0.0,0.0,inf,inf
0.04878048780487805,0.025,5.3565502777803315,2.0,0.9415610952186351,0.8895752895752895,2.8284271247461903,0.8925619834710744
1.0,1.0,0.0,0.0,1.0,1.0,0.0,0.0
1.0,1.0,0.0,0.0,1.0,1.0,0.0,0.0
0.0,0.0,inf,inf,0.0,0.0,inf,inf
0.0,0.0,inf,inf,1.0,1.0,0.0,0.0
0.8807339449541285,0.7868852459016393,2.503444185374859,0.4117647058823529,1.0,1.0,0.0,0.0
1.0,1.0,0.0,0.0,1.0,1.0,0.0,0.0
1.0,1.0,0.0,0.0,1.0,1.0,0.0,0.0
0.0,0.0,inf,inf,0.0,0.0,inf,inf
0.8725868725868726,0.773972602739726,1.4142135623730951,0.4883720930232558,1.0,1.0,0.0,0.0
0.916256157635468,0.8454545454545455,6.708203932499369,0.8757511641434736,0.958382082567274,0.9200898587933247,3.0892527130926015,0.6910686993955796
0.0,0.0,inf,inf,0.0,0.0,inf,inf
0.0,0.0,inf,inf,1.0,1.0,0.0,0.0
0.0,0.0,inf,inf,1.0,1.0,0.0,0.0
0.0,0.0,inf,inf,1.0,1.0,0.0,0.0
1.0,1.0,0.0,0.0,1.0,1.0,0.0,0.0
0.9741153342070773,0.9495368891727882,2.0,0.540084388185654,1.0,1.0,0.0,0.0
0.9624183006535948,0.9275590551181102,3.177328670269237,0.555067960683437,1.0,1.0,0.0,0.0
1.0,1.0,0.0,0.0,1.0,1.0,0.0,0.0
0.9067796610169492,0.8294573643410853,2.8284271247461903,0.7701457078159175,0.7453874538745388,0.5941176470588235,3.605551275463989,1.0266123775561495
1.0,1.0,0.0,0.0,1.0,1.0,0.0,0.0
0.0,0.0,inf,inf,0.0,0.0,inf,inf
0.9532841587636108,0.9107382550335571,3.0,0.6281827833019414,1.0,1.0,0.0,0.0
0.9294354838709677,0.8681732580037664,1.4142135623730951,0.46791954719620954,0.893491124260355,0.8074866310160428,2.0,0.6773046369915351
0.0,0.0,inf,inf,0.0,0.0,inf,inf
0.9328467153284672,0.8741450068399452,2.0,0.5439321181626711,0.9183457051961824,0.8490196078431372,2.23606797749979,0.7760837170505006
1.0,1.0,0.0,0.0,0.48,0.3157894736842105,5.4594117081556695,2.6314051268999337
1.0,1.0,0.0,0.0,1.0,1.0,0.0,0.0
1.0,1.0,0.0,0.0,1.0,1.0,0.0,0.0
1.0,1.0,0.0,0.0,1.0,1.0,0.0,0.0
1.0,1.0,0.0,0.0,1.0,1.0,0.0,0.0
0.964859437751004,0.9321047526673133,7.280109889280518,0.49107142857142855,1.0,1.0,0.0,0.0
1.0,1.0,0.0,0.0,1.0,1.0,0.0,0.0
1.0,1.0,0.0,0.0,1.0,1.0,0.0,0.0
0.0,0.0,inf,inf,1.0,1.0,0.0,0.0
1.0,1.0,0.0,0.0,1.0,1.0,0.0,0.0
0.0,0.0,inf,inf,1.0,1.0,0.0,0.0
1.0,1.0,0.0,0.0,1.0,1.0,0.0,0.0
0.9655172413793104,0.9333333333333333,1.0,0.5329547240073881,1.0,1.0,0.0,0.0
0.0,0.0,inf,inf,1.0,1.0,0.0,0.0
0.9669724770642202,0.9360568383658969,1.0,0.4117647058823529,1.0,1.0,0.0,0.0
0.0,0.0,inf,inf,0.0,0.0,inf,inf
1.0,1.0,0.0,0.0,1.0,1.0,0.0,0.0
1.0,1.0,0.0,0.0,1.0,1.0,0.0,0.0
1.0,1.0,0.0,0.0,0.0,0.0,inf,inf
0.0,0.0,inf,inf,0.0,0.0,inf,inf
1.0,1.0,0.0,0.0,1.0,1.0,0.0,0.0
1.0,1.0,0.0,0.0,1.0,1.0,0.0,0.0
1.0,1.0,0.0,0.0,1.0,1.0,0.0,0.0
0.8895104895104895,0.801007556675063,2.0,0.8993854896580625,1.0,1.0,0.0,0.0
1.0,1.0,0.0,0.0,1.0,1.0,0.0,0.0
0.0,0.0,inf,inf,1.0,1.0,0.0,0.0
1.0,1.0,0.0,0.0,1.0,1.0,0.0,0.0
1.0,1.0,0.0,0.0,1.0,1.0,0.0,0.0
1.0,1.0,0.0,0.0,1.0,1.0,0.0,0.0
0.0,0.0,inf,inf,0.0,0.0,inf,inf
1.0,1.0,0.0,0.0,1.0,1.0,0.0,0.0
0.8858218318695107,0.795045045045045,4.092329219213245,0.8367209741056519,1.0,1.0,0.0,0.0
1.0,1.0,0.0,0.0,1.0,1.0,0.0,0.0
0.9710982658959537,0.9438202247191011,1.0,0.23728813559322035,1.0,1.0,0.0,0.0
1.0,1.0,0.0,0.0,1.0,1.0,0.0,0.0
1.0,1.0,0.0,0.0,0.0,0.0,inf,inf
0.9635854341736695,0.9297297297297298,7.722735219387415,0.4858723672710032,1.0,1.0,0.0,0.0
0.95152198421646,0.9075268817204301,6.708203932499369,0.41726384353931467,1.0,1.0,0.0,0.0
0.9677580604848788,0.9375302663438256,1.4142135623730951,0.523685048499035,1.0,1.0,0.0,0.0
1.0,1.0,0.0,0.0,1.0,1.0,0.0,0.0
1.0,1.0,0.0,0.0,1.0,1.0,0.0,0.0
1.0,1.0,0.0,0.0,1.0,1.0,0.0,0.0
1.0,1.0,0.0,0.0,1.0,1.0,0.0,0.0
1.0,1.0,0.0,0.0,1.0,1.0,0.0,0.0
0.0,0.0,inf,inf,0.0,0.0,inf,inf
0.9245624622812312,0.8597081930415263,2.23606797749979,1.0445412134006378,0.6890756302521008,0.5256410256410257,2.23606797749979,1.32038079777307
0.0,0.0,inf,inf,1.0,1.0,0.0,0.0
1.0,1.0,0.0,0.0,0.8807134894091416,0.7868525896414342,3.0,0.9885057471264368
0.0,0.0,inf,inf,1.0,1.0,0.0,0.0
1.0,1.0,0.0,0.0,1.0,1.0,0.0,0.0
1.0,1.0,0.0,0.0,1.0,1.0,0.0,0.0
1.0,1.0,0.0,0.0,1.0,1.0,0.0,0.0
0.9670579326012874,0.9362170087976539,10.770329614269007,0.2905083120710486,0.8415841584158416,0.7264957264957265,2.2124611797498104,0.9050793833748633
1.0,1.0,0.0,0.0,1.0,1.0,0.0,0.0
0.0,0.0,inf,inf,1.0,1.0,0.0,0.0
0.9479646017699115,0.9010767160161507,7.0710678118654755,0.5172493124976056,0.7128712871287128,0.5538461538461539,2.0,1.0731370849898476
1.0,1.0,0.0,0.0,1.0,1.0,0.0,0.0
0.0,0.0,inf,inf,1.0,1.0,0.0,0.0
0.8717288717288717,0.7726235741444867,4.123105625617661,1.294233878522655,0.918918918918919,0.85,2.0,0.7612710836209119
0.9433962264150944,0.8928571428571429,1.4142135623730951,0.6455680495531331,1.0,1.0,0.0,0.0
1.0,1.0,0.0,0.0,1.0,1.0,0.0,0.0
0.0,0.0,inf,inf,0.0,0.0,inf,inf
0.0,0.0,inf,inf,1.0,1.0,0.0,0.0
0.0,0.0,inf,inf,1.0,1.0,0.0,0.0
0.895910780669145,0.8114478114478114,3.5168965524048597,0.6166220647704198,0.9683484801002821,0.9386391251518833,2.0,0.6088628727180517
0.9744821374962473,0.9502341920374707,8.0,0.3264517228701818,1.0,1.0,0.0,0.0
0.9617224880382775,0.9262672811059908,1.0,0.32031585694162434,1.0,1.0,0.0,0.0
1.0,1.0,0.0,0.0,1.0,1.0,0.0,0.0
1.0,1.0,0.0,0.0,1.0,1.0,0.0,0.0
1.0,1.0,0.0,0.0,1.0,1.0,0.0,0.0
1.0,1.0,0.0,0.0,1.0,1.0,0.0,0.0
1.0,1.0,0.0,0.0,1.0,1.0,0.0,0.0
1.0,1.0,0.0,0.0,1.0,1.0,0.0,0.0
0.9546599496221663,0.9132530120481928,7.704221718581433,0.42947002491169994,1.0,1.0,0.0,0.0
1.0,1.0,0.0,0.0,1.0,1.0,0.0,0.0
0.9489603024574669,0.9028776978417267,1.4142135623730951,0.4536082474226804,0.7733333333333333,0.6304347826086957,3.0,1.171877114287188
1.0,1.0,0.0,0.0,1.0,1.0,0.0,0.0
0.958776030599235,0.9208163265306123,1.4142135623730951,0.6577265630091745,1.0,1.0,0.0,0.0
1.0,1.0,0.0,0.0,1.0,1.0,0.0,0.0
0.969187675070028,0.9402173913043478,1.0,0.41004171843933757,1.0,1.0,0.0,0.0
0.0,0.0,inf,inf,1.0,1.0,0.0,0.0
1.0,1.0,0.0,0.0,1.0,1.0,0.0,0.0
0.9420814479638009,0.8905047048759623,8.388225099390862,0.7462282748482294,0.6111111111111112,0.44,5.0,2.418642578336083
1.0,1.0,0.0,0.0,1.0,1.0,0.0,0.0
1.0,1.0,0.0,0.0,1.0,1.0,0.0,0.0
1.0,1.0,0.0,0.0,0.9452247191011236,0.8961384820239681,2.0,0.6254127743407694
0.0,0.0,inf,inf,0.0,0.0,inf,inf
0.9819403611927762,0.9645214521452146,1.0,0.30158730158730157,1.0,1.0,0.0,0.0
0.9430523917995444,0.8922413793103449,2.0,0.8218473935909988,0.7469879518072289,0.5961538461538461,2.0,1.330407764100622
1.0,1.0,0.0,0.0,0.0,0.0,inf,inf
0.9600443951165372,0.9231590181430096,2.0,0.42465194484676,0.7891156462585034,0.651685393258427,2.0,1.0419536477337346
0.9015702795863654,0.8207810320781032,3.1622776601683795,1.1794082441184481,1.0,1.0,0.0,0.0
1.0,1.0,0.0,0.0,0.0,0.0,inf,inf
0.9314978695509669,0.8717791411042944,3.605551275463989,0.7099535671287762,0.854586129753915,0.74609375,2.0,1.0611818997569678
1.0,1.0,0.0,0.0,0.0,0.0,inf,inf
1.0,1.0,0.0,0.0,1.0,1.0,0.0,0.0
0.9371980676328503,0.8818181818181818,1.0,0.3917917779228318,1.0,1.0,0.0,0.0
0.0,0.0,inf,inf,1.0,1.0,0.0,0.0
0.0,0.0,inf,inf,1.0,1.0,0.0,0.0
1.0,1.0,0.0,0.0,1.0,1.0,0.0,0.0
1.0,1.0,0.0,0.0,1.0,1.0,0.0,0.0
1.0,1.0,0.0,0.0,1.0,1.0,0.0,0.0
0.8716904276985743,0.7725631768953068,1.4142135623730951,0.7810568438694517,1.0,1.0,0.0,0.0
1.0,1.0,0.0,0.0,1.0,1.0,0.0,0.0
0.0,0.0,inf,inf,1.0,1.0,0.0,0.0
0.9364161849710982,0.8804347826086957,1.0,0.5,1.0,1.0,0.0,0.0
0.9773089171974523,0.955624756714675,1.4142135623730951,0.40024296687817257,0.6190476190476191,0.4482758620689655,3.045429972770613,0.6801467048399603
1.0,1.0,0.0,0.0,1.0,1.0,0.0,0.0
1.0,1.0,0.0,0.0,1.0,1.0,0.0,0.0
1.0,1.0,0.0,0.0,1.0,1.0,0.0,0.0
1.0,1.0,0.0,0.0,0.0,0.0,inf,inf
1.0,1.0,0.0,0.0,1.0,1.0,0.0,0.0
0.9777777777777777,0.9565217391304348,1.0,0.3923710054599329,1.0,1.0,0.0,0.0
0.9682539682539683,0.9384615384615385,1.0,0.35365853658536583,1.0,1.0,0.0,0.0
1.0,1.0,0.0,0.0,1.0,1.0,0.0,0.0
0.9728832318760376,0.947198275862069,2.0,0.3723876120998956,1.0,1.0,0.0,0.0
1.0,1.0,0.0,0.0,0.0,0.0,inf,inf
1.0,1.0,0.0,0.0,0.0,0.0,inf,inf
0.9835539510629764,0.9676400947119179,1.0,0.28511150078650754,1.0,1.0,0.0,0.0
1.0,1.0,0.0,0.0,1.0,1.0,0.0,0.0
0.8755364806866953,0.7786259541984732,7.810249675906654,1.7582628362210444,1.0,1.0,0.0,0.0
1.0,1.0,0.0,0.0,1.0,1.0,0.0,0.0
0.0,0.0,inf,inf,1.0,1.0,0.0,0.0
0.9679399727148704,0.937871777924653,2.8284271247461903,0.7129810254138845,1.0,1.0,0.0,0.0
1.0,1.0,0.0,0.0,1.0,1.0,0.0,0.0
0.9214354995150339,0.85431654676259,2.0,0.6872260419102717,1.0,1.0,0.0,0.0
1.0,1.0,0.0,0.0,0.0,0.0,inf,inf
1.0,1.0,0.0,0.0,1.0,1.0,0.0,0.0
1.0,1.0,0.0,0.0,1.0,1.0,0.0,0.0
0.0,0.0,inf,inf,1.0,1.0,0.0,0.0
0.9776357827476039,0.95625,1.0,0.3068181818181818,1.0,1.0,0.0,0.0
1.0,1.0,0.0,0.0,1.0,1.0,0.0,0.0
0.9003436426116839,0.81875,2.4730116363983363,0.6197847690086874,1.0,1.0,0.0,0.0
0.0,0.0,inf,inf,1.0,1.0,0.0,0.0
1.0,1.0,0.0,0.0,0.8938714499252616,0.8081081081081081,2.0,0.7874000553950742
1.0,1.0,0.0,0.0,0.0,0.0,inf,inf
1.0,1.0,0.0,0.0,1.0,1.0,0.0,0.0
0.0,0.0,inf,inf,1.0,1.0,0.0,0.0
0.9727503168567807,0.9469463294262801,11.107602675277557,0.3140014143203516,1.0,1.0,0.0,0.0
0.9629324546952224,0.9285146942017474,1.4142135623730951,0.686789261019814,1.0,1.0,0.0,0.0
1.0,1.0,0.0,0.0,1.0,1.0,0.0,0.0
1.0,1.0,0.0,0.0,1.0,1.0,0.0,0.0
0.9816775928727517,0.9640145262462859,1.0,0.48824642528351403,1.0,1.0,0.0,0.0
1.0,1.0,0.0,0.0,0.0,0.0,inf,inf
0.9505280711506392,0.9057203389830508,2.1298373876248804,0.7098887223533287,1.0,1.0,0.0,0.0
0.0,0.0,inf,inf,1.0,1.0,0.0,0.0
1.0,1.0,0.0,0.0,1.0,1.0,0.0,0.0
0.9373297002724795,0.882051282051282,1.0,0.5975489589249456,0.9793510324483776,0.9595375722543352,1.4142135623730951,0.6507712280691574
1.0,1.0,0.0,0.0,1.0,1.0,0.0,0.0
0.9543899657924744,0.9127589967284624,2.0,0.5993363570513268,1.0,1.0,0.0,0.0
1.0,1.0,0.0,0.0,1.0,1.0,0.0,0.0
1.0,1.0,0.0,0.0,1.0,1.0,0.0,0.0
0.9829517778860205,0.9664750957854407,1.0,0.30701754385964913,1.0,1.0,0.0,0.0
0.0,0.0,inf,inf,0.0,0.0,inf,inf
0.9763075547608404,0.9537117903930131,1.0,0.43616408614750535,1.0,1.0,0.0,0.0
0.9667003027245207,0.935546875,7.0710678118654755,0.4017857142857143,1.0,1.0,0.0,0.0
0.0,0.0,inf,inf,1.0,1.0,0.0,0.0
0.0,0.0,inf,inf,1.0,1.0,0.0,0.0
1.0,1.0,0.0,0.0,1.0,1.0,0.0,0.0
1.0,1.0,0.0,0.0,0.0,0.0,inf,inf
0.931910569105691,0.8725023786869648,2.8284271247461903,0.9319572775455887,1.0,1.0,0.0,0.0
0.9230769230769231,0.8571428571428571,2.0,0.7110126689543361,0.8571428571428571,0.75,2.0,0.889724601576075
0.9730700179533214,0.9475524475524476,1.0,0.23076923076923078,1.0,1.0,0.0,0.0
0.7692307692307693,0.625,2.704163056034263,0.5789473684210527,1.0,1.0,0.0,0.0
0.966824644549763,0.9357798165137615,2.0,0.4266666666666667,1.0,1.0,0.0,0.0
0.8830409356725146,0.7905759162303665,1.4142135623730951,0.42857142857142855,0.953125,0.9104477611940298,2.0,0.7692265848824456
0.9602334914264867,0.9235087719298246,2.0,0.46707106781186547,1.0,1.0,0.0,0.0
1.0,1.0,0.0,0.0,0.0,0.0,inf,inf
0.8195991091314031,0.6943396226415094,4.41978140559229,0.5891123775561495,0.9518958687040181,0.908207343412527,2.0,0.6328975176716403
0.9376114081996435,0.8825503355704698,2.0472135954999553,0.8483550755896242,1.0,1.0,0.0,0.0
1.0,1.0,0.0,0.0,1.0,1.0,0.0,0.0
1.0,1.0,0.0,0.0,1.0,1.0,0.0,0.0
0.0,0.0,inf,inf,1.0,1.0,0.0,0.0
0.0,0.0,inf,inf,0.0,0.0,inf,inf
1.0,1.0,0.0,0.0,1.0,1.0,0.0,0.0
0.9264516129032258,0.8629807692307693,2.23606797749979,0.6356838129765434,0.0,0.0,inf,inf
1.0,1.0,0.0,0.0,1.0,1.0,0.0,0.0
0.9312465064281722,0.8713389121338913,3.605551275463989,0.5076146260355114,1.0,1.0,0.0,0.0
0.9292604501607717,0.8678678678678678,3.0,0.7963547265066603,0.9508593560881142,0.9063221042916474,3.1622776601683795,1.0130664246977594
0.0,0.0,inf,inf,0.0,0.0,inf,inf
0.928919182083739,0.8672727272727273,2.0,0.7878959656458797,0.8789237668161435,0.784,1.0,0.5588235294117647
1.0,1.0,0.0,0.0,0.0,0.0,inf,inf
1.0,1.0,0.0,0.0,0.0,0.0,inf,inf
0.9701878338790281,0.9421017402945113,2.0,0.550102898439495,1.0,1.0,0.0,0.0
0.9614791987673343,0.9258160237388724,1.0,0.3770491803278688,1.0,1.0,0.0,0.0
1.0,1.0,0.0,0.0,1.0,1.0,0.0,0.0
0.987012987012987,0.9743589743589743,1.0,0.25547445255474455,1.0,1.0,0.0,0.0
0.9673858504766684,0.9368318756073858,7.397592015084703,0.4107142857142857,1.0,1.0,0.0,0.0
0.9223826714801444,0.8559463986599665,3.1217082451262845,0.6111111111111112,0.956575682382134,0.9167657550535078,2.0,0.8164795413526091
0.0,0.0,inf,inf,0.0,0.0,inf,inf
1.0,1.0,0.0,0.0,1.0,1.0,0.0,0.0
1.0,1.0,0.0,0.0,1.0,1.0,0.0,0.0
0.9817978157378886,0.9642464246424642,11.0,0.44305667277727334,1.0,1.0,0.0,0.0
0.9587955625990491,0.9208523592085236,2.0,0.7409558508666159,1.0,1.0,0.0,0.0
0.9707814269535674,0.9432218309859155,2.0,0.46307860074142965,1.0,1.0,0.0,0.0
1.0,1.0,0.0,0.0,1.0,1.0,0.0,0.0
0.0,0.0,inf,inf,1.0,1.0,0.0,0.0
0.905852417302799,0.827906976744186,2.0,0.6536491902749577,1.0,1.0,0.0,0.0
0.9710167152277258,0.9436661698956781,4.973606797749943,0.4952990784990381,1.0,1.0,0.0,0.0
0.8292682926829268,0.7083333333333334,1.0,0.5384615384615384,1.0,1.0,0.0,0.0
1.0,1.0,0.0,0.0,1.0,1.0,0.0,0.0
1.0,1.0,0.0,0.0,1.0,1.0,0.0,0.0
0.9507598784194529,0.9061413673232909,1.4142135623730951,0.6076812600223876,1.0,1.0,0.0,0.0
1.0,1.0,0.0,0.0,1.0,1.0,0.0,0.0
1.0,1.0,0.0,0.0,1.0,1.0,0.0,0.0
1.0,1.0,0.0,0.0,0.896399706098457,0.8122503328894807,2.8284271247461903,1.0650514604309769
0.9590163934426229,0.9212598425196851,2.0,0.7477687986896472,1.0,1.0,0.0,0.0
0.0,0.0,inf,inf,1.0,1.0,0.0,0.0
1.0,1.0,0.0,0.0,1.0,1.0,0.0,0.0
0.969147005444646,0.9401408450704225,1.0,0.2987012987012987,1.0,1.0,0.0,0.0
0.0,0.0,inf,inf,0.0,0.0,inf,inf
1.0,1.0,0.0,0.0,1.0,1.0,0.0,0.0
0.0,0.0,inf,inf,0.0,0.0,inf,inf
1.0,1.0,0.0,0.0,1.0,1.0,0.0,0.0
0.0,0.0,inf,inf,0.0,0.0,inf,inf
0.0,0.0,inf,inf,0.0,0.0,inf,inf
0.9327176781002638,0.8739184177997528,11.253692623816148,0.7635931758974872,0.9650453116330683,0.9324517512508935,3.0,0.6918200702078242
0.9714285714285714,0.9444444444444444,1.0,0.2328767123287671,1.0,1.0,0.0,0.0
1.0,1.0,0.0,0.0,0.0,0.0,inf,inf
0.0,0.0,inf,inf,1.0,1.0,0.0,0.0
1.0,1.0,0.0,0.0,1.0,1.0,0.0,0.0
0.9709035222052067,0.9434523809523809,1.0,0.5126269068069026,1.0,1.0,0.0,0.0
1.0,1.0,0.0,0.0,0.0,0.0,inf,inf
1.0,1.0,0.0,0.0,1.0,1.0,0.0,0.0
1.0,1.0,0.0,0.0,1.0,1.0,0.0,0.0
0.0,0.0,inf,inf,1.0,1.0,0.0,0.0
1.0,1.0,0.0,0.0,1.0,1.0,0.0,0.0
1.0,1.0,0.0,0.0,1.0,1.0,0.0,0.0
0.9530882086578518,0.9103806228373702,7.0,0.5257863459633882,0.9265341400172861,0.8631239935587761,2.0,0.8742789235174678
0.0,0.0,inf,inf,1.0,1.0,0.0,0.0
1.0,1.0,0.0,0.0,1.0,1.0,0.0,0.0
1.0,1.0,0.0,0.0,0.0,0.0,inf,inf
1.0,1.0,0.0,0.0,1.0,1.0,0.0,0.0
0.8911625148279952,0.8036908264241776,11.628963495787564,1.6635517045237067,0.8136541689983212,0.6858490566037736,5.0,1.6435101749149768
1.0,1.0,0.0,0.0,1.0,1.0,0.0,0.0
0.9458784346378019,0.8973143759873617,7.0,0.496972243377874,1.0,1.0,0.0,0.0
0.9139664804469274,0.8415637860082305,2.23606797749979,0.6656172100399168,0.9062003179650239,0.8284883720930233,2.0,0.8910103336632142
0.0,0.0,inf,inf,0.0,0.0,inf,inf
1.0,1.0,0.0,0.0,1.0,1.0,0.0,0.0
0.0,0.0,inf,inf,0.0,0.0,inf,inf
0.0,0.0,inf,inf,1.0,1.0,0.0,0.0
1.0,1.0,0.0,0.0,1.0,1.0,0.0,0.0
1.0,1.0,0.0,0.0,1.0,1.0,0.0,0.0
1.0,1.0,0.0,0.0,1.0,1.0,0.0,0.0
0.9371678649577994,0.8817647058823529,2.982842712474615,0.8043799022330668,0.9550941574118783,0.9140480591497228,2.8284271247461903,0.8711461418577178
1.0,1.0,0.0,0.0,1.0,1.0,0.0,0.0
1.0,1.0,0.0,0.0,1.0,1.0,0.0,0.0
1.0,1.0,0.0,0.0,1.0,1.0,0.0,0.0
1.0,1.0,0.0,0.0,1.0,1.0,0.0,0.0
0.0,0.0,inf,inf,1.0,1.0,0.0,0.0
0.0,0.0,inf,inf,1.0,1.0,0.0,0.0
1.0,1.0,0.0,0.0,1.0,1.0,0.0,0.0
1.0,1.0,0.0,0.0,1.0,1.0,0.0,0.0
1.0,1.0,0.0,0.0,1.0,1.0,0.0,0.0
1.0,1.0,0.0,0.0,1.0,1.0,0.0,0.0
1.0,1.0,0.0,0.0,1.0,1.0,0.0,0.0
1.0,1.0,0.0,0.0,1.0,1.0,0.0,0.0
0.0,0.0,inf,inf,0.0,0.0,inf,inf
0.9716932578486875,0.944944944944945,1.0,0.4672897196261682,1.0,1.0,0.0,0.0
1.0,1.0,0.0,0.0,0.0,0.0,inf,inf
0.9281767955801105,0.865979381443299,2.0,0.6842449084665368,1.0,1.0,0.0,0.0
1.0,1.0,0.0,0.0,1.0,1.0,0.0,0.0
1.0,1.0,0.0,0.0,1.0,1.0,0.0,0.0
1.0,1.0,0.0,0.0,1.0,1.0,0.0,0.0
0.9323843416370107,0.8733333333333333,2.8284271247461903,0.713947337783961,1.0,1.0,0.0,0.0
1.0,1.0,0.0,0.0,1.0,1.0,0.0,0.0
1.0,1.0,0.0,0.0,1.0,1.0,0.0,0.0
0.9797172710510141,0.9602409638554217,1.0,0.3333333333333333,1.0,1.0,0.0,0.0
1.0,1.0,0.0,0.0,1.0,1.0,0.0,0.0
0.9386046511627907,0.8843120070113936,2.035410196624963,1.0359614166444475,0.7655502392344498,0.6201550387596899,2.23606797749979,1.3253962679471512
1.0,1.0,0.0,0.0,1.0,1.0,0.0,0.0
0.9709401709401709,0.9435215946843853,1.0,0.25,1.0,1.0,0.0,0.0
1.0,1.0,0.0,0.0,1.0,1.0,0.0,0.0
1.0,1.0,0.0,0.0,0.0,0.0,inf,inf
1.0,1.0,0.0,0.0,1.0,1.0,0.0,0.0
1.0,1.0,0.0,0.0,1.0,1.0,0.0,0.0
0.9239598278335724,0.8586666666666667,2.23606797749979,0.6889118729902285,1.0,1.0,0.0,0.0
1.0,1.0,0.0,0.0,1.0,1.0,0.0,0.0
0.9444911690496215,0.8948207171314742,2.2656859348620997,0.9316135594220687,0.8744186046511628,0.7768595041322314,2.0,0.6975489589249456
1.0,1.0,0.0,0.0,1.0,1.0,0.0,0.0
1.0,1.0,0.0,0.0,1.0,1.0,0.0,0.0
0.9526916802610114,0.9096573208722741,1.4142135623730951,0.7194223389958184,1.0,1.0,0.0,0.0
0.0,0.0,inf,inf,1.0,1.0,0.0,0.0
0.0,0.0,inf,inf,1.0,1.0,0.0,0.0
1.0,1.0,0.0,0.0,1.0,1.0,0.0,0.0
0.0,0.0,inf,inf,1.0,1.0,0.0,0.0
1.0,1.0,0.0,0.0,1.0,1.0,0.0,0.0
1.0,1.0,0.0,0.0,1.0,1.0,0.0,0.0
0.9623085983510011,0.927355278093076,1.4142135623730951,0.5365019143543035,1.0,1.0,0.0,0.0
0.9632598530394122,0.9291237113402062,1.4142135623730951,0.5217391304347826,1.0,1.0,0.0,0.0
0.9637846655791191,0.9301007556675063,2.0,0.6744820169001213,1.0,1.0,0.0,0.0
1.0,1.0,0.0,0.0,1.0,1.0,0.0,0.0
1.0,1.0,0.0,0.0,1.0,1.0,0.0,0.0
0.0,0.0,inf,inf,0.0,0.0,inf,inf
1.0,1.0,0.0,0.0,1.0,1.0,0.0,0.0
1.0,1.0,0.0,0.0,1.0,1.0,0.0,0.0
1.0,1.0,0.0,0.0,1.0,1.0,0.0,0.0
0.0,0.0,inf,inf,0.0,0.0,inf,inf
0.9459659511472983,0.8974719101123596,2.23606797749979,0.7075729284983003,1.0,1.0,0.0,0.0
1.0,1.0,0.0,0.0,1.0,1.0,0.0,0.0
1.0,1.0,0.0,0.0,0.0,0.0,inf,inf
1.0,1.0,0.0,0.0,1.0,1.0,0.0,0.0
0.0,0.0,inf,inf,1.0,1.0,0.0,0.0
1.0,1.0,0.0,0.0,1.0,1.0,0.0,0.0
0.9222309505106049,0.8556851311953353,4.123105625617661,0.7055289053962591,1.0,1.0,0.0,0.0
1.0,1.0,0.0,0.0,0.0,0.0,inf,inf
1.0,1.0,0.0,0.0,0.0,0.0,inf,inf
1.0,1.0,0.0,0.0,1.0,1.0,0.0,0.0
1.0,1.0,0.0,0.0,1.0,1.0,0.0,0.0
1.0,1.0,0.0,0.0,0.0,0.0,inf,inf
0.0,0.0,inf,inf,1.0,1.0,0.0,0.0
1.0,1.0,0.0,0.0,0.0,0.0,inf,inf
1.0,1.0,0.0,0.0,1.0,1.0,0.0,0.0
1.0,1.0,0.0,0.0,1.0,1.0,0.0,0.0
0.9500531349628055,0.9048582995951417,1.4142135623730951,0.3478052916469548,1.0,1.0,0.0,0.0
1.0,1.0,0.0,0.0,1.0,1.0,0.0,0.0
0.0,0.0,inf,inf,0.0,0.0,inf,inf
0.0,0.0,inf,inf,1.0,1.0,0.0,0.0
1.0,1.0,0.0,0.0,1.0,1.0,0.0,0.0
0.9670175438596491,0.936141304347826,1.0,1.384771147748635,1.0,1.0,0.0,0.0
1.0,1.0,0.0,0.0,1.0,1.0,0.0,0.0
1.0,1.0,0.0,0.0,1.0,1.0,0.0,0.0
1.0,1.0,0.0,0.0,1.0,1.0,0.0,0.0
1.0,1.0,0.0,0.0,1.0,1.0,0.0,0.0
0.9112508735150244,0.8369704749679076,9.848857801796104,0.6089642626289287,1.0,1.0,0.0,0.0
0.0,0.0,inf,inf,0.0,0.0,inf,inf
1.0,1.0,0.0,0.0,1.0,1.0,0.0,0.0
0.9638336347197106,0.9301919720767888,8.06225774829855,0.3884297520661157,0.8837209302325582,0.7916666666666666,1.0,0.6138071187457699
1.0,1.0,0.0,0.0,1.0,1.0,0.0,0.0
0.9712643678160919,0.9441340782122905,1.0,0.4478887904815124,1.0,1.0,0.0,0.0
0.9789579158316634,0.9587831207065751,8.0,0.3125,1.0,1.0,0.0,0.0
1.0,1.0,0.0,0.0,1.0,1.0,0.0,0.0
1.0,1.0,0.0,0.0,0.0,0.0,inf,inf
0.9784268171257883,0.9577647823261858,10.0,0.31756889165747776,0.0,0.0,5.496611579062203,1.0
1.0,1.0,0.0,0.0,1.0,1.0,0.0,0.0
0.9234567901234568,0.8577981651376146,7.0,0.8209453094422011,1.0,1.0,0.0,0.0
1.0,1.0,0.0,0.0,1.0,1.0,0.0,0.0
0.9397463002114165,0.8863409770687937,4.5249223594996035,0.4611863922921939,1.0,1.0,0.0,0.0
1.0,1.0,0.0,0.0,1.0,1.0,0.0,0.0
0.0,0.0,inf,inf,1.0,1.0,0.0,0.0
0.9166666666666666,0.8461538461538461,1.0,0.36,1.0,1.0,0.0,0.0
0.0,0.0,inf,inf,1.0,1.0,0.0,0.0
1.0,1.0,0.0,0.0,1.0,1.0,0.0,0.0
0.9388004895960832,0.8846597462514417,2.23606797749979,0.8061253998610408,1.0,1.0,0.0,0.0
0.903353057199211,0.8237410071942446,3.0,0.7075067530127879,1.0,1.0,0.0,0.0
1.0,1.0,0.0,0.0,0.0,0.0,inf,inf
0.9656565656565657,0.93359375,6.215748564819412,0.45454545454545453,1.0,1.0,0.0,0.0
1.0,1.0,0.0,0.0,1.0,1.0,0.0,0.0
1.0,1.0,0.0,0.0,1.0,1.0,0.0,0.0
1.0,1.0,0.0,0.0,1.0,1.0,0.0,0.0
1.0,1.0,0.0,0.0,1.0,1.0,0.0,0.0
1.0,1.0,0.0,0.0,1.0,1.0,0.0,0.0
1.0,1.0,0.0,0.0,1.0,1.0,0.0,0.0
0.9723018147086915,0.9460966542750929,1.4142135623730951,0.5050855414616755,1.0,1.0,0.0,0.0
0.0,0.0,inf,inf,1.0,1.0,0.0,0.0
1.0,1.0,0.0,0.0,1.0,1.0,0.0,0.0
0.9565798263193053,0.9167733674775929,7.078069548818594,0.3256964241608115,1.0,1.0,0.0,0.0
0.7002967359050445,0.5388127853881278,4.0,0.9202551297395322,1.0,1.0,0.0,0.0
1.0,1.0,0.0,0.0,1.0,1.0,0.0,0.0
1.0,1.0,0.0,0.0,1.0,1.0,0.0,0.0
0.9765590446704998,0.9541918755401901,1.0,0.43226976394975974,1.0,1.0,0.0,0.0
0.9742441209406495,0.9497816593886463,1.0,0.2714285714285714,1.0,1.0,0.0,0.0
0.9430379746835443,0.8922155688622755,1.4142135623730951,0.49913347032700095,1.0,1.0,0.0,0.0
0.9424083769633508,0.8910891089108911,1.6485281374238439,0.7488564252711166,1.0,1.0,0.0,0.0
1.0,1.0,0.0,0.0,1.0,1.0,0.0,0.0
0.8345323741007195,0.7160493827160493,1.4142135623730951,0.66,0.9478748997594226,0.9009146341463414,2.023606797749971,0.8410253009232169
0.9544270833333334,0.912826899128269,2.0,0.553072625698324,1.0,1.0,0.0,0.0
0.782051282051282,0.6421052631578947,5.346648326421053,1.7466123763373798,1.0,1.0,0.0,0.0
0.8505154639175257,0.7399103139013453,2.23606797749979,1.1752961158827728,1.0,1.0,0.0,0.0
0.9392430278884463,0.8854460093896713,2.23606797749979,0.7485702260395516,0.9607476635514018,0.9244604316546763,2.8284271247461903,0.6981073745852523
0.0,0.0,inf,inf,1.0,1.0,0.0,0.0
1.0,1.0,0.0,0.0,1.0,1.0,0.0,0.0
0.0,0.0,inf,inf,1.0,1.0,0.0,0.0
0.8881327094853254,0.7987758224942617,3.0,1.0036262665236384,0.9225721784776902,0.856272838002436,2.8284271247461903,0.9619715021017794
0.0,0.0,inf,inf,1.0,1.0,0.0,0.0
0.8951747088186356,0.8102409638554217,4.368863084453446,1.2309994775055262,0.8571428571428571,0.75,1.0,0.45826877795718673
0.0,0.0,inf,inf,1.0,1.0,0.0,0.0
0.9857015192135835,0.9718061674008811,1.0,0.20930232558139536,1.0,1.0,0.0,0.0
0.0,0.0,inf,inf,1.0,1.0,0.0,0.0
0.9476391695756017,0.9004888268156425,8.305769750051743,0.8822708795946151,1.0,1.0,0.0,0.0
0.9077628673348055,0.831104199066874,6.0,1.2997815628064464,0.8279475982532751,0.706408345752608,6.0,2.082240027839798
1.0,1.0,0.0,0.0,1.0,1.0,0.0,0.0
0.949685534591195,0.9041916167664671,1.0,0.38095238095238093,1.0,1.0,0.0,0.0
0.9592969472710453,0.9217777777777778,2.0,0.6070810141774731,1.0,1.0,0.0,0.0
0.9333333333333333,0.875,1.0,0.44680851063829785,1.0,1.0,0.0,0.0
0.9517188103514871,0.9078850405305822,2.0,0.5921306193906309,1.0,1.0,0.0,0.0
1.0,1.0,0.0,0.0,1.0,1.0,0.0,0.0
0.9287974683544303,0.8670605612998523,8.246211251235321,0.8472333506293329,0.6296296296296297,0.4594594594594595,2.23606797749979,1.2486954311895875
1.0,1.0,0.0,0.0,1.0,1.0,0.0,0.0
1.0,1.0,0.0,0.0,1.0,1.0,0.0,0.0
0.0,0.0,inf,inf,1.0,1.0,0.0,0.0
0.0,0.0,inf,inf,1.0,1.0,0.0,0.0
0.9834874504623514,0.967511371020143,1.0,0.26857142857142857,1.0,1.0,0.0,0.0
1.0,1.0,0.0,0.0,1.0,1.0,0.0,0.0
1.0,1.0,0.0,0.0,1.0,1.0,0.0,0.0
0.90956749672346,0.8341346153846154,3.1622776601683795,1.1695894636642479,1.0,1.0,0.0,0.0
0.9666772453189464,0.9355036855036855,5.0,0.33579889025222076,1.0,1.0,0.0,0.0
0.0,0.0,inf,inf,0.0,0.0,inf,inf
1.0,1.0,0.0,0.0,0.0,0.0,inf,inf
1.0,1.0,0.0,0.0,1.0,1.0,0.0,0.0
1.0,1.0,0.0,0.0,0.0,0.0,inf,inf
0.9124423963133641,0.8389830508474576,1.0,0.5,1.0,1.0,0.0,0.0
0.9747899159663865,0.9508196721311475,1.0,0.45714285714285713,1.0,1.0,0.0,0.0
1.0,1.0,0.0,0.0,1.0,1.0,0.0,0.0
1.0,1.0,0.0,0.0,1.0,1.0,0.0,0.0
1.0,1.0,0.0,0.0,1.0,1.0,0.0,0.0
0.9764102564102564,0.9539078156312625,1.4142135623730951,0.3942307692307692,0.0,0.0,inf,inf
1.0,1.0,0.0,0.0,1.0,1.0,0.0,0.0
1.0,1.0,0.0,0.0,1.0,1.0,0.0,0.0
0.923469387755102,0.8578199052132701,2.473011636398353,0.9887288566535661,1.0,1.0,0.0,0.0
0.9499736703528173,0.9047141424272819,2.0,0.8060059877300868,0.7142857142857143,0.5555555555555556,2.991421356237309,1.5937327234446603
0.9472182596291013,0.8997289972899729,3.644996147917588,0.6326127759401867,0.0,0.0,4.3848783726541,3.1622776601683795
1.0,1.0,0.0,0.0,0.0,0.0,inf,inf
0.0,0.0,inf,inf,0.0,0.0,inf,inf
1.0,1.0,0.0,0.0,1.0,1.0,0.0,0.0
1.0,1.0,0.0,0.0,1.0,1.0,0.0,0.0
1.0,1.0,0.0,0.0,1.0,1.0,0.0,0.0
0.9023904382470119,0.822141560798548,2.23606797749979,0.570696215908841,0.9703872437357631,0.9424778761061947,2.0,0.5680474317738404
0.0,0.0,inf,inf,1.0,1.0,0.0,0.0
0.976831091180867,0.9547114682249818,1.0,0.45566836160613566,1.0,1.0,0.0,0.0
1.0,1.0,0.0,0.0,1.0,1.0,0.0,0.0
0.9535135135135135,0.9111570247933884,1.4142135623730951,0.3952952873460133,1.0,1.0,0.0,0.0
0.9767441860465116,0.9545454545454546,1.0,0.37037037037037035,1.0,1.0,0.0,0.0
0.9400705052878966,0.8869179600886918,4.0,1.0084965623211017,1.0,1.0,0.0,0.0
0.0,0.0,inf,inf,0.0,0.0,inf,inf
0.9425556858147714,0.8913525498891353,2.8284271247461903,0.8002512290065199,1.0,1.0,0.0,0.0
0.0,0.0,inf,inf,1.0,1.0,0.0,0.0
0.0,0.0,inf,inf,1.0,1.0,0.0,0.0
0.9202363367799113,0.8522571819425444,5.0,0.7750918514270562,1.0,1.0,0.0,0.0
0.0,0.0,inf,inf,0.0,0.0,inf,inf
0.9363957597173145,0.8803986710963455,1.4142135623730951,0.6170814034064286,1.0,1.0,0.0,0.0
1.0,1.0,0.0,0.0,1.0,1.0,0.0,0.0
0.9816474605207,0.9639564124057,1.0,0.33035714285714285,1.0,1.0,0.0,0.0
1.0,1.0,0.0,0.0,1.0,1.0,0.0,0.0
0.9266136162687887,0.8632619439868204,2.23606797749979,0.7326544375118813,1.0,1.0,0.0,0.0
0.0,0.0,inf,inf,1.0,1.0,0.0,0.0
1.0,1.0,0.0,0.0,1.0,1.0,0.0,0.0
0.9546218487394958,0.9131832797427653,1.4142135623730951,0.5350877192982456,1.0,1.0,0.0,0.0
0.0,0.0,inf,inf,1.0,1.0,0.0,0.0
1.0,1.0,0.0,0.0,1.0,1.0,0.0,0.0
0.945382323733863,0.896421845574388,2.0,0.6140880428047424,1.0,1.0,0.0,0.0
0.9809345794392523,0.962582538517975,1.0,0.3878016427874853,1.0,1.0,0.0,0.0
0.847457627118644,0.7352941176470589,1.0,0.5909090909090909,1.0,1.0,0.0,0.0
0.0,0.0,inf,inf,0.0,0.0,inf,inf
1.0,1.0,0.0,0.0,1.0,1.0,0.0,0.0
0.9150023223409196,0.8433219178082192,2.8284271247461903,1.2502339953464994,1.0,1.0,0.0,0.0
1.0,1.0,0.0,0.0,1.0,1.0,0.0,0.0
0.0,0.0,inf,inf,1.0,1.0,0.0,0.0
0.9595015576323987,0.9221556886227545,1.0,0.37990192478598467,0.6363636363636364,0.4666666666666667,1.5785844453984335,0.42857142857142855
1.0,1.0,0.0,0.0,1.0,1.0,0.0,0.0
0.9451507446422085,0.8960055096418733,5.7526079544364785,0.6254441738241592,0.7154471544715447,0.5569620253164557,2.897056274847714,1.2375100549954603
0.0,0.0,inf,inf,1.0,1.0,0.0,0.0
0.0,0.0,inf,inf,0.0,0.0,inf,inf
1.0,1.0,0.0,0.0,1.0,1.0,0.0,0.0
0.0,0.0,inf,inf,1.0,1.0,0.0,0.0
1.0,1.0,0.0,0.0,0.0,0.0,inf,inf
1.0,1.0,0.0,0.0,1.0,1.0,0.0,0.0
0.9329173166926678,0.8742690058479532,2.0,0.6666666666666666,1.0,1.0,0.0,0.0
0.38095238095238093,0.23529411764705882,5.041547594742263,0.6010152544552211,0.9725426482534525,0.9465528146742568,2.23606797749979,0.751522408616416
0.976313079299691,0.9537223340040242,1.0,0.37568795723461573,1.0,1.0,0.0,0.0
0.0,0.0,inf,inf,1.0,1.0,0.0,0.0
0.9406053683609366,0.8878706199460916,1.4142135623730951,0.49986802116243007,0.0,0.0,inf,inf
0.9662643144537295,0.9347305389221557,1.0,0.47860844797053975,1.0,1.0,0.0,0.0
0.0,0.0,inf,inf,0.9203187250996016,0.8523985239852399,2.0,0.9219114908303234
1.0,1.0,0.0,0.0,1.0,1.0,0.0,0.0
1.0,1.0,0.0,0.0,1.0,1.0,0.0,0.0
0.0,0.0,inf,inf,0.0,0.0,inf,inf
1.0,1.0,0.0,0.0,1.0,1.0,0.0,0.0
1.0,1.0,0.0,0.0,1.0,1.0,0.0,0.0
0.9638461538461538,0.9302152932442465,2.0,0.46848385830773837,1.0,1.0,0.0,0.0
1.0,1.0,0.0,0.0,0.0,0.0,inf,inf
1.0,1.0,0.0,0.0,1.0,1.0,0.0,0.0
0.9424036281179138,0.8910806174957119,2.23606797749979,0.7247996870229703,1.0,1.0,0.0,0.0
1.0,1.0,0.0,0.0,1.0,1.0,0.0,0.0
1.0,1.0,0.0,0.0,0.0,0.0,inf,inf
1.0,1.0,0.0,0.0,1.0,1.0,0.0,0.0
0.8571428571428571,0.75,3.9605551275463897,1.0261779277214236,0.8497854077253219,0.7388059701492538,2.0,0.7734590803390136
1.0,1.0,0.0,0.0,1.0,1.0,0.0,0.0
1.0,1.0,0.0,0.0,0.0,0.0,inf,inf
0.963371801304566,0.9293320425943853,7.3808088542555295,0.48214285714285715,1.0,1.0,0.0,0.0
0.9779544633176726,0.9568599717114569,2.0,0.38528301268510745,1.0,1.0,0.0,0.0
0.0,0.0,inf,inf,1.0,1.0,0.0,0.0
1.0,1.0,0.0,0.0,1.0,1.0,0.0,0.0
0.0,0.0,inf,inf,0.0,0.0,inf,inf
0.9389582842328541,0.8849400266548201,3.0,0.8644266500730985,0.9394828045854439,0.8858722976370035,3.0,1.082521077413586
0.0,0.0,inf,inf,1.0,1.0,0.0,0.0
1.0,1.0,0.0,0.0,1.0,1.0,0.0,0.0
1.0,1.0,0.0,0.0,1.0,1.0,0.0,0.0
0.9506863243518048,0.9060077519379846,1.4142135623730951,0.7986495683914375,0.7419354838709677,0.5897435897435898,2.23606797749979,1.4136616206542936
1.0,1.0,0.0,0.0,1.0,1.0,0.0,0.0
1.0,1.0,0.0,0.0,1.0,1.0,0.0,0.0
0.947584789311408,0.900390625,1.0,0.5428571428571428,1.0,1.0,0.0,0.0
0.98005698005698,0.9608938547486033,1.0,0.25333333333333335,1.0,1.0,0.0,0.0
0.9625312239800167,0.92776886035313,1.0,0.4567901234567901,1.0,1.0,0.0,0.0
0.9103448275862069,0.8354430379746836,2.0,0.793760986354407,1.0,1.0,0.0,0.0
0.9844802342606149,0.9694348327566321,1.0,0.3884297520661157,1.0,1.0,0.0,0.0
0.9246336357292394,0.8598312783906554,6.708203932499369,0.7858072283123468,0.962937660119556,0.9285243741765481,3.0,0.6272759365023333
0.949023344449738,0.9029918404351768,1.4142135623730951,0.5381282645237542,0.9361256544502617,0.8799212598425197,2.0,0.7066666666666667
1.0,1.0,0.0,0.0,1.0,1.0,0.0,0.0
0.9338758901322483,0.8759541984732825,1.4142135623730951,0.513983443418381,0.9625377643504531,0.9277810133954572,1.4142135623730951,0.7487487259571012
0.0,0.0,inf,inf,1.0,1.0,0.0,0.0
1.0,1.0,0.0,0.0,1.0,1.0,0.0,0.0
0.7956469165659008,0.6606425702811245,3.0,1.0280401311451999,0.9496043315285297,0.9040444091990484,2.0,0.8542838320619068
0.9054652880354506,0.8272604588394062,2.23606797749979,0.9574329298443488,0.9427728613569322,0.8917410714285714,3.2287687024627107,1.0317638912384333
0.9622641509433962,0.9272727272727272,1.4142135623730951,0.40745745266450806,0.8930817610062893,0.8068181818181818,1.1242640687119274,0.4774697523989652
0.9457013574660633,0.8969957081545065,1.8535533905932737,0.6087202855236441,1.0,1.0,0.0,0.0
0.0,0.0,inf,inf,1.0,1.0,0.0,0.0
1.0,1.0,0.0,0.0,1.0,1.0,0.0,0.0
1.0,1.0,0.0,0.0,1.0,1.0,0.0,0.0
0.9751381215469613,0.9514824797843666,1.0,0.3956043956043956,1.0,1.0,0.0,0.0
1.0,1.0,0.0,0.0,1.0,1.0,0.0,0.0
1.0,1.0,0.0,0.0,1.0,1.0,0.0,0.0
1.0,1.0,0.0,0.0,1.0,1.0,0.0,0.0
1.0,1.0,0.0,0.0,1.0,1.0,0.0,0.0
0.9585687382297552,0.9204339963833634,1.0,0.29,0.907258064516129,0.8302583025830258,2.23606797749979,0.7910143822614605
0.9479940564635958,0.9011299435028248,2.0,0.6829173593094257,1.0,1.0,0.0,0.0
1.0,1.0,0.0,0.0,1.0,1.0,0.0,0.0
0.0,0.0,inf,inf,1.0,1.0,0.0,0.0
1.0,1.0,0.0,0.0,0.0,0.0,inf,inf
0.0,0.0,inf,inf,0.0,0.0,inf,inf
1.0,1.0,0.0,0.0,1.0,1.0,0.0,0.0
0.0,0.0,inf,inf,1.0,1.0,0.0,0.0
1.0,1.0,0.0,0.0,1.0,1.0,0.0,0.0
1.0,1.0,0.0,0.0,1.0,1.0,0.0,0.0
1.0,1.0,0.0,0.0,0.0,0.0,inf,inf
1.0,1.0,0.0,0.0,1.0,1.0,0.0,0.0
1.0,1.0,0.0,0.0,1.0,1.0,0.0,0.0
0.9769874476987448,0.9550102249488752,2.0,0.38461538461538464,0.0,0.0,inf,inf
1.0,1.0,0.0,0.0,1.0,1.0,0.0,0.0
0.9077669902912622,0.8311111111111111,2.0,0.5773643237668811,0.7418546365914787,0.5896414342629482,4.086173937932361,1.6417540838109819
0.0,0.0,inf,inf,1.0,1.0,0.0,0.0
1.0,1.0,0.0,0.0,0.0,0.0,inf,inf
0.9615023474178404,0.9258589511754068,1.4142135623730951,0.4435665438656714,1.0,1.0,0.0,0.0
1.0,1.0,0.0,0.0,1.0,1.0,0.0,0.0
0.9608163265306122,0.9245875883739199,3.484441020371181,0.6258201898816177,1.0,1.0,0.0,0.0
1.0,1.0,0.0,0.0,1.0,1.0,0.0,0.0
1.0,1.0,0.0,0.0,1.0,1.0,0.0,0.0
1.0,1.0,0.0,0.0,1.0,1.0,0.0,0.0
1.0,1.0,0.0,0.0,1.0,1.0,0.0,0.0
0.9619131975199291,0.9266211604095563,1.0,0.4482758620689655,1.0,1.0,0.0,0.0
1.0,1.0,0.0,0.0,1.0,1.0,0.0,0.0
1.0,1.0,0.0,0.0,1.0,1.0,0.0,0.0
0.0,0.0,inf,inf,0.0,0.0,inf,inf
0.9677682578539372,0.9375494071146245,1.4142135623730951,0.5470034445544047,1.0,1.0,0.0,0.0
1.0,1.0,0.0,0.0,1.0,1.0,0.0,0.0
1.0,1.0,0.0,0.0,1.0,1.0,0.0,0.0
0.9807627404657442,0.9622516556291391,1.0,0.35333333333333333,1.0,1.0,0.0,0.0
1.0,1.0,0.0,0.0,1.0,1.0,0.0,0.0
1.0,1.0,0.0,0.0,1.0,1.0,0.0,0.0
1.0,1.0,0.0,0.0,0.0,0.0,inf,inf
0.9424184261036468,0.8911070780399274,1.4142135623730951,0.5797065839775924,0.9688264058679706,0.939537640782454,1.4142135623730951,0.605991987758688
1.0,1.0,0.0,0.0,1.0,1.0,0.0,0.0
0.0,0.0,inf,inf,1.0,1.0,0.0,0.0
0.0,0.0,inf,inf,0.0,0.0,inf,inf
1.0,1.0,0.0,0.0,1.0,1.0,0.0,0.0
0.0,0.0,inf,inf,1.0,1.0,0.0,0.0
1.0,1.0,0.0,0.0,0.0,0.0,inf,inf
0.9714041826717883,0.9443983402489626,1.6778174593051958,0.3760229624966895,0.14285714285714285,0.07692307692307693,3.605551275463989,1.4643470802648582
1.0,1.0,0.0,0.0,1.0,1.0,0.0,0.0
0.9820836098208361,0.9647979139504563,1.0,0.2922077922077922,1.0,1.0,0.0,0.0
0.948161543098252,0.901432664756447,2.0,0.6186752542670546,1.0,1.0,0.0,0.0
1.0,1.0,0.0,0.0,1.0,1.0,0.0,0.0
1.0,1.0,0.0,0.0,1.0,1.0,0.0,0.0
0.9613821138211383,0.9256360078277887,1.0,0.4567901234567901,1.0,1.0,0.0,0.0
1.0,1.0,0.0,0.0,0.0,0.0,inf,inf
0.8179271708683473,0.6919431279620853,4.055397531527946,1.3113176759321317,1.0,1.0,0.0,0.0
1.0,1.0,0.0,0.0,1.0,1.0,0.0,0.0
0.0,0.0,inf,inf,1.0,1.0,0.0,0.0
1.0,1.0,0.0,0.0,1.0,1.0,0.0,0.0
1.0,1.0,0.0,0.0,1.0,1.0,0.0,0.0
0.9226277372262773,0.8563685636856369,2.0,0.715976960798632,1.0,1.0,0.0,0.0
0.0,0.0,inf,inf,0.0,0.0,inf,inf
0.0,0.0,inf,inf,1.0,1.0,0.0,0.0
0.8864864864864865,0.7961165048543689,1.648528137423852,0.5517355016857594,1.0,1.0,0.0,0.0
0.0,0.0,inf,inf,0.0,0.0,inf,inf
1.0,1.0,0.0,0.0,0.0,0.0,inf,inf
1.0,1.0,0.0,0.0,0.0,0.0,inf,inf
1.0,1.0,0.0,0.0,1.0,1.0,0.0,0.0
1.0,1.0,0.0,0.0,1.0,1.0,0.0,0.0
1.0,1.0,0.0,0.0,1.0,1.0,0.0,0.0
0.8225806451612904,0.6986301369863014,2.0,0.9198759867119705,1.0,1.0,0.0,0.0
1.0,1.0,0.0,0.0,1.0,1.0,0.0,0.0
0.918091809180918,0.848585690515807,4.123105625617661,0.5213617167407908,0.9616336633663366,0.9261025029797377,2.0,0.725152665303373
1.0,1.0,0.0,0.0,1.0,1.0,0.0,0.0
0.8571428571428571,0.75,1.1656854249492374,0.4949537389631233,1.0,1.0,0.0,0.0
0.0,0.0,inf,inf,0.0,0.0,inf,inf
1.0,1.0,0.0,0.0,1.0,1.0,0.0,0.0
1.0,1.0,0.0,0.0,1.0,1.0,0.0,0.0
0.0,0.0,inf,inf,0.0,0.0,inf,inf
1.0,1.0,0.0,0.0,1.0,1.0,0.0,0.0
0.9825366025754101,0.9656726768377254,1.0,0.43970354107742904,1.0,1.0,0.0,0.0
1.0,1.0,0.0,0.0,1.0,1.0,0.0,0.0
0.0,0.0,inf,inf,0.0,0.0,inf,inf
1.0,1.0,0.0,0.0,1.0,1.0,0.0,0.0
1.0,1.0,0.0,0.0,1.0,1.0,0.0,0.0
0.0,0.0,inf,inf,1.0,1.0,0.0,0.0
1.0,1.0,0.0,0.0,1.0,1.0,0.0,0.0
1.0,1.0,0.0,0.0,1.0,1.0,0.0,0.0
0.9348534201954397,0.8776758409785933,2.8284271247461903,0.9640483881005486,0.9405750798722045,0.887816646562123,3.5390602331696326,1.0509220054641397
0.7142857142857143,0.5555555555555556,1.7949747468305826,0.7142857142857143,1.0,1.0,0.0,0.0
1.0,1.0,0.0,0.0,1.0,1.0,0.0,0.0
1.0,1.0,0.0,0.0,1.0,1.0,0.0,0.0
1.0,1.0,0.0,0.0,1.0,1.0,0.0,0.0
0.9137889398695968,0.8412627834593153,6.0,1.0863650041825896,1.0,1.0,0.0,0.0
0.9797340088663711,0.9602731222842955,1.6778174593051958,0.2717391304347826,1.0,1.0,0.0,0.0
0.6206896551724138,0.45,4.019594755586925,1.9628752563392422,0.8702290076335878,0.7702702702702703,2.188854381999831,0.7802137527172334
0.9107551487414187,0.8361344537815126,1.4142135623730951,0.6082842712474619,1.0,1.0,0.0,0.0
1.0,1.0,0.0,0.0,1.0,1.0,0.0,0.0
1.0,1.0,0.0,0.0,1.0,1.0,0.0,0.0
0.9400363416111448,0.8868571428571429,1.4142135623730951,0.5519746604591927,1.0,1.0,0.0,0.0
0.0,0.0,inf,inf,1.0,1.0,0.0,0.0
1.0,1.0,0.0,0.0,1.0,1.0,0.0,0.0
1.0,1.0,0.0,0.0,0.0,0.0,inf,inf
0.953330312641595,0.9108225108225109,2.0,0.7282088592394318,1.0,1.0,0.0,0.0
1.0,1.0,0.0,0.0,0.0,0.0,inf,inf
0.0,0.0,inf,inf,0.0,0.0,inf,inf
0.9716088328075709,0.9447852760736196,1.0,0.4166666666666667,1.0,1.0,0.0,0.0
0.9593147751605996,0.9218106995884774,2.0,0.7737064522005502,1.0,1.0,0.0,0.0
0.0,0.0,inf,inf,1.0,1.0,0.0,0.0
0.9424860853432282,0.8912280701754386,2.0,0.805060162890703,1.0,1.0,0.0,0.0
0.9315307457479285,0.8718367346938776,29.54534945436091,0.803030303030303,0.7728813559322034,0.6298342541436464,3.0,1.29155516192605
1.0,1.0,0.0,0.0,1.0,1.0,0.0,0.0
1.0,1.0,0.0,0.0,0.0,0.0,inf,inf
0.0,0.0,inf,inf,0.0,0.0,inf,inf
1.0,1.0,0.0,0.0,1.0,1.0,0.0,0.0
0.7857142857142857,0.6470588235294118,3.2509323832274966,0.8140980803370658,0.9478908188585607,0.9009433962264151,2.23606797749979,0.8168224045932189
1.0,1.0,0.0,0.0,1.0,1.0,0.0,0.0
1.0,1.0,0.0,0.0,1.0,1.0,0.0,0.0
0.9513153915935894,0.9071510957324106,1.4142135623730951,0.4628774712581978,1.0,1.0,0.0,0.0
1.0,1.0,0.0,0.0,1.0,1.0,0.0,0.0
1.0,1.0,0.0,0.0,0.0,0.0,inf,inf
0.0,0.0,inf,inf,0.0,0.0,inf,inf
1.0,1.0,0.0,0.0,1.0,1.0,0.0,0.0
1.0,1.0,0.0,0.0,1.0,1.0,0.0,0.0
0.0,0.0,inf,inf,0.0,0.0,inf,inf
0.0,0.0,inf,inf,1.0,1.0,0.0,0.0
1.0,1.0,0.0,0.0,1.0,1.0,0.0,0.0
1.0,1.0,0.0,0.0,0.0,0.0,inf,inf
1.0,1.0,0.0,0.0,1.0,1.0,0.0,0.0
0.9562398703403565,0.9161490683229814,8.699950679431801,0.6774193548387096,1.0,1.0,0.0,0.0
1.0,1.0,0.0,0.0,1.0,1.0,0.0,0.0
0.9477398015435502,0.9006705783738475,3.0,0.5755743761494074,0.5132743362831859,0.34523809523809523,3.605551275463989,0.7461006164715044
0.9714532871972318,0.9444911690496215,1.0,0.5,1.0,1.0,0.0,0.0
0.0,0.0,inf,inf,0.0,0.0,inf,inf
0.9665653495440729,0.9352941176470588,1.0,0.4318181818181818,1.0,1.0,0.0,0.0
1.0,1.0,0.0,0.0,1.0,1.0,0.0,0.0
1.0,1.0,0.0,0.0,1.0,1.0,0.0,0.0
1.0,1.0,0.0,0.0,1.0,1.0,0.0,0.0
0.0,0.0,inf,inf,1.0,1.0,0.0,0.0
1.0,1.0,0.0,0.0,1.0,1.0,0.0,0.0
0.0,0.0,inf,inf,0.9367088607594937,0.8809523809523809,1.4142135623730951,0.562800511787664
1.0,1.0,0.0,0.0,1.0,1.0,0.0,0.0
0.947002606429192,0.8993399339933993,2.0,0.6411428043021884,1.0,1.0,0.0,0.0
1.0,1.0,0.0,0.0,1.0,1.0,0.0,0.0
0.9454545454545454,0.896551724137931,4.25344418537483,0.5404501007513847,1.0,1.0,0.0,0.0
1.0,1.0,0.0,0.0,0.9515816655907037,0.9076354679802956,2.0,0.5929203539823009
0.9546687330492057,0.9132690882134915,2.0,0.5576923076923077,0.9039408866995073,0.8247191011235955,2.23606797749979,0.855072463768116
1.0,1.0,0.0,0.0,1.0,1.0,0.0,0.0
1.0,1.0,0.0,0.0,1.0,1.0,0.0,0.0
1.0,1.0,0.0,0.0,1.0,1.0,0.0,0.0
0.9394121175764847,0.8857466063348416,2.23606797749979,0.6579655366926561,0.8524590163934426,0.7428571428571429,2.0,0.6025798040898392
1.0,1.0,0.0,0.0,1.0,1.0,0.0,0.0
1.0,1.0,0.0,0.0,1.0,1.0,0.0,0.0
1.0,1.0,0.0,0.0,1.0,1.0,0.0,0.0
1.0,1.0,0.0,0.0,1.0,1.0,0.0,0.0
1.0,1.0,0.0,0.0,1.0,1.0,0.0,0.0
0.0,0.0,inf,inf,0.0,0.0,inf,inf
1.0,1.0,0.0,0.0,0.0,0.0,inf,inf
0.9754426042261565,0.9520624303232998,1.4142135623730951,0.48325358851674644,1.0,1.0,0.0,0.0
0.9110776186887717,0.8366782006920416,4.0,0.748615018344726,0.9566729917773561,0.9169445286450439,2.9571067811865475,0.7788822375537097
0.48372093023255813,0.31901840490797545,6.227838204321341,3.460248686037162,1.0,1.0,0.0,0.0
1.0,1.0,0.0,0.0,0.0,0.0,inf,inf
1.0,1.0,0.0,0.0,1.0,1.0,0.0,0.0
1.0,1.0,0.0,0.0,0.0,0.0,inf,inf
1.0,1.0,0.0,0.0,0.0,0.0,inf,inf
0.9427148194271482,0.8916372202591284,6.0,0.6684407907908569,1.0,1.0,0.0,0.0
1.0,1.0,0.0,0.0,1.0,1.0,0.0,0.0
0.9644549763033176,0.931350114416476,2.0,0.5050505050505051,1.0,1.0,0.0,0.0
1.0,1.0,0.0,0.0,1.0,1.0,0.0,0.0
1.0,1.0,0.0,0.0,1.0,1.0,0.0,0.0
0.9764816556914393,0.9540441176470589,1.0,0.41228070175438597,1.0,1.0,0.0,0.0
0.9782293178519593,0.9573863636363636,1.0,0.22950819672131148,0.8235294117647058,0.7,1.4142135623730951,0.5436847463011344
1.0,1.0,0.0,0.0,1.0,1.0,0.0,0.0
1.0,1.0,0.0,0.0,1.0,1.0,0.0,0.0
0.9454354669464848,0.8965174129353234,2.5026295937606635,0.5397169749024189,1.0,1.0,0.0,0.0
0.8603351955307262,0.7549019607843137,4.0,1.263460344779669,1.0,1.0,0.0,0.0
0.0,0.0,inf,inf,1.0,1.0,0.0,0.0
0.9848437983297247,0.9701401584399756,1.0,0.3835302494530401,1.0,1.0,0.0,0.0
1.0,1.0,0.0,0.0,1.0,1.0,0.0,0.0
1.0,1.0,0.0,0.0,1.0,1.0,0.0,0.0
0.0,0.0,inf,inf,1.0,1.0,0.0,0.0
0.8790786948176583,0.7842465753424658,2.0,0.8171351061976798,1.0,1.0,0.0,0.0
0.0,0.0,inf,inf,1.0,1.0,0.0,0.0
0.0,0.0,inf,inf,1.0,1.0,0.0,0.0
0.9782456140350877,0.9574175824175825,10.385164807134505,0.362962962962963,1.0,1.0,0.0,0.0
0.9233226837060703,0.857566765578635,3.5833875946992038,0.4603174603174603,1.0,1.0,0.0,0.0
1.0,1.0,0.0,0.0,1.0,1.0,0.0,0.0
0.0,0.0,inf,inf,0.0,0.0,inf,inf
0.0,0.0,inf,inf,0.0,0.0,inf,inf
0.0,0.0,inf,inf,0.0,0.0,inf,inf
0.0,0.0,inf,inf,1.0,1.0,0.0,0.0
0.0,0.0,inf,inf,0.0,0.0,inf,inf
1.0,1.0,0.0,0.0,0.9531388152077808,0.910472972972973,1.0,0.45454545454545453
1.0,1.0,0.0,0.0,1.0,1.0,0.0,0.0
0.0,0.0,inf,inf,1.0,1.0,0.0,0.0
0.918918918918919,0.85,1.0,0.375,1.0,1.0,0.0,0.0
0.0,0.0,inf,inf,0.0,0.0,inf,inf
0.9510173323285607,0.9066091954022989,2.0,0.5814093313103814,1.0,1.0,0.0,0.0
0.9721329046087889,0.9457768508863399,2.0,0.40461371107733063,1.0,1.0,0.0,0.0
0.9539078156312625,0.9118773946360154,1.0,0.41509433962264153,1.0,1.0,0.0,0.0
1.0,1.0,0.0,0.0,1.0,1.0,0.0,0.0
0.0,0.0,inf,inf,1.0,1.0,0.0,0.0
1.0,1.0,0.0,0.0,1.0,1.0,0.0,0.0
1.0,1.0,0.0,0.0,1.0,1.0,0.0,0.0
0.0,0.0,inf,inf,0.9508196721311475,0.90625,2.0,0.647080117933679
1.0,1.0,0.0,0.0,1.0,1.0,0.0,0.0
1.0,1.0,0.0,0.0,1.0,1.0,0.0,0.0
0.0,0.0,inf,inf,1.0,1.0,0.0,0.0
1.0,1.0,0.0,0.0,0.0,0.0,inf,inf
1.0,1.0,0.0,0.0,1.0,1.0,0.0,0.0
0.926992632283992,0.8639200998751561,2.905634918610403,0.8125,1.0,1.0,0.0,0.0
0.9665178571428571,0.9352051835853131,1.0,0.373134328358209,1.0,1.0,0.0,0.0
1.0,1.0,0.0,0.0,1.0,1.0,0.0,0.0
0.926829268292683,0.8636363636363636,2.7988091673838635,0.3647603013860688,1.0,1.0,0.0,0.0
0.9668367346938775,0.9358024691358025,1.0,0.3602186701903553,1.0,1.0,0.0,0.0
1.0,1.0,0.0,0.0,1.0,1.0,0.0,0.0
1.0,1.0,0.0,0.0,1.0,1.0,0.0,0.0
0.0,0.0,inf,inf,1.0,1.0,0.0,0.0
1.0,1.0,0.0,0.0,1.0,1.0,0.0,0.0
0.9073170731707317,0.8303571428571429,1.4142135623730951,0.6574487105895497,1.0,1.0,0.0,0.0
1.0,1.0,0.0,0.0,1.0,1.0,0.0,0.0
0.9703279541905258,0.942366026289181,1.0,0.5283018867924528,1.0,1.0,0.0,0.0
0.0,0.0,inf,inf,1.0,1.0,0.0,0.0
1.0,1.0,0.0,0.0,1.0,1.0,0.0,0.0
1.0,1.0,0.0,0.0,0.0,0.0,inf,inf
1.0,1.0,0.0,0.0,0.0,0.0,inf,inf
1.0,1.0,0.0,0.0,0.0,0.0,inf,inf
0.9387755102040817,0.8846153846153846,2.0,0.44642857142857145,1.0,1.0,0.0,0.0
0.9638458482320222,0.9302147239263804,1.4142135623730951,0.6814929149486143,1.0,1.0,0.0,0.0
1.0,1.0,0.0,0.0,1.0,1.0,0.0,0.0
0.9329268292682927,0.8742857142857143,1.0,0.45,1.0,1.0,0.0,0.0
1.0,1.0,0.0,0.0,1.0,1.0,0.0,0.0
1.0,1.0,0.0,0.0,1.0,1.0,0.0,0.0
1.0,1.0,0.0,0.0,1.0,1.0,0.0,0.0
1.0,1.0,0.0,0.0,1.0,1.0,0.0,0.0
1.0,1.0,0.0,0.0,1.0,1.0,0.0,0.0
0.8036175710594315,0.67170626349892,3.0,0.9703813349615648,0.9507323568575233,0.9060913705583756,2.0,0.7721313273626703
0.9442379182156134,0.8943661971830986,2.2242645786247977,0.3908146086279308,1.0,1.0,0.0,0.0
0.9482071713147411,0.9015151515151515,1.4142135623730951,0.5765685424949238,0.9395744680851064,0.8860353130016051,2.0,0.6856105698705407
1.0,1.0,0.0,0.0,0.0,0.0,inf,inf
1.0,1.0,0.0,0.0,1.0,1.0,0.0,0.0
1.0,1.0,0.0,0.0,1.0,1.0,0.0,0.0
1.0,1.0,0.0,0.0,1.0,1.0,0.0,0.0
0.0,0.0,inf,inf,1.0,1.0,0.0,0.0
1.0,1.0,0.0,0.0,0.0,0.0,inf,inf
0.0,0.0,inf,inf,1.0,1.0,0.0,0.0
1.0,1.0,0.0,0.0,1.0,1.0,0.0,0.0
1.0,1.0,0.0,0.0,1.0,1.0,0.0,0.0
0.4,0.25,2.23606797749979,0.8017766952966369,1.0,1.0,0.0,0.0
1.0,1.0,0.0,0.0,1.0,1.0,0.0,0.0
0.7178423236514523,0.5598705501618123,36.78603682797367,0.8907888093556592,0.9056,0.827485380116959,3.605551275463989,1.322630533034977
0.0,0.0,inf,inf,1.0,1.0,0.0,0.0
1.0,1.0,0.0,0.0,1.0,1.0,0.0,0.0
0.0,0.0,inf,inf,1.0,1.0,0.0,0.0
0.893223819301848,0.8070500927643784,2.8284271247461903,0.6466960044951373,0.9692463670158837,0.940327868852459,2.0,0.5498301348405211
0.0,0.0,inf,inf,0.0,0.0,inf,inf
0.7630402384500745,0.6168674698795181,2.8284271247461903,0.9772537858482121,0.9603567888999008,0.9237368922783603,2.0,0.6134687005940295
1.0,1.0,0.0,0.0,1.0,1.0,0.0,0.0
0.9075829383886256,0.8308026030368764,2.0,0.8521953458954347,1.0,1.0,0.0,0.0
0.9831181727904668,0.966796875,7.892016483392074,0.24778761061946902,1.0,1.0,0.0,0.0
1.0,1.0,0.0,0.0,0.9607555089192025,0.9244749596122779,2.23606797749979,0.9006163897820698
1.0,1.0,0.0,0.0,1.0,1.0,0.0,0.0
0.9697196261682243,0.9412191582002902,1.4142135623730951,0.4051308637694155,1.0,1.0,0.0,0.0
0.0,0.0,inf,inf,1.0,1.0,0.0,0.0
1.0,1.0,0.0,0.0,1.0,1.0,0.0,0.0
1.0,1.0,0.0,0.0,1.0,1.0,0.0,0.0
0.952112676056338,0.9086021505376344,1.0,0.3409090909090909,1.0,1.0,0.0,0.0
0.9166666666666666,0.8461538461538461,1.0,0.30434782608695654,1.0,1.0,0.0,0.0
1.0,1.0,0.0,0.0,1.0,1.0,0.0,0.0
1.0,1.0,0.0,0.0,1.0,1.0,0.0,0.0
1.0,1.0,0.0,0.0,1.0,1.0,0.0,0.0
1.0,1.0,0.0,0.0,1.0,1.0,0.0,0.0
0.9518874907475944,0.9081920903954802,2.0,0.5711294492161062,1.0,1.0,0.0,0.0
1.0,1.0,0.0,0.0,1.0,1.0,0.0,0.0
1.0,1.0,0.0,0.0,0.0,0.0,inf,inf
1.0,1.0,0.0,0.0,1.0,1.0,0.0,0.0
0.9076923076923077,0.8309859154929577,2.8284271247461903,1.1050332457344896,1.0,1.0,0.0,0.0
1.0,1.0,0.0,0.0,1.0,1.0,0.0,0.0
1.0,1.0,0.0,0.0,1.0,1.0,0.0,0.0
0.8789237668161435,0.784,2.1062305898749027,1.8084490620973266,1.0,1.0,0.0,0.0
1.0,1.0,0.0,0.0,0.0,0.0,inf,inf
0.9646107178968655,0.931640625,1.4142135623730951,0.4221978471232336,1.0,1.0,0.0,0.0
0.944,0.8939393939393939,1.0,0.4,1.0,1.0,0.0,0.0
0.9212669683257918,0.8540268456375839,2.0,0.6615103195544803,0.6190476190476191,0.4482758620689655,2.0,0.7126903958192328
1.0,1.0,0.0,0.0,1.0,1.0,0.0,0.0
0.0,0.0,inf,inf,1.0,1.0,0.0,0.0
1.0,1.0,0.0,0.0,1.0,1.0,0.0,0.0
1.0,1.0,0.0,0.0,1.0,1.0,0.0,0.0
1.0,1.0,0.0,0.0,1.0,1.0,0.0,0.0
1.0,1.0,0.0,0.0,1.0,1.0,0.0,0.0
0.8619718309859155,0.7574257425742574,5.4938405840776525,1.5052133400307792,1.0,1.0,0.0,0.0
0.0,0.0,inf,inf,1.0,1.0,0.0,0.0
1.0,1.0,0.0,0.0,1.0,1.0,0.0,0.0
0.7901785714285714,0.6531365313653137,2.0,0.6355396131434454,0.9475920679886686,0.9004037685060565,2.0,0.5552158827232931
0.0,0.0,inf,inf,0.0,0.0,inf,inf
0.9681528662420382,0.9382716049382716,1.0,0.3050847457627119,1.0,1.0,0.0,0.0
0.0,0.0,inf,inf,1.0,1.0,0.0,0.0
1.0,1.0,0.0,0.0,1.0,1.0,0.0,0.0
1.0,1.0,0.0,0.0,1.0,1.0,0.0,0.0
1.0,1.0,0.0,0.0,0.0,0.0,inf,inf
0.0,0.0,inf,inf,1.0,1.0,0.0,0.0
1.0,1.0,0.0,0.0,0.9177903436276642,0.8480707395498392,3.605551275463989,1.05266266652437
0.9209302325581395,0.853448275862069,1.0,0.44040610178208844,1.0,1.0,0.0,0.0
0.9702154626108999,0.9421538461538461,8.502898085562258,0.3190773010276778,1.0,1.0,0.0,0.0
1.0,1.0,0.0,0.0,1.0,1.0,0.0,0.0
1.0,1.0,0.0,0.0,1.0,1.0,0.0,0.0
0.9664634146341463,0.9351032448377581,1.4142135623730951,0.5706158620211186,1.0,1.0,0.0,0.0
1.0,1.0,0.0,0.0,1.0,1.0,0.0,0.0
0.926261319534282,0.8626506024096385,2.23606797749979,0.7568228508728914,1.0,1.0,0.0,0.0
0.98578856152513,0.9719753930280246,1.0,0.2857142857142857,1.0,1.0,0.0,0.0
0.914410480349345,0.8423169750603379,9.687817782917127,0.9026396500683087,0.9688360631975649,0.9395558054540343,3.605551275463989,0.6141016104987936
1.0,1.0,0.0,0.0,1.0,1.0,0.0,0.0
0.9501915708812261,0.9051094890510949,2.0,0.5048863199551286,1.0,1.0,0.0,0.0
1.0,1.0,0.0,0.0,1.0,1.0,0.0,0.0
0.0,0.0,14.034002600731847,10.346016344448374,1.0,1.0,0.0,0.0
1.0,1.0,0.0,0.0,1.0,1.0,0.0,0.0
1.0,1.0,0.0,0.0,1.0,1.0,0.0,0.0
0.9799846035411856,0.9607547169811321,1.0,0.3787878787878788,1.0,1.0,0.0,0.0
0.0,0.0,inf,inf,1.0,1.0,0.0,0.0
1.0,1.0,0.0,0.0,1.0,1.0,0.0,0.0
0.0,0.0,inf,inf,1.0,1.0,0.0,0.0
0.0,0.0,inf,inf,0.0,0.0,inf,inf
0.9250871080139372,0.8606158833063209,2.0,0.5486725663716814,0.9713405238828967,0.9442780107849011,1.4142135623730951,0.5290321078731856
1.0,1.0,0.0,0.0,1.0,1.0,0.0,0.0
1.0,1.0,0.0,0.0,1.0,1.0,0.0,0.0
1.0,1.0,0.0,0.0,0.0,0.0,inf,inf
0.9159049360146252,0.8448566610455311,2.1534441853748647,0.9864135177359464,1.0,1.0,0.0,0.0
0.9408602150537635,0.8883248730964467,1.0,0.2826086956521739,1.0,1.0,0.0,0.0
1.0,1.0,0.0,0.0,1.0,1.0,0.0,0.0
0.9712208421690397,0.9440518256772674,1.4142135623730951,0.5061728395061729,1.0,1.0,0.0,0.0
0.0,0.0,inf,inf,1.0,1.0,0.0,0.0
0.0,0.0,inf,inf,1.0,1.0,0.0,0.0
1.0,1.0,0.0,0.0,1.0,1.0,0.0,0.0
1.0,1.0,0.0,0.0,1.0,1.0,0.0,0.0
1.0,1.0,0.0,0.0,1.0,1.0,0.0,0.0
1.0,1.0,0.0,0.0,1.0,1.0,0.0,0.0
1.0,1.0,0.0,0.0,1.0,1.0,0.0,0.0
1.0,1.0,0.0,0.0,1.0,1.0,0.0,0.0
0.9685603971318257,0.9390374331550803,2.0,0.478425636996988,1.0,1.0,0.0,0.0
0.0,0.0,inf,inf,0.0,0.0,inf,inf
1.0,1.0,0.0,0.0,1.0,1.0,0.0,0.0
1.0,1.0,0.0,0.0,1.0,1.0,0.0,0.0
1.0,1.0,0.0,0.0,1.0,1.0,0.0,0.0
0.9617212909682261,0.9262650602409639,1.0,0.4266744150476682,1.0,1.0,0.0,0.0
1.0,1.0,0.0,0.0,1.0,1.0,0.0,0.0
0.9446494464944649,0.8951048951048951,2.0,0.7782337010906103,1.0,1.0,0.0,0.0
1.0,1.0,0.0,0.0,1.0,1.0,0.0,0.0
0.9670938690682369,0.9362843729040912,1.0,0.6002805308363112,1.0,1.0,0.0,0.0
1.0,1.0,0.0,0.0,0.0,0.0,inf,inf
0.0,0.0,5.541190287833283,3.5415678831110076,1.0,1.0,0.0,0.0
0.0,0.0,inf,inf,1.0,1.0,0.0,0.0
0.9640287769784173,0.9305555555555556,1.0,0.3972602739726027,1.0,1.0,0.0,0.0
0.0,0.0,inf,inf,0.0,0.0,inf,inf
1.0,1.0,0.0,0.0,1.0,1.0,0.0,0.0
0.9428007889546351,0.8917910447761194,2.0,0.5822335072099114,1.0,1.0,0.0,0.0
0.8671556642216789,0.7654676258992805,3.0,1.3858321436350514,0.933920704845815,0.8760330578512396,3.0,1.1981326602722728
1.0,1.0,0.0,0.0,0.0,0.0,inf,inf
1.0,1.0,0.0,0.0,1.0,1.0,0.0,0.0
0.940991345397325,0.888558692421991,2.0,0.5060112445978197,0.9450757575757576,0.895870736086176,2.0,0.6385722963598955
0.0,0.0,inf,inf,1.0,1.0,0.0,0.0
0.9347079037800687,0.8774193548387097,1.0,0.5357142857142857,1.0,1.0,0.0,0.0
0.9464740866610025,0.8983870967741936,1.4142135623730951,0.5180092853205693,0.9810192407696308,0.9627455983669303,1.4142135623730951,0.5992570173455997
0.9528178243774574,0.9098873591989988,2.23606797749979,0.5846327552903927,1.0,1.0,0.0,0.0
0.9331283627978478,0.8746397694524496,2.23606797749979,0.8457990850234373,1.0,1.0,0.0,0.0
1.0,1.0,0.0,0.0,1.0,1.0,0.0,0.0
1.0,1.0,0.0,0.0,1.0,1.0,0.0,0.0
1.0,1.0,0.0,0.0,0.9145299145299145,0.84251968503937,2.0,0.484375
0.9691313711414213,0.9401114206128134,1.4142135623730951,0.42796688683676193,1.0,1.0,0.0,0.0
1.0,1.0,0.0,0.0,1.0,1.0,0.0,0.0
1.0,1.0,0.0,0.0,0.0,0.0,inf,inf
0.9722772277227723,0.9460500963391136,1.0,0.4260869565217391,1.0,1.0,0.0,0.0
0.9208379977610747,0.8532898636633076,13.0,1.7831595229178479,0.8781163434903048,0.782716049382716,5.0,1.4355046439384893
1.0,1.0,0.0,0.0,1.0,1.0,0.0,0.0
1.0,1.0,0.0,0.0,0.0,0.0,inf,inf
0.912856196156395,0.8396830234684547,15.0,2.268857007002574,0.8718367346938776,0.7727930535455861,6.0,1.7307044045023434
1.0,1.0,0.0,0.0,0.0,0.0,inf,inf
1.0,1.0,0.0,0.0,1.0,1.0,0.0,0.0
0.0,0.0,inf,inf,0.0,0.0,inf,inf
0.9469901168014375,0.8993174061433447,1.4142135623730951,0.5263680762265017,1.0,1.0,0.0,0.0
1.0,1.0,0.0,0.0,1.0,1.0,0.0,0.0
1.0,1.0,0.0,0.0,1.0,1.0,0.0,0.0
0.9397915862601313,0.886421550782672,7.1964930583145055,0.8970850855766774,1.0,1.0,0.0,0.0
1.0,1.0,0.0,0.0,1.0,1.0,0.0,0.0
0.0,0.0,inf,inf,0.0,0.0,inf,inf
0.8990578734858681,0.8166259168704156,2.0,0.8209103965555598,1.0,1.0,0.0,0.0
0.9449886963074604,0.8957142857142857,2.0,0.4482842712474619,1.0,1.0,0.0,0.0
1.0,1.0,0.0,0.0,1.0,1.0,0.0,0.0
0.9850746268656716,0.9705882352941176,1.0,0.22448979591836735,1.0,1.0,0.0,0.0
0.0,0.0,inf,inf,1.0,1.0,0.0,0.0
0.0,0.0,inf,inf,1.0,1.0,0.0,0.0
0.0,0.0,inf,inf,1.0,1.0,0.0,0.0
1.0,1.0,0.0,0.0,1.0,1.0,0.0,0.0
1.0,1.0,0.0,0.0,1.0,1.0,0.0,0.0
1.0,1.0,0.0,0.0,1.0,1.0,0.0,0.0
1.0,1.0,0.0,0.0,1.0,1.0,0.0,0.0
1.0,1.0,0.0,0.0,1.0,1.0,0.0,0.0
0.8288043478260869,0.7076566125290024,23.758102445202933,0.8830967091523197,0.9449694274596998,0.8956796628029505,2.0,0.7309324970452455
1.0,1.0,0.0,0.0,1.0,1.0,0.0,0.0
1.0,1.0,0.0,0.0,1.0,1.0,0.0,0.0
1.0,1.0,0.0,0.0,1.0,1.0,0.0,0.0
0.9466310873915944,0.8986700443318556,2.23606797749979,0.5170876644577407,1.0,1.0,0.0,0.0
1.0,1.0,0.0,0.0,1.0,1.0,0.0,0.0
0.9748549323017408,0.9509433962264151,1.0,0.4038597038265423,1.0,1.0,0.0,0.0
1.0,1.0,0.0,0.0,1.0,1.0,0.0,0.0
1.0,1.0,0.0,0.0,1.0,1.0,0.0,0.0
0.9277566539923955,0.8652482269503546,1.1449747468305809,0.45482235472287,1.0,1.0,0.0,0.0
1.0,1.0,0.0,0.0,0.0,0.0,inf,inf
1.0,1.0,0.0,0.0,1.0,1.0,0.0,0.0
1.0,1.0,0.0,0.0,0.0,0.0,inf,inf
1.0,1.0,0.0,0.0,1.0,1.0,0.0,0.0
1.0,1.0,0.0,0.0,1.0,1.0,0.0,0.0
0.9481302774427021,0.9013761467889908,2.0,0.5565028153987288,1.0,1.0,0.0,0.0
0.977022977022977,0.955078125,1.0,0.2951184463531091,1.0,1.0,0.0,0.0
0.9589442815249267,0.9211267605633803,1.0,0.4845360824742268,1.0,1.0,0.0,0.0
1.0,1.0,0.0,0.0,1.0,1.0,0.0,0.0
1.0,1.0,0.0,0.0,1.0,1.0,0.0,0.0
1.0,1.0,0.0,0.0,1.0,1.0,0.0,0.0
0.0,0.0,inf,inf,1.0,1.0,0.0,0.0
0.5882352941176471,0.4166666666666667,2.299999999999999,0.7142857142857143,1.0,1.0,0.0,0.0
1.0,1.0,0.0,0.0,1.0,1.0,0.0,0.0
0.926829268292683,0.8636363636363636,1.0,0.3793103448275862,1.0,1.0,0.0,0.0
1.0,1.0,0.0,0.0,0.0,0.0,inf,inf
0.919104991394148,0.8503184713375797,2.0,0.4915254237288136,1.0,1.0,0.0,0.0
1.0,1.0,0.0,0.0,1.0,1.0,0.0,0.0
1.0,1.0,0.0,0.0,1.0,1.0,0.0,0.0
1.0,1.0,0.0,0.0,1.0,1.0,0.0,0.0
1.0,1.0,0.0,0.0,1.0,1.0,0.0,0.0
1.0,1.0,0.0,0.0,1.0,1.0,0.0,0.0
1.0,1.0,0.0,0.0,1.0,1.0,0.0,0.0
0.0,0.0,inf,inf,1.0,1.0,0.0,0.0
1.0,1.0,0.0,0.0,0.9547259729944401,0.9133738601823708,1.4142135623730951,0.43
0.9118942731277533,0.8380566801619433,2.23606797749979,0.947810252999385,1.0,1.0,0.0,0.0
0.0,0.0,inf,inf,0.0,0.0,inf,inf
0.9841364860820113,0.9687684148497349,1.0,0.3974358974358974,1.0,1.0,0.0,0.0
0.0,0.0,19.238684874599315,17.503706508832394,1.0,1.0,0.0,0.0
0.9167412712623098,0.8462809917355372,3.734939863002407,0.5964279033553064,0.959253499222395,0.921697549312612,2.0,0.7444984271527956
1.0,1.0,0.0,0.0,1.0,1.0,0.0,0.0
1.0,1.0,0.0,0.0,1.0,1.0,0.0,0.0
0.8923679060665362,0.8056537102473498,9.255985654708786,2.0990995107415666,1.0,1.0,0.0,0.0
1.0,1.0,0.0,0.0,1.0,1.0,0.0,0.0
1.0,1.0,0.0,0.0,0.8235294117647058,0.7,1.1863961030678911,0.8300943102542602
1.0,1.0,0.0,0.0,1.0,1.0,0.0,0.0
1.0,1.0,0.0,0.0,1.0,1.0,0.0,0.0
1.0,1.0,0.0,0.0,1.0,1.0,0.0,0.0
0.0,0.0,inf,inf,1.0,1.0,0.0,0.0
1.0,1.0,0.0,0.0,1.0,1.0,0.0,0.0
0.0,0.0,inf,inf,1.0,1.0,0.0,0.0
1.0,1.0,0.0,0.0,1.0,1.0,0.0,0.0
1.0,1.0,0.0,0.0,0.0,0.0,inf,inf
0.937381404174573,0.8821428571428571,3.637405746046752,0.34615384615384615,1.0,1.0,0.0,0.0
0.9443099273607748,0.8944954128440367,20.28893090092157,0.46474639358747133,1.0,1.0,0.0,0.0
0.8449612403100775,0.7315436241610739,4.437232922061384,1.358265951328427,1.0,1.0,0.0,0.0
1.0,1.0,0.0,0.0,1.0,1.0,0.0,0.0
1.0,1.0,0.0,0.0,1.0,1.0,0.0,0.0
0.9656565656565657,0.93359375,1.3935028842544357,0.4622506436708752,1.0,1.0,0.0,0.0
0.0,0.0,inf,inf,1.0,1.0,0.0,0.0
1.0,1.0,0.0,0.0,0.0,0.0,inf,inf
1.0,1.0,0.0,0.0,1.0,1.0,0.0,0.0
0.9426229508196722,0.8914728682170543,7.9615773105863825,0.5552158827232931,1.0,1.0,0.0,0.0
1.0,1.0,0.0,0.0,1.0,1.0,0.0,0.0
1.0,1.0,0.0,0.0,1.0,1.0,0.0,0.0
1.0,1.0,0.0,0.0,1.0,1.0,0.0,0.0
0.9596746865469332,0.9224755700325733,3.1622776601683795,0.8564273021874133,1.0,1.0,0.0,0.0
0.9326047358834244,0.8737201365187713,1.4142135623730951,0.5233644859813084,0.9622815087396505,0.9273049645390071,2.0,0.7440623538696647
0.0,0.0,inf,inf,1.0,1.0,0.0,0.0
1.0,1.0,0.0,0.0,1.0,1.0,0.0,0.0
1.0,1.0,0.0,0.0,1.0,1.0,0.0,0.0
0.961340206185567,0.9255583126550868,1.0,0.41935483870967744,1.0,1.0,0.0,0.0
0.9709302325581395,0.943502824858757,11.0,0.31654676258992803,1.0,1.0,0.0,0.0
1.0,1.0,0.0,0.0,1.0,1.0,0.0,0.0
1.0,1.0,0.0,0.0,1.0,1.0,0.0,0.0
1.0,1.0,0.0,0.0,1.0,1.0,0.0,0.0
0.0,0.0,inf,inf,1.0,1.0,0.0,0.0
0.9499192245557351,0.9046153846153846,1.0,0.3108108108108108,0.9166666666666666,0.8461538461538461,1.0,0.5642824346533225
1.0,1.0,0.0,0.0,1.0,1.0,0.0,0.0
1.0,1.0,0.0,0.0,0.0,0.0,inf,inf
1.0,1.0,0.0,0.0,1.0,1.0,0.0,0.0
0.0,0.0,inf,inf,1.0,1.0,0.0,0.0
0.8971098265895954,0.8134171907756813,2.0,1.0541596518973841,1.0,1.0,0.0,0.0
0.8369230769230769,0.7195767195767195,1.4142135623730951,0.6066347579135982,0.9458987783595113,0.8973509933774835,1.4142135623730951,0.4495929646178527
1.0,1.0,0.0,0.0,1.0,1.0,0.0,0.0
1.0,1.0,0.0,0.0,1.0,1.0,0.0,0.0
0.0,0.0,inf,inf,0.0,0.0,inf,inf
1.0,1.0,0.0,0.0,1.0,1.0,0.0,0.0
1.0,1.0,0.0,0.0,1.0,1.0,0.0,0.0
0.968098681412165,0.9381698268755152,1.0,0.5726872246696035,1.0,1.0,0.0,0.0
1.0,1.0,0.0,0.0,1.0,1.0,0.0,0.0
1.0,1.0,0.0,0.0,1.0,1.0,0.0,0.0
1.0,1.0,0.0,0.0,0.0,0.0,inf,inf
1.0,1.0,0.0,0.0,1.0,1.0,0.0,0.0
0.0,0.0,inf,inf,1.0,1.0,0.0,0.0
1.0,1.0,0.0,0.0,1.0,1.0,0.0,0.0
0.9383506805444356,0.8838612368024132,19.72054619134364,0.42242640687119276,0.9225225225225225,0.8561872909698997,2.0,0.7162881951709859
1.0,1.0,0.0,0.0,1.0,1.0,0.0,0.0
1.0,1.0,0.0,0.0,1.0,1.0,0.0,0.0
1.0,1.0,0.0,0.0,1.0,1.0,0.0,0.0
0.0,0.0,inf,inf,0.9645219482862297,0.9314750290360047,1.4142135623730951,0.4283030572406186
0.0,0.0,inf,inf,1.0,1.0,0.0,0.0
1.0,1.0,0.0,0.0,1.0,1.0,0.0,0.0
1.0,1.0,0.0,0.0,1.0,1.0,0.0,0.0
0.0,0.0,inf,inf,1.0,1.0,0.0,0.0
1.0,1.0,0.0,0.0,1.0,1.0,0.0,0.0
0.0,0.0,inf,inf,0.0,0.0,inf,inf
0.8614232209737828,0.756578947368421,3.095507553083941,1.0696350055193182,1.0,1.0,0.0,0.0
0.9600694444444444,0.9232053422370617,1.4142135623730951,0.5133061887780748,1.0,1.0,0.0,0.0
1.0,1.0,0.0,0.0,0.9597902097902098,0.9226890756302522,1.0,0.40625
0.0,0.0,inf,inf,0.0,0.0,inf,inf
0.0,0.0,inf,inf,0.0,0.0,inf,inf
0.0,0.0,inf,inf,1.0,1.0,0.0,0.0
1.0,1.0,0.0,0.0,1.0,1.0,0.0,0.0
0.9043336058871627,0.8253731343283582,3.1622776601683795,1.3030260920196983,1.0,1.0,0.0,0.0
0.0,0.0,inf,inf,1.0,1.0,0.0,0.0
1.0,1.0,0.0,0.0,1.0,1.0,0.0,0.0
0.8914858096828047,0.8042168674698795,2.0,0.893201334003911,1.0,1.0,0.0,0.0
0.9371816638370118,0.8817891373801917,1.0,0.5689720869120796,1.0,1.0,0.0,0.0
1.0,1.0,0.0,0.0,0.0,0.0,inf,inf
0.952216465169833,0.9087912087912088,2.23606797749979,0.5,1.0,1.0,0.0,0.0
0.0,0.0,inf,inf,1.0,1.0,0.0,0.0
0.0,0.0,inf,inf,1.0,1.0,0.0,0.0
1.0,1.0,0.0,0.0,1.0,1.0,0.0,0.0
0.0,0.0,inf,inf,1.0,1.0,0.0,0.0
1.0,1.0,0.0,0.0,1.0,1.0,0.0,0.0
0.0,0.0,inf,inf,0.0,0.0,inf,inf
0.0,0.0,inf,inf,0.0,0.0,inf,inf
1.0,1.0,0.0,0.0,1.0,1.0,0.0,0.0
1.0,1.0,0.0,0.0,0.0,0.0,inf,inf
1.0,1.0,0.0,0.0,0.0,0.0,inf,inf
0.9834983498349835,0.9675324675324676,1.0,0.2890625,1.0,1.0,0.0,0.0
1.0,1.0,0.0,0.0,1.0,1.0,0.0,0.0
1.0,1.0,0.0,0.0,1.0,1.0,0.0,0.0
0.9784198323524166,0.9577513966480447,1.0,0.4189723320158103,1.0,1.0,0.0,0.0
1.0,1.0,0.0,0.0,1.0,1.0,0.0,0.0
0.0,0.0,inf,inf,0.9514563106796117,0.9074074074074074,1.0,0.47058823529411764
0.980697595665425,0.9621262458471761,11.0,0.319222158546861,1.0,1.0,0.0,0.0
0.0,0.0,inf,inf,1.0,1.0,0.0,0.0
0.9285234147434461,0.8665830196570473,4.123105625617661,0.987823216984864,1.0,1.0,0.0,0.0
1.0,1.0,0.0,0.0,1.0,1.0,0.0,0.0
0.30357142857142855,0.17894736842105263,6.650656640674976,1.2425821457448178,0.9534797171566803,0.9110953058321479,2.38415776431139,0.78125
1.0,1.0,0.0,0.0,1.0,1.0,0.0,0.0
0.9633883704235463,0.9293628808864266,2.0,0.49400112206106056,1.0,1.0,0.0,0.0
1.0,1.0,0.0,0.0,1.0,1.0,0.0,0.0
1.0,1.0,0.0,0.0,1.0,1.0,0.0,0.0
0.8760330578512396,0.7794117647058824,2.0,0.688653340069797,1.0,1.0,0.0,0.0
0.9775401069518717,0.9560669456066946,1.0207106781186477,0.4170789099336618,1.0,1.0,0.0,0.0
1.0,1.0,0.0,0.0,1.0,1.0,0.0,0.0
0.9754028837998303,0.9519867549668874,1.0,0.2855529613749786,0.945054945054945,0.8958333333333334,1.0,0.4384336562469785
0.9760319573901465,0.953185955786736,1.0,0.3076923076923077,1.0,1.0,0.0,0.0
1.0,1.0,0.0,0.0,1.0,1.0,0.0,0.0
1.0,1.0,0.0,0.0,0.0,0.0,inf,inf
0.9708014081590391,0.9432595573440644,2.0,0.6000714249365482,1.0,1.0,0.0,0.0
1.0,1.0,0.0,0.0,1.0,1.0,0.0,0.0
0.0,0.0,inf,inf,1.0,1.0,0.0,0.0
0.972972972972973,0.9473684210526315,1.0,0.39527625722930737,1.0,1.0,0.0,0.0
1.0,1.0,0.0,0.0,1.0,1.0,0.0,0.0
1.0,1.0,0.0,0.0,1.0,1.0,0.0,0.0
0.9372197309417041,0.8818565400843882,2.082623792124925,0.5650369610734481,1.0,1.0,0.0,0.0
1.0,1.0,0.0,0.0,1.0,1.0,0.0,0.0
0.9564643799472295,0.9165613147914032,1.1242640687119214,0.411214953271028,1.0,1.0,0.0,0.0
1.0,1.0,0.0,0.0,1.0,1.0,0.0,0.0
0.9458689458689459,0.8972972972972973,2.23606797749979,0.5824539052923322,0.9048275862068965,0.8261964735516373,2.23606797749979,0.9000276924465133
1.0,1.0,0.0,0.0,1.0,1.0,0.0,0.0
1.0,1.0,0.0,0.0,1.0,1.0,0.0,0.0
0.9708276797829036,0.9433091628213579,2.0,0.5917827577532824,1.0,1.0,0.0,0.0
1.0,1.0,0.0,0.0,1.0,1.0,0.0,0.0
0.9295039164490861,0.8682926829268293,1.5020815280171258,0.37777777777777777,1.0,1.0,0.0,0.0
0.9761625635013678,0.9534351145038168,1.0,0.34507042253521125,1.0,1.0,0.0,0.0
1.0,1.0,0.0,0.0,1.0,1.0,0.0,0.0
0.0,0.0,inf,inf,1.0,1.0,0.0,0.0
1.0,1.0,0.0,0.0,1.0,1.0,0.0,0.0
0.0,0.0,inf,inf,0.0,0.0,inf,inf
0.948133198789102,0.9013814274750576,6.4031242374328485,0.7019214159589952,1.0,1.0,0.0,0.0
1.0,1.0,0.0,0.0,1.0,1.0,0.0,0.0
0.0,0.0,inf,inf,1.0,1.0,0.0,0.0
0.9093525179856116,0.8337730870712401,2.0,0.4528185995049091,0.9175257731958762,0.8476190476190476,2.0,0.7294494394211245
1.0,1.0,0.0,0.0,1.0,1.0,0.0,0.0
1.0,1.0,0.0,0.0,1.0,1.0,0.0,0.0
1.0,1.0,0.0,0.0,1.0,1.0,0.0,0.0
1.0,1.0,0.0,0.0,1.0,1.0,0.0,0.0
1.0,1.0,0.0,0.0,1.0,1.0,0.0,0.0
1.0,1.0,0.0,0.0,1.0,1.0,0.0,0.0
1.0,1.0,0.0,0.0,1.0,1.0,0.0,0.0
0.0,0.0,inf,inf,0.9416195856873822,0.8896797153024911,1.4142135623730951,0.506439747544043
0.9546910755148741,0.9133099824868651,2.0,0.7982306019146675,1.0,1.0,0.0,0.0
0.0,0.0,inf,inf,1.0,1.0,0.0,0.0
1.0,1.0,0.0,0.0,0.0,0.0,inf,inf
0.9845621122493147,0.9695936345552714,12.425275629617085,0.34055460149740946,1.0,1.0,0.0,0.0
1.0,1.0,0.0,0.0,1.0,1.0,0.0,0.0
0.9692058346839546,0.940251572327044,2.0,0.44859500613499365,1.0,1.0,0.0,0.0
1.0,1.0,0.0,0.0,1.0,1.0,0.0,0.0
1.0,1.0,0.0,0.0,1.0,1.0,0.0,0.0
1.0,1.0,0.0,0.0,1.0,1.0,0.0,0.0
0.8368421052631579,0.7194570135746606,5.124642784226788,0.7072936873916317,0.78125,0.6410256410256411,2.0,0.9334850969608784
1.0,1.0,0.0,0.0,1.0,1.0,0.0,0.0
1.0,1.0,0.0,0.0,1.0,1.0,0.0,0.0
1.0,1.0,0.0,0.0,1.0,1.0,0.0,0.0
0.9592612710483432,0.9217118997912317,7.842220510185582,0.37383177570093457,1.0,1.0,0.0,0.0
0.9618830142279993,0.9265651438240271,7.0710678118654755,0.6196924602430296,0.8934131736526946,0.8073593073593074,2.23606797749979,1.0716395427285932
1.0,1.0,0.0,0.0,1.0,1.0,0.0,0.0
0.9748510919920582,0.9509360877985797,1.4142135623730951,0.4799616429330929,1.0,1.0,0.0,0.0
0.941638608305275,0.8897136797454931,3.0,0.8226946740311174,1.0,1.0,0.0,0.0
1.0,1.0,0.0,0.0,1.0,1.0,0.0,0.0
0.955503512880562,0.9147982062780269,1.0,0.48,1.0,1.0,0.0,0.0
1.0,1.0,0.0,0.0,1.0,1.0,0.0,0.0
1.0,1.0,0.0,0.0,1.0,1.0,0.0,0.0
1.0,1.0,0.0,0.0,1.0,1.0,0.0,0.0
0.9612748457847841,0.9254371494556252,3.2509323832274966,0.765225176061087,1.0,1.0,0.0,0.0
0.9584323040380047,0.9201824401368301,1.4727922061357823,0.6097520534843567,1.0,1.0,0.0,0.0
0.0,0.0,inf,inf,0.0,0.0,inf,inf
1.0,1.0,0.0,0.0,1.0,1.0,0.0,0.0
1.0,1.0,0.0,0.0,1.0,1.0,0.0,0.0
0.952333416521088,0.9090042877560743,2.23606797749979,0.461836475138941,1.0,1.0,0.0,0.0
0.9766505636070854,0.9543666404405979,1.4142135623730951,0.41262297172913426,1.0,1.0,0.0,0.0
1.0,1.0,0.0,0.0,1.0,1.0,0.0,0.0
0.927710843373494,0.8651685393258427,3.0,0.37764860584472737,1.0,1.0,0.0,0.0
1.0,1.0,0.0,0.0,0.0,0.0,inf,inf
1.0,1.0,0.0,0.0,1.0,1.0,0.0,0.0
1.0,1.0,0.0,0.0,1.0,1.0,0.0,0.0
0.922486033519553,0.8561244329228775,11.0,1.0319843682977075,0.9619520264681555,0.9266932270916335,2.8284271247461903,0.842857787061976
1.0,1.0,0.0,0.0,0.0,0.0,inf,inf
1.0,1.0,0.0,0.0,1.0,1.0,0.0,0.0
1.0,1.0,0.0,0.0,1.0,1.0,0.0,0.0
1.0,1.0,0.0,0.0,0.0,0.0,inf,inf
1.0,1.0,0.0,0.0,0.0,0.0,inf,inf
0.0,0.0,inf,inf,0.0,0.0,inf,inf
0.6742857142857143,0.5086206896551724,7.7840329667841575,0.4666666666666667,1.0,1.0,0.0,0.0
1.0,1.0,0.0,0.0,0.0,0.0,inf,inf
1.0,1.0,0.0,0.0,0.0,0.0,inf,inf
0.0,0.0,inf,inf,0.0,0.0,inf,inf
0.9548910288900152,0.9136760426770126,1.4142135623730951,0.47275804636778374,1.0,1.0,0.0,0.0
0.8925373134328358,0.8059299191374663,4.47213595499958,1.1399387247246018,1.0,1.0,0.0,0.0
0.0,0.0,inf,inf,0.0,0.0,inf,inf
0.9700049172266841,0.9417568427753024,13.038404810405298,0.5579399141630901,1.0,1.0,0.0,0.0
1.0,1.0,0.0,0.0,1.0,1.0,0.0,0.0
1.0,1.0,0.0,0.0,1.0,1.0,0.0,0.0
1.0,1.0,0.0,0.0,0.38596491228070173,0.2391304347826087,4.049242250247064,2.0095615645752964
0.7901234567901234,0.6530612244897959,2.549999999999997,0.2,0.6753246753246753,0.5098039215686274,3.0,0.7758883476483185
0.9482758620689655,0.9016393442622951,1.0,0.4235294117647059,0.9661617789236223,0.9345386533665836,1.9414213562372962,0.5920475791816956
0.9405594405594405,0.8877887788778878,2.0,0.6338907279361998,1.0,1.0,0.0,0.0
1.0,1.0,0.0,0.0,0.0,0.0,inf,inf
1.0,1.0,0.0,0.0,1.0,1.0,0.0,0.0
0.9232119350592365,0.8573757131214343,4.0,0.9425856039658497,1.0,1.0,0.0,0.0
0.0,0.0,inf,inf,1.0,1.0,0.0,0.0
1.0,1.0,0.0,0.0,0.0,0.0,inf,inf
0.9654088050314465,0.9331306990881459,1.0,0.3448275862068966,1.0,1.0,0.0,0.0
0.0,0.0,inf,inf,0.0,0.0,inf,inf
1.0,1.0,0.0,0.0,0.0,0.0,inf,inf
1.0,1.0,0.0,0.0,0.0,0.0,inf,inf
1.0,1.0,0.0,0.0,1.0,1.0,0.0,0.0
0.0,0.0,inf,inf,1.0,1.0,0.0,0.0
1.0,1.0,0.0,0.0,1.0,1.0,0.0,0.0
0.9623507805325987,0.9274336283185841,1.4142135623730951,0.4868421052631579,1.0,1.0,0.0,0.0
1.0,1.0,0.0,0.0,1.0,1.0,0.0,0.0
1.0,1.0,0.0,0.0,1.0,1.0,0.0,0.0
0.9472843450479234,0.8998482549317147,2.0,0.473790134841482,0.9419354838709677,0.8902439024390244,2.0,0.6004180459521499
0.7468499427262314,0.5959780621572212,51.81584114280861,0.710328778484513,1.0,1.0,0.0,0.0
0.9675544794188862,0.9371482176360225,2.0,0.5659340659340659,1.0,1.0,0.0,0.0
0.0,0.0,inf,inf,1.0,1.0,0.0,0.0
1.0,1.0,0.0,0.0,1.0,1.0,0.0,0.0
0.0,0.0,inf,inf,1.0,1.0,0.0,0.0
1.0,1.0,0.0,0.0,0.0,0.0,inf,inf
0.0,0.0,inf,inf,0.0,0.0,inf,inf
0.9743589743589743,0.95,1.0,0.2589628780624813,1.0,1.0,0.0,0.0
0.8638920134983127,0.7603960396039604,11.68955262773321,2.7578463956540307,0.5666666666666667,0.3953488372093023,3.7830532015051923,1.072618654964737
1.0,1.0,0.0,0.0,1.0,1.0,0.0,0.0
0.9848246991104134,0.9701030927835051,1.7363961030678827,0.27741802841359725,1.0,1.0,0.0,0.0
1.0,1.0,0.0,0.0,1.0,1.0,0.0,0.0
0.9579349904397706,0.9192660550458716,1.0,0.5180722891566265,1.0,1.0,0.0,0.0
0.9243557772236076,0.8593508500772797,2.0,0.7263157894736842,1.0,1.0,0.0,0.0
1.0,1.0,0.0,0.0,1.0,1.0,0.0,0.0
0.9384800965018094,0.884090909090909,2.0,0.6920306621957979,1.0,1.0,0.0,0.0
1.0,1.0,0.0,0.0,0.0,0.0,inf,inf
1.0,1.0,0.0,0.0,1.0,1.0,0.0,0.0
1.0,1.0,0.0,0.0,1.0,1.0,0.0,0.0
0.0,0.0,inf,inf,1.0,1.0,0.0,0.0
0.9739413680781759,0.9492063492063492,1.0,0.3493975903614458,1.0,1.0,0.0,0.0
1.0,1.0,0.0,0.0,1.0,1.0,0.0,0.0
1.0,1.0,0.0,0.0,1.0,1.0,0.0,0.0
0.9562330214307274,0.9161364950838635,1.0,0.4076882415360177,1.0,1.0,0.0,0.0
1.0,1.0,0.0,0.0,0.0,0.0,inf,inf
1.0,1.0,0.0,0.0,1.0,1.0,0.0,0.0
1.0,1.0,0.0,0.0,1.0,1.0,0.0,0.0
0.952124072825354,0.9086229086229086,11.644494025155305,0.40295866830266497,0.5185185185185185,0.35,1.3727922061357851,0.6
0.9685863874345549,0.9390862944162437,1.0,0.45689655172413796,1.0,1.0,0.0,0.0
1.0,1.0,0.0,0.0,1.0,1.0,0.0,0.0
1.0,1.0,0.0,0.0,1.0,1.0,0.0,0.0
0.9420849420849421,0.8905109489051095,1.0,0.4423076923076923,1.0,1.0,0.0,0.0
1.0,1.0,0.0,0.0,0.9555214723926381,0.9148311306901615,3.0,0.9198688982179255
1.0,1.0,0.0,0.0,1.0,1.0,0.0,0.0
1.0,1.0,0.0,0.0,1.0,1.0,0.0,0.0
1.0,1.0,0.0,0.0,1.0,1.0,0.0,0.0
1.0,1.0,0.0,0.0,1.0,1.0,0.0,0.0
1.0,1.0,0.0,0.0,1.0,1.0,0.0,0.0
0.9802566633761106,0.9612778315585673,1.0,0.34782608695652173,1.0,1.0,0.0,0.0
0.860204081632653,0.7547000895255148,16.141553905240624,1.0829016419024582,0.9569745135653603,0.9174986862848135,14.0,0.7972673288959651
0.9168443496801706,0.8464566929133859,1.4142135623730951,0.5973328930020217,0.8330241187384044,0.7138314785373608,4.123105625617661,1.2452914076915886
1.0,1.0,0.0,0.0,1.0,1.0,0.0,0.0
0.9097303634232122,0.8344086021505376,5.0,1.3573372725775619,1.0,1.0,0.0,0.0
0.7619047619047619,0.6153846153846154,1.4142135623730951,0.14285714285714285,1.0,1.0,0.0,0.0
0.0,0.0,inf,inf,0.0,0.0,inf,inf
1.0,1.0,0.0,0.0,1.0,1.0,0.0,0.0
0.0,0.0,inf,inf,1.0,1.0,0.0,0.0
0.9702602230483272,0.9422382671480144,1.0,0.3893129770992366,1.0,1.0,0.0,0.0
1.0,1.0,0.0,0.0,1.0,1.0,0.0,0.0
1.0,1.0,0.0,0.0,1.0,1.0,0.0,0.0
0.9334741288278775,0.8752475247524752,3.0,0.9323219399266203,1.0,1.0,0.0,0.0
1.0,1.0,0.0,0.0,1.0,1.0,0.0,0.0
1.0,1.0,0.0,0.0,1.0,1.0,0.0,0.0
1.0,1.0,0.0,0.0,1.0,1.0,0.0,0.0
0.9839052535681749,0.968320382546324,2.035410196624963,0.3044673540132429,1.0,1.0,0.0,0.0
1.0,1.0,0.0,0.0,1.0,1.0,0.0,0.0
1.0,1.0,0.0,0.0,1.0,1.0,0.0,0.0
1.0,1.0,0.0,0.0,1.0,1.0,0.0,0.0
1.0,1.0,0.0,0.0,1.0,1.0,0.0,0.0
0.9625668449197861,0.9278350515463918,7.2696577854097635,0.4,1.0,1.0,0.0,0.0
1.0,1.0,0.0,0.0,0.0,0.0,inf,inf
1.0,1.0,0.0,0.0,0.0,0.0,inf,inf
0.9711329884865677,0.9438858254946481,2.0,0.6242604617445956,1.0,1.0,0.0,0.0
0.0,0.0,inf,inf,0.0,0.0,inf,inf
0.8988391376451078,0.8162650602409639,2.9285822853728463,1.0118058280181603,1.0,1.0,0.0,0.0
0.9188679245283019,0.849912739965096,3.0,1.0,1.0,1.0,0.0,0.0
1.0,1.0,0.0,0.0,0.38095238095238093,0.23529411764705882,2.6803373379345903,0.8694600855484936
1.0,1.0,0.0,0.0,1.0,1.0,0.0,0.0
0.0,0.0,inf,inf,1.0,1.0,0.0,0.0
0.964793082149475,0.931980906921241,1.4142135623730951,0.5662027338655095,1.0,1.0,0.0,0.0
0.9788018433179724,0.9584837545126353,1.0,0.39655172413793105,1.0,1.0,0.0,0.0
0.0,0.0,inf,inf,0.0,0.0,inf,inf
0.0,0.0,inf,inf,1.0,1.0,0.0,0.0
1.0,1.0,0.0,0.0,1.0,1.0,0.0,0.0
1.0,1.0,0.0,0.0,1.0,1.0,0.0,0.0
1.0,1.0,0.0,0.0,1.0,1.0,0.0,0.0
1.0,1.0,0.0,0.0,1.0,1.0,0.0,0.0
1.0,1.0,0.0,0.0,0.3515151515151515,0.21323529411764705,8.246211251235321,4.3792847046210355
0.0,0.0,inf,inf,0.0,0.0,inf,inf
1.0,1.0,0.0,0.0,1.0,1.0,0.0,0.0
1.0,1.0,0.0,0.0,1.0,1.0,0.0,0.0
1.0,1.0,0.0,0.0,1.0,1.0,0.0,0.0
1.0,1.0,0.0,0.0,1.0,1.0,0.0,0.0
0.9356110381077529,0.8790123456790123,1.4142135623730951,0.587906596838431,1.0,1.0,0.0,0.0
0.9317851959361393,0.8722826086956522,2.0,0.6202169834373887,1.0,1.0,0.0,0.0
0.8996117581808097,0.8175403225806451,2.23606797749979,0.7864918431440521,1.0,1.0,0.0,0.0
0.0,0.0,inf,inf,1.0,1.0,0.0,0.0
0.9523141654978962,0.9089692101740294,1.3106601717798214,0.5633349933583397,1.0,1.0,0.0,0.0
0.9587301587301588,0.9207317073170732,1.1035533905932737,0.5371900826446281,1.0,1.0,0.0,0.0
0.9446216294578138,0.8950549450549451,2.0,0.4891304347826087,1.0,1.0,0.0,0.0
1.0,1.0,0.0,0.0,1.0,1.0,0.0,0.0
0.9600665557404326,0.9232,4.242640687119285,0.6717808391440941,1.0,1.0,0.0,0.0
0.0,0.0,inf,inf,1.0,1.0,0.0,0.0
1.0,1.0,0.0,0.0,1.0,1.0,0.0,0.0
1.0,1.0,0.0,0.0,1.0,1.0,0.0,0.0
0.9438423645320198,0.8936567164179104,10.866590605290387,0.73460371183607,0.965569716568385,0.9334314086061052,2.4433936790360096,0.8020518770908456
1.0,1.0,0.0,0.0,1.0,1.0,0.0,0.0
0.9843780135004822,0.9692366122293962,1.0,0.38438339981555436,1.0,1.0,0.0,0.0
0.9168637438602875,0.846489754786698,14.099548913285853,0.890705737771253,0.8359027064063035,0.7180694526191878,7.433671356142745,2.241531916781756
0.9537953795379538,0.9116719242902208,1.0,0.435968099328091,1.0,1.0,0.0,0.0
0.0,0.0,inf,inf,1.0,1.0,0.0,0.0
1.0,1.0,0.0,0.0,0.0,0.0,inf,inf
1.0,1.0,0.0,0.0,1.0,1.0,0.0,0.0
0.0,0.0,inf,inf,1.0,1.0,0.0,0.0
1.0,1.0,0.0,0.0,1.0,1.0,0.0,0.0
1.0,1.0,0.0,0.0,1.0,1.0,0.0,0.0
0.9070771001150748,0.8299552513819426,14.390540677861747,1.5993253083846135,0.829477292202228,0.7086383601756955,14.868065933568305,1.6332688319444846
0.0,0.0,inf,inf,1.0,1.0,0.0,0.0
1.0,1.0,0.0,0.0,1.0,1.0,0.0,0.0
0.9020689655172414,0.821608040201005,4.110795063055895,0.7623958649978478,0.0,0.0,inf,inf
1.0,1.0,0.0,0.0,0.0,0.0,inf,inf
1.0,1.0,0.0,0.0,0.915615906886518,0.8443649373881932,2.0,0.6900473433974504
0.8666666666666667,0.7647058823529411,2.0,0.8484905443978761,1.0,1.0,0.0,0.0
0.6732283464566929,0.5074183976261127,5.9070235421649135,1.202365767655636,0.900883218842002,0.8196428571428571,3.605551275463989,1.0495985868998727
1.0,1.0,0.0,0.0,0.0,0.0,inf,inf
0.0,0.0,inf,inf,1.0,1.0,0.0,0.0
0.9470827679782904,0.8994845360824743,9.595440426892422,0.4093663205576933,1.0,1.0,0.0,0.0
1.0,1.0,0.0,0.0,1.0,1.0,0.0,0.0
1.0,1.0,0.0,0.0,1.0,1.0,0.0,0.0
1.0,1.0,0.0,0.0,1.0,1.0,0.0,0.0
0.0,0.0,inf,inf,1.0,1.0,0.0,0.0
1.0,1.0,0.0,0.0,1.0,1.0,0.0,0.0
1.0,1.0,0.0,0.0,1.0,1.0,0.0,0.0
0.9834687587559541,0.9674751929437707,3.2074813431679505,0.3945787633389177,1.0,1.0,0.0,0.0
1.0,1.0,0.0,0.0,1.0,1.0,0.0,0.0
1.0,1.0,0.0,0.0,1.0,1.0,0.0,0.0
1.0,1.0,0.0,0.0,1.0,1.0,0.0,0.0
1.0,1.0,0.0,0.0,1.0,1.0,0.0,0.0
0.752542372881356,0.6032608695652174,9.763504840747908,2.752585414162408,1.0,1.0,0.0,0.0
0.0,0.0,inf,inf,1.0,1.0,0.0,0.0
1.0,1.0,0.0,0.0,1.0,1.0,0.0,0.0
0.955984555984556,0.915680473372781,2.0,0.4418604651162791,1.0,1.0,0.0,0.0
1.0,1.0,0.0,0.0,0.0,0.0,inf,inf
0.9704783258594918,0.9426497277676951,1.4142135623730951,0.531862718877034,1.0,1.0,0.0,0.0
1.0,1.0,0.0,0.0,0.0,0.0,inf,inf
0.0,0.0,inf,inf,0.0,0.0,inf,inf
0.0,0.0,inf,inf,1.0,1.0,0.0,0.0
0.926896551724138,0.8637532133676092,2.23606797749979,0.9108804016544952,1.0,1.0,0.0,0.0
0.0,0.0,inf,inf,1.0,1.0,0.0,0.0
0.9120521172638436,0.8383233532934131,3.605551275463989,1.41060318348587,1.0,1.0,0.0,0.0
0.8737864077669902,0.7758620689655172,2.0,0.8123584747522941,0.9819494584837545,0.9645390070921985,2.0,0.5123340738590421
1.0,1.0,0.0,0.0,1.0,1.0,0.0,0.0
0.0,0.0,inf,inf,0.0,0.0,inf,inf
0.9788172992056487,0.958513396715644,1.0,0.37534702267586806,1.0,1.0,0.0,0.0
0.9781990521327014,0.9573283858998145,1.0,0.39622641509433965,1.0,1.0,0.0,0.0
0.9100766498410918,0.8349914236706689,14.0,0.8723441209736466,0.8315461777931512,0.7116637063351096,8.48528137423857,1.9655213829436746
1.0,1.0,0.0,0.0,0.0,0.0,inf,inf
1.0,1.0,0.0,0.0,0.8325991189427313,0.7132075471698113,2.23606797749979,0.8721890638968222
1.0,1.0,0.0,0.0,1.0,1.0,0.0,0.0
1.0,1.0,0.0,0.0,1.0,1.0,0.0,0.0
0.0,0.0,inf,inf,1.0,1.0,0.0,0.0
0.9644473173884939,0.9313358302122348,2.0,0.45464492354122515,1.0,1.0,0.0,0.0
0.9462081128747796,0.897907949790795,2.23606797749979,0.5024327935166384,1.0,1.0,0.0,0.0
1.0,1.0,0.0,0.0,1.0,1.0,0.0,0.0
0.0,0.0,inf,inf,0.0,0.0,inf,inf
0.9390119250425895,0.8850353243416827,2.0,0.7555784781867994,1.0,1.0,0.0,0.0
0.9497104541298385,0.9042367962855484,2.0,0.5949186266101706,1.0,1.0,0.0,0.0
1.0,1.0,0.0,0.0,0.0,0.0,inf,inf
0.9686800894854586,0.9392624728850325,1.5606601717798214,0.6230629149959998,1.0,1.0,0.0,0.0
1.0,1.0,0.0,0.0,1.0,1.0,0.0,0.0
1.0,1.0,0.0,0.0,1.0,1.0,0.0,0.0
0.924408014571949,0.859441151566469,3.0567971810589274,1.0189298294062399,1.0,1.0,0.0,0.0
1.0,1.0,0.0,0.0,1.0,1.0,0.0,0.0
0.9657039711191335,0.9336823734729494,1.0,0.379746835443038,1.0,1.0,0.0,0.0
1.0,1.0,0.0,0.0,1.0,1.0,0.0,0.0
0.0,0.0,inf,inf,0.9636027143738433,0.9297619047619048,1.4142135623730951,0.42299251011783895
0.0,0.0,inf,inf,0.0,0.0,inf,inf
0.0,0.0,inf,inf,0.0,0.0,inf,inf
1.0,1.0,0.0,0.0,1.0,1.0,0.0,0.0
0.9367909238249594,0.8810975609756098,2.23606797749979,0.8730611770552353,0.9410687022900763,0.8886966551326413,3.0,0.7524774473240292
0.0,0.0,inf,inf,0.0,0.0,inf,inf
0.0,0.0,inf,inf,1.0,1.0,0.0,0.0
1.0,1.0,0.0,0.0,1.0,1.0,0.0,0.0
1.0,1.0,0.0,0.0,1.0,1.0,0.0,0.0
1.0,1.0,0.0,0.0,1.0,1.0,0.0,0.0
1.0,1.0,0.0,0.0,0.9560362875087229,0.9157754010695187,1.0,0.5420560747663551
0.9466284821661026,0.8986653484923381,3.0,0.8304289333767226,1.0,1.0,0.0,0.0
1.0,1.0,0.0,0.0,1.0,1.0,0.0,0.0
1.0,1.0,0.0,0.0,1.0,1.0,0.0,0.0
1.0,1.0,0.0,0.0,1.0,1.0,0.0,0.0
1.0,1.0,0.0,0.0,0.0,0.0,inf,inf
0.0,0.0,inf,inf,1.0,1.0,0.0,0.0
1.0,1.0,0.0,0.0,1.0,1.0,0.0,0.0
1.0,1.0,0.0,0.0,0.0,0.0,inf,inf
1.0,1.0,0.0,0.0,1.0,1.0,0.0,0.0
1.0,1.0,0.0,0.0,1.0,1.0,0.0,0.0
0.9452495974235104,0.8961832061068702,1.0,0.5888133354940858,1.0,1.0,0.0,0.0
1.0,1.0,0.0,0.0,1.0,1.0,0.0,0.0
0.0,0.0,inf,inf,0.0,0.0,inf,inf
0.8351648351648352,0.7169811320754716,1.4142135623730951,0.9020385257896221,1.0,1.0,0.0,0.0
0.0,0.0,inf,inf,0.819672131147541,0.6944444444444444,1.0,0.8565685424949239
1.0,1.0,0.0,0.0,1.0,1.0,0.0,0.0
1.0,1.0,0.0,0.0,1.0,1.0,0.0,0.0
0.0,0.0,inf,inf,0.0,0.0,inf,inf
0.9520673252835712,0.9085195530726257,2.0,0.6013760670165432,0.9203778677462888,0.8525,2.0,0.8181818181818182
0.0,0.0,inf,inf,1.0,1.0,0.0,0.0
1.0,1.0,0.0,0.0,1.0,1.0,0.0,0.0
1.0,1.0,0.0,0.0,1.0,1.0,0.0,0.0
0.9680942799655073,0.9381615598885794,1.0,0.4841754541660159,1.0,1.0,0.0,0.0
0.0,0.0,inf,inf,1.0,1.0,0.0,0.0
0.0,0.0,inf,inf,0.0,0.0,inf,inf
1.0,1.0,0.0,0.0,1.0,1.0,0.0,0.0
1.0,1.0,0.0,0.0,1.0,1.0,0.0,0.0
1.0,1.0,0.0,0.0,1.0,1.0,0.0,0.0
0.5669291338582677,0.3956043956043956,16.86571611686649,5.334253037014808,1.0,1.0,0.0,0.0
0.9083503054989817,0.832089552238806,3.0,0.8488372093023255,1.0,1.0,0.0,0.0
0.7961165048543689,0.6612903225806451,2.0,0.875,1.0,1.0,0.0,0.0
1.0,1.0,0.0,0.0,1.0,1.0,0.0,0.0
1.0,1.0,0.0,0.0,1.0,1.0,0.0,0.0
1.0,1.0,0.0,0.0,0.0,0.0,inf,inf
1.0,1.0,0.0,0.0,1.0,1.0,0.0,0.0
1.0,1.0,0.0,0.0,1.0,1.0,0.0,0.0
1.0,1.0,0.0,0.0,1.0,1.0,0.0,0.0
1.0,1.0,0.0,0.0,1.0,1.0,0.0,0.0
1.0,1.0,0.0,0.0,1.0,1.0,0.0,0.0
0.9213226909920182,0.854122621564482,2.1298373876248804,0.6248117294256728,1.0,1.0,0.0,0.0
1.0,1.0,0.0,0.0,1.0,1.0,0.0,0.0
1.0,1.0,0.0,0.0,1.0,1.0,0.0,0.0
1.0,1.0,0.0,0.0,1.0,1.0,0.0,0.0
0.9696323921150772,0.9410548086866598,1.4142135623730951,0.457140303092853,1.0,1.0,0.0,0.0
0.8571428571428571,0.75,2.0,0.5860112615949155,1.0,1.0,0.0,0.0
0.0,0.0,inf,inf,0.0,0.0,inf,inf
0.9512448132780082,0.9070227497527201,3.9013878188659974,0.7591629876858772,1.0,1.0,0.0,0.0
1.0,1.0,0.0,0.0,1.0,1.0,0.0,0.0
1.0,1.0,0.0,0.0,1.0,1.0,0.0,0.0
1.0,1.0,0.0,0.0,1.0,1.0,0.0,0.0
0.968625718073354,0.9391602399314481,1.0,0.5641025641025641,1.0,1.0,0.0,0.0
0.9742744063324539,0.9498392282958199,1.4142135623730951,0.38064516129032255,1.0,1.0,0.0,0.0
0.9734151329243353,0.9482071713147411,1.0,0.3472222222222222,1.0,1.0,0.0,0.0
0.8294930875576036,0.7086614173228346,3.1622776601683795,0.8895351062075979,0.9555283557731539,0.91484375,2.0,0.775298994696937
0.9157326691573267,0.844563552833078,9.336612788698936,0.8194619307084343,0.9705181655747469,0.9427249059878507,3.1622776601683795,0.5554111371682949
1.0,1.0,0.0,0.0,0.0,0.0,inf,inf
1.0,1.0,0.0,0.0,1.0,1.0,0.0,0.0
0.9376966645689113,0.8827014218009479,3.0,0.8523764536130064,1.0,1.0,0.0,0.0
1.0,1.0,0.0,0.0,1.0,1.0,0.0,0.0
1.0,1.0,0.0,0.0,1.0,1.0,0.0,0.0
1.0,1.0,0.0,0.0,0.0,0.0,inf,inf
0.0,0.0,inf,inf,1.0,1.0,0.0,0.0
0.0,0.0,inf,inf,1.0,1.0,0.0,0.0
0.9120258272800645,0.8382789317507419,5.0,0.83691379884565,1.0,1.0,0.0,0.0
0.9476047904191617,0.9004267425320057,1.6192388155425086,0.4793336775788449,0.9415094339622642,0.8894830659536542,2.0,0.700397126088931
1.0,1.0,0.0,0.0,1.0,1.0,0.0,0.0
0.9862343224227592,0.9728424864212432,11.0,0.21768707482993196,1.0,1.0,0.0,0.0
1.0,1.0,0.0,0.0,1.0,1.0,0.0,0.0
1.0,1.0,0.0,0.0,1.0,1.0,0.0,0.0
1.0,1.0,0.0,0.0,1.0,1.0,0.0,0.0
0.9188721674450787,0.84992,13.960147050873536,1.099636020915862,0.8723809523809524,0.7736486486486487,9.219544457292887,1.5553627993586463
1.0,1.0,0.0,0.0,1.0,1.0,0.0,0.0
1.0,1.0,0.0,0.0,1.0,1.0,0.0,0.0
0.0,0.0,inf,inf,0.0,0.0,inf,inf
0.9323770491803278,0.8733205374280231,1.4142135623730951,0.5305108723305125,0.9173913043478261,0.8473895582329317,2.0,0.6552128425358745
0.0,0.0,inf,inf,0.0,0.0,inf,inf
1.0,1.0,0.0,0.0,0.0,0.0,inf,inf
1.0,1.0,0.0,0.0,1.0,1.0,0.0,0.0
1.0,1.0,0.0,0.0,1.0,1.0,0.0,0.0
1.0,1.0,0.0,0.0,1.0,1.0,0.0,0.0
1.0,1.0,0.0,0.0,1.0,1.0,0.0,0.0
0.9449404761904762,0.8956276445698167,1.5020815280171176,0.53,1.0,1.0,0.0,0.0
1.0,1.0,0.0,0.0,1.0,1.0,0.0,0.0
0.0,0.0,inf,inf,1.0,1.0,0.0,0.0
1.0,1.0,0.0,0.0,1.0,1.0,0.0,0.0
1.0,1.0,0.0,0.0,1.0,1.0,0.0,0.0
0.0,0.0,inf,inf,1.0,1.0,0.0,0.0
0.0,0.0,inf,inf,1.0,1.0,0.0,0.0
1.0,1.0,0.0,0.0,1.0,1.0,0.0,0.0
0.0,0.0,inf,inf,1.0,1.0,0.0,0.0
1.0,1.0,0.0,0.0,1.0,1.0,0.0,0.0
0.0,0.0,inf,inf,1.0,1.0,0.0,0.0
0.0,0.0,inf,inf,1.0,1.0,0.0,0.0
1.0,1.0,0.0,0.0,0.0,0.0,inf,inf
0.0,0.0,inf,inf,1.0,1.0,0.0,0.0
1.0,1.0,0.0,0.0,0.0,0.0,inf,inf
0.0,0.0,inf,inf,1.0,1.0,0.0,0.0
0.9576547231270358,0.91875,2.8284271247461903,0.9703128036210642,1.0,1.0,0.0,0.0
0.9456767768220914,0.896951481322456,2.8284271247461903,0.7638968642458228,0.9300275482093664,0.8692070030895983,3.0,1.2493964601898475
1.0,1.0,0.0,0.0,1.0,1.0,0.0,0.0
1.0,1.0,0.0,0.0,1.0,1.0,0.0,0.0
1.0,1.0,0.0,0.0,1.0,1.0,0.0,0.0
0.975,0.9512195121951219,1.0,0.2754613360279188,0.9353846153846154,0.8786127167630058,1.372792206135782,0.4353553390593274
1.0,1.0,0.0,0.0,1.0,1.0,0.0,0.0
1.0,1.0,0.0,0.0,0.0,0.0,inf,inf
1.0,1.0,0.0,0.0,1.0,1.0,0.0,0.0
1.0,1.0,0.0,0.0,1.0,1.0,0.0,0.0
0.0,0.0,inf,inf,1.0,1.0,0.0,0.0
0.9755868544600939,0.9523373052245646,1.0,0.3153137084989847,1.0,1.0,0.0,0.0
0.0,0.0,inf,inf,1.0,1.0,0.0,0.0
1.0,1.0,0.0,0.0,1.0,1.0,0.0,0.0
1.0,1.0,0.0,0.0,1.0,1.0,0.0,0.0
0.9034267912772586,0.8238636363636364,4.449186428211552,1.2182595239126384,0.8492063492063492,0.7379310344827587,3.8125730155254534,1.1255248119617125
0.0,0.0,inf,inf,1.0,1.0,0.0,0.0
0.0,0.0,inf,inf,0.0,0.0,inf,inf
1.0,1.0,0.0,0.0,1.0,1.0,0.0,0.0
1.0,1.0,0.0,0.0,1.0,1.0,0.0,0.0
1.0,1.0,0.0,0.0,1.0,1.0,0.0,0.0
1.0,1.0,0.0,0.0,1.0,1.0,0.0,0.0
0.981245311327832,0.9631811487481591,1.0,0.23157894736842105,0.957983193277311,0.9193548387096774,1.0,0.36279611588277283
1.0,1.0,0.0,0.0,0.4268292682926829,0.2713178294573643,6.0,3.2338624530254507
0.9342134213421343,0.8765483071841453,4.043086968966184,0.9508497025566367,1.0,1.0,0.0,0.0
1.0,1.0,0.0,0.0,1.0,1.0,0.0,0.0
0.0,0.0,inf,inf,0.0,0.0,inf,inf
1.0,1.0,0.0,0.0,1.0,1.0,0.0,0.0
0.9515340151178302,0.90754877014419,3.605551275463989,0.4171419825742193,0.8979591836734694,0.8148148148148148,1.4142135623730951,0.6126007977866527
0.961444607125427,0.9257518796992481,1.6485281374238439,0.38339622085891406,1.0,1.0,0.0,0.0
0.9781601588352085,0.9572538860103627,11.661903789690601,0.3284671532846715,1.0,1.0,0.0,0.0
1.0,1.0,0.0,0.0,1.0,1.0,0.0,0.0
1.0,1.0,0.0,0.0,1.0,1.0,0.0,0.0
1.0,1.0,0.0,0.0,1.0,1.0,0.0,0.0
0.9263370332996973,0.8627819548872181,2.0,0.7299069563735987,1.0,1.0,0.0,0.0
1.0,1.0,0.0,0.0,1.0,1.0,0.0,0.0
0.8562874251497006,0.7486910994764397,3.0,1.1533361929897494,0.9413649471323294,0.889225181598063,3.0,1.0496289667154692
1.0,1.0,0.0,0.0,1.0,1.0,0.0,0.0
1.0,1.0,0.0,0.0,1.0,1.0,0.0,0.0
1.0,1.0,0.0,0.0,1.0,1.0,0.0,0.0
0.9604562737642586,0.9239209948792977,1.5020815280171176,0.5945835632746619,1.0,1.0,0.0,0.0
1.0,1.0,0.0,0.0,1.0,1.0,0.0,0.0
0.8725361366622865,0.7738927738927739,2.0,0.8843612599385722,0.8956356736242884,0.8109965635738832,2.0,0.9272419965160273
1.0,1.0,0.0,0.0,0.0,0.0,inf,inf
0.0,0.0,inf,inf,1.0,1.0,0.0,0.0
0.8851674641148325,0.7939914163090128,2.0,0.9224061117931868,1.0,1.0,0.0,0.0
0.0,0.0,inf,inf,1.0,1.0,0.0,0.0
0.0,0.0,inf,inf,1.0,1.0,0.0,0.0
0.8748481166464156,0.7775377969762419,5.0,0.4936737063646668,1.0,1.0,0.0,0.0
0.9614740368509213,0.9258064516129032,1.4142135623730951,0.39778090230182794,1.0,1.0,0.0,0.0
1.0,1.0,0.0,0.0,1.0,1.0,0.0,0.0
1.0,1.0,0.0,0.0,1.0,1.0,0.0,0.0
0.5098039215686274,0.34210526315789475,13.723710487698735,0.6872371673971173,0.9029126213592233,0.8230088495575221,2.0944271909999137,0.9229420854230006
1.0,1.0,0.0,0.0,1.0,1.0,0.0,0.0
0.9174214171550347,0.8474409448818898,2.8284271247461903,0.9435564396867863,0.9501769670569017,0.9050829875518672,3.0,0.9082041456917102
0.0,0.0,inf,inf,0.0,0.0,inf,inf
1.0,1.0,0.0,0.0,1.0,1.0,0.0,0.0
0.0,0.0,inf,inf,0.0,0.0,inf,inf
0.9714385231626611,0.9444632577040298,1.4142135623730951,0.5835571848495936,1.0,1.0,0.0,0.0
1.0,1.0,0.0,0.0,1.0,1.0,0.0,0.0
0.9618033813400125,0.9264173703256936,1.0,0.4845360824742268,1.0,1.0,0.0,0.0
1.0,1.0,0.0,0.0,1.0,1.0,0.0,0.0
1.0,1.0,0.0,0.0,1.0,1.0,0.0,0.0
1.0,1.0,0.0,0.0,1.0,1.0,0.0,0.0
1.0,1.0,0.0,0.0,1.0,1.0,0.0,0.0
0.0,0.0,inf,inf,0.0,0.0,inf,inf
0.9519650655021834,0.9083333333333333,1.8242640687119218,0.4744525547445255,1.0,1.0,0.0,0.0
1.0,1.0,0.0,0.0,1.0,1.0,0.0,0.0
0.9389448725548311,0.8849162011173184,14.697851814501893,2.458039772409119,1.0,1.0,0.0,0.0
1.0,1.0,0.0,0.0,1.0,1.0,0.0,0.0
1.0,1.0,0.0,0.0,1.0,1.0,0.0,0.0
0.9728471683475562,0.947129909365559,1.0,0.28421052631578947,0.9545454545454546,0.9130434782608695,1.0,0.40030899048637164
0.926923076923077,0.8637992831541219,1.4142135623730951,0.5348389139017663,0.9345372460496614,0.8771186440677966,2.0,0.647887323943662
1.0,1.0,0.0,0.0,1.0,1.0,0.0,0.0
0.0,0.0,inf,inf,0.0,0.0,inf,inf
0.9646302250803859,0.9316770186335404,2.0,0.5828403078297304,1.0,1.0,0.0,0.0
0.9533445756042721,0.9108485499462943,1.4142135623730951,0.48982465340524534,0.8767123287671232,0.7804878048780488,1.4142135623730951,0.6472471971056227
1.0,1.0,0.0,0.0,1.0,1.0,0.0,0.0
0.9853836784409257,0.9711884753901561,2.0472135954999553,0.2937923172655017,1.0,1.0,0.0,0.0
0.958543014617781,0.9203865623561897,2.23606797749979,0.4348136043012741,1.0,1.0,0.0,0.0
0.9407770652583931,0.8881766381766382,2.23606797749979,0.7215189873417721,0.9594167679222357,0.9219990658570761,2.948528137423855,0.76776667517857
1.0,1.0,0.0,0.0,1.0,1.0,0.0,0.0
0.9553933495539335,0.9145962732919255,4.47213595499958,0.5565060077345203,1.0,1.0,0.0,0.0
1.0,1.0,0.0,0.0,0.0,0.0,inf,inf
0.0,0.0,inf,inf,1.0,1.0,0.0,0.0
1.0,1.0,0.0,0.0,0.0,0.0,inf,inf
0.9178025609252375,0.8480916030534351,3.0,0.8881452932430011,0.9460641399416909,0.8976486860304288,3.1622776601683795,1.1162114756698203
1.0,1.0,0.0,0.0,0.9619968518102091,0.9267764298093587,2.23606797749979,0.869078010489544
0.959636971578696,0.9224058769513315,1.4142135623730951,0.5081848200259829,0.9133192389006343,0.8404669260700389,2.0,0.4280763297370033
1.0,1.0,0.0,0.0,1.0,1.0,0.0,0.0
0.0,0.0,inf,inf,0.0,0.0,inf,inf
0.9717277486910995,0.945010183299389,1.0,0.33783783783783783,1.0,1.0,0.0,0.0
1.0,1.0,0.0,0.0,1.0,1.0,0.0,0.0
1.0,1.0,0.0,0.0,1.0,1.0,0.0,0.0
1.0,1.0,0.0,0.0,1.0,1.0,0.0,0.0
1.0,1.0,0.0,0.0,0.0,0.0,inf,inf
1.0,1.0,0.0,0.0,1.0,1.0,0.0,0.0
1.0,1.0,0.0,0.0,1.0,1.0,0.0,0.0
0.44155844155844154,0.2833333333333333,34.21176216271191,14.000674081474722,1.0,1.0,0.0,0.0
0.9596536796536796,0.9224367509986684,4.0,0.7964217047780363,1.0,1.0,0.0,0.0
1.0,1.0,0.0,0.0,1.0,1.0,0.0,0.0
0.9673667205169628,0.9367959949937422,11.180339887498949,0.35,1.0,1.0,0.0,0.0
0.9647201946472019,0.9318448883666275,1.4142135623730951,0.4948453608247423,1.0,1.0,0.0,0.0
0.9525745257452575,0.9094437257438551,9.18671259346179,0.4972326955604225,1.0,1.0,0.0,0.0
0.9559082892416225,0.9155405405405406,1.0,0.44554455445544555,1.0,1.0,0.0,0.0
0.0,0.0,inf,inf,1.0,1.0,0.0,0.0
1.0,1.0,0.0,0.0,1.0,1.0,0.0,0.0
1.0,1.0,0.0,0.0,1.0,1.0,0.0,0.0
0.0,0.0,inf,inf,1.0,1.0,0.0,0.0
0.9722348657259899,0.9459698848538529,8.0,0.40077821011673154,1.0,1.0,0.0,0.0
0.0,0.0,inf,inf,1.0,1.0,0.0,0.0
1.0,1.0,0.0,0.0,0.0,0.0,inf,inf
0.0,0.0,inf,inf,0.0,0.0,inf,inf
1.0,1.0,0.0,0.0,1.0,1.0,0.0,0.0
0.0,0.0,inf,inf,1.0,1.0,0.0,0.0
0.0,0.0,inf,inf,1.0,1.0,0.0,0.0
1.0,1.0,0.0,0.0,1.0,1.0,0.0,0.0
1.0,1.0,0.0,0.0,1.0,1.0,0.0,0.0
1.0,1.0,0.0,0.0,1.0,1.0,0.0,0.0
0.0,0.0,inf,inf,0.0,0.0,inf,inf
1.0,1.0,0.0,0.0,1.0,1.0,0.0,0.0
1.0,1.0,0.0,0.0,1.0,1.0,0.0,0.0
0.0,0.0,inf,inf,0.0,0.0,inf,inf
1.0,1.0,0.0,0.0,1.0,1.0,0.0,0.0
1.0,1.0,0.0,0.0,0.0,0.0,inf,inf
1.0,1.0,0.0,0.0,1.0,1.0,0.0,0.0
1.0,1.0,0.0,0.0,1.0,1.0,0.0,0.0
1.0,1.0,0.0,0.0,1.0,1.0,0.0,0.0
1.0,1.0,0.0,0.0,0.0,0.0,inf,inf
0.9700332963374029,0.9418103448275862,1.7435028842545153,0.5196850393700787,1.0,1.0,0.0,0.0
0.9190871369294605,0.8502879078694817,2.23606797749979,1.0184522854212985,1.0,1.0,0.0,0.0
0.9657163478888487,0.933705512909979,1.4142135623730951,0.5302013422818792,1.0,1.0,0.0,0.0
0.9286629645450662,0.8668261562998405,2.0472135954999553,0.8913033758068443,1.0,1.0,0.0,0.0
1.0,1.0,0.0,0.0,0.0,0.0,inf,inf
0.0,0.0,inf,inf,0.0,0.0,inf,inf
1.0,1.0,0.0,0.0,0.0,0.0,inf,inf
0.9336609336609336,0.8755760368663594,1.4142135623730951,0.4090909090909091,1.0,1.0,0.0,0.0
1.0,1.0,0.0,0.0,1.0,1.0,0.0,0.0
0.9557069846678024,0.9151712887438825,1.0,0.37962962962962965,1.0,1.0,0.0,0.0
0.9861495844875346,0.9726775956284153,1.0,0.28245745266450806,1.0,1.0,0.0,0.0
0.9383886255924171,0.8839285714285714,2.0,0.6414954533710016,1.0,1.0,0.0,0.0
0.8764044943820225,0.78,2.0,0.32432432432432434,0.8529411764705882,0.7435897435897436,2.0590169943749475,0.433925565098879
1.0,1.0,0.0,0.0,1.0,1.0,0.0,0.0
0.9245283018867925,0.8596491228070176,2.0,0.6440677966101694,1.0,1.0,0.0,0.0
1.0,1.0,0.0,0.0,1.0,1.0,0.0,0.0
0.0,0.0,inf,inf,0.0,0.0,inf,inf
1.0,1.0,0.0,0.0,1.0,1.0,0.0,0.0
1.0,1.0,0.0,0.0,1.0,1.0,0.0,0.0
1.0,1.0,0.0,0.0,1.0,1.0,0.0,0.0
1.0,1.0,0.0,0.0,0.0,0.0,inf,inf
0.96684350132626,0.9358151476251605,1.4142135623730951,0.37261704339925267,1.0,1.0,0.0,0.0
0.9136338946224878,0.841,2.0,0.7053656109539453,1.0,1.0,0.0,0.0
1.0,1.0,0.0,0.0,1.0,1.0,0.0,0.0
1.0,1.0,0.0,0.0,1.0,1.0,0.0,0.0
0.9362101313320825,0.8800705467372134,2.23606797749979,0.714769219283678,1.0,1.0,0.0,0.0
0.9647960962007668,0.931986531986532,9.186712593461795,0.549618320610687,1.0,1.0,0.0,0.0
0.9799691833590138,0.9607250755287009,1.0,0.2967405888135631,1.0,1.0,0.0,0.0
0.9493975903614458,0.9036697247706422,2.23606797749979,0.5833333333333334,1.0,1.0,0.0,0.0
0.9404186795491143,0.8875379939209727,8.67071459563393,0.8478446597202078,0.8532110091743119,0.744,2.0,0.8400733524199802
0.9754689754689755,0.952112676056338,1.0,0.31414213562373094,0.948306595365419,0.9016949152542373,1.0,0.4795134634410018
1.0,1.0,0.0,0.0,1.0,1.0,0.0,0.0
0.9600385170919595,0.9231481481481482,2.23606797749979,0.4523809523809524,0.8717948717948718,0.7727272727272727,1.4142135623730951,0.5159312908605037
1.0,1.0,0.0,0.0,1.0,1.0,0.0,0.0
1.0,1.0,0.0,0.0,1.0,1.0,0.0,0.0
0.9294258373205742,0.8681564245810056,5.944266680799111,0.6459850202356779,1.0,1.0,0.0,0.0
0.9693004529441369,0.9404296875,2.0,0.4555674701788292,1.0,1.0,0.0,0.0
1.0,1.0,0.0,0.0,0.0,0.0,inf,inf
1.0,1.0,0.0,0.0,0.8724489795918368,0.7737556561085973,3.137936011143122,1.0876557602056631
0.927960927960928,0.8656036446469249,2.23606797749979,0.6676013782934199,0.8898550724637682,0.8015665796344648,6.082762530298219,1.9189359533733665
1.0,1.0,0.0,0.0,1.0,1.0,0.0,0.0
0.922173274596182,0.8555858310626703,6.0,0.8324178775985935,1.0,1.0,0.0,0.0
0.6338028169014085,0.4639175257731959,5.6669819610951775,0.6603553390593274,0.9225589225589226,0.85625,2.0,0.6987319679373564
0.9407651172357054,0.8881553398058253,3.0,0.8305609745205377,1.0,1.0,0.0,0.0
1.0,1.0,0.0,0.0,1.0,1.0,0.0,0.0
0.0,0.0,inf,inf,1.0,1.0,0.0,0.0
0.869281045751634,0.7687861271676301,2.8284271247461903,0.7584809625685465,0.9667761956918584,0.9356890459363958,1.4142135623730951,0.6290322580645161
1.0,1.0,0.0,0.0,1.0,1.0,0.0,0.0
0.9650632911392405,0.9324853228962818,2.1298373876248804,0.46846846846846846,1.0,1.0,0.0,0.0
0.9849492474623731,0.9703448275862069,1.0,0.30434782608695654,1.0,1.0,0.0,0.0
0.8267898383371824,0.7047244094488189,3.0,0.9462824750479855,0.9641618497109826,0.9308035714285714,1.4142135623730951,0.625
0.9591036414565827,0.9214208826695371,2.23606797749979,0.7833056460945026,0.7286821705426356,0.573170731707317,2.23606797749979,1.0860206292602492
0.0,0.0,inf,inf,1.0,1.0,0.0,0.0
0.9593220338983051,0.9218241042345277,2.0,0.5139723617691466,1.0,1.0,0.0,0.0
0.0,0.0,inf,inf,1.0,1.0,0.0,0.0
0.8269230769230769,0.7049180327868853,5.91547594742265,1.6792557364858594,0.8021390374331551,0.6696428571428571,2.0,0.7552284749830793
1.0,1.0,0.0,0.0,0.0,0.0,inf,inf
0.9629898403483309,0.9286214135759272,3.605551275463989,0.49098381770380106,0.7403314917127072,0.5877192982456141,2.0,1.3783418598254111
0.9384800965018094,0.884090909090909,1.331370849898469,0.6669027680726981,1.0,1.0,0.0,0.0
1.0,1.0,0.0,0.0,1.0,1.0,0.0,0.0
1.0,1.0,0.0,0.0,1.0,1.0,0.0,0.0
1.0,1.0,0.0,0.0,1.0,1.0,0.0,0.0
1.0,1.0,0.0,0.0,1.0,1.0,0.0,0.0
0.931665062560154,0.872072072072072,2.0,0.7000720786804572,1.0,1.0,0.0,0.0
1.0,1.0,0.0,0.0,1.0,1.0,0.0,0.0
0.0,0.0,inf,inf,1.0,1.0,0.0,0.0
0.0,0.0,inf,inf,0.0,0.0,inf,inf
0.9646017699115044,0.9316239316239316,1.0,0.2,1.0,1.0,0.0,0.0
1.0,1.0,0.0,0.0,1.0,1.0,0.0,0.0
0.0,0.0,29.832867780352597,29.51951575668653,1.0,1.0,0.0,0.0
1.0,1.0,0.0,0.0,1.0,1.0,0.0,0.0
1.0,1.0,0.0,0.0,1.0,1.0,0.0,0.0
1.0,1.0,0.0,0.0,1.0,1.0,0.0,0.0
0.0,0.0,inf,inf,1.0,1.0,0.0,0.0
1.0,1.0,0.0,0.0,1.0,1.0,0.0,0.0
0.923951670220327,0.8586525759577279,5.0,0.7085398209246697,1.0,1.0,0.0,0.0
0.0,0.0,inf,inf,1.0,1.0,0.0,0.0
1.0,1.0,0.0,0.0,1.0,1.0,0.0,0.0
1.0,1.0,0.0,0.0,1.0,1.0,0.0,0.0
1.0,1.0,0.0,0.0,1.0,1.0,0.0,0.0
1.0,1.0,0.0,0.0,0.0,0.0,inf,inf
0.0,0.0,inf,inf,0.0,0.0,inf,inf
0.8993839835728953,0.8171641791044776,2.0,0.724571282100803,0.9807664909531272,0.962258876153201,1.4142135623730951,0.5775351520603118
0.0,0.0,inf,inf,0.0,0.0,inf,inf
1.0,1.0,0.0,0.0,1.0,1.0,0.0,0.0
0.0,0.0,inf,inf,1.0,1.0,0.0,0.0
0.0,0.0,inf,inf,0.0,0.0,inf,inf
0.0,0.0,inf,inf,1.0,1.0,0.0,0.0
0.9484276729559749,0.9019138755980861,1.4142135623730951,0.6613527973043818,1.0,1.0,0.0,0.0
1.0,1.0,0.0,0.0,0.9,0.8181818181818182,2.0,0.8466872150997387
0.9755351681957186,0.9522388059701492,1.0,0.4520520414959206,0.8470588235294118,0.7346938775510204,2.0,0.7428454425469884
1.0,1.0,0.0,0.0,1.0,1.0,0.0,0.0
1.0,1.0,0.0,0.0,1.0,1.0,0.0,0.0
1.0,1.0,0.0,0.0,1.0,1.0,0.0,0.0
0.911849710982659,0.8379814077025233,5.0,1.4476981224506622,0.8507751937984496,0.7403035413153457,4.0,1.571611187165055
1.0,1.0,0.0,0.0,1.0,1.0,0.0,0.0
0.9578742709008425,0.9191542288557214,1.7071067811865475,0.5707028348988856,1.0,1.0,0.0,0.0
1.0,1.0,0.0,0.0,1.0,1.0,0.0,0.0
1.0,1.0,0.0,0.0,0.0,0.0,inf,inf
0.7411764705882353,0.5887850467289719,2.23606797749979,1.3220979934176647,1.0,1.0,0.0,0.0
1.0,1.0,0.0,0.0,1.0,1.0,0.0,0.0
1.0,1.0,0.0,0.0,0.0,0.0,inf,inf
1.0,1.0,0.0,0.0,1.0,1.0,0.0,0.0
0.973170731707317,0.9477434679334917,1.0,0.2946746687488463,1.0,1.0,0.0,0.0
0.9695852534562212,0.9409660107334525,1.0,0.3902439024390244,1.0,1.0,0.0,0.0
1.0,1.0,0.0,0.0,1.0,1.0,0.0,0.0
1.0,1.0,0.0,0.0,1.0,1.0,0.0,0.0
0.0,0.0,inf,inf,1.0,1.0,0.0,0.0
0.0,0.0,inf,inf,1.0,1.0,0.0,0.0
1.0,1.0,0.0,0.0,1.0,1.0,0.0,0.0
1.0,1.0,0.0,0.0,1.0,1.0,0.0,0.0
0.9770354906054279,0.9551020408163265,1.0,0.36470588235294116,1.0,1.0,0.0,0.0
1.0,1.0,0.0,0.0,0.0,0.0,inf,inf
1.0,1.0,0.0,0.0,1.0,1.0,0.0,0.0
0.0,0.0,inf,inf,0.0,0.0,inf,inf
1.0,1.0,0.0,0.0,1.0,1.0,0.0,0.0
0.7702127659574468,0.6262975778546713,4.0,0.6889989469532343,0.9256594724220624,0.8616071428571429,2.23606797749979,0.8725503716564607
1.0,1.0,0.0,0.0,1.0,1.0,0.0,0.0
1.0,1.0,0.0,0.0,1.0,1.0,0.0,0.0
1.0,1.0,0.0,0.0,1.0,1.0,0.0,0.0
0.0,0.0,inf,inf,1.0,1.0,0.0,0.0
1.0,1.0,0.0,0.0,1.0,1.0,0.0,0.0
1.0,1.0,0.0,0.0,1.0,1.0,0.0,0.0
0.0,0.0,inf,inf,1.0,1.0,0.0,0.0
0.9099437148217636,0.8347676419965576,4.072792206135781,1.3121360818336532,1.0,1.0,0.0,0.0
1.0,1.0,0.0,0.0,1.0,1.0,0.0,0.0
0.973,0.9474196689386563,1.0,0.45753901446641754,1.0,1.0,0.0,0.0
1.0,1.0,0.0,0.0,1.0,1.0,0.0,0.0
1.0,1.0,0.0,0.0,1.0,1.0,0.0,0.0
0.9676484789956543,0.9373246024321796,1.4142135623730951,0.5574021361272397,1.0,1.0,0.0,0.0
0.8937799043062201,0.8079584775086506,2.854163056034258,0.6187817326365388,0.967741935483871,0.9375,2.0,0.6280456879586257
1.0,1.0,0.0,0.0,1.0,1.0,0.0,0.0
1.0,1.0,0.0,0.0,1.0,1.0,0.0,0.0
0.9113169047245331,0.8370818915801614,12.649110640673518,1.3613089309711528,0.8712776176753122,0.7719148936170213,5.156248572301125,1.2922186919504515
1.0,1.0,0.0,0.0,1.0,1.0,0.0,0.0
0.9753954305799648,0.9519725557461407,1.0,0.31645569620253167,1.0,1.0,0.0,0.0
1.0,1.0,0.0,0.0,1.0,1.0,0.0,0.0
1.0,1.0,0.0,0.0,1.0,1.0,0.0,0.0
1.0,1.0,0.0,0.0,1.0,1.0,0.0,0.0
1.0,1.0,0.0,0.0,1.0,1.0,0.0,0.0
1.0,1.0,0.0,0.0,1.0,1.0,0.0,0.0
1.0,1.0,0.0,0.0,0.0,0.0,inf,inf
0.8915929203539823,0.8043912175648703,2.0,0.9751706102299713,0.9803869948663946,0.9615285308546346,1.4142135623730951,0.6221213129686609
0.9746503496503497,0.9505541346973572,1.0,0.3679869603092926,1.0,1.0,0.0,0.0
0.0,0.0,inf,inf,1.0,1.0,0.0,0.0
0.5652173913043478,0.3939393939393939,3.0,0.6414213562373094,1.0,1.0,0.0,0.0
0.9663003663003663,0.9347980155917789,8.54400374531753,0.5390625,1.0,1.0,0.0,0.0
1.0,1.0,0.0,0.0,1.0,1.0,0.0,0.0
0.0,0.0,inf,inf,1.0,1.0,0.0,0.0
0.0,0.0,inf,inf,0.0,0.0,inf,inf
0.0,0.0,inf,inf,1.0,1.0,0.0,0.0
0.0,0.0,inf,inf,1.0,1.0,0.0,0.0
0.9317685589519651,0.8722534491568728,4.0,1.0388653925549698,0.7657841140529531,0.6204620462046204,4.152989390993067,1.7034128148740737
1.0,1.0,0.0,0.0,1.0,1.0,0.0,0.0
1.0,1.0,0.0,0.0,0.0,0.0,inf,inf
1.0,1.0,0.0,0.0,0.0,0.0,inf,inf
0.0,0.0,inf,inf,1.0,1.0,0.0,0.0
1.0,1.0,0.0,0.0,0.6600985221674877,0.49264705882352944,3.605551275463989,1.7552823329098752
1.0,1.0,0.0,0.0,1.0,1.0,0.0,0.0
0.9706293706293706,0.9429347826086957,1.0,0.21311475409836064,1.0,1.0,0.0,0.0
0.9520510483135824,0.9084899095337509,4.0,0.7383776087155343,0.8875739644970414,0.7978723404255319,2.0,0.8917393855807663
0.9095477386934674,0.8341013824884793,1.4142135623730951,0.6666666666666666,1.0,1.0,0.0,0.0
0.0,0.0,inf,inf,0.0,0.0,inf,inf
1.0,1.0,0.0,0.0,0.0,0.0,inf,inf
1.0,1.0,0.0,0.0,1.0,1.0,0.0,0.0
0.9717083786724701,0.944973544973545,1.4142135623730951,0.5063339882682023,1.0,1.0,0.0,0.0
0.0,0.0,inf,inf,1.0,1.0,0.0,0.0
0.9750162232316677,0.9512503956948402,2.23606797749979,0.5230125523012552,1.0,1.0,0.0,0.0
1.0,1.0,0.0,0.0,0.0,0.0,inf,inf
1.0,1.0,0.0,0.0,1.0,1.0,0.0,0.0
0.9424778761061947,0.891213389121339,2.23606797749979,0.7374195707612746,1.0,1.0,0.0,0.0
1.0,1.0,0.0,0.0,1.0,1.0,0.0,0.0
1.0,1.0,0.0,0.0,1.0,1.0,0.0,0.0
1.0,1.0,0.0,0.0,1.0,1.0,0.0,0.0
0.97714949651433,0.9553199545626656,1.0,0.41422588984322123,1.0,1.0,0.0,0.0
0.9684286487461663,0.9387897866386848,2.8284271247461903,0.5165357093313225,1.0,1.0,0.0,0.0
1.0,1.0,0.0,0.0,1.0,1.0,0.0,0.0
0.9543568464730291,0.9126984126984127,1.4142135623730951,0.4939759036144578,1.0,1.0,0.0,0.0
0.8877005347593583,0.7980769230769231,3.0,0.7645898043758753,0.9452354874041621,0.8961578400830738,3.0,0.6812142445566888
1.0,1.0,0.0,0.0,1.0,1.0,0.0,0.0
0.0,0.0,inf,inf,0.0,0.0,inf,inf
0.9279899812147777,0.8656542056074766,6.016227766016833,0.8043810869893979,1.0,1.0,0.0,0.0
1.0,1.0,0.0,0.0,1.0,1.0,0.0,0.0
0.9051724137931034,0.8267716535433071,1.4142135623730951,0.47058823529411764,1.0,1.0,0.0,0.0
1.0,1.0,0.0,0.0,1.0,1.0,0.0,0.0
1.0,1.0,0.0,0.0,1.0,1.0,0.0,0.0
0.9029275808936826,0.8230337078651685,3.1622776601683795,0.9074458483997314,1.0,1.0,0.0,0.0
1.0,1.0,0.0,0.0,1.0,1.0,0.0,0.0
1.0,1.0,0.0,0.0,1.0,1.0,0.0,0.0
0.827906976744186,0.7063492063492064,2.1298373876248835,0.721895141649746,1.0,1.0,0.0,0.0
1.0,1.0,0.0,0.0,1.0,1.0,0.0,0.0
0.9268192968111202,0.8636190476190476,11.153288904374111,0.9403199151350418,0.8866176940274673,0.7963281698221457,5.0,1.5391373183429193
1.0,1.0,0.0,0.0,1.0,1.0,0.0,0.0
1.0,1.0,0.0,0.0,1.0,1.0,0.0,0.0
0.9332355099046221,0.874828060522696,2.0590169943749475,0.8853880048115756,1.0,1.0,0.0,0.0
1.0,1.0,0.0,0.0,1.0,1.0,0.0,0.0
1.0,1.0,0.0,0.0,1.0,1.0,0.0,0.0
0.0,0.0,inf,inf,0.0,0.0,inf,inf
1.0,1.0,0.0,0.0,1.0,1.0,0.0,0.0
1.0,1.0,0.0,0.0,1.0,1.0,0.0,0.0
1.0,1.0,0.0,0.0,1.0,1.0,0.0,0.0
0.0,0.0,inf,inf,1.0,1.0,0.0,0.0
0.9527601809954751,0.9097822329761494,10.0,0.832091579109598,1.0,1.0,0.0,0.0
1.0,1.0,0.0,0.0,1.0,1.0,0.0,0.0
1.0,1.0,0.0,0.0,1.0,1.0,0.0,0.0
0.0,0.0,inf,inf,0.0,0.0,inf,inf
1.0,1.0,0.0,0.0,1.0,1.0,0.0,0.0
0.9457155675190668,0.8970212765957447,7.228354385516113,0.7445029705448794,0.5297297297297298,0.3602941176470588,4.166950344336775,2.664827828064906
0.0,0.0,inf,inf,1.0,1.0,0.0,0.0
0.0,0.0,inf,inf,1.0,1.0,0.0,0.0
1.0,1.0,0.0,0.0,1.0,1.0,0.0,0.0
1.0,1.0,0.0,0.0,1.0,1.0,0.0,0.0
0.0,0.0,inf,inf,1.0,1.0,0.0,0.0
1.0,1.0,0.0,0.0,1.0,1.0,0.0,0.0
0.9124087591240876,0.8389261744966443,3.1541637771599587,0.5549851615542094,0.9661121380160197,0.9344457687723481,2.0,0.6458158111598078
1.0,1.0,0.0,0.0,1.0,1.0,0.0,0.0
0.6451612903225806,0.47619047619047616,18.7092338107395,7.289982890807075,1.0,1.0,0.0,0.0
1.0,1.0,0.0,0.0,1.0,1.0,0.0,0.0
1.0,1.0,0.0,0.0,1.0,1.0,0.0,0.0
1.0,1.0,0.0,0.0,1.0,1.0,0.0,0.0
1.0,1.0,0.0,0.0,1.0,1.0,0.0,0.0
1.0,1.0,0.0,0.0,1.0,1.0,0.0,0.0
1.0,1.0,0.0,0.0,1.0,1.0,0.0,0.0
1.0,1.0,0.0,0.0,0.0,0.0,inf,inf
0.9714285714285714,0.9444444444444444,2.2953038922244096,0.4253463849087022,1.0,1.0,0.0,0.0
1.0,1.0,0.0,0.0,1.0,1.0,0.0,0.0
0.0,0.0,inf,inf,1.0,1.0,0.0,0.0
1.0,1.0,0.0,0.0,1.0,1.0,0.0,0.0
1.0,1.0,0.0,0.0,1.0,1.0,0.0,0.0
1.0,1.0,0.0,0.0,1.0,1.0,0.0,0.0
1.0,1.0,0.0,0.0,1.0,1.0,0.0,0.0
0.9421487603305785,0.890625,2.0,0.7458202657717191,1.0,1.0,0.0,0.0
1.0,1.0,0.0,0.0,0.0,0.0,inf,inf
1.0,1.0,0.0,0.0,1.0,1.0,0.0,0.0
1.0,1.0,0.0,0.0,1.0,1.0,0.0,0.0
0.950420954162769,0.9055258467023173,2.0,0.616163514799292,1.0,1.0,0.0,0.0
0.8870392390011891,0.7970085470085471,3.605551275463989,0.9211808021486102,0.9327972429638139,0.8740581270182992,2.8284271247461903,0.8295453348929888
0.9517990495587237,0.9080310880829016,9.6829071339003,0.4482895726860793,1.0,1.0,0.0,0.0
0.9672047578589634,0.9364922671931556,2.23606797749979,0.7030262592303662,1.0,1.0,0.0,0.0
1.0,1.0,0.0,0.0,1.0,1.0,0.0,0.0
1.0,1.0,0.0,0.0,1.0,1.0,0.0,0.0
0.9563318777292577,0.9163179916317992,1.4142135623730951,0.4296903034988582,0.9154228855721394,0.8440366972477065,1.0,0.4838709677419355
0.9448786507610037,0.8955165692007797,7.042220510185594,0.7451527620202434,1.0,1.0,0.0,0.0
1.0,1.0,0.0,0.0,1.0,1.0,0.0,0.0
0.9597769812823577,0.9226646248085758,2.0708203932499396,0.6565662384062346,1.0,1.0,0.0,0.0
1.0,1.0,0.0,0.0,0.0,0.0,inf,inf
0.0,0.0,inf,inf,0.0,0.0,inf,inf
1.0,1.0,0.0,0.0,1.0,1.0,0.0,0.0
0.0,0.0,inf,inf,1.0,1.0,0.0,0.0
1.0,1.0,0.0,0.0,0.0,0.0,inf,inf
1.0,1.0,0.0,0.0,1.0,1.0,0.0,0.0
0.0,0.0,inf,inf,1.0,1.0,0.0,0.0
0.0,0.0,inf,inf,1.0,1.0,0.0,0.0
1.0,1.0,0.0,0.0,0.8029739776951673,0.6708074534161491,2.0236067977499776,1.1467012654291886
1.0,1.0,0.0,0.0,1.0,1.0,0.0,0.0
0.9695227142035653,0.9408482142857143,1.0,0.5090516194294366,1.0,1.0,0.0,0.0
1.0,1.0,0.0,0.0,1.0,1.0,0.0,0.0
0.0,0.0,inf,inf,1.0,1.0,0.0,0.0
0.9149797570850202,0.8432835820895522,1.0,0.4,1.0,1.0,0.0,0.0
0.9656177156177156,0.9335211267605634,2.0,0.5808085154359824,1.0,1.0,0.0,0.0
1.0,1.0,0.0,0.0,1.0,1.0,0.0,0.0
0.9812332439678284,0.9631578947368421,1.0,0.35,1.0,1.0,0.0,0.0
1.0,1.0,0.0,0.0,1.0,1.0,0.0,0.0
0.9259962049335864,0.8621908127208481,3.295259744757061,0.36,1.0,1.0,0.0,0.0
0.9448951048951049,0.8955461293743372,2.0,0.48299329697212207,1.0,1.0,0.0,0.0
0.9664429530201343,0.935064935064935,1.0,0.5255871112609471,1.0,1.0,0.0,0.0
0.0,0.0,inf,inf,1.0,1.0,0.0,0.0
0.9344608879492601,0.876984126984127,2.0,0.6665002440484883,1.0,1.0,0.0,0.0
1.0,1.0,0.0,0.0,1.0,1.0,0.0,0.0
1.0,1.0,0.0,0.0,1.0,1.0,0.0,0.0
0.0,0.0,inf,inf,0.0,0.0,inf,inf
0.9819694868238558,0.9645776566757494,1.0,0.3333333333333333,1.0,1.0,0.0,0.0
0.9571938168846611,0.9179019384264538,2.8284271247461903,0.6322713547928362,1.0,1.0,0.0,0.0
0.0,0.0,inf,inf,0.8309859154929577,0.7108433734939759,1.4142135623730951,0.8362219129418963
0.9528900768459739,0.9100191448627951,11.365937792590628,0.4458158111598078,0.18181818181818182,0.1,2.5618655084853095,0.0
1.0,1.0,0.0,0.0,1.0,1.0,0.0,0.0
1.0,1.0,0.0,0.0,1.0,1.0,0.0,0.0
1.0,1.0,0.0,0.0,1.0,1.0,0.0,0.0
1.0,1.0,0.0,0.0,1.0,1.0,0.0,0.0
0.9693372898120672,0.9404990403071017,1.4142135623730951,0.5361172370259075,1.0,1.0,0.0,0.0
0.96794208893485,0.9378757515030061,11.704699910719626,0.42370540921796496,0.7333333333333333,0.5789473684210527,2.2242645786247994,0.7894736842105263
1.0,1.0,0.0,0.0,1.0,1.0,0.0,0.0
0.0,0.0,inf,inf,0.0,0.0,inf,inf
0.0,0.0,inf,inf,0.0,0.0,inf,inf
0.0,0.0,inf,inf,0.0,0.0,inf,inf
0.7216494845360825,0.5645161290322581,2.0,0.6928473039599674,0.9698699651125912,0.9415024630541872,2.023606797749971,0.8382800571023634
0.0,0.0,inf,inf,1.0,1.0,0.0,0.0
0.9411764705882353,0.8888888888888888,1.4142135623730951,0.559066859040753,1.0,1.0,0.0,0.0
0.8533333333333334,0.7441860465116279,1.4142135623730951,0.743872397312364,1.0,1.0,0.0,0.0
1.0,1.0,0.0,0.0,1.0,1.0,0.0,0.0
1.0,1.0,0.0,0.0,1.0,1.0,0.0,0.0
0.9795221843003413,0.959866220735786,1.0,0.2716049382716049,1.0,1.0,0.0,0.0
1.0,1.0,0.0,0.0,0.0,0.0,inf,inf
0.0,0.0,inf,inf,1.0,1.0,0.0,0.0
0.952598888525662,0.9094881398252185,8.602325267042627,0.4040417653277943,1.0,1.0,0.0,0.0
0.9737092176116566,0.9487654320987654,11.414761727926344,0.32036630785387227,1.0,1.0,0.0,0.0
0.9540059347181009,0.9120567375886525,1.0,0.5219164342320716,1.0,1.0,0.0,0.0
1.0,1.0,0.0,0.0,1.0,1.0,0.0,0.0
0.0,0.0,inf,inf,1.0,1.0,0.0,0.0
0.0,0.0,inf,inf,1.0,1.0,0.0,0.0
1.0,1.0,0.0,0.0,1.0,1.0,0.0,0.0
1.0,1.0,0.0,0.0,0.0,0.0,inf,inf
0.955205047318612,0.9142512077294686,1.6485281374238439,0.5815217391304348,1.0,1.0,0.0,0.0
0.0,0.0,inf,inf,0.0,0.0,inf,inf
0.9450337512054002,0.8957952468007313,1.1242640687119214,0.5443037974683544,1.0,1.0,0.0,0.0
0.7426900584795322,0.5906976744186047,3.7041634565979917,1.7500397877602356,1.0,1.0,0.0,0.0
0.95703125,0.9176029962546817,11.691861074410918,0.41843971631205673,1.0,1.0,0.0,0.0
0.916037316748112,0.8450819672131148,5.0,1.1129724314950622,1.0,1.0,0.0,0.0
0.0,0.0,inf,inf,1.0,1.0,0.0,0.0
0.938239159001314,0.8836633663366337,2.0,0.6690810018618835,1.0,1.0,0.0,0.0
1.0,1.0,0.0,0.0,1.0,1.0,0.0,0.0
1.0,1.0,0.0,0.0,1.0,1.0,0.0,0.0
0.0,0.0,inf,inf,1.0,1.0,0.0,0.0
1.0,1.0,0.0,0.0,1.0,1.0,0.0,0.0
0.9499545040946314,0.9046793760831889,1.0,0.5023330835299932,0.9475100942126514,0.9002557544757033,1.4142135623730951,0.5764519097967526
0.0,0.0,inf,inf,1.0,1.0,0.0,0.0
1.0,1.0,0.0,0.0,1.0,1.0,0.0,0.0
0.0,0.0,inf,inf,1.0,1.0,0.0,0.0
0.9752832131822863,0.9517587939698492,1.4142135623730951,0.49049429657794674,1.0,1.0,0.0,0.0
0.9389640382711977,0.8849502487562189,2.8284271247461903,0.7990802651602629,0.864321608040201,0.7610619469026548,3.861942946412393,0.8125
1.0,1.0,0.0,0.0,1.0,1.0,0.0,0.0
0.9857781389678992,0.9719551282051282,1.0,0.2454235434560398,1.0,1.0,0.0,0.0
0.9493670886075949,0.9036144578313253,1.2485281374238548,0.32,1.0,1.0,0.0,0.0
0.9114363681468618,0.8372835004557885,4.0,1.297494901299349,0.933401902802777,0.8751205400192864,4.0,1.242154248721159
0.8499409216226861,0.739041095890411,5.0,1.4599581113449118,0.9034175334323923,0.8238482384823849,2.0,0.897133976907458
1.0,1.0,0.0,0.0,0.0,0.0,inf,inf
1.0,1.0,0.0,0.0,1.0,1.0,0.0,0.0
0.0,0.0,inf,inf,0.0,0.0,inf,inf
0.9228346456692913,0.8567251461988304,3.0,0.8415524077040772,1.0,1.0,0.0,0.0
1.0,1.0,0.0,0.0,1.0,1.0,0.0,0.0
0.9595375722543352,0.9222222222222223,1.0,0.3148148148148148,1.0,1.0,0.0,0.0
0.0,0.0,inf,inf,1.0,1.0,0.0,0.0
0.0,0.0,inf,inf,1.0,1.0,0.0,0.0
1.0,1.0,0.0,0.0,1.0,1.0,0.0,0.0
1.0,1.0,0.0,0.0,0.0,0.0,inf,inf
0.958,0.9193857965451055,1.4142135623730951,0.47606304220119977,1.0,1.0,0.0,0.0
1.0,1.0,0.0,0.0,1.0,1.0,0.0,0.0
0.9761904761904762,0.9534883720930233,1.0,0.3720545049330973,1.0,1.0,0.0,0.0
0.0,0.0,inf,inf,1.0,1.0,0.0,0.0
0.0,0.0,inf,inf,0.0,0.0,inf,inf
1.0,1.0,0.0,0.0,0.0,0.0,inf,inf
1.0,1.0,0.0,0.0,1.0,1.0,0.0,0.0
1.0,1.0,0.0,0.0,0.8397435897435898,0.7237569060773481,2.23606797749979,1.074499766773618
0.9317673378076062,0.8722513089005236,3.1622776601683795,1.0516328844811564,1.0,1.0,0.0,0.0
1.0,1.0,0.0,0.0,1.0,1.0,0.0,0.0
0.9007689491028927,0.8194536975349767,6.191569285815559,0.9888603214723293,0.9532079112397491,0.9105990783410138,3.146049894151538,0.7726404798996774
0.9638989169675091,0.9303135888501742,1.0,0.3285700672145867,1.0,1.0,0.0,0.0
1.0,1.0,0.0,0.0,1.0,1.0,0.0,0.0
1.0,1.0,0.0,0.0,0.0,0.0,inf,inf
1.0,1.0,0.0,0.0,1.0,1.0,0.0,0.0
1.0,1.0,0.0,0.0,1.0,1.0,0.0,0.0
0.0,0.0,inf,inf,0.9721208098240955,0.9457539554407491,2.0708203932499263,0.7489987337784817
0.9383802816901409,0.8839137645107794,2.23606797749979,0.5769230769230769,1.0,1.0,0.0,0.0
0.0,0.0,inf,inf,0.0,0.0,inf,inf
1.0,1.0,0.0,0.0,1.0,1.0,0.0,0.0
1.0,1.0,0.0,0.0,0.3170731707317073,0.18840579710144928,4.25463978177501,1.9478708664619073
0.0,0.0,inf,inf,0.0,0.0,inf,inf
1.0,1.0,0.0,0.0,1.0,1.0,0.0,0.0
1.0,1.0,0.0,0.0,1.0,1.0,0.0,0.0
0.9367088607594937,0.8809523809523809,1.0,0.2962962962962963,1.0,1.0,0.0,0.0
0.9421170450911417,0.8905683192261185,3.0,0.6445809147446286,0.9553166069295101,0.914455626715462,2.8284271247461903,0.8898181851811082
1.0,1.0,0.0,0.0,1.0,1.0,0.0,0.0
1.0,1.0,0.0,0.0,1.0,1.0,0.0,0.0
1.0,1.0,0.0,0.0,1.0,1.0,0.0,0.0
1.0,1.0,0.0,0.0,1.0,1.0,0.0,0.0
1.0,1.0,0.0,0.0,0.0,0.0,inf,inf
1.0,1.0,0.0,0.0,1.0,1.0,0.0,0.0
0.9648605758331444,0.9321068769163382,2.0,0.6197681394270407,1.0,1.0,0.0,0.0
0.9564255695642557,0.9164900381517592,2.0,0.6227661518147193,0.7384615384615385,0.5853658536585366,2.83700576850888,0.9714285714285714
0.976271186440678,0.9536423841059603,1.0,0.2891566265060241,1.0,1.0,0.0,0.0
1.0,1.0,0.0,0.0,1.0,1.0,0.0,0.0
0.0,0.0,inf,inf,0.0,0.0,inf,inf
1.0,1.0,0.0,0.0,0.0,0.0,inf,inf
1.0,1.0,0.0,0.0,1.0,1.0,0.0,0.0
0.7956989247311828,0.6607142857142857,2.0,0.859736980107868,1.0,1.0,0.0,0.0
1.0,1.0,0.0,0.0,1.0,1.0,0.0,0.0
1.0,1.0,0.0,0.0,1.0,1.0,0.0,0.0
0.0,0.0,inf,inf,0.0,0.0,inf,inf
0.9722086786933203,0.9459203036053131,1.4142135623730951,0.49823060357215837,1.0,1.0,0.0,0.0
1.0,1.0,0.0,0.0,1.0,1.0,0.0,0.0
1.0,1.0,0.0,0.0,1.0,1.0,0.0,0.0
1.0,1.0,0.0,0.0,1.0,1.0,0.0,0.0
1.0,1.0,0.0,0.0,1.0,1.0,0.0,0.0
0.9462714219546086,0.898021978021978,3.0,0.7238936302860078,0.9266179258055781,0.8632694248234107,3.1622776601683795,1.382531606811504
1.0,1.0,0.0,0.0,0.0,0.0,inf,inf
0.9485570890840652,0.9021479713603818,1.4142135623730951,0.3301776695296637,0.6833333333333333,0.5189873417721519,2.23606797749979,1.3051144202451805
0.9613535858488752,0.9255831173639393,2.141640786499879,0.5660659858378779,1.0,1.0,0.0,0.0
1.0,1.0,0.0,0.0,1.0,1.0,0.0,0.0
1.0,1.0,0.0,0.0,1.0,1.0,0.0,0.0
1.0,1.0,0.0,0.0,1.0,1.0,0.0,0.0
0.0,0.0,inf,inf,0.0,0.0,inf,inf
1.0,1.0,0.0,0.0,1.0,1.0,0.0,0.0
1.0,1.0,0.0,0.0,1.0,1.0,0.0,0.0
1.0,1.0,0.0,0.0,1.0,1.0,0.0,0.0
0.9337606837606838,0.875751503006012,2.0,0.6993923133731321,1.0,1.0,0.0,0.0
1.0,1.0,0.0,0.0,1.0,1.0,0.0,0.0
0.9467649467649467,0.8989113530326595,2.0,0.4875,1.0,1.0,0.0,0.0
0.9604395604395605,0.9238900634249472,2.23606797749979,0.7519800618957888,1.0,1.0,0.0,0.0
0.8753056234718827,0.7782608695652173,2.7988091673838635,0.8536491902749576,1.0,1.0,0.0,0.0
1.0,1.0,0.0,0.0,1.0,1.0,0.0,0.0
0.9611307420494699,0.9251700680272109,8.94427190999916,0.6124031007751938,1.0,1.0,0.0,0.0
0.0,0.0,inf,inf,1.0,1.0,0.0,0.0
1.0,1.0,0.0,0.0,1.0,1.0,0.0,0.0
1.0,1.0,0.0,0.0,1.0,1.0,0.0,0.0
0.9518151815181518,0.9080604534005038,9.0,0.40776650429449557,1.0,1.0,0.0,0.0
0.9311475409836065,0.8711656441717791,3.3839144678161843,0.5387545897264663,1.0,1.0,0.0,0.0
0.9602246139447824,0.9234923492349235,2.8284271247461903,0.4688857744469104,0.2,0.1111111111111111,3.605551275463989,0.6666666666666666
1.0,1.0,0.0,0.0,1.0,1.0,0.0,0.0
0.98005148005148,0.9608832807570978,12.236852196286222,2.2448811537182483,1.0,1.0,0.0,0.0
1.0,1.0,0.0,0.0,1.0,1.0,0.0,0.0
0.0,0.0,inf,inf,1.0,1.0,0.0,0.0
0.9333333333333333,0.875,1.0,0.46,1.0,1.0,0.0,0.0
0.0,0.0,inf,inf,1.0,1.0,0.0,0.0
1.0,1.0,0.0,0.0,0.0,0.0,inf,inf
1.0,1.0,0.0,0.0,1.0,1.0,0.0,0.0
0.0,0.0,inf,inf,0.0,0.0,inf,inf
1.0,1.0,0.0,0.0,1.0,1.0,0.0,0.0
1.0,1.0,0.0,0.0,1.0,1.0,0.0,0.0
0.0,0.0,inf,inf,1.0,1.0,0.0,0.0
0.9606271777003484,0.9242373449547435,2.1770509831248424,0.8552043435651806,1.0,1.0,0.0,0.0
0.0,0.0,inf,inf,1.0,1.0,0.0,0.0
1.0,1.0,0.0,0.0,1.0,1.0,0.0,0.0
1.0,1.0,0.0,0.0,1.0,1.0,0.0,0.0
1.0,1.0,0.0,0.0,1.0,1.0,0.0,0.0
1.0,1.0,0.0,0.0,0.0,0.0,inf,inf
0.0,0.0,inf,inf,1.0,1.0,0.0,0.0
0.9309941520467836,0.8708971553610503,2.23606797749979,0.842528584977509,1.0,1.0,0.0,0.0
1.0,1.0,0.0,0.0,1.0,1.0,0.0,0.0
0.8972746331236897,0.8136882129277566,2.23606797749979,0.8597872422124189,1.0,1.0,0.0,0.0
1.0,1.0,0.0,0.0,1.0,1.0,0.0,0.0
1.0,1.0,0.0,0.0,1.0,1.0,0.0,0.0
1.0,1.0,0.0,0.0,1.0,1.0,0.0,0.0
0.9575129533678757,0.9184890656063618,1.4142135623730951,0.44877447946247273,1.0,1.0,0.0,0.0
0.9491039426523298,0.903137789904502,2.23606797749979,0.6120739709806321,0.9259259259259259,0.8620689655172413,2.0,0.6875
1.0,1.0,0.0,0.0,1.0,1.0,0.0,0.0
0.8679245283018868,0.7666666666666667,1.1449747468305809,0.6933647700847534,1.0,1.0,0.0,0.0
0.0,0.0,inf,inf,0.0,0.0,inf,inf
0.0,0.0,inf,inf,1.0,1.0,0.0,0.0
0.8979963570127505,0.8148760330578513,3.1622776601683795,0.6112967335192663,0.9660964230171073,0.9344163658243081,2.0,0.6564218754469013
1.0,1.0,0.0,0.0,0.0,0.0,inf,inf
1.0,1.0,0.0,0.0,1.0,1.0,0.0,0.0
0.0,0.0,inf,inf,1.0,1.0,0.0,0.0
1.0,1.0,0.0,0.0,1.0,1.0,0.0,0.0
0.0,0.0,inf,inf,1.0,1.0,0.0,0.0
1.0,1.0,0.0,0.0,1.0,1.0,0.0,0.0
0.9094587759231159,0.8339517625231911,5.830951894845301,1.1132652078218375,1.0,1.0,0.0,0.0
0.9276182773958754,0.8650075414781297,2.23606797749979,0.8483711481102297,0.3902439024390244,0.24242424242424243,2.9742640687119284,1.6727127387287448
1.0,1.0,0.0,0.0,1.0,1.0,0.0,0.0
0.0,0.0,inf,inf,1.0,1.0,0.0,0.0
1.0,1.0,0.0,0.0,1.0,1.0,0.0,0.0
0.9338677354709419,0.8759398496240601,4.47213595499958,0.8155330015614308,0.9668843283582089,0.9358916478555305,1.619238815542492,0.6768496446746957
1.0,1.0,0.0,0.0,1.0,1.0,0.0,0.0
0.9345955249569707,0.877221324717286,2.8284271247461903,0.6607151652296239,0.7151515151515152,0.5566037735849056,2.7099552952969086,1.357320324567998
1.0,1.0,0.0,0.0,1.0,1.0,0.0,0.0
0.9616008653326122,0.9260416666666667,2.8370057685088828,0.7271191575711976,1.0,1.0,0.0,0.0
0.9398058252427185,0.8864468864468864,2.0,0.7614092341942104,1.0,1.0,0.0,0.0
0.9734151329243353,0.9482071713147411,1.0,0.24489795918367346,1.0,1.0,0.0,0.0
0.0,0.0,inf,inf,1.0,1.0,0.0,0.0
0.9389671361502347,0.8849557522123894,3.0,0.8135593220338984,0.43243243243243246,0.27586206896551724,4.123105625617661,1.297383238940678
0.9330104923325262,0.8744326777609682,2.23606797749979,0.8203763763910329,1.0,1.0,0.0,0.0
1.0,1.0,0.0,0.0,1.0,1.0,0.0,0.0
1.0,1.0,0.0,0.0,1.0,1.0,0.0,0.0
0.0,0.0,inf,inf,0.0,0.0,inf,inf
1.0,1.0,0.0,0.0,1.0,1.0,0.0,0.0
0.0,0.0,inf,inf,1.0,1.0,0.0,0.0
0.9201520912547528,0.852112676056338,2.0,0.6898350162162891,1.0,1.0,0.0,0.0
0.8418604651162791,0.7269076305220884,2.23606797749979,1.0069035593728848,1.0,1.0,0.0,0.0
1.0,1.0,0.0,0.0,0.0,0.0,inf,inf
0.9656328583403185,0.93354943273906,1.0,0.47126436781609193,1.0,1.0,0.0,0.0
1.0,1.0,0.0,0.0,1.0,1.0,0.0,0.0
0.0,0.0,15.660421465415697,11.296719956682875,1.0,1.0,0.0,0.0
1.0,1.0,0.0,0.0,1.0,1.0,0.0,0.0
0.0,0.0,inf,inf,1.0,1.0,0.0,0.0
1.0,1.0,0.0,0.0,1.0,1.0,0.0,0.0
1.0,1.0,0.0,0.0,1.0,1.0,0.0,0.0
0.0,0.0,inf,inf,1.0,1.0,0.0,0.0
1.0,1.0,0.0,0.0,1.0,1.0,0.0,0.0
0.9197207678883071,0.851373182552504,2.0,0.6951108832203446,0.8877805486284289,0.7982062780269058,2.0,0.8454983092824385
1.0,1.0,0.0,0.0,0.0,0.0,inf,inf
1.0,1.0,0.0,0.0,0.0,0.0,inf,inf
0.9597166888003541,0.9225531914893617,2.0,0.6659045435892378,1.0,1.0,0.0,0.0
1.0,1.0,0.0,0.0,1.0,1.0,0.0,0.0
1.0,1.0,0.0,0.0,1.0,1.0,0.0,0.0
0.9276393831553974,0.8650442477876106,4.123105625617661,0.7825209399914327,0.0,0.0,inf,inf
1.0,1.0,0.0,0.0,1.0,1.0,0.0,0.0
1.0,1.0,0.0,0.0,0.0,0.0,inf,inf
0.9723404255319149,0.9461697722567288,4.212756921743878,0.34355828220858897,0.8489208633093526,0.7375,1.4142135623730951,0.7343861898054145
1.0,1.0,0.0,0.0,1.0,1.0,0.0,0.0
0.8539741219963032,0.7451612903225806,2.23606797749979,1.0630364830460775,0.9804414640961162,0.9616333241984105,2.0,0.5998285239945602
0.0,0.0,inf,inf,1.0,1.0,0.0,0.0
0.9735049205147616,0.948377581120944,1.0,0.35051546391752575,1.0,1.0,0.0,0.0
0.9449152542372882,0.8955823293172691,1.0,0.37254901960784315,1.0,1.0,0.0,0.0
0.9870354364736387,0.9744027303754266,1.0,0.24390243902439024,1.0,1.0,0.0,0.0
0.0,0.0,inf,inf,1.0,1.0,0.0,0.0
0.962925342813611,0.9285014691478942,1.4142135623730951,0.39417415913168685,0.874251497005988,0.776595744680851,1.4142135623730951,0.5653009687409354
1.0,1.0,0.0,0.0,1.0,1.0,0.0,0.0
1.0,1.0,0.0,0.0,0.0,0.0,inf,inf
1.0,1.0,0.0,0.0,1.0,1.0,0.0,0.0
0.9674843126069596,0.9370165745856354,1.0,0.36231884057971014,1.0,1.0,0.0,0.0
1.0,1.0,0.0,0.0,1.0,1.0,0.0,0.0
1.0,1.0,0.0,0.0,1.0,1.0,0.0,0.0
1.0,1.0,0.0,0.0,1.0,1.0,0.0,0.0
0.9692573402417962,0.9403485254691689,1.4142135623730951,0.44934135390870733,1.0,1.0,0.0,0.0
0.9701492537313433,0.9420289855072463,1.4142135623730951,0.5092082371424165,1.0,1.0,0.0,0.0
0.9381443298969072,0.883495145631068,1.0,0.31746031746031744,0.896551724137931,0.8125,1.0,0.6052631578947368
1.0,1.0,0.0,0.0,1.0,1.0,0.0,0.0
1.0,1.0,0.0,0.0,1.0,1.0,0.0,0.0
0.0,0.0,inf,inf,1.0,1.0,0.0,0.0
0.9548387096774194,0.9135802469135802,1.4142135623730951,0.5723641567602147,1.0,1.0,0.0,0.0
0.9605985037406484,0.9241842610364683,2.0,0.4267343574187905,1.0,1.0,0.0,0.0
1.0,1.0,0.0,0.0,1.0,1.0,0.0,0.0
1.0,1.0,0.0,0.0,1.0,1.0,0.0,0.0
1.0,1.0,0.0,0.0,1.0,1.0,0.0,0.0
1.0,1.0,0.0,0.0,1.0,1.0,0.0,0.0
1.0,1.0,0.0,0.0,0.0,0.0,inf,inf
0.0,0.0,inf,inf,1.0,1.0,0.0,0.0
1.0,1.0,0.0,0.0,0.0,0.0,inf,inf
1.0,1.0,0.0,0.0,1.0,1.0,0.0,0.0
1.0,1.0,0.0,0.0,1.0,1.0,0.0,0.0
1.0,1.0,0.0,0.0,1.0,1.0,0.0,0.0
0.0,0.0,inf,inf,1.0,1.0,0.0,0.0
1.0,1.0,0.0,0.0,1.0,1.0,0.0,0.0
1.0,1.0,0.0,0.0,1.0,1.0,0.0,0.0
1.0,1.0,0.0,0.0,1.0,1.0,0.0,0.0
0.0,0.0,inf,inf,1.0,1.0,0.0,0.0
0.9483960948396095,0.9018567639257294,1.0,0.38271604938271603,1.0,1.0,0.0,0.0
1.0,1.0,0.0,0.0,1.0,1.0,0.0,0.0
0.788235294117647,0.6504854368932039,3.1622776601683795,0.9402618415833272,0.9571428571428572,0.9178082191780822,2.0,0.6696902266307699
0.0,0.0,inf,inf,0.0,0.0,inf,inf
1.0,1.0,0.0,0.0,1.0,1.0,0.0,0.0
1.0,1.0,0.0,0.0,1.0,1.0,0.0,0.0
1.0,1.0,0.0,0.0,1.0,1.0,0.0,0.0
1.0,1.0,0.0,0.0,1.0,1.0,0.0,0.0
0.9265283230510376,0.8631138975966562,4.0,1.1971622624223046,1.0,1.0,0.0,0.0
0.0,0.0,inf,inf,1.0,1.0,0.0,0.0
0.0,0.0,inf,inf,0.0,0.0,inf,inf
1.0,1.0,0.0,0.0,1.0,1.0,0.0,0.0
0.9396662387676509,0.8861985472154964,2.0,0.602993791549877,1.0,1.0,0.0,0.0
1.0,1.0,0.0,0.0,1.0,1.0,0.0,0.0
0.0,0.0,inf,inf,1.0,1.0,0.0,0.0
1.0,1.0,0.0,0.0,1.0,1.0,0.0,0.0
0.0,0.0,inf,inf,1.0,1.0,0.0,0.0
0.0,0.0,inf,inf,0.0,0.0,inf,inf
1.0,1.0,0.0,0.0,1.0,1.0,0.0,0.0
0.0,0.0,inf,inf,1.0,1.0,0.0,0.0
0.0,0.0,inf,inf,0.9490373725934315,0.9030172413793104,2.0,0.7127538136138052
0.0,0.0,inf,inf,1.0,1.0,0.0,0.0
0.9297725024727992,0.8687615526802218,2.0,0.5840634363445965,1.0,1.0,0.0,0.0
0.9795081967213115,0.9598393574297188,1.0,0.2903225806451613,1.0,1.0,0.0,0.0
0.0,0.0,inf,inf,0.0,0.0,inf,inf
1.0,1.0,0.0,0.0,1.0,1.0,0.0,0.0
0.9503802969938429,0.9054520358868184,9.48419038808271,0.36930735927173736,1.0,1.0,0.0,0.0
1.0,1.0,0.0,0.0,1.0,1.0,0.0,0.0
0.8818342151675485,0.7886435331230284,3.181665382639195,1.0349886023532333,1.0,1.0,0.0,0.0
0.9375,0.8823529411764706,1.0,0.29310344827586204,1.0,1.0,0.0,0.0
1.0,1.0,0.0,0.0,1.0,1.0,0.0,0.0
0.9320388349514563,0.8727272727272727,1.0,0.30434782608695654,1.0,1.0,0.0,0.0
1.0,1.0,0.0,0.0,0.4484848484848485,0.2890625,7.0,3.436613238961948
0.0,0.0,inf,inf,1.0,1.0,0.0,0.0
0.9363507779349364,0.8803191489361702,3.0,0.8402632946616526,1.0,1.0,0.0,0.0
0.9618069815195072,0.9264240506329114,9.848857801796104,0.6209677419354839,1.0,1.0,0.0,0.0
1.0,1.0,0.0,0.0,1.0,1.0,0.0,0.0
1.0,1.0,0.0,0.0,1.0,1.0,0.0,0.0
0.9764982373678026,0.9540757749712974,3.273096063992282,0.32660375901352595,1.0,1.0,0.0,0.0
1.0,1.0,0.0,0.0,1.0,1.0,0.0,0.0
1.0,1.0,0.0,0.0,1.0,1.0,0.0,0.0
0.0,0.0,inf,inf,1.0,1.0,0.0,0.0
1.0,1.0,0.0,0.0,1.0,1.0,0.0,0.0
1.0,1.0,0.0,0.0,1.0,1.0,0.0,0.0
1.0,1.0,0.0,0.0,1.0,1.0,0.0,0.0
0.821917808219178,0.6976744186046512,1.0,0.5263157894736842,1.0,1.0,0.0,0.0
1.0,1.0,0.0,0.0,1.0,1.0,0.0,0.0
1.0,1.0,0.0,0.0,1.0,1.0,0.0,0.0
0.9799301919720768,0.960650128314799,1.0,0.3664974651537442,1.0,1.0,0.0,0.0
0.9423076923076923,0.8909090909090909,1.0,0.4915254237288136,1.0,1.0,0.0,0.0
0.9214908802537668,0.8544117647058823,3.605551275463989,0.6407403627932561,1.0,1.0,0.0,0.0
0.9637178964533225,0.9299763965381589,2.9227922061357825,0.6133605803752326,1.0,1.0,0.0,0.0
1.0,1.0,0.0,0.0,1.0,1.0,0.0,0.0
1.0,1.0,0.0,0.0,0.0,0.0,inf,inf
0.0,0.0,inf,inf,1.0,1.0,0.0,0.0
0.0,0.0,inf,inf,0.0,0.0,inf,inf
1.0,1.0,0.0,0.0,1.0,1.0,0.0,0.0
0.9844961240310077,0.9694656488549618,1.0,0.2967741935483871,1.0,1.0,0.0,0.0
0.9734939759036144,0.9483568075117371,2.23606797749979,0.4477418202519469,1.0,1.0,0.0,0.0
1.0,1.0,0.0,0.0,1.0,1.0,0.0,0.0
0.9060816012317167,0.8282899366643209,7.1340834444436005,0.9307689047260437,0.960860751598316,0.9246698679471789,3.0,0.699011296400149
1.0,1.0,0.0,0.0,1.0,1.0,0.0,0.0
0.9819819819819819,0.9646017699115044,1.0,0.3501146255030088,1.0,1.0,0.0,0.0
0.47058823529411764,0.3076923076923077,1.4142135623730951,0.7285533905932737,1.0,1.0,0.0,0.0
0.8737864077669902,0.7758620689655172,2.0,0.7107842270356366,0.08771929824561403,0.045871559633027525,18.75093084053065,1.3171090380671127
0.9619883040935673,0.9267605633802817,1.4142135623730951,0.41562049059804584,1.0,1.0,0.0,0.0
1.0,1.0,0.0,0.0,0.0,0.0,inf,inf
1.0,1.0,0.0,0.0,0.0,0.0,inf,inf
0.0,0.0,inf,inf,1.0,1.0,0.0,0.0
0.9256465517241379,0.8615847542627884,8.018677324489563,0.8267741686904087,0.9036777583187391,0.8242811501597445,2.23606797749979,1.1728567357918016
1.0,1.0,0.0,0.0,1.0,1.0,0.0,0.0
0.9664082687338501,0.935,1.0,0.5268817204301075,1.0,1.0,0.0,0.0
1.0,1.0,0.0,0.0,1.0,1.0,0.0,0.0
1.0,1.0,0.0,0.0,1.0,1.0,0.0,0.0
1.0,1.0,0.0,0.0,1.0,1.0,0.0,0.0
1.0,1.0,0.0,0.0,1.0,1.0,0.0,0.0
1.0,1.0,0.0,0.0,1.0,1.0,0.0,0.0
1.0,1.0,0.0,0.0,1.0,1.0,0.0,0.0
1.0,1.0,0.0,0.0,1.0,1.0,0.0,0.0
0.9762783342119136,0.9536560247167868,1.0,0.4230769230769231,1.0,1.0,0.0,0.0
0.0,0.0,inf,inf,0.0,0.0,inf,inf
0.9617346938775511,0.9262899262899262,2.8284271247461903,0.5002877457069487,1.0,1.0,0.0,0.0
0.0,0.0,inf,inf,1.0,1.0,0.0,0.0
0.0,0.0,inf,inf,0.0,0.0,inf,inf
1.0,1.0,0.0,0.0,1.0,1.0,0.0,0.0
0.0,0.0,inf,inf,1.0,1.0,0.0,0.0
0.0,0.0,inf,inf,0.9528158295281582,0.9098837209302325,2.0,0.6329237051634888
0.0,0.0,inf,inf,0.0,0.0,inf,inf
0.9403669724770642,0.8874458874458875,1.0,0.3673469387755102,1.0,1.0,0.0,0.0
1.0,1.0,0.0,0.0,1.0,1.0,0.0,0.0
1.0,1.0,0.0,0.0,1.0,1.0,0.0,0.0
1.0,1.0,0.0,0.0,1.0,1.0,0.0,0.0
1.0,1.0,0.0,0.0,1.0,1.0,0.0,0.0
1.0,1.0,0.0,0.0,1.0,1.0,0.0,0.0
1.0,1.0,0.0,0.0,1.0,1.0,0.0,0.0
1.0,1.0,0.0,0.0,1.0,1.0,0.0,0.0
0.882414151925078,0.7895716945996276,2.591483465847627,0.8462998203940874,1.0,1.0,0.0,0.0
0.9407300325262017,0.8880928010917776,5.0,0.8246725920688522,0.9248554913294798,0.8602150537634409,2.0,0.7930630340831647
1.0,1.0,0.0,0.0,1.0,1.0,0.0,0.0
0.9443765281173594,0.8946149392009265,2.0,0.621486434693675,0.9230769230769231,0.8571428571428571,2.23606797749979,0.6543658025221353
1.0,1.0,0.0,0.0,1.0,1.0,0.0,0.0
1.0,1.0,0.0,0.0,1.0,1.0,0.0,0.0
1.0,1.0,0.0,0.0,1.0,1.0,0.0,0.0
1.0,1.0,0.0,0.0,1.0,1.0,0.0,0.0
1.0,1.0,0.0,0.0,1.0,1.0,0.0,0.0
1.0,1.0,0.0,0.0,1.0,1.0,0.0,0.0
1.0,1.0,0.0,0.0,0.0,0.0,inf,inf
0.912621359223301,0.8392857142857143,1.0,0.48484848484848486,1.0,1.0,0.0,0.0
0.0,0.0,inf,inf,1.0,1.0,0.0,0.0
1.0,1.0,0.0,0.0,1.0,1.0,0.0,0.0
0.9444444444444444,0.8947368421052632,1.0,0.27586206896551724,1.0,1.0,0.0,0.0
1.0,1.0,0.0,0.0,1.0,1.0,0.0,0.0
0.9462089223425739,0.8979094076655052,4.0,0.8504001638273646,0.943778801843318,0.893542757417103,1.8535533905932737,0.6736907400868206
0.9809630459126539,0.9626373626373627,1.0,0.25217391304347825,1.0,1.0,0.0,0.0
1.0,1.0,0.0,0.0,1.0,1.0,0.0,0.0
0.9476248477466505,0.9004629629629629,2.23606797749979,0.6354166666666666,1.0,1.0,0.0,0.0
1.0,1.0,0.0,0.0,1.0,1.0,0.0,0.0
1.0,1.0,0.0,0.0,0.9017632241813602,0.8211009174311926,3.0,1.1047245104836094
0.7591240875912408,0.611764705882353,4.192911691494046,1.7292939557218798,1.0,1.0,0.0,0.0
1.0,1.0,0.0,0.0,1.0,1.0,0.0,0.0
1.0,1.0,0.0,0.0,1.0,1.0,0.0,0.0
1.0,1.0,0.0,0.0,1.0,1.0,0.0,0.0
1.0,1.0,0.0,0.0,1.0,1.0,0.0,0.0
0.9213893967093236,0.8542372881355932,3.206605021697938,0.29515616207412027,1.0,1.0,0.0,0.0
1.0,1.0,0.0,0.0,1.0,1.0,0.0,0.0
0.0,0.0,inf,inf,1.0,1.0,0.0,0.0
1.0,1.0,0.0,0.0,1.0,1.0,0.0,0.0
0.8896473265073948,0.8012295081967213,4.123105625617661,1.2436485515395128,0.32432432432432434,0.1935483870967742,3.4947328716400867,1.644969343810897
1.0,1.0,0.0,0.0,1.0,1.0,0.0,0.0
1.0,1.0,0.0,0.0,1.0,1.0,0.0,0.0
0.9570051890289103,0.9175550817341862,8.05914486088362,0.3795282968726786,1.0,1.0,0.0,0.0
0.9498956158663883,0.904572564612326,5.0,0.48404994558051084,1.0,1.0,0.0,0.0
0.9454545454545454,0.896551724137931,1.0,0.48828427124746193,1.0,1.0,0.0,0.0
0.0,0.0,inf,inf,1.0,1.0,0.0,0.0
0.9398496240601504,0.8865248226950354,1.0,0.38461538461538464,1.0,1.0,0.0,0.0
0.9354838709677419,0.8787878787878788,2.0,0.9422063977531938,0.7441860465116279,0.5925925925925926,2.0,0.9948340689714853
1.0,1.0,0.0,0.0,1.0,1.0,0.0,0.0
0.0,0.0,inf,inf,1.0,1.0,0.0,0.0
1.0,1.0,0.0,0.0,1.0,1.0,0.0,0.0
0.9565217391304348,0.9166666666666666,1.0,0.5510532492510383,1.0,1.0,0.0,0.0
1.0,1.0,0.0,0.0,1.0,1.0,0.0,0.0
1.0,1.0,0.0,0.0,1.0,1.0,0.0,0.0
1.0,1.0,0.0,0.0,1.0,1.0,0.0,0.0
0.9690402476780186,0.93993993993994,2.188854381999828,0.46739545059832477,1.0,1.0,0.0,0.0
0.8924418604651163,0.8057742782152231,11.785658447671926,2.199127353561902,0.6666666666666666,0.5,3.0,1.2852464563461052
1.0,1.0,0.0,0.0,1.0,1.0,0.0,0.0
1.0,1.0,0.0,0.0,1.0,1.0,0.0,0.0
0.0,0.0,inf,inf,0.0,0.0,inf,inf
1.0,1.0,0.0,0.0,0.0,0.0,inf,inf
0.0,0.0,inf,inf,0.0,0.0,inf,inf
0.9591194968553459,0.9214501510574018,2.0,0.6924019102152325,1.0,1.0,0.0,0.0
0.71875,0.5609756097560976,3.1622776601683795,1.096984800001423,1.0,1.0,0.0,0.0
0.0,0.0,inf,inf,1.0,1.0,0.0,0.0
0.9491059147180193,0.9031413612565445,9.211336491335112,0.5528410060470225,1.0,1.0,0.0,0.0
1.0,1.0,0.0,0.0,1.0,1.0,0.0,0.0
1.0,1.0,0.0,0.0,0.0,0.0,inf,inf
1.0,1.0,0.0,0.0,1.0,1.0,0.0,0.0
1.0,1.0,0.0,0.0,1.0,1.0,0.0,0.0
1.0,1.0,0.0,0.0,1.0,1.0,0.0,0.0
0.0,0.0,inf,inf,1.0,1.0,0.0,0.0
0.0,0.0,inf,inf,0.0,0.0,inf,inf
0.96875,0.9393939393939394,1.4142135623730951,0.5311792373761469,1.0,1.0,0.0,0.0
1.0,1.0,0.0,0.0,1.0,1.0,0.0,0.0
1.0,1.0,0.0,0.0,1.0,1.0,0.0,0.0
1.0,1.0,0.0,0.0,1.0,1.0,0.0,0.0
0.9713918354226937,0.944375,10.075825598299248,0.381294964028777,1.0,1.0,0.0,0.0
0.9840637450199203,0.9686274509803922,2.199999999999932,0.24107142857142858,1.0,1.0,0.0,0.0
0.9675955930006481,0.9372253609541745,10.839524545471491,0.44525547445255476,1.0,1.0,0.0,0.0
0.0,0.0,inf,inf,1.0,1.0,0.0,0.0
1.0,1.0,0.0,0.0,1.0,1.0,0.0,0.0
0.0,0.0,inf,inf,0.0,0.0,inf,inf
1.0,1.0,0.0,0.0,1.0,1.0,0.0,0.0
0.0,0.0,inf,inf,1.0,1.0,0.0,0.0
1.0,1.0,0.0,0.0,1.0,1.0,0.0,0.0
1.0,1.0,0.0,0.0,1.0,1.0,0.0,0.0
1.0,1.0,0.0,0.0,0.0,0.0,inf,inf
0.9658965896589659,0.9340425531914893,1.0,0.498468099328091,1.0,1.0,0.0,0.0
1.0,1.0,0.0,0.0,0.0,0.0,inf,inf
0.0,0.0,inf,inf,1.0,1.0,0.0,0.0
1.0,1.0,0.0,0.0,1.0,1.0,0.0,0.0
1.0,1.0,0.0,0.0,0.0,0.0,inf,inf
1.0,1.0,0.0,0.0,1.0,1.0,0.0,0.0
0.8766233766233766,0.7803468208092486,21.461348253828326,0.646555478235474,0.9405346426623022,0.8877445932028837,2.23606797749979,0.6637931034482759
0.9753566796368353,0.9518987341772152,1.0,0.4732142857142857,1.0,1.0,0.0,0.0
0.9365853658536586,0.8807339449541285,2.0,0.6264218569251051,0.9451219512195121,0.8959537572254336,1.4142135623730951,0.5011119845214824
0.9171974522292994,0.8470588235294118,1.1035533905932737,0.42823752470635107,1.0,1.0,0.0,0.0
0.9237339841366687,0.8582766439909297,6.391338899868432,0.9999418537430987,1.0,1.0,0.0,0.0
0.0,0.0,inf,inf,0.0,0.0,inf,inf
0.0,0.0,inf,inf,1.0,1.0,0.0,0.0
1.0,1.0,0.0,0.0,1.0,1.0,0.0,0.0
0.9467815509376584,0.8989412897016362,2.0,0.6551724137931034,1.0,1.0,0.0,0.0
0.0,0.0,inf,inf,0.0,0.0,inf,inf
0.9171752397558849,0.8470209339774557,6.708203932499369,1.0772767700700523,1.0,1.0,0.0,0.0
1.0,1.0,0.0,0.0,1.0,1.0,0.0,0.0
0.9728997289972899,0.9472295514511874,1.0,0.41721854304635764,1.0,1.0,0.0,0.0
1.0,1.0,0.0,0.0,1.0,1.0,0.0,0.0
1.0,1.0,0.0,0.0,1.0,1.0,0.0,0.0
1.0,1.0,0.0,0.0,0.0,0.0,inf,inf
1.0,1.0,0.0,0.0,1.0,1.0,0.0,0.0
0.8389513108614233,0.7225806451612903,1.4142135623730951,0.4742834942268645,0.9308600337268128,0.8706624605678234,2.0,0.6375362745862905
1.0,1.0,0.0,0.0,1.0,1.0,0.0,0.0
0.9857997010463379,0.971997052321297,1.0,0.34951456310679613,1.0,1.0,0.0,0.0
1.0,1.0,0.0,0.0,1.0,1.0,0.0,0.0
0.0,0.0,inf,inf,0.0,0.0,inf,inf
0.9136490250696379,0.841025641025641,3.2287687024627236,1.2793790295073462,1.0,1.0,0.0,0.0
0.9738903394255874,0.9491094147582697,1.0,0.4148936170212766,1.0,1.0,0.0,0.0
0.0,0.0,inf,inf,1.0,1.0,0.0,0.0
0.0,0.0,inf,inf,0.0,0.0,inf,inf
0.936805682025132,0.881123672490579,4.73606797749979,0.9044452942807004,0.9151047409040793,0.8434959349593496,2.0,0.8843076683659766
1.0,1.0,0.0,0.0,1.0,1.0,0.0,0.0
0.0,0.0,inf,inf,1.0,1.0,0.0,0.0
0.9555984555984556,0.9149722735674677,1.0,0.36538461538461536,1.0,1.0,0.0,0.0
0.9079903147699758,0.8314855875831486,12.0,1.4257151579420464,0.8603896103896104,0.7549857549857549,5.0,1.2741762149310025
1.0,1.0,0.0,0.0,1.0,1.0,0.0,0.0
0.9071428571428571,0.8300653594771242,1.8535533905932737,0.31457578698720606,1.0,1.0,0.0,0.0
1.0,1.0,0.0,0.0,1.0,1.0,0.0,0.0
0.0,0.0,inf,inf,1.0,1.0,0.0,0.0
1.0,1.0,0.0,0.0,0.0,0.0,inf,inf
0.0,0.0,inf,inf,1.0,1.0,0.0,0.0
1.0,1.0,0.0,0.0,1.0,1.0,0.0,0.0
0.957471264367816,0.918412348401323,2.0,0.53347268198405,1.0,1.0,0.0,0.0
1.0,1.0,0.0,0.0,1.0,1.0,0.0,0.0
1.0,1.0,0.0,0.0,1.0,1.0,0.0,0.0
0.972244250594766,0.9459876543209876,1.0,0.39285714285714285,1.0,1.0,0.0,0.0
0.9374529012810852,0.8822695035460993,2.0,0.8711722682177709,1.0,1.0,0.0,0.0
1.0,1.0,0.0,0.0,1.0,1.0,0.0,0.0
0.0,0.0,inf,inf,1.0,1.0,0.0,0.0
0.0,0.0,inf,inf,0.0,0.0,inf,inf
1.0,1.0,0.0,0.0,1.0,1.0,0.0,0.0
1.0,1.0,0.0,0.0,1.0,1.0,0.0,0.0
1.0,1.0,0.0,0.0,1.0,1.0,0.0,0.0
0.9454841334418226,0.8966049382716049,1.4142135623730951,0.4095680524752178,0.9367088607594937,0.8809523809523809,2.0,0.6575342465753424
1.0,1.0,0.0,0.0,1.0,1.0,0.0,0.0
0.0,0.0,inf,inf,1.0,1.0,0.0,0.0
0.9652892561983472,0.9329073482428115,1.4142135623730951,0.4231810586589411,1.0,1.0,0.0,0.0
1.0,1.0,0.0,0.0,0.0,0.0,inf,inf
1.0,1.0,0.0,0.0,1.0,1.0,0.0,0.0
1.0,1.0,0.0,0.0,0.0,0.0,inf,inf
1.0,1.0,0.0,0.0,0.0,0.0,inf,inf
0.9223946784922394,0.8559670781893004,1.4142135623730951,0.6336294492161062,1.0,1.0,0.0,0.0
0.0,0.0,inf,inf,1.0,1.0,0.0,0.0
1.0,1.0,0.0,0.0,1.0,1.0,0.0,0.0
0.8922413793103449,0.8054474708171206,1.0,0.5601490078242447,0.9594642227705322,0.9220867208672087,2.0,0.712908449534217
0.9640768588137009,0.9306451612903226,1.4142135623730951,0.5906664571541879,1.0,1.0,0.0,0.0
0.9287356321839081,0.8669527896995708,2.0,0.7765862816238283,0.9137645107794361,0.8412213740458016,3.0,0.7453806660009229
0.979296066252588,0.9594320486815415,1.0,0.3318283081118087,1.0,1.0,0.0,0.0
0.9847686832740213,0.9699943914750421,1.4142135623730951,0.3486294431117269,1.0,1.0,0.0,0.0
0.9195402298850575,0.851063829787234,2.0,0.7752881757248431,0.9833421470121628,0.9672301690507152,1.0,0.5256731235569838
0.0,0.0,inf,inf,0.0,0.0,inf,inf
1.0,1.0,0.0,0.0,1.0,1.0,0.0,0.0
0.0,0.0,inf,inf,1.0,1.0,0.0,0.0
1.0,1.0,0.0,0.0,1.0,1.0,0.0,0.0
0.8779527559055118,0.7824561403508772,1.4142135623730951,0.7590988159229191,1.0,1.0,0.0,0.0
1.0,1.0,0.0,0.0,1.0,1.0,0.0,0.0
0.0,0.0,inf,inf,1.0,1.0,0.0,0.0
0.9095109742010011,0.8340395480225988,7.713011390885281,0.9051538170638035,0.9603211363285472,0.9236709236709236,3.605551275463989,0.7295250204322845
1.0,1.0,0.0,0.0,1.0,1.0,0.0,0.0
1.0,1.0,0.0,0.0,1.0,1.0,0.0,0.0
0.946969696969697,0.8992805755395683,1.0,0.3888888888888889,1.0,1.0,0.0,0.0
1.0,1.0,0.0,0.0,1.0,1.0,0.0,0.0
0.9627791563275434,0.9282296650717703,1.1242640687119214,0.5098039215686274,1.0,1.0,0.0,0.0
1.0,1.0,0.0,0.0,0.0,0.0,inf,inf
1.0,1.0,0.0,0.0,1.0,1.0,0.0,0.0
1.0,1.0,0.0,0.0,1.0,1.0,0.0,0.0
0.9200779727095516,0.851985559566787,2.23606797749979,0.9606999935424793,1.0,1.0,0.0,0.0
1.0,1.0,0.0,0.0,1.0,1.0,0.0,0.0
1.0,1.0,0.0,0.0,1.0,1.0,0.0,0.0
1.0,1.0,0.0,0.0,1.0,1.0,0.0,0.0
1.0,1.0,0.0,0.0,1.0,1.0,0.0,0.0
0.8853046594982079,0.7942122186495176,2.0,0.6515151515151515,0.9196675900277008,0.8512820512820513,2.0,0.7213114754098361
0.0,0.0,inf,inf,1.0,1.0,0.0,0.0
0.9737226277372263,0.9487908961593172,1.0,0.43184211945034157,1.0,1.0,0.0,0.0
0.9109518935516888,0.8364661654135338,2.871320343559643,1.0444197354399902,1.0,1.0,0.0,0.0
1.0,1.0,0.0,0.0,1.0,1.0,0.0,0.0
1.0,1.0,0.0,0.0,1.0,1.0,0.0,0.0
1.0,1.0,0.0,0.0,1.0,1.0,0.0,0.0
0.9671179883945842,0.9363295880149812,1.0,0.4559058996382028,1.0,1.0,0.0,0.0
1.0,1.0,0.0,0.0,1.0,1.0,0.0,0.0
1.0,1.0,0.0,0.0,1.0,1.0,0.0,0.0
1.0,1.0,0.0,0.0,0.0,0.0,inf,inf
0.0,0.0,inf,inf,0.0,0.0,inf,inf
1.0,1.0,0.0,0.0,0.0,0.0,inf,inf
0.0,0.0,inf,inf,1.0,1.0,0.0,0.0
0.9799196787148594,0.9606299212598425,11.0,0.32116788321167883,1.0,1.0,0.0,0.0
0.8847184986595175,0.7932692307692307,2.8284271247461903,0.9105983461964979,1.0,1.0,0.0,0.0
1.0,1.0,0.0,0.0,1.0,1.0,0.0,0.0
1.0,1.0,0.0,0.0,1.0,1.0,0.0,0.0
0.9704243463351907,0.9425478767693589,1.0828427124746143,0.5511000740565734,1.0,1.0,0.0,0.0
1.0,1.0,0.0,0.0,1.0,1.0,0.0,0.0
1.0,1.0,0.0,0.0,1.0,1.0,0.0,0.0
0.0,0.0,inf,inf,1.0,1.0,0.0,0.0
1.0,1.0,0.0,0.0,1.0,1.0,0.0,0.0
0.0,0.0,inf,inf,0.0,0.0,inf,inf
0.9841269841269841,0.96875,1.0,0.288874103992781,1.0,1.0,0.0,0.0
0.9469777306468717,0.8992950654582075,2.0,0.6300527925994628,0.8964613368283093,0.8123515439429929,2.23606797749979,0.8924793042729761
1.0,1.0,0.0,0.0,1.0,1.0,0.0,0.0
0.966773418734988,0.9356838434715227,1.4142135623730951,0.5287423865441461,0.0,0.0,inf,inf
0.9231782265144864,0.8573175703220546,4.123105625617661,1.3373061407757696,1.0,1.0,0.0,0.0
1.0,1.0,0.0,0.0,1.0,1.0,0.0,0.0
1.0,1.0,0.0,0.0,1.0,1.0,0.0,0.0
1.0,1.0,0.0,0.0,1.0,1.0,0.0,0.0
0.9581576386636393,0.9196762141967622,11.704699910719626,0.3971631205673759,1.0,1.0,0.0,0.0
0.9651113913408995,0.9325751421608448,1.1035533905932737,0.6593558739158497,1.0,1.0,0.0,0.0
0.9161406672678089,0.8452579034941764,3.6252737116907827,0.49003865653553297,0.9642196175200494,0.930911256700417,1.970710678118648,0.6712743581968725
0.9457478005865103,0.8970792767732962,4.236663934044202,0.6111376462302116,0.7313432835820896,0.5764705882352941,2.23606797749979,1.1258717772369962
0.9812661498708011,0.9632213062777425,11.797142273814353,0.2949640287769784,1.0,1.0,0.0,0.0
1.0,1.0,0.0,0.0,1.0,1.0,0.0,0.0
0.9319648093841643,0.8725974739154311,3.0,1.0687172029300627,0.9498759305210918,0.9045368620037807,3.5833875946992038,0.8776508491897946
1.0,1.0,0.0,0.0,1.0,1.0,0.0,0.0
1.0,1.0,0.0,0.0,1.0,1.0,0.0,0.0
1.0,1.0,0.0,0.0,1.0,1.0,0.0,0.0
0.9589345172031076,0.9211087420042644,1.0,0.4975489589249456,1.0,1.0,0.0,0.0
0.9541284403669725,0.9122807017543859,2.0,0.7330875818362641,1.0,1.0,0.0,0.0
0.9683514407179972,0.9386446886446886,2.0,0.5146524722784785,1.0,1.0,0.0,0.0
0.9672213817448311,0.9365234375,1.0,0.5593908663182694,1.0,1.0,0.0,0.0
1.0,1.0,0.0,0.0,0.0,0.0,inf,inf
1.0,1.0,0.0,0.0,1.0,1.0,0.0,0.0
0.0,0.0,inf,inf,1.0,1.0,0.0,0.0
1.0,1.0,0.0,0.0,1.0,1.0,0.0,0.0
1.0,1.0,0.0,0.0,1.0,1.0,0.0,0.0
0.8945281522601111,0.8091822094691535,5.0,1.2780127923879403,1.0,1.0,0.0,0.0
0.0,0.0,inf,inf,0.0,0.0,inf,inf
0.9601226993865031,0.9233038348082596,1.0,0.3448275862068966,1.0,1.0,0.0,0.0
1.0,1.0,0.0,0.0,1.0,1.0,0.0,0.0
1.0,1.0,0.0,0.0,1.0,1.0,0.0,0.0
0.9125925925925926,0.8392370572207084,1.5313708498984695,0.7257499232819948,0.9808159956768441,0.9623541887592789,1.4142135623730951,0.6108905868047255
0.956397426733381,0.9164383561643835,2.0,0.44884752575706627,0.9169139465875371,0.8465753424657534,2.0,0.7601906703542828
0.0,0.0,inf,inf,1.0,1.0,0.0,0.0
0.9647611589663273,0.9319213313161876,1.4142135623730951,0.6699010005029332,1.0,1.0,0.0,0.0
0.9611940298507463,0.9252873563218391,2.0,0.42424242424242425,1.0,1.0,0.0,0.0
1.0,1.0,0.0,0.0,1.0,1.0,0.0,0.0
0.9299119111451551,0.8690050107372942,4.630495168499712,0.9947714477554213,0.9660205245153934,0.9342743714159683,2.0,0.7283698525208421
0.962642548171451,0.9279757391963609,2.0,0.6064620123997865,1.0,1.0,0.0,0.0
0.0,0.0,inf,inf,1.0,1.0,0.0,0.0
0.9693513898788311,0.9405255878284924,1.0,0.37362637362637363,1.0,1.0,0.0,0.0
1.0,1.0,0.0,0.0,0.0,0.0,inf,inf
1.0,1.0,0.0,0.0,1.0,1.0,0.0,0.0
1.0,1.0,0.0,0.0,1.0,1.0,0.0,0.0
0.0,0.0,inf,inf,0.0,0.0,inf,inf
1.0,1.0,0.0,0.0,1.0,1.0,0.0,0.0
1.0,1.0,0.0,0.0,0.8785425101214575,0.7833935018050542,2.0,1.1879337412762305
1.0,1.0,0.0,0.0,0.0,0.0,inf,inf
1.0,1.0,0.0,0.0,1.0,1.0,0.0,0.0
1.0,1.0,0.0,0.0,0.0,0.0,inf,inf
1.0,1.0,0.0,0.0,1.0,1.0,0.0,0.0
0.9269893355209188,0.863914373088685,2.0,0.7521383229818367,0.976684271544506,0.9544310171198389,2.0,0.7100998656720071
1.0,1.0,0.0,0.0,1.0,1.0,0.0,0.0
1.0,1.0,0.0,0.0,1.0,1.0,0.0,0.0
0.9,0.8181818181818182,1.8999999999999915,0.2894736842105263,1.0,1.0,0.0,0.0
1.0,1.0,0.0,0.0,1.0,1.0,0.0,0.0
1.0,1.0,0.0,0.0,1.0,1.0,0.0,0.0
0.9681881051175657,0.938337801608579,1.0,0.4770792699161878,1.0,1.0,0.0,0.0
0.0,0.0,inf,inf,1.0,1.0,0.0,0.0
0.0,0.0,inf,inf,1.0,1.0,0.0,0.0
0.905811623246493,0.8278388278388278,2.23606797749979,0.8193788244059814,1.0,1.0,0.0,0.0
1.0,1.0,0.0,0.0,1.0,1.0,0.0,0.0
0.0,0.0,inf,inf,0.0,0.0,inf,inf
1.0,1.0,0.0,0.0,1.0,1.0,0.0,0.0
0.9606741573033708,0.9243243243243243,2.23606797749979,0.854569868277692,1.0,1.0,0.0,0.0
0.0,0.0,inf,inf,1.0,1.0,0.0,0.0
0.884990253411306,0.7937062937062938,1.0,0.46497463104429343,1.0,1.0,0.0,0.0
0.0,0.0,inf,inf,1.0,1.0,0.0,0.0
1.0,1.0,0.0,0.0,1.0,1.0,0.0,0.0
1.0,1.0,0.0,0.0,1.0,1.0,0.0,0.0
1.0,1.0,0.0,0.0,1.0,1.0,0.0,0.0
1.0,1.0,0.0,0.0,1.0,1.0,0.0,0.0
1.0,1.0,0.0,0.0,1.0,1.0,0.0,0.0
1.0,1.0,0.0,0.0,1.0,1.0,0.0,0.0
1.0,1.0,0.0,0.0,1.0,1.0,0.0,0.0
1.0,1.0,0.0,0.0,1.0,1.0,0.0,0.0
1.0,1.0,0.0,0.0,1.0,1.0,0.0,0.0
1.0,1.0,0.0,0.0,1.0,1.0,0.0,0.0
1.0,1.0,0.0,0.0,1.0,1.0,0.0,0.0
1.0,1.0,0.0,0.0,1.0,1.0,0.0,0.0
1.0,1.0,0.0,0.0,1.0,1.0,0.0,0.0
0.9620553359683794,0.9268849961919269,5.9661903789690625,0.3403337765481404,0.863849765258216,0.7603305785123967,1.9414213562373086,0.7981047915915134
0.9350749135612755,0.8780663780663781,2.23606797749979,0.7692307692307693,0.9543808834178131,0.9127423822714681,2.8284271247461903,0.8921305420525222
0.9163636363636364,0.8456375838926175,1.4142135623730951,0.5738530860825113,1.0,1.0,0.0,0.0
1.0,1.0,0.0,0.0,1.0,1.0,0.0,0.0
0.0,0.0,inf,inf,0.0,0.0,inf,inf
0.9472433460076045,0.8997742663656885,2.23606797749979,0.5350614986528065,1.0,1.0,0.0,0.0
0.0,0.0,inf,inf,0.0,0.0,inf,inf
0.9718423169750603,0.945226917057903,1.0,0.5494651353242858,1.0,1.0,0.0,0.0
0.9769639692852924,0.9549653579676675,1.0,0.37373737373737376,1.0,1.0,0.0,0.0
1.0,1.0,0.0,0.0,0.0,0.0,inf,inf
0.9544235924932976,0.9128205128205128,2.23606797749979,0.8005095393834092,1.0,1.0,0.0,0.0
1.0,1.0,0.0,0.0,1.0,1.0,0.0,0.0
1.0,1.0,0.0,0.0,1.0,1.0,0.0,0.0
1.0,1.0,0.0,0.0,1.0,1.0,0.0,0.0
1.0,1.0,0.0,0.0,1.0,1.0,0.0,0.0
1.0,1.0,0.0,0.0,1.0,1.0,0.0,0.0
0.9484386347131445,0.9019337016574586,2.23606797749979,1.2106853909489164,1.0,1.0,0.0,0.0
0.982,0.9646365422396856,1.0,0.2131716047061441,1.0,1.0,0.0,0.0
0.8473837209302325,0.7351828499369483,4.116950344336776,1.2280888128070702,0.0,0.0,inf,inf
1.0,1.0,0.0,0.0,1.0,1.0,0.0,0.0
0.9761538461538461,0.9534184823441022,1.0,0.4773986941567155,1.0,1.0,0.0,0.0
1.0,1.0,0.0,0.0,1.0,1.0,0.0,0.0
1.0,1.0,0.0,0.0,1.0,1.0,0.0,0.0
1.0,1.0,0.0,0.0,1.0,1.0,0.0,0.0
1.0,1.0,0.0,0.0,1.0,1.0,0.0,0.0
0.9504623513870541,0.9056010069225928,11.704699910719626,0.41134751773049644,1.0,1.0,0.0,0.0
0.9849086576648134,0.9702660406885759,1.0,0.2550335570469799,1.0,1.0,0.0,0.0
1.0,1.0,0.0,0.0,0.0,0.0,inf,inf
0.9366106080206986,0.8807785888077859,3.1541637771599587,0.9773368976780566,1.0,1.0,0.0,0.0
0.7799227799227799,0.6392405063291139,2.0236067977499776,0.8009691065254383,0.9280245022970903,0.8657142857142858,2.0,0.617190060379205
1.0,1.0,0.0,0.0,1.0,1.0,0.0,0.0
1.0,1.0,0.0,0.0,1.0,1.0,0.0,0.0
0.0,0.0,inf,inf,0.0,0.0,inf,inf
0.9417080885675554,0.8898377455166524,2.0,0.9363228758673894,0.7777777777777778,0.6363636363636364,2.23606797749979,1.284951453158515
1.0,1.0,0.0,0.0,0.0,0.0,inf,inf
0.0,0.0,inf,inf,1.0,1.0,0.0,0.0
1.0,1.0,0.0,0.0,1.0,1.0,0.0,0.0
0.0,0.0,inf,inf,1.0,1.0,0.0,0.0
1.0,1.0,0.0,0.0,1.0,1.0,0.0,0.0
1.0,1.0,0.0,0.0,1.0,1.0,0.0,0.0
0.34782608695652173,0.21052631578947367,5.0,2.409747463028932,0.9326424870466321,0.8737864077669902,2.871320343559643,0.8249793399589798
1.0,1.0,0.0,0.0,1.0,1.0,0.0,0.0
0.9121076233183857,0.8384171475680132,6.2998751490621805,1.128771495982378,1.0,1.0,0.0,0.0
0.8704883227176221,0.7706766917293233,4.551315561749646,1.4605045534963648,0.38461538461538464,0.23809523809523808,3.0,1.3333333333333333
0.7661016949152543,0.6208791208791209,7.810249675906654,1.2729773409860132,1.0,1.0,0.0,0.0
1.0,1.0,0.0,0.0,1.0,1.0,0.0,0.0
1.0,1.0,0.0,0.0,1.0,1.0,0.0,0.0
0.9774887443721861,0.9559686888454012,1.0,0.37037037037037035,1.0,1.0,0.0,0.0
0.9779735682819384,0.9568965517241379,1.3727922061357762,0.3901136664778374,1.0,1.0,0.0,0.0
0.8975762314308053,0.8141843971631205,3.605551275463989,1.4762893856182207,1.0,1.0,0.0,0.0
0.0,0.0,inf,inf,1.0,1.0,0.0,0.0
1.0,1.0,0.0,0.0,1.0,1.0,0.0,0.0
1.0,1.0,0.0,0.0,1.0,1.0,0.0,0.0
0.0,0.0,inf,inf,1.0,1.0,0.0,0.0
0.0,0.0,inf,inf,0.0,0.0,inf,inf
0.0,0.0,inf,inf,1.0,1.0,0.0,0.0
1.0,1.0,0.0,0.0,0.0,0.0,inf,inf
1.0,1.0,0.0,0.0,1.0,1.0,0.0,0.0
1.0,1.0,0.0,0.0,1.0,1.0,0.0,0.0
0.9386236825790453,0.8843457943925234,6.276196762329047,0.6903628805932202,1.0,1.0,0.0,0.0
0.0,0.0,inf,inf,1.0,1.0,0.0,0.0
1.0,1.0,0.0,0.0,1.0,1.0,0.0,0.0
0.9686539643515673,0.9392133492252682,1.0,0.4415200064216756,1.0,1.0,0.0,0.0
1.0,1.0,0.0,0.0,0.0,0.0,inf,inf
0.9426900584795321,0.8915929203539823,2.23606797749979,0.7722772277227723,1.0,1.0,0.0,0.0
1.0,1.0,0.0,0.0,1.0,1.0,0.0,0.0
0.0,0.0,inf,inf,0.0,0.0,inf,inf
0.9481037924151696,0.9013282732447818,8.958035537363848,0.7764771130866052,0.964086806222393,0.9306637004078606,2.23606797749979,0.8681622179607277
1.0,1.0,0.0,0.0,1.0,1.0,0.0,0.0
0.900523560209424,0.819047619047619,1.0,1.2260315971580122,1.0,1.0,0.0,0.0
0.0,0.0,10.039900496896712,8.128609219523538,1.0,1.0,0.0,0.0
0.9773242630385488,0.9556541019955654,1.0,0.2602739726027397,1.0,1.0,0.0,0.0
0.9338446788111218,0.8758992805755396,3.0,2.7173147292951603,1.0,1.0,0.0,0.0
0.0,0.0,inf,inf,0.0,0.0,inf,inf
1.0,1.0,0.0,0.0,1.0,1.0,0.0,0.0
1.0,1.0,0.0,0.0,1.0,1.0,0.0,0.0
1.0,1.0,0.0,0.0,1.0,1.0,0.0,0.0
0.0,0.0,inf,inf,0.0,0.0,inf,inf
0.9705441837244134,0.9427740058195926,1.0,0.33783783783783783,1.0,1.0,0.0,0.0
1.0,1.0,0.0,0.0,1.0,1.0,0.0,0.0
0.9804332634521313,0.9616175462645647,1.0,0.3481399118133301,1.0,1.0,0.0,0.0
1.0,1.0,0.0,0.0,1.0,1.0,0.0,0.0
0.9147982062780269,0.8429752066115702,2.8284271247461903,0.5552730239474121,0.9619865113427345,0.9267572356763142,2.0,0.6993460266856708
0.9476228847703465,0.900459418070444,2.0,0.6020519651881665,0.8866242038216561,0.7963386727688787,3.0,0.7548898801527796
0.0,0.0,inf,inf,0.0,0.0,inf,inf
1.0,1.0,0.0,0.0,0.0,0.0,inf,inf
1.0,1.0,0.0,0.0,1.0,1.0,0.0,0.0
0.9607843137254902,0.9245283018867925,3.664718584144382,0.3820133347130909,0.9012875536480687,0.8203125,1.4142135623730951,0.5953717849152731
1.0,1.0,0.0,0.0,1.0,1.0,0.0,0.0
0.9560117302052786,0.9157303370786517,1.0,0.45,1.0,1.0,0.0,0.0
0.0,0.0,inf,inf,0.0,0.0,inf,inf
0.9236499068901304,0.8581314878892734,4.141640786499872,1.2427133648725346,1.0,1.0,0.0,0.0
1.0,1.0,0.0,0.0,1.0,1.0,0.0,0.0
0.875,0.7777777777777778,1.4142135623730951,0.6568055973748671,1.0,1.0,0.0,0.0
1.0,1.0,0.0,0.0,1.0,1.0,0.0,0.0
0.9142335766423357,0.8420168067226891,3.4024846515307,1.2436456631485149,1.0,1.0,0.0,0.0
1.0,1.0,0.0,0.0,1.0,1.0,0.0,0.0
0.7069767441860465,0.5467625899280576,5.0,1.4911102268280314,0.9374565670604587,0.882275997383911,3.0,1.1172629444289326
0.0,0.0,inf,inf,1.0,1.0,0.0,0.0
1.0,1.0,0.0,0.0,1.0,1.0,0.0,0.0
1.0,1.0,0.0,0.0,1.0,1.0,0.0,0.0
1.0,1.0,0.0,0.0,1.0,1.0,0.0,0.0
1.0,1.0,0.0,0.0,1.0,1.0,0.0,0.0
1.0,1.0,0.0,0.0,1.0,1.0,0.0,0.0
0.0,0.0,inf,inf,1.0,1.0,0.0,0.0
0.0,0.0,inf,inf,1.0,1.0,0.0,0.0
0.9342230695900858,0.8765652951699463,2.8284271247461903,1.0475326165069798,0.9554973821989529,0.9147869674185464,3.0,0.8239351891547887
0.9254267744833783,0.8612040133779264,3.1622776601683795,1.0516161054491757,1.0,1.0,0.0,0.0
1.0,1.0,0.0,0.0,1.0,1.0,0.0,0.0
0.9582577132486388,0.9198606271777003,3.0,0.9081438743982856,1.0,1.0,0.0,0.0
0.0,0.0,inf,inf,1.0,1.0,0.0,0.0
1.0,1.0,0.0,0.0,1.0,1.0,0.0,0.0
1.0,1.0,0.0,0.0,1.0,1.0,0.0,0.0
0.9819302423308587,0.9645019262520639,1.0,0.46921682812348925,1.0,1.0,0.0,0.0
1.0,1.0,0.0,0.0,1.0,1.0,0.0,0.0
1.0,1.0,0.0,0.0,0.0,0.0,inf,inf
0.9455727051177905,0.8967642526964561,1.2278174593051951,0.6086821514438501,1.0,1.0,0.0,0.0
0.0,0.0,inf,inf,1.0,1.0,0.0,0.0
0.0,0.0,inf,inf,1.0,1.0,0.0,0.0
1.0,1.0,0.0,0.0,1.0,1.0,0.0,0.0
0.964711274060495,0.9318282425852147,1.4142135623730951,0.4708316678713422,0.8636363636363636,0.76,2.0,0.6530612244897959
1.0,1.0,0.0,0.0,0.0,0.0,inf,inf
0.9636846767050488,0.9299145299145299,1.4142135623730951,0.4035846412010925,1.0,1.0,0.0,0.0
1.0,1.0,0.0,0.0,1.0,1.0,0.0,0.0
1.0,1.0,0.0,0.0,0.7052631578947368,0.5447154471544715,2.6944271909999116,0.8069325910605509
1.0,1.0,0.0,0.0,1.0,1.0,0.0,0.0
0.9259259259259259,0.8620689655172413,2.739573252659227,0.6757699093062851,0.8973913043478261,0.8138801261829653,2.16524758424985,0.9976027148616468
1.0,1.0,0.0,0.0,1.0,1.0,0.0,0.0
1.0,1.0,0.0,0.0,1.0,1.0,0.0,0.0
1.0,1.0,0.0,0.0,1.0,1.0,0.0,0.0
1.0,1.0,0.0,0.0,1.0,1.0,0.0,0.0
0.9576008273009308,0.9186507936507936,7.123328331219236,0.5405405405405406,1.0,1.0,0.0,0.0
0.8968105065666041,0.8129251700680272,3.0,1.0513346147479083,0.9512851897184823,0.9070961718020542,2.23606797749979,0.9742754681760979
0.9817254568635784,0.9641068447412354,1.0,0.34765748821617287,1.0,1.0,0.0,0.0
0.9682506744137788,0.9384553499597748,2.0,0.5728553390593274,0.0,0.0,inf,inf
1.0,1.0,0.0,0.0,1.0,1.0,0.0,0.0
0.0,0.0,inf,inf,1.0,1.0,0.0,0.0
1.0,1.0,0.0,0.0,1.0,1.0,0.0,0.0
0.9255213505461768,0.8613678373382625,12.004159457879227,0.8793507014870982,0.9546104360257327,0.9131623931623931,3.0,0.9006388763622367
1.0,1.0,0.0,0.0,1.0,1.0,0.0,0.0
1.0,1.0,0.0,0.0,1.0,1.0,0.0,0.0
1.0,1.0,0.0,0.0,1.0,1.0,0.0,0.0
0.9360709286047597,0.8798245614035087,8.794801685392894,0.45144488765925145,0.8787878787878788,0.7837837837837838,1.4142135623730951,0.7960237291525661
0.9380362249761678,0.8833034111310593,2.0,0.5322103691156925,0.9684726048362412,0.9388724035608309,1.4142135623730951,0.6158815930899684
1.0,1.0,0.0,0.0,1.0,1.0,0.0,0.0
0.0,0.0,inf,inf,1.0,1.0,0.0,0.0
0.9416367786110206,0.8897104128157732,11.326915361785751,0.7397654146908011,0.969811320754717,0.9413919413919414,2.23606797749979,0.6804977647648456
0.0,0.0,inf,inf,0.0,0.0,inf,inf
0.9066834804539723,0.8292964244521338,3.6573067104793386,0.4986432253307371,0.8243727598566308,0.7012195121951219,2.0,1.0243106739624772
1.0,1.0,0.0,0.0,1.0,1.0,0.0,0.0
0.9798767967145791,0.9605475040257649,1.0,0.3474483353783312,0.0,0.0,inf,inf
1.0,1.0,0.0,0.0,0.0,0.0,inf,inf
0.0,0.0,inf,inf,0.0,0.0,inf,inf
0.9831741700773079,0.9669051878354203,1.0,0.3,1.0,1.0,0.0,0.0
1.0,1.0,0.0,0.0,1.0,1.0,0.0,0.0
1.0,1.0,0.0,0.0,1.0,1.0,0.0,0.0
0.9826262626262626,0.965845909451946,1.0,0.25735294117647056,1.0,1.0,0.0,0.0
1.0,1.0,0.0,0.0,0.0,0.0,inf,inf
0.9545454545454546,0.9130434782608695,1.0,0.325,1.0,1.0,0.0,0.0
1.0,1.0,0.0,0.0,0.0,0.0,inf,inf
1.0,1.0,0.0,0.0,1.0,1.0,0.0,0.0
1.0,1.0,0.0,0.0,1.0,1.0,0.0,0.0
1.0,1.0,0.0,0.0,1.0,1.0,0.0,0.0
0.0,0.0,inf,inf,0.9426189308484552,0.891465677179963,2.0,0.8265730555526003
0.9577464788732394,0.918918918918919,2.0,0.6901595815503527,1.0,1.0,0.0,0.0
1.0,1.0,0.0,0.0,1.0,1.0,0.0,0.0
1.0,1.0,0.0,0.0,0.0,0.0,inf,inf
1.0,1.0,0.0,0.0,0.0,0.0,inf,inf
1.0,1.0,0.0,0.0,1.0,1.0,0.0,0.0
0.9823842687423188,0.965378421900161,1.0,0.3001110434560398,1.0,1.0,0.0,0.0
0.9758897818599311,0.952914798206278,1.0,0.4938922636058007,1.0,1.0,0.0,0.0
0.9591982820329277,0.921595598349381,4.4985291572495765,0.5985378512591898,0.9363557105492589,0.8803278688524591,2.0,0.7593852998763404
0.0,0.0,inf,inf,0.0,0.0,inf,inf
1.0,1.0,0.0,0.0,1.0,1.0,0.0,0.0
0.9578991246352647,0.9192,1.4142135623730951,0.5131578947368421,0.9517241379310345,0.9078947368421053,1.4142135623730951,0.42028985507246375
1.0,1.0,0.0,0.0,1.0,1.0,0.0,0.0
1.0,1.0,0.0,0.0,1.0,1.0,0.0,0.0
0.9163879598662207,0.845679012345679,1.0,0.5263157894736842,1.0,1.0,0.0,0.0
0.9391727493917275,0.8853211009174312,2.0,0.6060606060606061,1.0,1.0,0.0,0.0
0.0,0.0,inf,inf,1.0,1.0,0.0,0.0
1.0,1.0,0.0,0.0,1.0,1.0,0.0,0.0
0.948509485094851,0.9020618556701031,7.0,0.7148999533547237,1.0,1.0,0.0,0.0
0.0,0.0,inf,inf,1.0,1.0,0.0,0.0
1.0,1.0,0.0,0.0,1.0,1.0,0.0,0.0
0.9817629179331308,0.9641791044776119,1.0,0.26136363636363635,1.0,1.0,0.0,0.0
1.0,1.0,0.0,0.0,1.0,1.0,0.0,0.0
0.0,0.0,inf,inf,1.0,1.0,0.0,0.0
1.0,1.0,0.0,0.0,1.0,1.0,0.0,0.0
1.0,1.0,0.0,0.0,0.9317073170731708,0.8721461187214612,2.0,0.7541421356237309
1.0,1.0,0.0,0.0,1.0,1.0,0.0,0.0
0.8988095238095238,0.8162162162162162,1.4142135623730951,0.6863911220177664,1.0,1.0,0.0,0.0
0.9841789416257501,0.9688506981740065,1.0,0.2641509433962264,1.0,1.0,0.0,0.0
1.0,1.0,0.0,0.0,0.0,0.0,inf,inf
1.0,1.0,0.0,0.0,1.0,1.0,0.0,0.0
0.9852586437952292,0.97094558901215,1.0,0.27425444921610614,1.0,1.0,0.0,0.0
0.0,0.0,inf,inf,1.0,1.0,0.0,0.0
0.8962075848303394,0.8119349005424955,2.4433936790360264,0.5762322827055363,0.9640564826700898,0.9306071871127634,2.0,0.6659898558740246
0.9090598873912301,0.8332812011260556,14.866068747318506,1.2561338462290144,0.868598650258039,0.767719298245614,5.0,1.814599416281233
1.0,1.0,0.0,0.0,1.0,1.0,0.0,0.0
1.0,1.0,0.0,0.0,1.0,1.0,0.0,0.0
0.0,0.0,inf,inf,1.0,1.0,0.0,0.0
1.0,1.0,0.0,0.0,0.975,0.9512195121951219,2.0,0.6667681488619349
0.0,0.0,inf,inf,0.0,0.0,inf,inf
1.0,1.0,0.0,0.0,1.0,1.0,0.0,0.0
0.9783375314861461,0.9575936883629191,4.47213595499958,0.7394773970705867,1.0,1.0,0.0,0.0
0.9869158878504672,0.974169741697417,1.0,0.2468354430379747,1.0,1.0,0.0,0.0
1.0,1.0,0.0,0.0,1.0,1.0,0.0,0.0
0.9660278745644599,0.9342881213142376,1.1449747468305809,0.6430994930523016,1.0,1.0,0.0,0.0
0.0,0.0,inf,inf,0.0,0.0,inf,inf
0.9571106094808126,0.9177489177489178,1.0,0.35526315789473684,1.0,1.0,0.0,0.0
0.9551451187335093,0.9141414141414141,1.4142135623730951,0.6013552247096449,1.0,1.0,0.0,0.0
1.0,1.0,0.0,0.0,1.0,1.0,0.0,0.0
1.0,1.0,0.0,0.0,1.0,1.0,0.0,0.0
0.7361963190184049,0.5825242718446602,4.0,1.359110812495624,1.0,1.0,0.0,0.0
1.0,1.0,0.0,0.0,1.0,1.0,0.0,0.0
0.9590984974958264,0.921411387329591,2.0,0.5194805687400961,1.0,1.0,0.0,0.0
0.0,0.0,inf,inf,1.0,1.0,0.0,0.0
0.9813519813519813,0.9633867276887872,1.0,0.3137254901960784,1.0,1.0,0.0,0.0
1.0,1.0,0.0,0.0,1.0,1.0,0.0,0.0
0.0,0.0,inf,inf,0.0,0.0,inf,inf
1.0,1.0,0.0,0.0,0.0,0.0,inf,inf
0.4507042253521127,0.2909090909090909,23.915524068226873,12.001006361007676,1.0,1.0,0.0,0.0
1.0,1.0,0.0,0.0,1.0,1.0,0.0,0.0
0.98671609514983,0.973780487804878,4.242640687119285,0.5141777356275044,1.0,1.0,0.0,0.0
1.0,1.0,0.0,0.0,1.0,1.0,0.0,0.0
1.0,1.0,0.0,0.0,1.0,1.0,0.0,0.0
0.9092118390422348,0.8335365853658536,3.0,0.7890951803278375,0.9285714285714286,0.8666666666666667,2.7988091673838635,0.6421144946055048
0.9830773236136423,0.9667178699436764,1.0,0.34104046242774566,1.0,1.0,0.0,0.0
0.0,0.0,inf,inf,0.0,0.0,inf,inf
0.96731583403895,0.9367005575598557,3.0,0.6887966804979253,1.0,1.0,0.0,0.0
1.0,1.0,0.0,0.0,0.0,0.0,inf,inf
1.0,1.0,0.0,0.0,1.0,1.0,0.0,0.0
1.0,1.0,0.0,0.0,1.0,1.0,0.0,0.0
1.0,1.0,0.0,0.0,1.0,1.0,0.0,0.0
0.9800114220445459,0.9608062709966405,1.0,0.3300970873786408,1.0,1.0,0.0,0.0
1.0,1.0,0.0,0.0,1.0,1.0,0.0,0.0
0.9513150531617236,0.9071504802561366,1.4142135623730951,0.5170811446660221,1.0,1.0,0.0,0.0
0.0,0.0,inf,inf,1.0,1.0,0.0,0.0
0.0,0.0,inf,inf,1.0,1.0,0.0,0.0
1.0,1.0,0.0,0.0,1.0,1.0,0.0,0.0
0.9272727272727272,0.864406779661017,4.0,1.0728602027985044,0.8240469208211144,0.7007481296758105,3.0,1.6959875588572664
1.0,1.0,0.0,0.0,1.0,1.0,0.0,0.0
0.8351648351648352,0.7169811320754716,3.7071067811865475,0.5503535390791702,0.9562612342720191,0.9161882893226176,2.0,0.5919627825494395
0.0,0.0,inf,inf,1.0,1.0,0.0,0.0
1.0,1.0,0.0,0.0,1.0,1.0,0.0,0.0
0.0,0.0,inf,inf,0.0,0.0,inf,inf
1.0,1.0,0.0,0.0,1.0,1.0,0.0,0.0
1.0,1.0,0.0,0.0,1.0,1.0,0.0,0.0
0.0,0.0,inf,inf,1.0,1.0,0.0,0.0
1.0,1.0,0.0,0.0,1.0,1.0,0.0,0.0
1.0,1.0,0.0,0.0,1.0,1.0,0.0,0.0
1.0,1.0,0.0,0.0,1.0,1.0,0.0,0.0
0.0,0.0,inf,inf,0.0,0.0,inf,inf
1.0,1.0,0.0,0.0,0.0,0.0,inf,inf
0.0,0.0,inf,inf,0.0,0.0,inf,inf
1.0,1.0,0.0,0.0,1.0,1.0,0.0,0.0
1.0,1.0,0.0,0.0,1.0,1.0,0.0,0.0
1.0,1.0,0.0,0.0,0.0,0.0,inf,inf
0.9565217391304348,0.9166666666666666,1.0,0.38095238095238093,1.0,1.0,0.0,0.0
1.0,1.0,0.0,0.0,1.0,1.0,0.0,0.0
1.0,1.0,0.0,0.0,1.0,1.0,0.0,0.0
0.9453781512605042,0.896414342629482,1.0,0.33582195576532603,1.0,1.0,0.0,0.0
0.9346733668341709,0.8773584905660378,1.0,0.41935483870967744,1.0,1.0,0.0,0.0
1.0,1.0,0.0,0.0,1.0,1.0,0.0,0.0
1.0,1.0,0.0,0.0,1.0,1.0,0.0,0.0
1.0,1.0,0.0,0.0,0.0,0.0,inf,inf
0.697560975609756,0.5355805243445693,3.1622776601683795,1.1760244506029227,1.0,1.0,0.0,0.0
0.9491869918699187,0.9032882011605415,1.4142135623730951,0.5197368421052632,1.0,1.0,0.0,0.0
0.9463455851288551,0.8981555733761026,3.605551275463989,0.7545394459482085,0.9062593590895478,0.8285870755750274,5.009901951359275,1.4011390073565682
0.9528140989198408,0.9098805646036916,2.0,0.5217571317288168,0.9,0.8181818181818182,1.0,0.36363636363636365
0.9683631361760661,0.9386666666666666,8.94427190999916,0.4090909090909091,1.0,1.0,0.0,0.0
0.0,0.0,inf,inf,1.0,1.0,0.0,0.0
0.9222011385199241,0.8556338028169014,1.4142135623730951,0.7480503082357521,0.9808068938503721,0.962336664104535,1.4142135623730951,0.6033587347676322
1.0,1.0,0.0,0.0,1.0,1.0,0.0,0.0
1.0,1.0,0.0,0.0,1.0,1.0,0.0,0.0
1.0,1.0,0.0,0.0,0.0,0.0,inf,inf
0.0,0.0,inf,inf,1.0,1.0,0.0,0.0
0.956140350877193,0.9159663865546218,1.0,0.2727272727272727,1.0,1.0,0.0,0.0
1.0,1.0,0.0,0.0,1.0,1.0,0.0,0.0
0.8955223880597015,0.8108108108108109,1.4727922061357823,0.5263157894736842,1.0,1.0,0.0,0.0
0.0,0.0,inf,inf,0.8235294117647058,0.7,6.0082762530298215,2.128000380094823
1.0,1.0,0.0,0.0,1.0,1.0,0.0,0.0
0.9415908423833285,0.8896283971159179,2.2953038922244096,0.7652582159624414,0.7946428571428571,0.6592592592592592,4.0,1.4243172135047304
0.9775100401606426,0.9560094265514533,1.4142135623730951,0.37950211177189974,1.0,1.0,0.0,0.0
0.9298245614035088,0.8688524590163934,24.562341944315765,3.491810087814529,1.0,1.0,0.0,0.0
0.9746508018623901,0.9505549949545913,1.0,0.39359357111631366,1.0,1.0,0.0,0.0
1.0,1.0,0.0,0.0,1.0,1.0,0.0,0.0
1.0,1.0,0.0,0.0,1.0,1.0,0.0,0.0
0.0,0.0,inf,inf,1.0,1.0,0.0,0.0
0.9696157283288651,0.9410234171725932,8.146862473486548,0.35294117647058826,0.8427672955974843,0.7282608695652174,2.0,0.8298595706249925
0.9701853344077357,0.9420970266040689,2.6803373379345903,0.6178040076964192,1.0,1.0,0.0,0.0
0.0,0.0,inf,inf,0.9562043795620438,0.916083916083916,2.0,0.5917663315656456
1.0,1.0,0.0,0.0,1.0,1.0,0.0,0.0
0.9430176565008026,0.8921791951404707,2.0,0.8597856874952998,0.7719298245614035,0.6285714285714286,2.23606797749979,1.314495911042596
0.0,0.0,inf,inf,0.0,0.0,inf,inf
1.0,1.0,0.0,0.0,1.0,1.0,0.0,0.0
1.0,1.0,0.0,0.0,1.0,1.0,0.0,0.0
0.0,0.0,inf,inf,1.0,1.0,0.0,0.0
0.0,0.0,inf,inf,0.0,0.0,inf,inf
0.9576957695769577,0.918825561312608,1.0,0.3617021276595745,1.0,1.0,0.0,0.0
1.0,1.0,0.0,0.0,1.0,1.0,0.0,0.0
0.9768044950295347,0.9546606589693044,8.246211251235321,0.5260033369120796,1.0,1.0,0.0,0.0
1.0,1.0,0.0,0.0,1.0,1.0,0.0,0.0
1.0,1.0,0.0,0.0,0.0,0.0,inf,inf
0.0,0.0,inf,inf,1.0,1.0,0.0,0.0
0.0,0.0,inf,inf,0.0,0.0,inf,inf
0.9429690901175446,0.8920922570016474,4.0,0.7262148620782904,1.0,1.0,0.0,0.0
0.9446153846153846,0.8950437317784257,2.0,0.7820608561523411,1.0,1.0,0.0,0.0
1.0,1.0,0.0,0.0,1.0,1.0,0.0,0.0
0.8686131386861314,0.7677419354838709,2.0,0.6471727238313068,0.8884826325411335,0.7993421052631579,2.23606797749979,0.9502841166413539
1.0,1.0,0.0,0.0,1.0,1.0,0.0,0.0
0.9157064887810794,0.8445190156599552,2.0,0.5502928028028502,0.41509433962264153,0.2619047619047619,5.0,0.7133883476483185
0.9543962057643196,0.9127704117236567,3.0,0.7404014792362359,0.851581508515815,0.7415254237288136,2.2953038922244264,0.8762122952052829
0.9230769230769231,0.8571428571428571,1.0,0.2916666666666667,1.0,1.0,0.0,0.0
1.0,1.0,0.0,0.0,0.0,0.0,inf,inf
1.0,1.0,0.0,0.0,1.0,1.0,0.0,0.0
0.0,0.0,inf,inf,0.0,0.0,inf,inf
1.0,1.0,0.0,0.0,0.0,0.0,inf,inf
1.0,1.0,0.0,0.0,1.0,1.0,0.0,0.0
1.0,1.0,0.0,0.0,1.0,1.0,0.0,0.0
1.0,1.0,0.0,0.0,1.0,1.0,0.0,0.0
1.0,1.0,0.0,0.0,0.0,0.0,inf,inf
0.944620548200634,0.8950530035335689,9.0,0.8935852113716917,1.0,1.0,0.0,0.0
1.0,1.0,0.0,0.0,1.0,1.0,0.0,0.0
0.0,0.0,inf,inf,1.0,1.0,0.0,0.0
0.9737354085603113,0.9488151658767773,1.0,0.3769230769230769,1.0,1.0,0.0,0.0
0.5974025974025974,0.42592592592592593,3.206605021697941,1.455451125715545,1.0,1.0,0.0,0.0
0.0,0.0,inf,inf,0.0,0.0,inf,inf
0.0,0.0,inf,inf,1.0,1.0,0.0,0.0
0.0,0.0,inf,inf,0.7716535433070866,0.6282051282051282,2.0,0.8165685424949238
0.6829268292682927,0.5185185185185185,2.6562305898749035,1.3420354702689297,1.0,1.0,0.0,0.0
1.0,1.0,0.0,0.0,1.0,1.0,0.0,0.0
0.9685157421289355,0.938953488372093,1.0,0.22950819672131148,1.0,1.0,0.0,0.0
1.0,1.0,0.0,0.0,1.0,1.0,0.0,0.0
0.0,0.0,inf,inf,1.0,1.0,0.0,0.0
0.9230769230769231,0.8571428571428571,2.23606797749979,0.6593912727960473,1.0,1.0,0.0,0.0
0.0,0.0,inf,inf,0.0,0.0,inf,inf
1.0,1.0,0.0,0.0,0.0,0.0,inf,inf
0.7924528301886793,0.65625,7.0,0.4473684210526316,1.0,1.0,0.0,0.0
0.9329073482428115,0.874251497005988,8.009338662244781,0.647823197545948,1.0,1.0,0.0,0.0
0.9616775126536515,0.9261838440111421,1.0,0.5638297872340425,1.0,1.0,0.0,0.0
0.9796064400715564,0.9600280504908836,1.0,0.311989366442697,1.0,1.0,0.0,0.0
0.0,0.0,inf,inf,0.0,0.0,inf,inf
0.9591107582373958,0.9214340198321892,2.23606797749979,0.648,1.0,1.0,0.0,0.0
1.0,1.0,0.0,0.0,0.0,0.0,inf,inf
1.0,1.0,0.0,0.0,0.0,0.0,inf,inf
1.0,1.0,0.0,0.0,1.0,1.0,0.0,0.0
0.0,0.0,inf,inf,1.0,1.0,0.0,0.0
0.9235702832709781,0.8579940417080437,4.0,1.1046388710650386,1.0,1.0,0.0,0.0
0.9352927233941692,0.8784505788067676,3.861942946412387,1.0486474124300196,1.0,1.0,0.0,0.0
0.9552549427679501,0.9143426294820717,2.23606797749979,0.5375761309310199,1.0,1.0,0.0,0.0
0.9311064718162839,0.87109375,2.23606797749979,0.8564115154393794,1.0,1.0,0.0,0.0
0.9530271398747391,0.9102691924227319,2.23606797749979,0.46252483423729124,1.0,1.0,0.0,0.0
1.0,1.0,0.0,0.0,1.0,1.0,0.0,0.0
1.0,1.0,0.0,0.0,1.0,1.0,0.0,0.0
1.0,1.0,0.0,0.0,1.0,1.0,0.0,0.0
0.9517340007150519,0.907912687585266,8.54400374531753,0.8944319048553013,1.0,1.0,0.0,0.0
1.0,1.0,0.0,0.0,0.9686648501362398,0.9392338177014531,1.4142135623730951,0.39090909090909093
0.9204892966360856,0.8526912181303116,2.8284271247461903,0.8204299222797654,0.825,0.7021276595744681,1.04142135623731,0.5172856381445363
1.0,1.0,0.0,0.0,1.0,1.0,0.0,0.0
0.9846443121278596,0.9697530864197531,1.0,0.3032821560543242,1.0,1.0,0.0,0.0
0.9206349206349206,0.8529411764705882,5.694167748889392,1.0117329534498165,1.0,1.0,0.0,0.0
0.0,0.0,inf,inf,0.0,0.0,inf,inf
0.9060402684563759,0.8282208588957055,1.4142135623730951,0.842231319285202,1.0,1.0,0.0,0.0
0.9750982961992136,0.9514066496163683,1.0,0.4534746963461884,1.0,1.0,0.0,0.0
0.0,0.0,inf,inf,1.0,1.0,0.0,0.0
0.9698572184029614,0.9414784394250514,1.0,0.5075311556795108,1.0,1.0,0.0,0.0
0.9552469135802469,0.914327917282127,1.4142135623730951,0.6332756132323082,1.0,1.0,0.0,0.0
0.9698169223156853,0.9414024975984631,1.4142135623730951,0.4549930403749831,1.0,1.0,0.0,0.0
1.0,1.0,0.0,0.0,1.0,1.0,0.0,0.0
0.0,0.0,inf,inf,0.0,0.0,inf,inf
1.0,1.0,0.0,0.0,1.0,1.0,0.0,0.0
0.9157509157509157,0.8445945945945946,8.0,0.959998878637524,0.8532716457369465,0.7440922190201729,6.097366596101032,1.7216182621782514
0.0,0.0,inf,inf,0.0,0.0,inf,inf
1.0,1.0,0.0,0.0,1.0,1.0,0.0,0.0
1.0,1.0,0.0,0.0,1.0,1.0,0.0,0.0
1.0,1.0,0.0,0.0,1.0,1.0,0.0,0.0
1.0,1.0,0.0,0.0,1.0,1.0,0.0,0.0
1.0,1.0,0.0,0.0,1.0,1.0,0.0,0.0
0.9817833173537871,0.9642184557438794,11.822613044545049,0.2808219178082192,1.0,1.0,0.0,0.0
0.0,0.0,inf,inf,1.0,1.0,0.0,0.0
1.0,1.0,0.0,0.0,1.0,1.0,0.0,0.0
0.0,0.0,inf,inf,1.0,1.0,0.0,0.0
1.0,1.0,0.0,0.0,0.0,0.0,inf,inf
1.0,1.0,0.0,0.0,1.0,1.0,0.0,0.0
0.8903225806451613,0.8023255813953488,3.339587106286626,1.4040963344991648,1.0,1.0,0.0,0.0
1.0,1.0,0.0,0.0,1.0,1.0,0.0,0.0
1.0,1.0,0.0,0.0,1.0,1.0,0.0,0.0
0.9663823381836427,0.9349514563106797,6.868691769624712,0.5,1.0,1.0,0.0,0.0
1.0,1.0,0.0,0.0,1.0,1.0,0.0,0.0
0.9613733905579399,0.9256198347107438,1.0,0.4406779661016949,1.0,1.0,0.0,0.0
1.0,1.0,0.0,0.0,1.0,1.0,0.0,0.0
1.0,1.0,0.0,0.0,1.0,1.0,0.0,0.0
0.9549902152641878,0.9138576779026217,1.0,0.3559322033898305,1.0,1.0,0.0,0.0
0.0,0.0,inf,inf,1.0,1.0,0.0,0.0
1.0,1.0,0.0,0.0,1.0,1.0,0.0,0.0
0.9462832338578405,0.898043254376931,2.23606797749979,0.5897255064137185,0.8176100628930818,0.6914893617021277,2.23606797749979,0.9375502749773009
0.8259493670886076,0.7035040431266847,4.894427190999907,1.48568484677516,0.9518317503392131,0.9080906148867314,3.0,0.7835899354188769
0.0,0.0,inf,inf,1.0,1.0,0.0,0.0
1.0,1.0,0.0,0.0,1.0,1.0,0.0,0.0
1.0,1.0,0.0,0.0,1.0,1.0,0.0,0.0
1.0,1.0,0.0,0.0,1.0,1.0,0.0,0.0
1.0,1.0,0.0,0.0,1.0,1.0,0.0,0.0
0.0,0.0,inf,inf,0.9318448883666275,0.8723872387238724,3.605551275463989,0.9529104832842578
1.0,1.0,0.0,0.0,1.0,1.0,0.0,0.0
1.0,1.0,0.0,0.0,1.0,1.0,0.0,0.0
1.0,1.0,0.0,0.0,1.0,1.0,0.0,0.0
1.0,1.0,0.0,0.0,1.0,1.0,0.0,0.0
0.9757207890743551,0.9525925925925925,1.0,0.32252015955733054,1.0,1.0,0.0,0.0
0.0,0.0,inf,inf,1.0,1.0,0.0,0.0
0.0,0.0,inf,inf,1.0,1.0,0.0,0.0
1.0,1.0,0.0,0.0,1.0,1.0,0.0,0.0
0.9462962962962963,0.8980667838312829,1.4142135623730951,0.6003644503172588,1.0,1.0,0.0,0.0
0.2608695652173913,0.15,7.211102550927978,0.25,0.9375284997720018,0.8824034334763948,2.0,0.9547354936957828
0.9660827431979128,0.9343907714491708,1.6192388155425086,0.6814425493453942,1.0,1.0,0.0,0.0
0.0,0.0,inf,inf,1.0,1.0,0.0,0.0
1.0,1.0,0.0,0.0,1.0,1.0,0.0,0.0
0.9532710280373832,0.9107142857142857,21.448554827986122,0.2976190476190476,0.892018779342723,0.8050847457627118,2.23606797749979,0.8324470752718214
1.0,1.0,0.0,0.0,1.0,1.0,0.0,0.0
1.0,1.0,0.0,0.0,1.0,1.0,0.0,0.0
0.9703989703989704,0.9425,10.544718126013807,0.3669064748201439,1.0,1.0,0.0,0.0
1.0,1.0,0.0,0.0,1.0,1.0,0.0,0.0
0.0,0.0,inf,inf,0.0,0.0,inf,inf
1.0,1.0,0.0,0.0,1.0,1.0,0.0,0.0
1.0,1.0,0.0,0.0,1.0,1.0,0.0,0.0
0.9439655172413793,0.8938775510204081,2.8284271247461903,0.4908221947964912,1.0,1.0,0.0,0.0
0.9801401869158879,0.9610538373424972,1.0,0.3300970873786408,1.0,1.0,0.0,0.0
0.97108234646103,0.9437901498929336,1.4142135623730951,0.458128078817734,1.0,1.0,0.0,0.0
0.9536103267446551,0.9113338473400154,2.0,0.532051282051282,0.9264367816091954,0.8629550321199143,2.0,0.6901408450704225
1.0,1.0,0.0,0.0,1.0,1.0,0.0,0.0
1.0,1.0,0.0,0.0,1.0,1.0,0.0,0.0
1.0,1.0,0.0,0.0,1.0,1.0,0.0,0.0
0.0,0.0,inf,inf,1.0,1.0,0.0,0.0
0.9682539682539683,0.9384615384615385,2.23606797749979,0.6147837186408109,0.8163265306122449,0.6896551724137931,4.0,1.5694566403638557
1.0,1.0,0.0,0.0,0.0,0.0,inf,inf
0.9464138499587799,0.8982785602503912,8.924258501765074,0.8102183272316454,0.8803827751196173,0.7863247863247863,2.0,0.6714243271984174
0.9380165289256198,0.8832684824902723,7.7203776071598496,0.30985915492957744,1.0,1.0,0.0,0.0
1.0,1.0,0.0,0.0,1.0,1.0,0.0,0.0
0.8928571428571429,0.8064516129032258,3.1999999999999744,1.0086499727363218,1.0,1.0,0.0,0.0
0.0,0.0,inf,inf,0.0,0.0,inf,inf
0.9333333333333333,0.875,1.0,0.3888888888888889,0.0,0.0,inf,inf
1.0,1.0,0.0,0.0,1.0,1.0,0.0,0.0
0.9493136219640972,0.9035175879396985,2.23606797749979,0.5433435556949875,0.6153846153846154,0.4444444444444444,3.07302494707577,1.8009231987039434
0.9413285086585681,0.88916015625,2.8455844122715654,0.7688888888888888,0.8028673835125448,0.6706586826347305,4.0,1.6821201483569335
0.952191235059761,0.908745247148289,8.71288892331137,0.7395377832425369,0.9653291780288275,0.9329819277108434,2.188854381999821,0.8568481606054694
0.0,0.0,inf,inf,0.0,0.0,inf,inf
1.0,1.0,0.0,0.0,1.0,1.0,0.0,0.0
1.0,1.0,0.0,0.0,1.0,1.0,0.0,0.0
0.9555555555555556,0.9148936170212766,1.0,0.43333333333333335,1.0,1.0,0.0,0.0
0.8952380952380953,0.8103448275862069,4.0,0.5869565217391305,1.0,1.0,0.0,0.0
1.0,1.0,0.0,0.0,1.0,1.0,0.0,0.0
0.966157532195268,0.9345307068366164,1.4142135623730951,0.6259005719072992,1.0,1.0,0.0,0.0
0.9203463203463204,0.8524458700882117,2.8370057685088828,0.8823529411764706,0.946047678795483,0.8976190476190476,3.0605551275463783,1.0701108832203445
0.8162162162162162,0.6894977168949772,2.0472135954999553,0.7450751745150196,0.9152542372881356,0.84375,2.0,0.7628812384238993
1.0,1.0,0.0,0.0,1.0,1.0,0.0,0.0
0.9591194968553459,0.9214501510574018,1.4142135623730951,0.5695215095021205,1.0,1.0,0.0,0.0
0.0,0.0,inf,inf,1.0,1.0,0.0,0.0
0.9230769230769231,0.8571428571428571,1.4142135623730951,0.5571414423994725,1.0,1.0,0.0,0.0
1.0,1.0,0.0,0.0,1.0,1.0,0.0,0.0
1.0,1.0,0.0,0.0,1.0,1.0,0.0,0.0
0.9299065420560748,0.868995633187773,1.0,0.46340725548022976,1.0,1.0,0.0,0.0
1.0,1.0,0.0,0.0,1.0,1.0,0.0,0.0
1.0,1.0,0.0,0.0,1.0,1.0,0.0,0.0
1.0,1.0,0.0,0.0,0.0,0.0,inf,inf
1.0,1.0,0.0,0.0,1.0,1.0,0.0,0.0
1.0,1.0,0.0,0.0,1.0,1.0,0.0,0.0
0.903273370687113,0.8236084969077709,6.94164078649986,1.495498611820368,0.8368883312421581,0.7195253505933118,4.0,1.2297355883043597
1.0,1.0,0.0,0.0,1.0,1.0,0.0,0.0
0.0,0.0,inf,inf,1.0,1.0,0.0,0.0
1.0,1.0,0.0,0.0,0.0,0.0,inf,inf
0.9314495028780743,0.871694417238002,3.1622776601683795,0.9668065204526639,1.0,1.0,0.0,0.0
0.0,0.0,inf,inf,1.0,1.0,0.0,0.0
1.0,1.0,0.0,0.0,1.0,1.0,0.0,0.0
1.0,1.0,0.0,0.0,1.0,1.0,0.0,0.0
1.0,1.0,0.0,0.0,1.0,1.0,0.0,0.0
0.0,0.0,inf,inf,1.0,1.0,0.0,0.0
0.9772241992882562,0.9554627696590118,10.651654745948505,0.38368816091323205,1.0,1.0,0.0,0.0
0.9618441971383148,0.9264931087289433,1.0,0.42857142857142855,1.0,1.0,0.0,0.0
1.0,1.0,0.0,0.0,1.0,1.0,0.0,0.0
0.0,0.0,inf,inf,1.0,1.0,0.0,0.0
1.0,1.0,0.0,0.0,1.0,1.0,0.0,0.0
0.9781601588352085,0.9572538860103627,1.0,0.3125,1.0,1.0,0.0,0.0
0.9611650485436893,0.9252336448598131,1.4142135623730951,0.6320554435092486,1.0,1.0,0.0,0.0
0.0,0.0,inf,inf,1.0,1.0,0.0,0.0
0.0,0.0,inf,inf,1.0,1.0,0.0,0.0
0.9370860927152318,0.881619937694704,3.0,0.9332522668390839,1.0,1.0,0.0,0.0
1.0,1.0,0.0,0.0,0.0,0.0,inf,inf
0.9097345132743363,0.8344155844155844,3.1622776601683795,1.1752908225621768,1.0,1.0,0.0,0.0
1.0,1.0,0.0,0.0,1.0,1.0,0.0,0.0
1.0,1.0,0.0,0.0,1.0,1.0,0.0,0.0
1.0,1.0,0.0,0.0,1.0,1.0,0.0,0.0
1.0,1.0,0.0,0.0,1.0,1.0,0.0,0.0
1.0,1.0,0.0,0.0,1.0,1.0,0.0,0.0
1.0,1.0,0.0,0.0,0.0,0.0,inf,inf
1.0,1.0,0.0,0.0,1.0,1.0,0.0,0.0
0.9532710280373832,0.9107142857142857,2.23606797749979,0.5022662217838533,1.0,1.0,0.0,0.0
0.0,0.0,inf,inf,1.0,1.0,0.0,0.0
0.926829268292683,0.8636363636363636,6.959674775249658,0.6071428571428571,1.0,1.0,0.0,0.0
0.8831168831168831,0.7906976744186046,2.0,0.8558375965793723,1.0,1.0,0.0,0.0
0.9333333333333333,0.875,2.0,0.5930232558139535,1.0,1.0,0.0,0.0
1.0,1.0,0.0,0.0,1.0,1.0,0.0,0.0
1.0,1.0,0.0,0.0,1.0,1.0,0.0,0.0
1.0,1.0,0.0,0.0,1.0,1.0,0.0,0.0
1.0,1.0,0.0,0.0,1.0,1.0,0.0,0.0
0.0,0.0,inf,inf,1.0,1.0,0.0,0.0
1.0,1.0,0.0,0.0,1.0,1.0,0.0,0.0
1.0,1.0,0.0,0.0,0.0,0.0,inf,inf
0.9448071216617211,0.8953880764904387,2.8284271247461903,0.7040816326530612,1.0,1.0,0.0,0.0
1.0,1.0,0.0,0.0,1.0,1.0,0.0,0.0
1.0,1.0,0.0,0.0,1.0,1.0,0.0,0.0
1.0,1.0,0.0,0.0,1.0,1.0,0.0,0.0
0.9656964656964657,0.9336683417085427,2.0,0.5092592592592593,1.0,1.0,0.0,0.0
0.9499575911789653,0.9046849757673667,2.0,0.5368481896263556,1.0,1.0,0.0,0.0
1.0,1.0,0.0,0.0,1.0,1.0,0.0,0.0
1.0,1.0,0.0,0.0,1.0,1.0,0.0,0.0
0.9497586268549973,0.9043241402791965,5.269615364994126,0.6506120506700301,0.9048067860508954,0.8261617900172117,2.8284271247461903,1.1352514139876353
1.0,1.0,0.0,0.0,1.0,1.0,0.0,0.0
1.0,1.0,0.0,0.0,1.0,1.0,0.0,0.0
1.0,1.0,0.0,0.0,1.0,1.0,0.0,0.0
0.0,0.0,inf,inf,1.0,1.0,0.0,0.0
0.9232480533926585,0.8574380165289256,2.0,0.7886117907590303,1.0,1.0,0.0,0.0
1.0,1.0,0.0,0.0,1.0,1.0,0.0,0.0
1.0,1.0,0.0,0.0,0.0,0.0,inf,inf
0.9066265060240963,0.8292011019283747,4.683281572999736,0.9182706622564482,1.0,1.0,0.0,0.0
1.0,1.0,0.0,0.0,0.0,0.0,inf,inf
1.0,1.0,0.0,0.0,0.0,0.0,inf,inf
1.0,1.0,0.0,0.0,1.0,1.0,0.0,0.0
0.9609704641350211,0.9248730964467005,7.0710678118654755,0.48623853211009177,1.0,1.0,0.0,0.0
1.0,1.0,0.0,0.0,1.0,1.0,0.0,0.0
0.9472874182377837,0.8998538011695907,2.861812178288407,0.8470011631809861,1.0,1.0,0.0,0.0
1.0,1.0,0.0,0.0,1.0,1.0,0.0,0.0
0.9249169435215947,0.8603213844252163,2.8284271247461903,0.7281553398058253,0.9484126984126984,0.9018867924528302,2.8284271247461903,0.9574374284465255
0.9459798994974874,0.8974970202622169,4.947213595499946,0.6907830235046435,0.9113130680037606,0.8370754173862982,4.123105625617661,1.2599980094245706
1.0,1.0,0.0,0.0,1.0,1.0,0.0,0.0
0.9811023622047244,0.9629057187017002,1.0,0.3643410852713178,1.0,1.0,0.0,0.0
0.9433844228964654,0.8928359976317347,2.0,0.5633384445141605,1.0,1.0,0.0,0.0
1.0,1.0,0.0,0.0,1.0,1.0,0.0,0.0
1.0,1.0,0.0,0.0,1.0,1.0,0.0,0.0
0.9244212785528131,0.8594640820980616,8.756201256373043,1.1001383914438019,0.8583840139009556,0.7519025875190258,3.644996147917588,1.4608465137288162
1.0,1.0,0.0,0.0,1.0,1.0,0.0,0.0
0.9360743452548578,0.8798305982001059,2.8284271247461903,1.2453203469781824,0.9595319356411507,0.922211808809747,2.23606797749979,0.7601590591054934
1.0,1.0,0.0,0.0,1.0,1.0,0.0,0.0
0.9234793982995422,0.8578371810449574,3.0,0.8483875646480438,0.8108108108108109,0.6818181818181818,2.23606797749979,0.8451596081796784
1.0,1.0,0.0,0.0,1.0,1.0,0.0,0.0
0.9502086230876217,0.9051404345521993,2.0,0.48863636363636365,1.0,1.0,0.0,0.0
1.0,1.0,0.0,0.0,1.0,1.0,0.0,0.0
1.0,1.0,0.0,0.0,1.0,1.0,0.0,0.0
1.0,1.0,0.0,0.0,0.0,0.0,inf,inf
0.0,0.0,inf,inf,0.0,0.0,inf,inf
0.9235793598954931,0.8580097087378641,3.36333076527839,0.8372968817564743,1.0,1.0,0.0,0.0
0.8690728945506015,0.7684605757196495,3.0,0.6280871386578574,0.8275862068965517,0.7058823529411765,2.0,0.9741963281073743
0.39285714285714285,0.24444444444444444,4.242640687119285,0.6,0.9436893203883495,0.8933823529411765,2.23606797749979,0.9710823674384926
0.9654194006029437,0.9331504970860474,2.0,0.6154511122160002,0.8775510204081632,0.7818181818181819,2.23606797749979,1.125683970599377
0.9613572101790764,0.925589836660617,1.0,0.4457831325301205,0.9045936395759717,0.8258064516129032,1.0,0.6578947368421053
1.0,1.0,0.0,0.0,1.0,1.0,0.0,0.0
1.0,1.0,0.0,0.0,1.0,1.0,0.0,0.0
0.9528301886792453,0.9099099099099099,2.0,0.7059714022681126,1.0,1.0,0.0,0.0
1.0,1.0,0.0,0.0,1.0,1.0,0.0,0.0
0.9802169751116784,0.9612015018773467,1.0,0.29896907216494845,1.0,1.0,0.0,0.0
0.9424083769633508,0.8910891089108911,19.804439652068684,0.33793570624858993,0.8933333333333333,0.8072289156626506,2.0,0.8440946582113878
0.956543708943911,0.9167070217917676,2.0,0.4421378293341118,1.0,1.0,0.0,0.0
0.0,0.0,inf,inf,0.0,0.0,inf,inf
1.0,1.0,0.0,0.0,1.0,1.0,0.0,0.0
0.0,0.0,inf,inf,1.0,1.0,0.0,0.0
1.0,1.0,0.0,0.0,1.0,1.0,0.0,0.0
0.956268221574344,0.9162011173184358,1.0,0.25,1.0,1.0,0.0,0.0
1.0,1.0,0.0,0.0,1.0,1.0,0.0,0.0
0.9826875515251443,0.965964343598055,1.0,0.3228346456692913,1.0,1.0,0.0,0.0
1.0,1.0,0.0,0.0,1.0,1.0,0.0,0.0
1.0,1.0,0.0,0.0,1.0,1.0,0.0,0.0
0.9069767441860465,0.8297872340425532,2.0,0.5962775071574926,0.9254079254079254,0.8611713665943601,2.0,0.7546918160678028
0.9608167770419426,0.9245884227296867,2.0,0.6229571005388533,1.0,1.0,0.0,0.0
0.9764279238440616,0.953941541186891,1.0,0.4444444444444444,1.0,1.0,0.0,0.0
0.9297155933311539,0.868662186927306,2.0,0.7594456382396048,0.9072164948453608,0.8301886792452831,1.0,0.48717948717948717
0.9124877089478859,0.8390596745027125,3.0,1.0394736842105263,1.0,1.0,0.0,0.0
1.0,1.0,0.0,0.0,1.0,1.0,0.0,0.0
0.0,0.0,inf,inf,1.0,1.0,0.0,0.0
0.0,0.0,inf,inf,1.0,1.0,0.0,0.0
1.0,1.0,0.0,0.0,1.0,1.0,0.0,0.0
1.0,1.0,0.0,0.0,1.0,1.0,0.0,0.0
0.9859681945743686,0.9723247232472325,1.0,0.24345911784562105,1.0,1.0,0.0,0.0
1.0,1.0,0.0,0.0,1.0,1.0,0.0,0.0
1.0,1.0,0.0,0.0,1.0,1.0,0.0,0.0
0.0,0.0,inf,inf,1.0,1.0,0.0,0.0
1.0,1.0,0.0,0.0,1.0,1.0,0.0,0.0
0.9287671232876712,0.8670076726342711,10.0,1.0813867213556232,0.9650655021834061,0.9324894514767933,2.23606797749979,0.8859496994081367
1.0,1.0,0.0,0.0,1.0,1.0,0.0,0.0
1.0,1.0,0.0,0.0,1.0,1.0,0.0,0.0
0.0,0.0,inf,inf,1.0,1.0,0.0,0.0
0.9685314685314685,0.9389830508474576,1.0,0.3291139240506329,1.0,1.0,0.0,0.0
1.0,1.0,0.0,0.0,1.0,1.0,0.0,0.0
1.0,1.0,0.0,0.0,1.0,1.0,0.0,0.0
1.0,1.0,0.0,0.0,1.0,1.0,0.0,0.0
1.0,1.0,0.0,0.0,0.0,0.0,inf,inf
0.0,0.0,inf,inf,1.0,1.0,0.0,0.0
1.0,1.0,0.0,0.0,1.0,1.0,0.0,0.0
1.0,1.0,0.0,0.0,1.0,1.0,0.0,0.0
0.8819444444444444,0.7888198757763976,1.4142135623730951,0.5870097073805952,0.9805330937406409,0.9618096357226792,2.0,0.5414523874801789
1.0,1.0,0.0,0.0,0.0,0.0,inf,inf
0.0,0.0,inf,inf,0.0,0.0,inf,inf
0.9448275862068966,0.8954248366013072,2.3249218495867363,0.7617677429482047,1.0,1.0,0.0,0.0
1.0,1.0,0.0,0.0,1.0,1.0,0.0,0.0
0.8928571428571429,0.8064516129032258,1.0,0.45098039215686275,0.845771144278607,0.7327586206896551,2.6499999999999986,0.6073686169272965
0.0,0.0,inf,inf,0.0,0.0,inf,inf
1.0,1.0,0.0,0.0,1.0,1.0,0.0,0.0
1.0,1.0,0.0,0.0,1.0,1.0,0.0,0.0
1.0,1.0,0.0,0.0,1.0,1.0,0.0,0.0
1.0,1.0,0.0,0.0,1.0,1.0,0.0,0.0
1.0,1.0,0.0,0.0,1.0,1.0,0.0,0.0
0.0,0.0,inf,inf,1.0,1.0,0.0,0.0
1.0,1.0,0.0,0.0,1.0,1.0,0.0,0.0
0.0,0.0,inf,inf,1.0,1.0,0.0,0.0
1.0,1.0,0.0,0.0,1.0,1.0,0.0,0.0
1.0,1.0,0.0,0.0,1.0,1.0,0.0,0.0
1.0,1.0,0.0,0.0,1.0,1.0,0.0,0.0
0.0,0.0,inf,inf,1.0,1.0,0.0,0.0
0.9618528610354223,0.926509186351706,1.0,0.4126984126984127,1.0,1.0,0.0,0.0
0.9466357308584686,0.8986784140969163,1.4142135623730951,0.4663118110769846,0.9432558139534883,0.8926056338028169,2.23606797749979,0.7077247417785304
1.0,1.0,0.0,0.0,1.0,1.0,0.0,0.0
0.9157792836398838,0.8446428571428571,4.109188309203676,1.239497142904415,1.0,1.0,0.0,0.0
1.0,1.0,0.0,0.0,1.0,1.0,0.0,0.0
1.0,1.0,0.0,0.0,0.0,0.0,inf,inf
0.0,0.0,inf,inf,1.0,1.0,0.0,0.0
0.9445910290237467,0.895,1.4142135623730951,0.3023255813953488,1.0,1.0,0.0,0.0
1.0,1.0,0.0,0.0,0.9494073431627638,0.9036873968079252,3.1622776601683795,0.9077172153249933
1.0,1.0,0.0,0.0,1.0,1.0,0.0,0.0
1.0,1.0,0.0,0.0,1.0,1.0,0.0,0.0
1.0,1.0,0.0,0.0,1.0,1.0,0.0,0.0
0.0,0.0,inf,inf,1.0,1.0,0.0,0.0
1.0,1.0,0.0,0.0,1.0,1.0,0.0,0.0
1.0,1.0,0.0,0.0,1.0,1.0,0.0,0.0
1.0,1.0,0.0,0.0,1.0,1.0,0.0,0.0
1.0,1.0,0.0,0.0,1.0,1.0,0.0,0.0
0.940677966101695,0.888,2.0,0.4044943820224719,1.0,1.0,0.0,0.0
0.9860686374447842,0.9725201072386059,1.0,0.2857142857142857,1.0,1.0,0.0,0.0
1.0,1.0,0.0,0.0,1.0,1.0,0.0,0.0
1.0,1.0,0.0,0.0,1.0,1.0,0.0,0.0
0.9623567921440261,0.9274447949526814,5.0990195135927845,0.33276650429449556,0.9117647058823529,0.8378378378378378,1.0,0.5
0.0,0.0,inf,inf,1.0,1.0,0.0,0.0
0.9272237196765498,0.864321608040201,10.256016620549458,0.6599432243708572,1.0,1.0,0.0,0.0
1.0,1.0,0.0,0.0,1.0,1.0,0.0,0.0
0.0,0.0,inf,inf,0.0,0.0,inf,inf
0.0,0.0,inf,inf,1.0,1.0,0.0,0.0
0.0,0.0,inf,inf,1.0,1.0,0.0,0.0
0.910948905109489,0.8364611260053619,4.188849909443552,1.12101770160183,0.8492307692307692,0.7379679144385026,4.298819019092459,1.2387105359423227
1.0,1.0,0.0,0.0,1.0,1.0,0.0,0.0
1.0,1.0,0.0,0.0,0.9105960264900662,0.8358662613981763,3.0,1.0926563321678173
0.9365586490187129,0.8806866952789699,3.5390602331696326,0.6504393689585156,0.819047619047619,0.6935483870967742,2.0,0.7770950641613702
1.0,1.0,0.0,0.0,0.0,0.0,inf,inf
0.8383838383838383,0.7217391304347827,4.038843615231785,1.2354932512982335,1.0,1.0,0.0,0.0
1.0,1.0,0.0,0.0,1.0,1.0,0.0,0.0
0.898936170212766,0.8164251207729468,2.0,0.6382978723404256,1.0,1.0,0.0,0.0
1.0,1.0,0.0,0.0,1.0,1.0,0.0,0.0
0.9538315088053307,0.9117379435850773,8.437467349637922,0.4476985349554762,0.8167539267015707,0.6902654867256637,2.0,1.0854282396866894
0.0,0.0,inf,inf,1.0,1.0,0.0,0.0
1.0,1.0,0.0,0.0,1.0,1.0,0.0,0.0
0.0,0.0,inf,inf,0.0,0.0,inf,inf
1.0,1.0,0.0,0.0,1.0,1.0,0.0,0.0
1.0,1.0,0.0,0.0,1.0,1.0,0.0,0.0
0.0,0.0,inf,inf,1.0,1.0,0.0,0.0
1.0,1.0,0.0,0.0,1.0,1.0,0.0,0.0
1.0,1.0,0.0,0.0,1.0,1.0,0.0,0.0
1.0,1.0,0.0,0.0,1.0,1.0,0.0,0.0
0.9635627530364372,0.9296875,2.0,0.4803921568627451,1.0,1.0,0.0,0.0
1.0,1.0,0.0,0.0,1.0,1.0,0.0,0.0
1.0,1.0,0.0,0.0,1.0,1.0,0.0,0.0
1.0,1.0,0.0,0.0,1.0,1.0,0.0,0.0
0.0,0.0,inf,inf,1.0,1.0,0.0,0.0
1.0,1.0,0.0,0.0,1.0,1.0,0.0,0.0
0.9427753934191703,0.8917456021650879,2.0,0.7399038033518535,1.0,1.0,0.0,0.0
1.0,1.0,0.0,0.0,1.0,1.0,0.0,0.0
1.0,1.0,0.0,0.0,1.0,1.0,0.0,0.0
1.0,1.0,0.0,0.0,1.0,1.0,0.0,0.0
1.0,1.0,0.0,0.0,1.0,1.0,0.0,0.0
1.0,1.0,0.0,0.0,1.0,1.0,0.0,0.0
0.9785900783289817,0.9580777096114519,1.0,0.2536231884057971,1.0,1.0,0.0,0.0
0.0,0.0,inf,inf,0.0,0.0,inf,inf
0.9756701030927835,0.9524959742351047,1.0,0.32158676712868955,1.0,1.0,0.0,0.0
0.0,0.0,inf,inf,0.0,0.0,inf,inf
1.0,1.0,0.0,0.0,1.0,1.0,0.0,0.0
0.0,0.0,inf,inf,0.0,0.0,inf,inf
1.0,1.0,0.0,0.0,1.0,1.0,0.0,0.0
1.0,1.0,0.0,0.0,1.0,1.0,0.0,0.0
0.0,0.0,inf,inf,1.0,1.0,0.0,0.0
1.0,1.0,0.0,0.0,1.0,1.0,0.0,0.0
1.0,1.0,0.0,0.0,1.0,1.0,0.0,0.0
1.0,1.0,0.0,0.0,1.0,1.0,0.0,0.0
1.0,1.0,0.0,0.0,0.0,0.0,inf,inf
1.0,1.0,0.0,0.0,1.0,1.0,0.0,0.0
1.0,1.0,0.0,0.0,1.0,1.0,0.0,0.0
0.9273182957393483,0.8644859813084113,2.0,0.6924681173935039,0.9795481887448202,0.9599161645271156,1.4142135623730951,0.6343477967946523
0.947547974413646,0.9003241491085899,2.23606797749979,0.9138002298707304,0.8866995073891626,0.7964601769911505,1.0,0.53125
0.0,0.0,inf,inf,1.0,1.0,0.0,0.0
1.0,1.0,0.0,0.0,1.0,1.0,0.0,0.0
1.0,1.0,0.0,0.0,1.0,1.0,0.0,0.0
1.0,1.0,0.0,0.0,1.0,1.0,0.0,0.0
0.9442815249266863,0.8944444444444445,1.4142135623730951,0.44929830514457053,0.968094804010939,0.9381625441696113,1.4142135623730951,0.6368606140689893
0.9228082431016417,0.8566796368352788,11.300730863046862,1.0572678168622476,0.960291734197731,0.9236165237724084,2.23606797749979,0.889383518260285
1.0,1.0,0.0,0.0,1.0,1.0,0.0,0.0
1.0,1.0,0.0,0.0,1.0,1.0,0.0,0.0
1.0,1.0,0.0,0.0,1.0,1.0,0.0,0.0
1.0,1.0,0.0,0.0,1.0,1.0,0.0,0.0
0.9168539325842696,0.8464730290456431,4.254115450513296,0.5169188416225173,1.0,1.0,0.0,0.0
1.0,1.0,0.0,0.0,1.0,1.0,0.0,0.0
1.0,1.0,0.0,0.0,0.9518862766539092,0.908189880020866,3.605551275463989,0.9332842853425285
0.0,0.0,inf,inf,0.0,0.0,inf,inf
0.9755600814663951,0.952286282306163,1.0,0.3575079241431298,1.0,1.0,0.0,0.0
0.9670932358318098,0.9362831858407079,1.4142135623730951,0.5496215285043191,1.0,1.0,0.0,0.0
1.0,1.0,0.0,0.0,1.0,1.0,0.0,0.0
0.0,0.0,inf,inf,1.0,1.0,0.0,0.0
0.9764350453172206,0.9539551357733176,1.0,0.3655913978494624,1.0,1.0,0.0,0.0
1.0,1.0,0.0,0.0,1.0,1.0,0.0,0.0
1.0,1.0,0.0,0.0,1.0,1.0,0.0,0.0
1.0,1.0,0.0,0.0,1.0,1.0,0.0,0.0
0.0,0.0,inf,inf,1.0,1.0,0.0,0.0
1.0,1.0,0.0,0.0,1.0,1.0,0.0,0.0
1.0,1.0,0.0,0.0,1.0,1.0,0.0,0.0
0.9722557297949337,0.9460093896713615,1.0,0.29411764705882354,1.0,1.0,0.0,0.0
1.0,1.0,0.0,0.0,1.0,1.0,0.0,0.0
1.0,1.0,0.0,0.0,1.0,1.0,0.0,0.0
0.0,0.0,inf,inf,1.0,1.0,0.0,0.0
0.9821251241310824,0.9648780487804878,1.0,0.2231404958677686,1.0,1.0,0.0,0.0
0.9638921851161214,0.9303010471204188,3.0,0.7453871759458007,1.0,1.0,0.0,0.0
0.0,0.0,inf,inf,1.0,1.0,0.0,0.0
0.9526745240253853,0.9096260387811634,5.0,0.7126654021091259,0.9075907590759076,0.8308157099697885,2.0,0.8330751118287468
1.0,1.0,0.0,0.0,1.0,1.0,0.0,0.0
0.9388998387385773,0.8848362039851402,6.082762530298219,0.9411719405094068,0.8696461824953445,0.7693574958813838,4.218733674818958,1.6256594997622729
1.0,1.0,0.0,0.0,1.0,1.0,0.0,0.0
0.9674591131343787,0.9369693011103853,3.0,0.654604188274269,1.0,1.0,0.0,0.0
1.0,1.0,0.0,0.0,1.0,1.0,0.0,0.0
0.9816333224007872,0.9639291465378422,1.0,0.4816780877236462,1.0,1.0,0.0,0.0
0.9330175913396481,0.8744451490171211,2.0,0.6290150750410272,1.0,1.0,0.0,0.0
0.9158878504672897,0.8448275862068966,1.0,0.42424242424242425,1.0,1.0,0.0,0.0
1.0,1.0,0.0,0.0,1.0,1.0,0.0,0.0
0.7894736842105263,0.6521739130434783,2.0,0.64,1.0,1.0,0.0,0.0
1.0,1.0,0.0,0.0,1.0,1.0,0.0,0.0
0.9614457831325302,0.925754060324826,1.4142135623730951,0.40021535700565297,1.0,1.0,0.0,0.0
0.8831683168316832,0.7907801418439716,6.275872022286234,1.9268066392174399,1.0,1.0,0.0,0.0
1.0,1.0,0.0,0.0,1.0,1.0,0.0,0.0
0.9434724091520862,0.8929936305732484,4.242640687119285,0.6735185859557437,0.9157509157509157,0.8445945945945946,2.0,0.6607142857142857
0.9362549800796812,0.8801498127340824,1.4142135623730951,0.5260475906812979,1.0,1.0,0.0,0.0
0.9416195856873822,0.8896797153024911,2.23606797749979,0.7105263157894737,0.0,0.0,inf,inf
0.0,0.0,inf,inf,1.0,1.0,0.0,0.0
0.9808917197452229,0.9625,1.0,0.2743362831858407,0.0,0.0,5.299321219071988,3.1622776601683795
0.9155405405405406,0.8442367601246106,3.0,0.7041667833849409,1.0,1.0,0.0,0.0
1.0,1.0,0.0,0.0,1.0,1.0,0.0,0.0
1.0,1.0,0.0,0.0,0.0,0.0,inf,inf
1.0,1.0,0.0,0.0,1.0,1.0,0.0,0.0
0.9537366548042705,0.9115646258503401,2.0,0.5360824742268041,1.0,1.0,0.0,0.0
1.0,1.0,0.0,0.0,1.0,1.0,0.0,0.0
0.9815950920245399,0.963855421686747,1.0,0.3181818181818182,1.0,1.0,0.0,0.0
0.9545454545454546,0.9130434782608695,1.0,0.3333333333333333,1.0,1.0,0.0,0.0
1.0,1.0,0.0,0.0,1.0,1.0,0.0,0.0
0.0,0.0,inf,inf,0.0,0.0,inf,inf
1.0,1.0,0.0,0.0,1.0,1.0,0.0,0.0
1.0,1.0,0.0,0.0,1.0,1.0,0.0,0.0
0.9216589861751152,0.8547008547008547,2.8284271247461903,1.1070930167008,1.0,1.0,0.0,0.0
1.0,1.0,0.0,0.0,1.0,1.0,0.0,0.0
0.9340974212034384,0.8763440860215054,1.4142135623730951,0.5233057390306349,1.0,1.0,0.0,0.0
1.0,1.0,0.0,0.0,1.0,1.0,0.0,0.0
1.0,1.0,0.0,0.0,1.0,1.0,0.0,0.0
0.9338235294117647,0.8758620689655172,1.4142135623730951,0.38802235921588984,1.0,1.0,0.0,0.0
0.9752832131822863,0.9517587939698492,1.0,0.4205607476635514,1.0,1.0,0.0,0.0
0.9660537482319661,0.9343365253077975,1.0,0.41379310344827586,1.0,1.0,0.0,0.0
1.0,1.0,0.0,0.0,1.0,1.0,0.0,0.0
0.9399198931909212,0.8866498740554156,1.4142135623730951,0.43283582089552236,1.0,1.0,0.0,0.0
0.0,0.0,inf,inf,1.0,1.0,0.0,0.0
0.957002457002457,0.917550058892815,3.0,0.6043413832811508,1.0,1.0,0.0,0.0
1.0,1.0,0.0,0.0,1.0,1.0,0.0,0.0
1.0,1.0,0.0,0.0,1.0,1.0,0.0,0.0
1.0,1.0,0.0,0.0,1.0,1.0,0.0,0.0
1.0,1.0,0.0,0.0,1.0,1.0,0.0,0.0
0.930835734870317,0.8706199460916442,2.0,0.5555555555555556,1.0,1.0,0.0,0.0
0.34545454545454546,0.2087912087912088,7.330931975923711,3.431034535229055,1.0,1.0,0.0,0.0
0.985014985014985,0.9704724409448819,1.0,0.29931972789115646,1.0,1.0,0.0,0.0
1.0,1.0,0.0,0.0,1.0,1.0,0.0,0.0
0.9564293304994687,0.9164969450101833,3.1888543819997777,0.5927210106108132,1.0,1.0,0.0,0.0
1.0,1.0,0.0,0.0,1.0,1.0,0.0,0.0
0.0,0.0,inf,inf,1.0,1.0,0.0,0.0
0.9433538979248458,0.8927813163481954,2.23606797749979,0.7610528100543447,1.0,1.0,0.0,0.0
0.9792899408284024,0.9594202898550724,1.0,0.3132303427085851,1.0,1.0,0.0,0.0
0.0,0.0,inf,inf,1.0,1.0,0.0,0.0
1.0,1.0,0.0,0.0,1.0,1.0,0.0,0.0
1.0,1.0,0.0,0.0,1.0,1.0,0.0,0.0
0.9044585987261147,0.8255813953488372,2.3249218495867447,0.9362515431630937,1.0,1.0,0.0,0.0
1.0,1.0,0.0,0.0,1.0,1.0,0.0,0.0
0.9483614697120158,0.9017941454202077,4.242640687119285,0.8451656013408081,1.0,1.0,0.0,0.0
1.0,1.0,0.0,0.0,1.0,1.0,0.0,0.0
1.0,1.0,0.0,0.0,1.0,1.0,0.0,0.0
1.0,1.0,0.0,0.0,1.0,1.0,0.0,0.0
1.0,1.0,0.0,0.0,1.0,1.0,0.0,0.0
0.8528301886792453,0.743421052631579,1.4142135623730951,0.6800614113283554,0.8780487804878049,0.782608695652174,1.0,0.5769230769230769
0.8918918918918919,0.8048780487804879,1.2899494936611648,0.6592415753639146,1.0,1.0,0.0,0.0
1.0,1.0,0.0,0.0,1.0,1.0,0.0,0.0
0.9522663457681508,0.9088820826952527,2.0,0.6231884057971014,1.0,1.0,0.0,0.0
0.9539240506329114,0.9119070667957405,2.0,0.441154059508578,1.0,1.0,0.0,0.0
1.0,1.0,0.0,0.0,1.0,1.0,0.0,0.0
0.0,0.0,inf,inf,0.0,0.0,inf,inf
0.8611111111111112,0.7560975609756098,1.0,0.47368421052631576,1.0,1.0,0.0,0.0
1.0,1.0,0.0,0.0,1.0,1.0,0.0,0.0
1.0,1.0,0.0,0.0,1.0,1.0,0.0,0.0
1.0,1.0,0.0,0.0,1.0,1.0,0.0,0.0
1.0,1.0,0.0,0.0,1.0,1.0,0.0,0.0
1.0,1.0,0.0,0.0,1.0,1.0,0.0,0.0
1.0,1.0,0.0,0.0,1.0,1.0,0.0,0.0
1.0,1.0,0.0,0.0,1.0,1.0,0.0,0.0
1.0,1.0,0.0,0.0,1.0,1.0,0.0,0.0
1.0,1.0,0.0,0.0,1.0,1.0,0.0,0.0
0.9858695652173913,0.9721329046087889,1.0,0.24299065420560748,1.0,1.0,0.0,0.0
0.9813242784380306,0.9633333333333334,1.0,0.26242995819722786,1.0,1.0,0.0,0.0
0.9512893982808023,0.907103825136612,1.4142135623730951,0.43548387096774194,1.0,1.0,0.0,0.0
0.0,0.0,inf,inf,1.0,1.0,0.0,0.0
1.0,1.0,0.0,0.0,1.0,1.0,0.0,0.0
0.0,0.0,inf,inf,1.0,1.0,0.0,0.0
1.0,1.0,0.0,0.0,1.0,1.0,0.0,0.0
0.0,0.0,inf,inf,0.0,0.0,inf,inf
0.9122807017543859,0.8387096774193549,2.212461179749812,0.6527777777777778,1.0,1.0,0.0,0.0
0.9851485148514851,0.9707317073170731,1.0,0.30173050852080446,1.0,1.0,0.0,0.0
0.9500165508109898,0.9047919293820933,2.0,0.44628246814341055,1.0,1.0,0.0,0.0
0.981114693689544,0.9629294755877035,1.0,0.33613445378151263,1.0,1.0,0.0,0.0
0.0,0.0,2.9770357236346614,2.0995864094170424,1.0,1.0,0.0,0.0
1.0,1.0,0.0,0.0,1.0,1.0,0.0,0.0
1.0,1.0,0.0,0.0,1.0,1.0,0.0,0.0
0.9280125195618153,0.8656934306569343,2.23606797749979,0.9047675476105617,0.0,0.0,inf,inf
0.9609507640067911,0.9248366013071896,1.0,0.38181818181818183,1.0,1.0,0.0,0.0
1.0,1.0,0.0,0.0,1.0,1.0,0.0,0.0
1.0,1.0,0.0,0.0,0.0,0.0,inf,inf
0.900974858902001,0.8197945845004668,2.354539806949063,0.8773233544918428,1.0,1.0,0.0,0.0
1.0,1.0,0.0,0.0,1.0,1.0,0.0,0.0
0.9282479141835518,0.8661032028469751,4.0,0.9123562389624764,1.0,1.0,0.0,0.0
1.0,1.0,0.0,0.0,1.0,1.0,0.0,0.0
1.0,1.0,0.0,0.0,1.0,1.0,0.0,0.0
0.0,0.0,inf,inf,1.0,1.0,0.0,0.0
1.0,1.0,0.0,0.0,1.0,1.0,0.0,0.0
1.0,1.0,0.0,0.0,1.0,1.0,0.0,0.0
0.9474497681607419,0.9001468428781204,3.0,0.7069545541617891,1.0,1.0,0.0,0.0
0.0,0.0,inf,inf,1.0,1.0,0.0,0.0
1.0,1.0,0.0,0.0,0.9340909090909091,0.8763326226012793,2.0,0.6084138844160698
1.0,1.0,0.0,0.0,1.0,1.0,0.0,0.0
1.0,1.0,0.0,0.0,1.0,1.0,0.0,0.0
0.0,0.0,inf,inf,1.0,1.0,0.0,0.0
0.9540750323415266,0.9121830550401979,7.810249675906654,0.40669417382415923,1.0,1.0,0.0,0.0
0.0,0.0,inf,inf,0.0,0.0,inf,inf
0.9777918781725888,0.9565487274984482,12.758970336262589,0.32857142857142857,1.0,1.0,0.0,0.0
0.9090909090909091,0.8333333333333334,2.0,0.9338803313835438,0.9812813076720274,0.9632505175983437,1.4142135623730951,0.5813001641646588
0.0,0.0,inf,inf,0.0,0.0,inf,inf
1.0,1.0,0.0,0.0,1.0,1.0,0.0,0.0
1.0,1.0,0.0,0.0,1.0,1.0,0.0,0.0
1.0,1.0,0.0,0.0,1.0,1.0,0.0,0.0
1.0,1.0,0.0,0.0,0.0,0.0,inf,inf
0.0,0.0,inf,inf,0.0,0.0,inf,inf
1.0,1.0,0.0,0.0,0.0,0.0,inf,inf
1.0,1.0,0.0,0.0,0.9639175257731959,0.9303482587064676,1.0,0.30864197530864196
0.958974358974359,0.9211822660098522,1.4142135623730951,0.4773459080339013,1.0,1.0,0.0,0.0
1.0,1.0,0.0,0.0,1.0,1.0,0.0,0.0
1.0,1.0,0.0,0.0,1.0,1.0,0.0,0.0
1.0,1.0,0.0,0.0,0.9375,0.8823529411764706,2.0,0.42394745771685577
0.0,0.0,inf,inf,0.0,0.0,inf,inf
0.9014925373134328,0.8206521739130435,1.4142135623730951,0.5581395348837209,1.0,1.0,0.0,0.0
1.0,1.0,0.0,0.0,1.0,1.0,0.0,0.0
0.9761308629611083,0.9533746331920443,2.0,0.5130434782608696,1.0,1.0,0.0,0.0
1.0,1.0,0.0,0.0,1.0,1.0,0.0,0.0
1.0,1.0,0.0,0.0,1.0,1.0,0.0,0.0
0.9724857685009488,0.9464450600184672,1.0,0.4690265486725664,1.0,1.0,0.0,0.0
1.0,1.0,0.0,0.0,1.0,1.0,0.0,0.0
1.0,1.0,0.0,0.0,0.0,0.0,inf,inf
0.9266903914590747,0.863395225464191,3.1622776601683795,0.7339431858508176,1.0,1.0,0.0,0.0
0.9166666666666666,0.8461538461538461,1.0,0.5324675324675324,0.9694263139814496,0.9406666666666667,1.0,0.5474452554744526
0.9551304347826087,0.9141145139813582,2.7099552952968833,0.5747274727300524,1.0,1.0,0.0,0.0
0.9338677354709419,0.8759398496240601,1.0,0.5,1.0,1.0,0.0,0.0
1.0,1.0,0.0,0.0,1.0,1.0,0.0,0.0
1.0,1.0,0.0,0.0,0.0,0.0,inf,inf
1.0,1.0,0.0,0.0,1.0,1.0,0.0,0.0
1.0,1.0,0.0,0.0,0.0,0.0,inf,inf
0.9818857408267534,0.9644160583941606,1.0,0.3181818181818182,1.0,1.0,0.0,0.0
0.8881118881118881,0.7987421383647799,2.0,0.5245773226457855,1.0,1.0,0.0,0.0
1.0,1.0,0.0,0.0,1.0,1.0,0.0,0.0
1.0,1.0,0.0,0.0,0.0,0.0,inf,inf
0.0,0.0,inf,inf,1.0,1.0,0.0,0.0
0.982995951417004,0.9665605095541401,1.0,0.2932436211220635,1.0,1.0,0.0,0.0
1.0,1.0,0.0,0.0,1.0,1.0,0.0,0.0
0.916030534351145,0.8450704225352113,1.4142135623730951,0.5747234246762333,1.0,1.0,0.0,0.0
1.0,1.0,0.0,0.0,1.0,1.0,0.0,0.0
0.9582963620230701,0.919931856899489,1.0,0.4173834027086726,0.9420654911838791,0.8904761904761904,1.4142135623730951,0.6652713951864506
1.0,1.0,0.0,0.0,1.0,1.0,0.0,0.0
0.9479813664596274,0.9011070110701107,9.899494936611665,0.7679927737353913,0.7393939393939394,0.5865384615384616,2.991421356237309,1.2466538195935053
0.9090909090909091,0.8333333333333334,2.23606797749979,0.6471832940904406,0.9793336145086461,0.959504132231405,1.4142135623730951,0.6327293214861108
1.0,1.0,0.0,0.0,1.0,1.0,0.0,0.0
0.0,0.0,inf,inf,0.0,0.0,inf,inf
1.0,1.0,0.0,0.0,1.0,1.0,0.0,0.0
0.9455406471981057,0.8967065868263473,2.0,0.5108695652173914,1.0,1.0,0.0,0.0
1.0,1.0,0.0,0.0,1.0,1.0,0.0,0.0
1.0,1.0,0.0,0.0,1.0,1.0,0.0,0.0
1.0,1.0,0.0,0.0,1.0,1.0,0.0,0.0
0.9137426900584795,0.8411843876177658,3.605551275463989,0.5956495596844291,1.0,1.0,0.0,0.0
1.0,1.0,0.0,0.0,0.0,0.0,inf,inf
0.0,0.0,inf,inf,1.0,1.0,0.0,0.0
1.0,1.0,0.0,0.0,1.0,1.0,0.0,0.0
1.0,1.0,0.0,0.0,1.0,1.0,0.0,0.0
1.0,1.0,0.0,0.0,1.0,1.0,0.0,0.0
0.9520361990950226,0.9084628670120898,2.0,0.5435660171779821,1.0,1.0,0.0,0.0
1.0,1.0,0.0,0.0,1.0,1.0,0.0,0.0
1.0,1.0,0.0,0.0,1.0,1.0,0.0,0.0
0.0,0.0,inf,inf,1.0,1.0,0.0,0.0
1.0,1.0,0.0,0.0,1.0,1.0,0.0,0.0
1.0,1.0,0.0,0.0,0.0,0.0,inf,inf
0.0,0.0,inf,inf,0.0,0.0,inf,inf
1.0,1.0,0.0,0.0,1.0,1.0,0.0,0.0
1.0,1.0,0.0,0.0,1.0,1.0,0.0,0.0
0.0,0.0,inf,inf,1.0,1.0,0.0,0.0
1.0,1.0,0.0,0.0,1.0,1.0,0.0,0.0
1.0,1.0,0.0,0.0,1.0,1.0,0.0,0.0
0.9558665231431647,0.9154639175257732,2.0,0.6643505831410376,1.0,1.0,0.0,0.0
1.0,1.0,0.0,0.0,1.0,1.0,0.0,0.0
0.9700538358008075,0.9418490689317217,2.914213562373095,0.5123353025252086,1.0,1.0,0.0,0.0
1.0,1.0,0.0,0.0,1.0,1.0,0.0,0.0
0.0,0.0,inf,inf,0.0,0.0,inf,inf
1.0,1.0,0.0,0.0,1.0,1.0,0.0,0.0
0.0,0.0,inf,inf,1.0,1.0,0.0,0.0
1.0,1.0,0.0,0.0,1.0,1.0,0.0,0.0
1.0,1.0,0.0,0.0,0.0,0.0,inf,inf
1.0,1.0,0.0,0.0,1.0,1.0,0.0,0.0
1.0,1.0,0.0,0.0,0.736,0.5822784810126582,2.0,0.4970418469783826
1.0,1.0,0.0,0.0,0.9459901800327333,0.8975155279503105,2.23606797749979,0.5882352941176471
0.933953488372093,0.8760907504363001,2.0,1.071472431797094,1.0,1.0,0.0,0.0
1.0,1.0,0.0,0.0,1.0,1.0,0.0,0.0
1.0,1.0,0.0,0.0,1.0,1.0,0.0,0.0
0.0,0.0,inf,inf,1.0,1.0,0.0,0.0
0.0,0.0,inf,inf,0.0,0.0,inf,inf
1.0,1.0,0.0,0.0,1.0,1.0,0.0,0.0
1.0,1.0,0.0,0.0,1.0,1.0,0.0,0.0
0.0,0.0,inf,inf,0.0,0.0,inf,inf
1.0,1.0,0.0,0.0,1.0,1.0,0.0,0.0
1.0,1.0,0.0,0.0,0.0,0.0,inf,inf
1.0,1.0,0.0,0.0,1.0,1.0,0.0,0.0
0.9642492339121552,0.9309664694280079,1.0,0.43037974683544306,1.0,1.0,0.0,0.0
1.0,1.0,0.0,0.0,0.0,0.0,inf,inf
0.935832732516222,0.8794037940379403,2.8284271247461903,0.5712248407774574,0.8993630573248408,0.8171296296296297,3.0,0.8858033220924034
1.0,1.0,0.0,0.0,0.9606147934678194,0.9242144177449169,1.0,0.3562001490370669
0.9693506493506493,0.9405241935483871,1.4142135623730951,0.4631717419082574,1.0,1.0,0.0,0.0
1.0,1.0,0.0,0.0,1.0,1.0,0.0,0.0
1.0,1.0,0.0,0.0,1.0,1.0,0.0,0.0
0.9465811965811965,0.8985801217038539,7.0710678118654755,0.5271964146610211,0.8,0.6666666666666666,1.2899494936611648,0.7083333333333334
1.0,1.0,0.0,0.0,1.0,1.0,0.0,0.0
0.9354361754558896,0.8787037037037037,3.0,0.8609075048324443,0.8431703204047217,0.7288629737609329,3.0,1.3982153704498694
0.9538971807628525,0.911857958148383,11.495680018936644,0.4225352112676056,0.0,0.0,inf,inf
0.9792993630573248,0.9594383775351014,1.0,0.27058823529411763,1.0,1.0,0.0,0.0
1.0,1.0,0.0,0.0,1.0,1.0,0.0,0.0
0.0,0.0,inf,inf,1.0,1.0,0.0,0.0
1.0,1.0,0.0,0.0,1.0,1.0,0.0,0.0
1.0,1.0,0.0,0.0,1.0,1.0,0.0,0.0
0.0,0.0,inf,inf,0.0,0.0,inf,inf
0.0,0.0,inf,inf,0.0,0.0,inf,inf
0.9632352941176471,0.9290780141843972,1.0,0.3333333333333333,1.0,1.0,0.0,0.0
1.0,1.0,0.0,0.0,1.0,1.0,0.0,0.0
1.0,1.0,0.0,0.0,0.0,0.0,inf,inf
0.9663865546218487,0.9349593495934959,1.0,0.40517766952966366,1.0,1.0,0.0,0.0
0.0,0.0,inf,inf,1.0,1.0,0.0,0.0
1.0,1.0,0.0,0.0,1.0,1.0,0.0,0.0
0.8922742110990207,0.8055009823182712,5.0,0.9967344606359883,0.2222222222222222,0.125,3.0,1.3333333333333333
1.0,1.0,0.0,0.0,1.0,1.0,0.0,0.0
1.0,1.0,0.0,0.0,1.0,1.0,0.0,0.0
1.0,1.0,0.0,0.0,1.0,1.0,0.0,0.0
1.0,1.0,0.0,0.0,1.0,1.0,0.0,0.0
0.7614678899082569,0.6148148148148148,8.0,2.544848604383048,1.0,1.0,0.0,0.0
0.0,0.0,inf,inf,1.0,1.0,0.0,0.0
0.0,0.0,inf,inf,0.0,0.0,inf,inf
1.0,1.0,0.0,0.0,1.0,1.0,0.0,0.0
0.0,0.0,inf,inf,0.0,0.0,inf,inf
0.0,0.0,inf,inf,1.0,1.0,0.0,0.0
0.9795918367346939,0.96,1.0,0.37168141592920356,1.0,1.0,0.0,0.0
1.0,1.0,0.0,0.0,1.0,1.0,0.0,0.0
0.0,0.0,inf,inf,0.0,0.0,inf,inf
1.0,1.0,0.0,0.0,1.0,1.0,0.0,0.0
0.0,0.0,inf,inf,1.0,1.0,0.0,0.0
0.9342105263157895,0.8765432098765432,2.0,0.9167722844422054,1.0,1.0,0.0,0.0
1.0,1.0,0.0,0.0,1.0,1.0,0.0,0.0
1.0,1.0,0.0,0.0,1.0,1.0,0.0,0.0
0.9690721649484536,0.94,2.3249218495867363,0.6826184463531091,1.0,1.0,0.0,0.0
1.0,1.0,0.0,0.0,1.0,1.0,0.0,0.0
0.0,0.0,inf,inf,0.0,0.0,inf,inf
1.0,1.0,0.0,0.0,1.0,1.0,0.0,0.0
0.935933147632312,0.8795811518324608,1.0,0.4758714124971799,1.0,1.0,0.0,0.0
0.9602676704307821,0.9235720032180209,2.0,0.6361190299765797,1.0,1.0,0.0,0.0
1.0,1.0,0.0,0.0,1.0,1.0,0.0,0.0
1.0,1.0,0.0,0.0,1.0,1.0,0.0,0.0
1.0,1.0,0.0,0.0,0.0,0.0,inf,inf
1.0,1.0,0.0,0.0,1.0,1.0,0.0,0.0
1.0,1.0,0.0,0.0,1.0,1.0,0.0,0.0
1.0,1.0,0.0,0.0,1.0,1.0,0.0,0.0
0.9436038514442916,0.8932291666666666,3.0,0.6728053886175167,1.0,1.0,0.0,0.0
1.0,1.0,0.0,0.0,0.0,0.0,inf,inf
0.8734177215189873,0.7752808988764045,1.0,0.6551724137931034,1.0,1.0,0.0,0.0
1.0,1.0,0.0,0.0,0.0,0.0,inf,inf
1.0,1.0,0.0,0.0,1.0,1.0,0.0,0.0
1.0,1.0,0.0,0.0,1.0,1.0,0.0,0.0
0.9077181208053692,0.8310291858678955,7.352737245155563,1.251584261922023,0.8430182133564614,0.7286356821589205,5.069313659514948,2.010344485633356
1.0,1.0,0.0,0.0,1.0,1.0,0.0,0.0
0.7432432432432432,0.5913978494623656,3.605551275463989,0.45656854249492385,0.0,0.0,25.807404868885033,1.482842712474619
1.0,1.0,0.0,0.0,0.0,0.0,inf,inf
1.0,1.0,0.0,0.0,1.0,1.0,0.0,0.0
0.9797650130548303,0.9603326935380678,12.529964086141668,0.2898550724637681,1.0,1.0,0.0,0.0
1.0,1.0,0.0,0.0,1.0,1.0,0.0,0.0
0.936247723132969,0.8801369863013698,2.23606797749979,0.7788374045084313,1.0,1.0,0.0,0.0
1.0,1.0,0.0,0.0,1.0,1.0,0.0,0.0
1.0,1.0,0.0,0.0,1.0,1.0,0.0,0.0
1.0,1.0,0.0,0.0,1.0,1.0,0.0,0.0
1.0,1.0,0.0,0.0,1.0,1.0,0.0,0.0
1.0,1.0,0.0,0.0,1.0,1.0,0.0,0.0
0.0,0.0,inf,inf,1.0,1.0,0.0,0.0
0.0,0.0,inf,inf,1.0,1.0,0.0,0.0
0.0,0.0,inf,inf,1.0,1.0,0.0,0.0
1.0,1.0,0.0,0.0,1.0,1.0,0.0,0.0
0.9377289377289377,0.8827586206896552,1.0,0.4891304347826087,1.0,1.0,0.0,0.0
1.0,1.0,0.0,0.0,1.0,1.0,0.0,0.0
1.0,1.0,0.0,0.0,1.0,1.0,0.0,0.0
0.0,0.0,inf,inf,1.0,1.0,0.0,0.0
1.0,1.0,0.0,0.0,1.0,1.0,0.0,0.0
0.9115646258503401,0.8375,5.492640687119286,0.32579741977233123,1.0,1.0,0.0,0.0
0.9105691056910569,0.835820895522388,2.0,0.7961129395821793,0.9793012524719842,0.9594420046499612,1.4142135623730951,0.6572086247867768
0.0,0.0,inf,inf,1.0,1.0,0.0,0.0
0.913380022115739,0.8405698778833107,5.134807682497063,1.227319171180389,0.9651060070671378,0.9325650874946649,1.5313708498984695,0.7551796632059161
1.0,1.0,0.0,0.0,1.0,1.0,0.0,0.0
0.0,0.0,inf,inf,1.0,1.0,0.0,0.0
1.0,1.0,0.0,0.0,1.0,1.0,0.0,0.0
1.0,1.0,0.0,0.0,1.0,1.0,0.0,0.0
1.0,1.0,0.0,0.0,1.0,1.0,0.0,0.0
1.0,1.0,0.0,0.0,0.0,0.0,inf,inf
1.0,1.0,0.0,0.0,1.0,1.0,0.0,0.0
1.0,1.0,0.0,0.0,0.0,0.0,inf,inf
0.0,0.0,inf,inf,1.0,1.0,0.0,0.0
1.0,1.0,0.0,0.0,1.0,1.0,0.0,0.0
1.0,1.0,0.0,0.0,1.0,1.0,0.0,0.0
0.9094587759231159,0.8339517625231911,4.656888370749709,0.9549706224810917,1.0,1.0,0.0,0.0
1.0,1.0,0.0,0.0,1.0,1.0,0.0,0.0
1.0,1.0,0.0,0.0,1.0,1.0,0.0,0.0
1.0,1.0,0.0,0.0,0.0,0.0,inf,inf
0.0,0.0,inf,inf,1.0,1.0,0.0,0.0
0.9717842323651452,0.9451170298627926,1.4142135623730951,0.46551724137931033,1.0,1.0,0.0,0.0
1.0,1.0,0.0,0.0,0.0,0.0,inf,inf
1.0,1.0,0.0,0.0,0.0,0.0,inf,inf
1.0,1.0,0.0,0.0,0.0,0.0,inf,inf
0.0,0.0,inf,inf,1.0,1.0,0.0,0.0
0.955310504933256,0.9144444444444444,2.0,0.504950495049505,1.0,1.0,0.0,0.0
0.9382113821138212,0.8836140888208269,2.0,0.4711879504657432,0.9578544061302682,0.9191176470588235,1.6778174593051958,0.5040616632398077
1.0,1.0,0.0,0.0,1.0,1.0,0.0,0.0
1.0,1.0,0.0,0.0,1.0,1.0,0.0,0.0
0.9174078780177891,0.8474178403755869,2.6507193805722635,0.39285714285714285,0.8850931677018633,0.7938718662952646,2.9828427124746177,1.1165169396282004
0.0,0.0,24.116307392450533,18.714143164158813,1.0,1.0,0.0,0.0
0.9133154602323503,0.8404605263157895,2.0,0.614217967721813,1.0,1.0,0.0,0.0
1.0,1.0,0.0,0.0,1.0,1.0,0.0,0.0
0.9838998211091234,0.9683098591549296,1.0,0.3015075376884422,1.0,1.0,0.0,0.0
1.0,1.0,0.0,0.0,1.0,1.0,0.0,0.0
0.0,0.0,inf,inf,0.9438485804416403,0.8936678614097969,2.0,0.692927837521596
1.0,1.0,0.0,0.0,0.9451540195341849,0.896011396011396,1.3520815280171286,0.6254127743407694
1.0,1.0,0.0,0.0,1.0,1.0,0.0,0.0
1.0,1.0,0.0,0.0,1.0,1.0,0.0,0.0
0.0,0.0,inf,inf,1.0,1.0,0.0,0.0
0.8941548183254344,0.8085714285714286,2.0,0.5254845532627193,1.0,1.0,0.0,0.0
0.0,0.0,inf,inf,0.0,0.0,inf,inf
1.0,1.0,0.0,0.0,1.0,1.0,0.0,0.0
1.0,1.0,0.0,0.0,1.0,1.0,0.0,0.0
1.0,1.0,0.0,0.0,1.0,1.0,0.0,0.0
0.9598014888337469,0.9227099236641222,2.0,0.43846153846153846,0.8765432098765432,0.7802197802197802,1.4142135623730951,0.5802905905084894
0.9471264367816092,0.8995633187772926,1.0,0.46938775510204084,1.0,1.0,0.0,0.0
1.0,1.0,0.0,0.0,1.0,1.0,0.0,0.0
1.0,1.0,0.0,0.0,1.0,1.0,0.0,0.0
0.9569041336851363,0.9173693086003373,7.0710678118654755,0.4216176045807952,1.0,1.0,0.0,0.0
0.0,0.0,inf,inf,1.0,1.0,0.0,0.0
1.0,1.0,0.0,0.0,1.0,1.0,0.0,0.0
1.0,1.0,0.0,0.0,0.0,0.0,inf,inf
0.9307604994324631,0.8704883227176221,1.7363961030678827,0.7136614592336129,1.0,1.0,0.0,0.0
0.8425720620842572,0.7279693486590039,2.0,0.9726949676373207,1.0,1.0,0.0,0.0
0.9316420014094433,0.8720316622691293,2.914213562373095,0.8118033720374698,0.8361581920903954,0.7184466019417476,3.14604989415154,0.9347826086956522
1.0,1.0,0.0,0.0,1.0,1.0,0.0,0.0
0.6878306878306878,0.5241935483870968,4.47213595499958,1.3712331639364712,0.8827751196172249,0.7901498929336188,3.6252737116907827,0.96290468436138
0.980013783597519,0.9608108108108108,1.0,0.5026561293575138,1.0,1.0,0.0,0.0
0.0,0.0,inf,inf,1.0,1.0,0.0,0.0
0.0,0.0,inf,inf,1.0,1.0,0.0,0.0
0.9655617735686612,0.9334165626300458,2.0,0.6600775469478952,1.0,1.0,0.0,0.0
0.0,0.0,inf,inf,1.0,1.0,0.0,0.0
1.0,1.0,0.0,0.0,1.0,1.0,0.0,0.0
1.0,1.0,0.0,0.0,1.0,1.0,0.0,0.0
0.9479932165065008,0.9011284255776464,2.0,0.47720679236843855,1.0,1.0,0.0,0.0
0.0,0.0,inf,inf,0.0,0.0,inf,inf
0.9804363124560169,0.9616234124792932,2.0,0.4803321135283565,1.0,1.0,0.0,0.0
1.0,1.0,0.0,0.0,1.0,1.0,0.0,0.0
1.0,1.0,0.0,0.0,1.0,1.0,0.0,0.0
1.0,1.0,0.0,0.0,1.0,1.0,0.0,0.0
1.0,1.0,0.0,0.0,0.951048951048951,0.9066666666666666,1.0,0.4823529411764706
1.0,1.0,0.0,0.0,0.0,0.0,inf,inf
1.0,1.0,0.0,0.0,1.0,1.0,0.0,0.0
1.0,1.0,0.0,0.0,1.0,1.0,0.0,0.0
0.9242119382964453,0.8591022443890274,2.0,0.6902724581050532,1.0,1.0,0.0,0.0
0.0,0.0,inf,inf,0.0,0.0,inf,inf
1.0,1.0,0.0,0.0,0.0,0.0,inf,inf
0.9843414184832668,0.9691656590084643,1.4142135623730951,0.3720869284486227,1.0,1.0,0.0,0.0
0.0,0.0,inf,inf,0.0,0.0,inf,inf
1.0,1.0,0.0,0.0,1.0,1.0,0.0,0.0
0.9466666666666667,0.8987341772151899,1.8535533905932737,0.5077613609555469,1.0,1.0,0.0,0.0
0.0,0.0,inf,inf,1.0,1.0,0.0,0.0
1.0,1.0,0.0,0.0,0.0,0.0,inf,inf
1.0,1.0,0.0,0.0,0.0,0.0,inf,inf
1.0,1.0,0.0,0.0,1.0,1.0,0.0,0.0
0.9507125890736342,0.9060554612337295,1.4142135623730951,0.4060866758305392,1.0,1.0,0.0,0.0
0.0,0.0,inf,inf,1.0,1.0,0.0,0.0
0.9326513213981245,0.8738019169329073,2.0,0.7742894563806986,1.0,1.0,0.0,0.0
1.0,1.0,0.0,0.0,1.0,1.0,0.0,0.0
0.934020618556701,0.8762088974854932,1.4142135623730951,0.578222116614306,1.0,1.0,0.0,0.0
1.0,1.0,0.0,0.0,1.0,1.0,0.0,0.0
1.0,1.0,0.0,0.0,1.0,1.0,0.0,0.0
0.973786949247072,0.9489130434782609,1.0,0.339615240019942,1.0,1.0,0.0,0.0
1.0,1.0,0.0,0.0,1.0,1.0,0.0,0.0
1.0,1.0,0.0,0.0,0.0,0.0,inf,inf
1.0,1.0,0.0,0.0,1.0,1.0,0.0,0.0
0.0,0.0,inf,inf,1.0,1.0,0.0,0.0
0.9139213602550478,0.8414872798434442,2.0,0.9428533453880577,1.0,1.0,0.0,0.0
1.0,1.0,0.0,0.0,1.0,1.0,0.0,0.0
0.9696969696969697,0.9411764705882353,1.0,0.35964912280701755,1.0,1.0,0.0,0.0
0.0,0.0,inf,inf,1.0,1.0,0.0,0.0
0.9335810496980956,0.8754355400696864,3.0,0.6622052489043151,1.0,1.0,0.0,0.0
1.0,1.0,0.0,0.0,0.0,0.0,inf,inf
0.8757281553398059,0.7789291882556131,5.61610083313869,0.7610798783909469,1.0,1.0,0.0,0.0
0.9412819363514119,0.8890770533446232,7.924099870362655,0.7055764984590538,0.5510204081632653,0.38028169014084506,5.0,2.731390779560366
1.0,1.0,0.0,0.0,1.0,1.0,0.0,0.0
0.7536231884057971,0.6046511627906976,13.46173479806702,0.645777580963025,0.9351230425055929,0.8781512605042017,2.871320343559643,0.8148333222778679
0.9248826291079812,0.8602620087336245,41.182520563948,9.926022481911696,1.0,1.0,0.0,0.0
1.0,1.0,0.0,0.0,1.0,1.0,0.0,0.0
1.0,1.0,0.0,0.0,1.0,1.0,0.0,0.0
0.9368541905855339,0.8812095032397408,2.0,0.6718213059745792,1.0,1.0,0.0,0.0
0.8761904761904762,0.7796610169491526,1.0,0.5454545454545454,1.0,1.0,0.0,0.0
1.0,1.0,0.0,0.0,1.0,1.0,0.0,0.0
1.0,1.0,0.0,0.0,1.0,1.0,0.0,0.0
1.0,1.0,0.0,0.0,0.0,0.0,inf,inf
1.0,1.0,0.0,0.0,1.0,1.0,0.0,0.0
0.9233437391605966,0.8576030927835051,11.383347557125925,1.108709402576817,0.9595514617541049,0.922247882986913,2.23606797749979,0.9681262416387977
0.9572649572649573,0.9180327868852459,1.0,0.3968253968253968,1.0,1.0,0.0,0.0
1.0,1.0,0.0,0.0,1.0,1.0,0.0,0.0
1.0,1.0,0.0,0.0,1.0,1.0,0.0,0.0
0.9629629629629629,0.9285714285714286,1.0,0.3547608115511075,0.8666666666666667,0.7647058823529411,1.4142135623730951,0.5345177968644246
1.0,1.0,0.0,0.0,1.0,1.0,0.0,0.0
1.0,1.0,0.0,0.0,1.0,1.0,0.0,0.0
0.9478260869565217,0.9008264462809917,1.4142135623730951,0.3565685424949238,1.0,1.0,0.0,0.0
1.0,1.0,0.0,0.0,1.0,1.0,0.0,0.0
1.0,1.0,0.0,0.0,1.0,1.0,0.0,0.0
0.9720124389160373,0.9455488331892826,4.086173937932361,0.36585365853658536,0.0,0.0,inf,inf
0.9583204692806422,0.919976289270895,1.4142135623730951,0.423053121186445,1.0,1.0,0.0,0.0
1.0,1.0,0.0,0.0,1.0,1.0,0.0,0.0
1.0,1.0,0.0,0.0,0.9681552666289805,0.9382761139517897,2.8284271247461903,0.7992907533172944
1.0,1.0,0.0,0.0,1.0,1.0,0.0,0.0
0.9262235208181154,0.8625850340136054,2.4137757216736997,0.9823282187133797,1.0,1.0,0.0,0.0
0.8964467005076142,0.812327506899724,4.577708763999658,1.009529130468974,1.0,1.0,0.0,0.0
1.0,1.0,0.0,0.0,1.0,1.0,0.0,0.0
1.0,1.0,0.0,0.0,1.0,1.0,0.0,0.0
1.0,1.0,0.0,0.0,1.0,1.0,0.0,0.0
1.0,1.0,0.0,0.0,1.0,1.0,0.0,0.0
1.0,1.0,0.0,0.0,0.0,0.0,inf,inf
0.696969696969697,0.5348837209302325,2.0,0.9383382697234838,1.0,1.0,0.0,0.0
1.0,1.0,0.0,0.0,1.0,1.0,0.0,0.0
0.970276008492569,0.9422680412371134,1.0,0.5192307692307693,1.0,1.0,0.0,0.0
0.8622754491017964,0.7578947368421053,1.4142135623730951,0.5,1.0,1.0,0.0,0.0
1.0,1.0,0.0,0.0,1.0,1.0,0.0,0.0
1.0,1.0,0.0,0.0,1.0,1.0,0.0,0.0
1.0,1.0,0.0,0.0,1.0,1.0,0.0,0.0
0.9848084544253632,0.9700715679895902,1.0,0.9478425998071534,1.0,1.0,0.0,0.0
1.0,1.0,0.0,0.0,1.0,1.0,0.0,0.0
1.0,1.0,0.0,0.0,1.0,1.0,0.0,0.0
0.2347417840375587,0.13297872340425532,9.212214450449025,4.114941181185026,1.0,1.0,0.0,0.0
1.0,1.0,0.0,0.0,1.0,1.0,0.0,0.0
1.0,1.0,0.0,0.0,1.0,1.0,0.0,0.0
1.0,1.0,0.0,0.0,1.0,1.0,0.0,0.0
1.0,1.0,0.0,0.0,1.0,1.0,0.0,0.0
0.9758637008991955,0.9528650646950092,1.0,0.42578509056880753,1.0,1.0,0.0,0.0
0.0,0.0,inf,inf,1.0,1.0,0.0,0.0
0.9120800571837027,0.8383705650459922,9.455121871436017,0.4827631908953597,1.0,1.0,0.0,0.0
0.0,0.0,inf,inf,1.0,1.0,0.0,0.0
1.0,1.0,0.0,0.0,1.0,1.0,0.0,0.0
1.0,1.0,0.0,0.0,1.0,1.0,0.0,0.0
0.9226594301221167,0.8564231738035264,8.0,1.3979961179436855,1.0,1.0,0.0,0.0
0.0,0.0,inf,inf,1.0,1.0,0.0,0.0
0.8966292134831461,0.8126272912423625,2.0,0.8165028153987288,0.9130434782608695,0.84,2.0,0.7109407140930445
0.9223170184104176,0.8558333333333333,2.8284271247461903,0.8201091377477883,0.958063743110472,0.9195032198712052,2.0,0.872171031892978
0.0,0.0,inf,inf,1.0,1.0,0.0,0.0
1.0,1.0,0.0,0.0,1.0,1.0,0.0,0.0
1.0,1.0,0.0,0.0,1.0,1.0,0.0,0.0
0.9626168224299065,0.9279279279279279,1.0,0.28846153846153844,1.0,1.0,0.0,0.0
0.946360153256705,0.8981818181818182,1.7656854249492346,0.6908244845030901,1.0,1.0,0.0,0.0
0.9722448979591837,0.9459888800635425,1.0,0.48760330578512395,1.0,1.0,0.0,0.0
1.0,1.0,0.0,0.0,1.0,1.0,0.0,0.0
1.0,1.0,0.0,0.0,1.0,1.0,0.0,0.0
0.0,0.0,inf,inf,0.8846153846153846,0.7931034482758621,2.8284271247461903,0.9718146758618659
1.0,1.0,0.0,0.0,1.0,1.0,0.0,0.0
0.9482758620689655,0.9016393442622951,1.0,0.3137254901960784,1.0,1.0,0.0,0.0
0.0,0.0,inf,inf,1.0,1.0,0.0,0.0
1.0,1.0,0.0,0.0,1.0,1.0,0.0,0.0
1.0,1.0,0.0,0.0,1.0,1.0,0.0,0.0
0.0,0.0,inf,inf,0.0,0.0,inf,inf
1.0,1.0,0.0,0.0,1.0,1.0,0.0,0.0
1.0,1.0,0.0,0.0,1.0,1.0,0.0,0.0
0.834319526627219,0.7157360406091371,2.0,0.6895818869220653,1.0,1.0,0.0,0.0
0.0,0.0,inf,inf,0.0,0.0,inf,inf
1.0,1.0,0.0,0.0,1.0,1.0,0.0,0.0
1.0,1.0,0.0,0.0,1.0,1.0,0.0,0.0
1.0,1.0,0.0,0.0,1.0,1.0,0.0,0.0
1.0,1.0,0.0,0.0,1.0,1.0,0.0,0.0
1.0,1.0,0.0,0.0,1.0,1.0,0.0,0.0
1.0,1.0,0.0,0.0,0.0,0.0,inf,inf
1.0,1.0,0.0,0.0,1.0,1.0,0.0,0.0
1.0,1.0,0.0,0.0,1.0,1.0,0.0,0.0
1.0,1.0,0.0,0.0,1.0,1.0,0.0,0.0
0.8940809968847352,0.8084507042253521,2.0,0.5966621981194801,0.8932038834951457,0.8070175438596491,2.0,0.891868262239972
0.9844559585492227,0.9693877551020408,1.0,0.2636363636363636,1.0,1.0,0.0,0.0
1.0,1.0,0.0,0.0,1.0,1.0,0.0,0.0
0.9530491095520777,0.9103092783505154,2.8284271247461903,0.5492201232943008,1.0,1.0,0.0,0.0
0.9520865533230294,0.9085545722713865,2.0,0.642005381546152,1.0,1.0,0.0,0.0
1.0,1.0,0.0,0.0,0.0,0.0,inf,inf
1.0,1.0,0.0,0.0,1.0,1.0,0.0,0.0
1.0,1.0,0.0,0.0,1.0,1.0,0.0,0.0
0.902027027027027,0.8215384615384616,3.0,1.352898071434014,1.0,1.0,0.0,0.0
0.9098712446351931,0.8346456692913385,1.4142135623730951,0.3832632446392313,1.0,1.0,0.0,0.0
0.9415162454873646,0.8894952251023193,2.5618655084853,0.49541871828083456,0.908246225319396,0.8319148936170213,2.98284271247462,0.8807010257428184
0.9745508982035929,0.9503649635036496,1.0,0.5045685424949238,1.0,1.0,0.0,0.0
0.6044444444444445,0.43312101910828027,2.23606797749979,1.0842318664527772,1.0,1.0,0.0,0.0
1.0,1.0,0.0,0.0,0.0,0.0,inf,inf
0.0,0.0,inf,inf,1.0,1.0,0.0,0.0
0.9381771829190567,0.8835534213685474,6.0,0.6501800667680809,1.0,1.0,0.0,0.0
1.0,1.0,0.0,0.0,1.0,1.0,0.0,0.0
1.0,1.0,0.0,0.0,1.0,1.0,0.0,0.0
0.8769230769230769,0.7808219178082192,1.2485281374238548,0.4962701548857868,1.0,1.0,0.0,0.0
1.0,1.0,0.0,0.0,1.0,1.0,0.0,0.0
1.0,1.0,0.0,0.0,1.0,1.0,0.0,0.0
0.9691629955947136,0.9401709401709402,1.0,0.3064516129032258,1.0,1.0,0.0,0.0
0.0,0.0,inf,inf,0.0,0.0,inf,inf
1.0,1.0,0.0,0.0,0.0,0.0,inf,inf
1.0,1.0,0.0,0.0,1.0,1.0,0.0,0.0
0.9684832567301379,0.9388924252068745,10.839230729988309,0.42962962962962964,1.0,1.0,0.0,0.0
1.0,1.0,0.0,0.0,1.0,1.0,0.0,0.0
0.0,0.0,inf,inf,0.0,0.0,inf,inf
0.0,0.0,inf,inf,1.0,1.0,0.0,0.0
0.9446550416982562,0.8951149425287356,5.054460732476027,0.5969094053638144,0.8695652173913043,0.7692307692307693,1.4142135623730951,0.5357142857142857
0.0,0.0,inf,inf,0.0,0.0,inf,inf
1.0,1.0,0.0,0.0,1.0,1.0,0.0,0.0
0.9021956087824351,0.8218181818181818,2.0,0.5334043195462174,0.8041237113402062,0.6724137931034483,2.0,0.8261844635310913
0.8490566037735849,0.7377049180327869,1.0,0.625,1.0,1.0,0.0,0.0
0.0,0.0,inf,inf,1.0,1.0,0.0,0.0
1.0,1.0,0.0,0.0,1.0,1.0,0.0,0.0
1.0,1.0,0.0,0.0,1.0,1.0,0.0,0.0
0.34285714285714286,0.20689655172413793,7.1546846428314925,0.375,0.9397590361445783,0.8863636363636364,1.4142135623730951,0.5415303830948015
0.7802197802197802,0.6396396396396397,2.23606797749979,1.060963894363083,1.0,1.0,0.0,0.0
1.0,1.0,0.0,0.0,1.0,1.0,0.0,0.0
0.0,0.0,inf,inf,1.0,1.0,0.0,0.0
1.0,1.0,0.0,0.0,1.0,1.0,0.0,0.0
1.0,1.0,0.0,0.0,1.0,1.0,0.0,0.0
1.0,1.0,0.0,0.0,1.0,1.0,0.0,0.0
1.0,1.0,0.0,0.0,1.0,1.0,0.0,0.0
1.0,1.0,0.0,0.0,0.0,0.0,inf,inf
1.0,1.0,0.0,0.0,1.0,1.0,0.0,0.0
0.9403076923076923,0.8873403019744484,2.73957325265921,0.5459929379686779,0.625,0.45454545454545453,2.8284271247461903,0.8632272514579727
0.9528888888888889,0.9100169779286927,1.0,0.5641025641025641,1.0,1.0,0.0,0.0
0.9715447154471545,0.9446640316205533,1.0,0.31896551724137934,1.0,1.0,0.0,0.0
0.9125728559533722,0.8392036753445635,6.1069418093020715,1.2164191372032733,1.0,1.0,0.0,0.0
0.0,0.0,inf,inf,1.0,1.0,0.0,0.0
0.9727947238252267,0.9470304975922953,1.0,0.3780487804878049,1.0,1.0,0.0,0.0
1.0,1.0,0.0,0.0,1.0,1.0,0.0,0.0
0.0,0.0,inf,inf,1.0,1.0,0.0,0.0
1.0,1.0,0.0,0.0,1.0,1.0,0.0,0.0
0.9507754551584626,0.9061696658097687,1.4142135623730951,0.4970919851651897,0.75,0.6,2.23606797749979,1.2743522420114015
1.0,1.0,0.0,0.0,1.0,1.0,0.0,0.0
0.8202764976958525,0.6953125,3.605551275463989,0.9985410353300445,0.9556962025316456,0.9151515151515152,2.0,0.7647681414162651
1.0,1.0,0.0,0.0,1.0,1.0,0.0,0.0
0.9467084639498433,0.8988095238095238,6.053795644693841,0.6944747563002746,1.0,1.0,0.0,0.0
1.0,1.0,0.0,0.0,1.0,1.0,0.0,0.0
1.0,1.0,0.0,0.0,1.0,1.0,0.0,0.0
1.0,1.0,0.0,0.0,0.0,0.0,inf,inf
1.0,1.0,0.0,0.0,0.0,0.0,inf,inf
1.0,1.0,0.0,0.0,1.0,1.0,0.0,0.0
1.0,1.0,0.0,0.0,1.0,1.0,0.0,0.0
0.0,0.0,inf,inf,1.0,1.0,0.0,0.0
1.0,1.0,0.0,0.0,0.0,0.0,inf,inf
0.9437869822485208,0.8935574229691877,2.0,0.43571363100610216,0.9317269076305221,0.8721804511278195,2.0,0.6963272626959924
1.0,1.0,0.0,0.0,1.0,1.0,0.0,0.0
1.0,1.0,0.0,0.0,0.0,0.0,inf,inf
1.0,1.0,0.0,0.0,1.0,1.0,0.0,0.0
1.0,1.0,0.0,0.0,1.0,1.0,0.0,0.0
0.9472231804070369,0.8997378768020969,8.974264068711923,0.4412137835674078,0.896551724137931,0.8125,1.0,0.23529411764705882
1.0,1.0,0.0,0.0,1.0,1.0,0.0,0.0
0.9555388093443858,0.9148629148629148,2.0,0.903499688662893,1.0,1.0,0.0,0.0
1.0,1.0,0.0,0.0,1.0,1.0,0.0,0.0
0.0,0.0,inf,inf,1.0,1.0,0.0,0.0
1.0,1.0,0.0,0.0,1.0,1.0,0.0,0.0
0.9125475285171103,0.8391608391608392,1.0,0.5540540540540541,0.9648206199930338,0.9320323014804845,1.4142135623730951,0.6252904708323933
0.8190045248868778,0.6934865900383141,3.1460498941515427,0.5740089619839147,0.9533417402269861,0.9108433734939759,2.0,0.513983443418381
0.9772436716952186,0.9555,2.0,0.3315134793438596,1.0,1.0,0.0,0.0
0.0,0.0,inf,inf,1.0,1.0,0.0,0.0
1.0,1.0,0.0,0.0,1.0,1.0,0.0,0.0
1.0,1.0,0.0,0.0,1.0,1.0,0.0,0.0
1.0,1.0,0.0,0.0,1.0,1.0,0.0,0.0
0.0,0.0,inf,inf,0.0,0.0,inf,inf
1.0,1.0,0.0,0.0,1.0,1.0,0.0,0.0
0.9819680577022154,0.9645748987854251,1.0,0.3090909090909091,1.0,1.0,0.0,0.0
0.912810097200058,0.839605017347211,11.065607847734011,1.3123032625206723,0.8078495502861816,0.6776406035665294,15.725224219467332,1.572547343650841
1.0,1.0,0.0,0.0,1.0,1.0,0.0,0.0
0.8783351120597652,0.7830637488106565,14.040992186423837,1.1107619353913833,0.9549645863958306,0.9138107416879795,11.672135954999552,1.0828151329911977
0.0,0.0,inf,inf,1.0,1.0,0.0,0.0
0.4375,0.28,7.003553390593273,3.3742787554553955,1.0,1.0,0.0,0.0
0.944392082940622,0.8946428571428572,8.0,0.8958539922040968,1.0,1.0,0.0,0.0
1.0,1.0,0.0,0.0,1.0,1.0,0.0,0.0
0.9044465468306528,0.8255613126079447,2.23606797749979,0.8288549388908338,0.8916876574307305,0.8045454545454546,2.23606797749979,0.6511627906976745
1.0,1.0,0.0,0.0,0.0,0.0,inf,inf
1.0,1.0,0.0,0.0,1.0,1.0,0.0,0.0
1.0,1.0,0.0,0.0,1.0,1.0,0.0,0.0
1.0,1.0,0.0,0.0,1.0,1.0,0.0,0.0
1.0,1.0,0.0,0.0,1.0,1.0,0.0,0.0
0.0,0.0,inf,inf,1.0,1.0,0.0,0.0
1.0,1.0,0.0,0.0,0.0,0.0,inf,inf
0.9472400121988411,0.8997682502896871,2.0,0.6272956526304901,1.0,1.0,0.0,0.0
0.8477466504263094,0.7357293868921776,4.123105625617661,1.3172068967927812,0.9423328964613368,0.8909541511771994,3.0243416490252533,0.9911385014928453
1.0,1.0,0.0,0.0,0.0,0.0,inf,inf
0.8925373134328358,0.8059299191374663,4.12908237869274,0.7204983449118783,0.0,0.0,inf,inf
1.0,1.0,0.0,0.0,1.0,1.0,0.0,0.0
1.0,1.0,0.0,0.0,1.0,1.0,0.0,0.0
0.0,0.0,inf,inf,0.0,0.0,inf,inf
0.9545178896300789,0.9129930394431555,3.1622776601683795,0.6039515996519847,1.0,1.0,0.0,0.0
0.0,0.0,inf,inf,1.0,1.0,0.0,0.0
1.0,1.0,0.0,0.0,1.0,1.0,0.0,0.0
1.0,1.0,0.0,0.0,1.0,1.0,0.0,0.0
0.9721946375372393,0.9458937198067633,2.8284271247461903,0.5905172413793104,1.0,1.0,0.0,0.0
1.0,1.0,0.0,0.0,1.0,1.0,0.0,0.0
1.0,1.0,0.0,0.0,1.0,1.0,0.0,0.0
0.973219599285856,0.9478361669242659,1.4142135623730951,0.46461983703335963,1.0,1.0,0.0,0.0
1.0,1.0,0.0,0.0,1.0,1.0,0.0,0.0
1.0,1.0,0.0,0.0,0.9513822688274547,0.9072727272727272,1.4142135623730951,0.43373493975903615
1.0,1.0,0.0,0.0,1.0,1.0,0.0,0.0
1.0,1.0,0.0,0.0,1.0,1.0,0.0,0.0
0.9507323568575233,0.9060913705583756,1.4142135623730951,0.6118091975147283,1.0,1.0,0.0,0.0
0.9364811691961776,0.8805496828752643,3.0,2.296304740243933,0.7272727272727273,0.5714285714285714,3.0,1.229079055799039
0.9509770311964347,0.9065359477124183,5.0,0.43032649022494435,1.0,1.0,0.0,0.0
0.9190718732314658,0.8502617801047121,2.8284271247461903,0.9187903718158646,0.9569298729983434,0.9174166225516146,2.8284271247461903,0.7687074829931972
1.0,1.0,0.0,0.0,1.0,1.0,0.0,0.0
1.0,1.0,0.0,0.0,1.0,1.0,0.0,0.0
0.9155206286836935,0.8442028985507246,2.23606797749979,0.7404925547372956,0.78,0.639344262295082,2.3545398069490675,0.5
1.0,1.0,0.0,0.0,1.0,1.0,0.0,0.0
1.0,1.0,0.0,0.0,1.0,1.0,0.0,0.0
0.9651685393258427,0.9326818675352877,1.0,0.5767492855367273,1.0,1.0,0.0,0.0
1.0,1.0,0.0,0.0,1.0,1.0,0.0,0.0
1.0,1.0,0.0,0.0,1.0,1.0,0.0,0.0
0.9595270577535243,0.9222027972027972,2.0,0.5648854961832062,1.0,1.0,0.0,0.0
0.9323116219667944,0.8732057416267942,2.0,0.6063725163442014,1.0,1.0,0.0,0.0
0.9229571984435798,0.8569364161849711,4.123105625617661,0.5382842712474619,1.0,1.0,0.0,0.0
0.8372853638593623,0.720112517580872,3.940832691319585,0.9868350221094712,0.8442622950819673,0.7304964539007093,2.0,0.8206099814782388
1.0,1.0,0.0,0.0,1.0,1.0,0.0,0.0
1.0,1.0,0.0,0.0,0.0,0.0,inf,inf
1.0,1.0,0.0,0.0,1.0,1.0,0.0,0.0
1.0,1.0,0.0,0.0,1.0,1.0,0.0,0.0
1.0,1.0,0.0,0.0,1.0,1.0,0.0,0.0
0.9266826923076923,0.8633818589025756,3.0,0.8165137614678899,0.958980044345898,0.9211927582534611,2.8284271247461903,0.7297297297297297
1.0,1.0,0.0,0.0,0.0,0.0,inf,inf
0.9292227529309596,0.8678021086780211,3.0,0.8123221677049101,1.0,1.0,0.0,0.0
1.0,1.0,0.0,0.0,0.0,0.0,inf,inf
1.0,1.0,0.0,0.0,1.0,1.0,0.0,0.0
1.0,1.0,0.0,0.0,1.0,1.0,0.0,0.0
1.0,1.0,0.0,0.0,0.8888888888888888,0.8,2.0,0.812982640143824
0.9588377723970944,0.9209302325581395,1.0,0.4962571611289639,0.925,0.8604651162790697,1.0,0.30050762722761054
0.0,0.0,inf,inf,1.0,1.0,0.0,0.0
0.0,0.0,inf,inf,1.0,1.0,0.0,0.0
1.0,1.0,0.0,0.0,1.0,1.0,0.0,0.0
0.0,0.0,inf,inf,1.0,1.0,0.0,0.0
1.0,1.0,0.0,0.0,1.0,1.0,0.0,0.0
0.0,0.0,inf,inf,0.0,0.0,inf,inf
1.0,1.0,0.0,0.0,1.0,1.0,0.0,0.0
1.0,1.0,0.0,0.0,1.0,1.0,0.0,0.0
1.0,1.0,0.0,0.0,1.0,1.0,0.0,0.0
0.9554423933800127,0.914686166971359,1.4142135623730951,0.6,1.0,1.0,0.0,0.0
1.0,1.0,0.0,0.0,1.0,1.0,0.0,0.0
1.0,1.0,0.0,0.0,1.0,1.0,0.0,0.0
1.0,1.0,0.0,0.0,0.0,0.0,inf,inf
0.0,0.0,inf,inf,1.0,1.0,0.0,0.0
1.0,1.0,0.0,0.0,1.0,1.0,0.0,0.0
0.0,0.0,inf,inf,1.0,1.0,0.0,0.0
1.0,1.0,0.0,0.0,0.9635036496350365,0.9295774647887324,1.0,0.4326923076923077
1.0,1.0,0.0,0.0,1.0,1.0,0.0,0.0
1.0,1.0,0.0,0.0,1.0,1.0,0.0,0.0
0.9654481722583875,0.9332042594385286,1.4142135623730951,0.424,1.0,1.0,0.0,0.0
1.0,1.0,0.0,0.0,1.0,1.0,0.0,0.0
1.0,1.0,0.0,0.0,1.0,1.0,0.0,0.0
0.9579180509413068,0.9192348565356004,2.23606797749979,0.7815805938004262,1.0,1.0,0.0,0.0
0.8634590377113134,0.7597254004576659,10.605278552266178,2.566654412416084,0.7286821705426356,0.573170731707317,2.413775721673708,0.9890298708507255
0.7514450867052023,0.6018518518518519,6.4031242374328485,0.9488172491953702,0.9495614035087719,0.9039665970772442,2.0,0.6797708341533899
0.0,0.0,inf,inf,1.0,1.0,0.0,0.0
1.0,1.0,0.0,0.0,1.0,1.0,0.0,0.0
0.8731074260994953,0.7747920665387076,3.455480479109418,1.1622759016620037,0.9197530864197531,0.8514285714285714,2.0,0.7781071078567627
1.0,1.0,0.0,0.0,0.9253012048192771,0.8609865470852018,4.123105625617661,1.2946097889434438
1.0,1.0,0.0,0.0,1.0,1.0,0.0,0.0
0.0,0.0,inf,inf,0.0,0.0,inf,inf
0.9302325581395349,0.8695652173913043,2.23606797749979,0.7619047619047619,0.9562043795620438,0.916083916083916,2.8284271247461903,0.8028947778699067
1.0,1.0,0.0,0.0,1.0,1.0,0.0,0.0
1.0,1.0,0.0,0.0,1.0,1.0,0.0,0.0
1.0,1.0,0.0,0.0,0.0,0.0,inf,inf
1.0,1.0,0.0,0.0,1.0,1.0,0.0,0.0
0.9679054054054054,0.9378068739770867,12.684199576606154,0.40828402366863903,1.0,1.0,0.0,0.0
0.0,0.0,inf,inf,1.0,1.0,0.0,0.0
0.8792742498255408,0.7845579078455791,8.018677324489564,1.0357072373867138,0.945748987854251,0.8970814132104454,2.8284271247461903,1.01552544398698
0.9794820047090481,0.959789057350033,9.901757571167462,0.27563452525424165,0.6086956521739131,0.4375,3.08113883008419,0.45118446353109126
1.0,1.0,0.0,0.0,1.0,1.0,0.0,0.0
1.0,1.0,0.0,0.0,1.0,1.0,0.0,0.0
1.0,1.0,0.0,0.0,0.0,0.0,inf,inf
1.0,1.0,0.0,0.0,0.0,0.0,inf,inf
0.0,0.0,inf,inf,1.0,1.0,0.0,0.0
1.0,1.0,0.0,0.0,1.0,1.0,0.0,0.0
0.0,0.0,inf,inf,1.0,1.0,0.0,0.0
1.0,1.0,0.0,0.0,1.0,1.0,0.0,0.0
0.0,0.0,inf,inf,1.0,1.0,0.0,0.0
1.0,1.0,0.0,0.0,1.0,1.0,0.0,0.0
1.0,1.0,0.0,0.0,1.0,1.0,0.0,0.0
1.0,1.0,0.0,0.0,1.0,1.0,0.0,0.0
0.9311340206185567,0.871141975308642,3.1622776601683795,0.8057226667809836,1.0,1.0,0.0,0.0
1.0,1.0,0.0,0.0,1.0,1.0,0.0,0.0
1.0,1.0,0.0,0.0,1.0,1.0,0.0,0.0
1.0,1.0,0.0,0.0,1.0,1.0,0.0,0.0
1.0,1.0,0.0,0.0,1.0,1.0,0.0,0.0
1.0,1.0,0.0,0.0,0.0,0.0,inf,inf
0.9340028694404591,0.8761776581426649,2.6507193805722635,0.5659687611628705,0.8942891859052248,0.8087912087912088,3.0,0.9856224191267284
1.0,1.0,0.0,0.0,1.0,1.0,0.0,0.0
0.0,0.0,inf,inf,0.0,0.0,inf,inf
0.9386869234943027,0.8844580777096115,4.47213595499958,1.1728849369769283,1.0,1.0,0.0,0.0
1.0,1.0,0.0,0.0,1.0,1.0,0.0,0.0
1.0,1.0,0.0,0.0,1.0,1.0,0.0,0.0
0.9019607843137255,0.8214285714285714,1.4142135623730951,0.5618991029312232,0.9801422643746295,0.9610578320255739,2.0,0.5480688690097729
1.0,1.0,0.0,0.0,1.0,1.0,0.0,0.0
0.9812606473594548,0.9632107023411371,1.0,0.35294117647058826,1.0,1.0,0.0,0.0
0.8085106382978723,0.6785714285714286,1.0,0.5,1.0,1.0,0.0,0.0
1.0,1.0,0.0,0.0,0.8205128205128205,0.6956521739130435,1.4142135623730951,0.625
0.9274447949526814,0.8647058823529412,1.7071067811865475,0.65625,0.8501971090670171,0.7394285714285714,5.0,1.8628218812936987
1.0,1.0,0.0,0.0,1.0,1.0,0.0,0.0
0.9726973684210526,0.946845981428114,2.0,0.6067824099259375,1.0,1.0,0.0,0.0
1.0,1.0,0.0,0.0,0.0,0.0,inf,inf
1.0,1.0,0.0,0.0,1.0,1.0,0.0,0.0
0.9553398058252427,0.9144981412639405,1.0,0.39215686274509803,1.0,1.0,0.0,0.0
1.0,1.0,0.0,0.0,1.0,1.0,0.0,0.0
1.0,1.0,0.0,0.0,1.0,1.0,0.0,0.0
0.9393511988716502,0.8856382978723404,1.0,0.46835443037974683,0.9611238157464881,0.9251572327044025,2.0,0.6627461470961213
0.8986512524084779,0.8159552134359692,2.888477631085018,1.0263700383312921,0.8948905109489051,0.809775429326288,3.0,1.069623911355058
1.0,1.0,0.0,0.0,1.0,1.0,0.0,0.0
0.9212571814802298,0.8540100250626567,3.1622776601683795,0.9369633837481326,0.9540427623494716,0.912124060150376,3.1622776601683795,0.7804299673483066
0.9007832898172323,0.8194774346793349,2.0,1.0272899570857639,1.0,1.0,0.0,0.0
1.0,1.0,0.0,0.0,1.0,1.0,0.0,0.0
1.0,1.0,0.0,0.0,1.0,1.0,0.0,0.0
0.9764117226590422,0.9539106145251397,1.0,0.3111111111111111,1.0,1.0,0.0,0.0
0.9379734848484849,0.8831921533660276,4.0,0.7633869918882675,1.0,1.0,0.0,0.0
1.0,1.0,0.0,0.0,1.0,1.0,0.0,0.0
0.0,0.0,inf,inf,0.0,0.0,inf,inf
0.0,0.0,inf,inf,1.0,1.0,0.0,0.0
1.0,1.0,0.0,0.0,0.0,0.0,inf,inf
1.0,1.0,0.0,0.0,0.0,0.0,inf,inf
1.0,1.0,0.0,0.0,1.0,1.0,0.0,0.0
1.0,1.0,0.0,0.0,1.0,1.0,0.0,0.0
0.9683022145028224,0.9385521885521886,1.4142135623730951,0.5669424345331503,1.0,1.0,0.0,0.0
1.0,1.0,0.0,0.0,1.0,1.0,0.0,0.0
1.0,1.0,0.0,0.0,0.0,0.0,inf,inf
0.9401794616151545,0.8871119473189087,7.024873734152914,0.4021181778576915,0.8642857142857143,0.7610062893081762,1.4142135623730951,0.8415017003813907
0.72,0.5625,13.971908156310725,0.35059223176554566,0.9395509499136442,0.8859934853420195,1.4142135623730951,0.5785674201318386
1.0,1.0,0.0,0.0,1.0,1.0,0.0,0.0
0.9607708189951824,0.9245033112582781,2.0,0.6456457338221667,1.0,1.0,0.0,0.0
0.0,0.0,inf,inf,1.0,1.0,0.0,0.0
0.0,0.0,10.168406345972633,8.853525031480238,1.0,1.0,0.0,0.0
0.0,0.0,inf,inf,0.0,0.0,inf,inf
1.0,1.0,0.0,0.0,1.0,1.0,0.0,0.0
1.0,1.0,0.0,0.0,0.8918918918918919,0.8048780487804879,2.0,0.7252220869120796
1.0,1.0,0.0,0.0,1.0,1.0,0.0,0.0
1.0,1.0,0.0,0.0,1.0,1.0,0.0,0.0
0.9252336448598131,0.8608695652173913,2.23606797749979,0.6713640949847421,1.0,1.0,0.0,0.0
0.7473878303626306,0.5966633954857704,10.844155752433169,1.2569944740002845,1.0,1.0,0.0,0.0
0.9680851063829787,0.9381443298969072,1.0,0.3219473960215736,1.0,1.0,0.0,0.0
0.967741935483871,0.9375,1.0,0.3202030508910442,1.0,1.0,0.0,0.0
0.5984251968503937,0.42696629213483145,14.699747468305832,1.3815343138705511,0.9420539300057372,0.8904555314533622,2.0,0.7311746773140461
0.9489593657086224,0.9028760018859029,2.0,0.6158247369869605,0.8808290155440415,0.7870370370370371,2.0414213562372954,0.8929615988768088
0.9722408026755853,0.9459811259355678,2.0,0.537612715453051,1.0,1.0,0.0,0.0
1.0,1.0,0.0,0.0,1.0,1.0,0.0,0.0
0.9240168003054601,0.8587650816181689,4.0,0.9830517510051126,0.847457627118644,0.7352941176470589,2.23606797749979,0.6829268292682927
0.0,0.0,inf,inf,1.0,1.0,0.0,0.0
1.0,1.0,0.0,0.0,1.0,1.0,0.0,0.0
1.0,1.0,0.0,0.0,1.0,1.0,0.0,0.0
1.0,1.0,0.0,0.0,1.0,1.0,0.0,0.0
1.0,1.0,0.0,0.0,1.0,1.0,0.0,0.0
0.890393567498942,0.8024408848207475,4.0,1.3244566517085172,1.0,1.0,0.0,0.0
1.0,1.0,0.0,0.0,1.0,1.0,0.0,0.0
0.0,0.0,inf,inf,1.0,1.0,0.0,0.0
1.0,1.0,0.0,0.0,1.0,1.0,0.0,0.0
1.0,1.0,0.0,0.0,1.0,1.0,0.0,0.0
0.7480916030534351,0.5975609756097561,5.873483213349097,1.0758714124971798,1.0,1.0,0.0,0.0
1.0,1.0,0.0,0.0,1.0,1.0,0.0,0.0
0.0,0.0,inf,inf,1.0,1.0,0.0,0.0
1.0,1.0,0.0,0.0,1.0,1.0,0.0,0.0
1.0,1.0,0.0,0.0,0.0,0.0,inf,inf
1.0,1.0,0.0,0.0,1.0,1.0,0.0,0.0
1.0,1.0,0.0,0.0,1.0,1.0,0.0,0.0
0.9625282167042889,0.927763272410792,1.4142135623730951,0.39375,1.0,1.0,0.0,0.0
1.0,1.0,0.0,0.0,1.0,1.0,0.0,0.0
0.0,0.0,inf,inf,0.0,0.0,inf,inf
1.0,1.0,0.0,0.0,1.0,1.0,0.0,0.0
0.9695652173913043,0.9409282700421941,1.0,0.3561643835616438,1.0,1.0,0.0,0.0
1.0,1.0,0.0,0.0,1.0,1.0,0.0,0.0
0.8863636363636364,0.7959183673469388,3.032455532033674,0.6589763956398732,0.9672544080604534,0.9365853658536586,2.0,0.6427515703115668
0.9698030634573304,0.9413763806287171,2.23606797749979,0.6030927835051546,1.0,1.0,0.0,0.0
1.0,1.0,0.0,0.0,1.0,1.0,0.0,0.0
1.0,1.0,0.0,0.0,0.0,0.0,inf,inf
0.9364499634769905,0.8804945054945055,2.4137757216736997,0.48674683045641715,0.9088888888888889,0.8329938900203666,2.8284271247461903,0.8420291236615282
0.9650445510623715,0.9324503311258279,1.4435028842544304,0.4575814452499573,1.0,1.0,0.0,0.0
1.0,1.0,0.0,0.0,1.0,1.0,0.0,0.0
0.9610062893081761,0.9249394673123487,2.0,0.5463917525773195,1.0,1.0,0.0,0.0
0.9775862068965517,0.9561551433389545,1.0,0.4,1.0,1.0,0.0,0.0
0.04081632653061224,0.020833333333333332,7.0710678118654755,4.321943505374989,1.0,1.0,0.0,0.0
1.0,1.0,0.0,0.0,1.0,1.0,0.0,0.0
0.8503253796095445,0.7396226415094339,3.273096063992282,1.0225934670385324,1.0,1.0,0.0,0.0
1.0,1.0,0.0,0.0,1.0,1.0,0.0,0.0
0.9108024691358024,0.8362142249929159,12.035355391973452,1.2849147970759567,0.8719543805080352,0.7729779411764706,5.0,1.2736195167627695
0.0,0.0,inf,inf,1.0,1.0,0.0,0.0
1.0,1.0,0.0,0.0,1.0,1.0,0.0,0.0
1.0,1.0,0.0,0.0,1.0,1.0,0.0,0.0
1.0,1.0,0.0,0.0,0.9544814641013608,0.9129263913824057,2.0,0.584070796460177
0.9739696312364425,0.9492600422832981,2.0,0.5596470826035819,1.0,1.0,0.0,0.0
1.0,1.0,0.0,0.0,1.0,1.0,0.0,0.0
1.0,1.0,0.0,0.0,1.0,1.0,0.0,0.0
1.0,1.0,0.0,0.0,1.0,1.0,0.0,0.0
1.0,1.0,0.0,0.0,1.0,1.0,0.0,0.0
1.0,1.0,0.0,0.0,1.0,1.0,0.0,0.0
0.9574319609211445,0.9183400267737617,8.495829145615621,0.5179378428247052,1.0,1.0,0.0,0.0
1.0,1.0,0.0,0.0,1.0,1.0,0.0,0.0
0.0,0.0,inf,inf,0.0,0.0,inf,inf
0.9745343975674648,0.9503335804299481,1.0,0.48,1.0,1.0,0.0,0.0
0.8482142857142857,0.7364341085271318,2.0,0.7546918160678028,1.0,1.0,0.0,0.0
1.0,1.0,0.0,0.0,1.0,1.0,0.0,0.0
0.9449877750611247,0.895712630359212,1.4142135623730951,0.6055045871559633,1.0,1.0,0.0,0.0
1.0,1.0,0.0,0.0,1.0,1.0,0.0,0.0
0.9624521072796934,0.9276218611521418,9.219544457292887,0.2856152659474006,1.0,1.0,0.0,0.0
0.0,0.0,inf,inf,1.0,1.0,0.0,0.0
1.0,1.0,0.0,0.0,0.8079470198675497,0.6777777777777778,2.0,1.0081402750861996
0.911660777385159,0.8376623376623377,1.0,0.5747234246762333,1.0,1.0,0.0,0.0
1.0,1.0,0.0,0.0,0.0,0.0,inf,inf
1.0,1.0,0.0,0.0,0.0,0.0,inf,inf
1.0,1.0,0.0,0.0,1.0,1.0,0.0,0.0
1.0,1.0,0.0,0.0,1.0,1.0,0.0,0.0
1.0,1.0,0.0,0.0,1.0,1.0,0.0,0.0
1.0,1.0,0.0,0.0,1.0,1.0,0.0,0.0
0.9774461028192372,0.9558871229322089,1.0,0.5894130832935488,1.0,1.0,0.0,0.0
0.8938967136150234,0.8081494057724957,4.0,0.8738439972353597,1.0,1.0,0.0,0.0
1.0,1.0,0.0,0.0,0.0,0.0,inf,inf
1.0,1.0,0.0,0.0,1.0,1.0,0.0,0.0
0.9314285714285714,0.8716577540106952,2.23606797749979,0.6972792206135786,0.9798032107716209,0.9604060913705583,2.0,0.59097412321978
0.9597197898423818,0.9225589225589226,1.4142135623730951,0.4380934229527823,1.0,1.0,0.0,0.0
0.9681978798586572,0.9383561643835616,4.300014504089359,0.8178131810418455,1.0,1.0,0.0,0.0
0.8711656441717791,0.7717391304347826,2.1062305898749027,1.0859441911997676,1.0,1.0,0.0,0.0
0.8766328011611031,0.7803617571059431,2.0,1.158571319836389,1.0,1.0,0.0,0.0
0.9427312775330396,0.8916666666666667,2.0,0.684931506849315,1.0,1.0,0.0,0.0
1.0,1.0,0.0,0.0,1.0,1.0,0.0,0.0
1.0,1.0,0.0,0.0,1.0,1.0,0.0,0.0
0.9465648854961832,0.8985507246376812,1.0,0.3333333333333333,1.0,1.0,0.0,0.0
1.0,1.0,0.0,0.0,1.0,1.0,0.0,0.0
0.0,0.0,inf,inf,0.0,0.0,inf,inf
1.0,1.0,0.0,0.0,1.0,1.0,0.0,0.0
1.0,1.0,0.0,0.0,1.0,1.0,0.0,0.0
1.0,1.0,0.0,0.0,1.0,1.0,0.0,0.0
0.0,0.0,inf,inf,1.0,1.0,0.0,0.0
0.8786840301576422,0.7836185819070904,6.0,1.86841101584455,1.0,1.0,0.0,0.0
1.0,1.0,0.0,0.0,1.0,1.0,0.0,0.0
0.9669142471303174,0.9359477124183007,1.4142135623730951,0.3364743131018678,1.0,1.0,0.0,0.0
1.0,1.0,0.0,0.0,1.0,1.0,0.0,0.0
0.0,0.0,inf,inf,0.0,0.0,inf,inf
1.0,1.0,0.0,0.0,0.0,0.0,inf,inf
0.9715817694369974,0.9447340980187695,1.0,0.46153846153846156,1.0,1.0,0.0,0.0
1.0,1.0,0.0,0.0,0.0,0.0,inf,inf
1.0,1.0,0.0,0.0,1.0,1.0,0.0,0.0
1.0,1.0,0.0,0.0,0.0,0.0,inf,inf
1.0,1.0,0.0,0.0,1.0,1.0,0.0,0.0
1.0,1.0,0.0,0.0,0.5465116279069767,0.376,4.949999999999996,2.2990496472298947
0.9428571428571428,0.8918918918918919,2.0,0.5565827350591079,0.8421052631578947,0.7272727272727273,2.0,0.6447142228150518
1.0,1.0,0.0,0.0,1.0,1.0,0.0,0.0
0.0,0.0,inf,inf,1.0,1.0,0.0,0.0
0.0,0.0,inf,inf,1.0,1.0,0.0,0.0
1.0,1.0,0.0,0.0,1.0,1.0,0.0,0.0
0.0,0.0,inf,inf,1.0,1.0,0.0,0.0
1.0,1.0,0.0,0.0,1.0,1.0,0.0,0.0
0.0,0.0,inf,inf,0.0,0.0,inf,inf
1.0,1.0,0.0,0.0,1.0,1.0,0.0,0.0
0.0,0.0,inf,inf,0.0,0.0,inf,inf
1.0,1.0,0.0,0.0,1.0,1.0,0.0,0.0
1.0,1.0,0.0,0.0,1.0,1.0,0.0,0.0
0.9618055555555556,0.9264214046822743,1.0,0.24050632911392406,1.0,1.0,0.0,0.0
0.9355828220858896,0.8789625360230547,2.9914213562373075,0.8125,1.0,1.0,0.0,0.0
0.9636468551644547,0.9298440979955457,1.0,0.5316246242238097,1.0,1.0,0.0,0.0
0.9177215189873418,0.847953216374269,2.0,0.6863911220177664,0.9827234389878928,0.9660336988499599,1.4142135623730951,0.5458794655526079
0.0,0.0,inf,inf,0.0,0.0,inf,inf
0.0,0.0,inf,inf,0.0,0.0,inf,inf
0.9579967689822294,0.9193798449612403,1.4142135623730951,0.5822547285012276,1.0,1.0,0.0,0.0
0.9466848940533151,0.8987670343932511,2.73957325265921,0.6290660527441976,0.9042904290429042,0.8253012048192772,2.0,0.8002450614202258
1.0,1.0,0.0,0.0,1.0,1.0,0.0,0.0
0.9529737206085753,0.9101717305151915,1.0,0.566339045256452,1.0,1.0,0.0,0.0
1.0,1.0,0.0,0.0,0.0,0.0,inf,inf
0.9343339587242027,0.8767605633802817,2.905634918610403,0.6792985079226783,0.7899159663865546,0.6527777777777778,2.8284271247461903,0.9251596081796783
0.0,0.0,inf,inf,1.0,1.0,0.0,0.0
0.48,0.3157894736842105,3.1622776601683795,1.9195758943430234,1.0,1.0,0.0,0.0
0.9579908675799087,0.9193689745836985,1.4142135623730951,0.4411932435778979,0.9484083424807903,0.9018789144050104,1.4142135623730951,0.5068493150684932
0.9230769230769231,0.8571428571428571,11.940939982143929,0.7186088365622438,0.9588968443383717,0.9210392256749873,9.433375275862677,1.0839136725225433
0.9166666666666666,0.8461538461538461,1.0,0.4634146341463415,1.0,1.0,0.0,0.0
0.9677312042581504,0.9374798582017403,2.0,0.6597834043848818,1.0,1.0,0.0,0.0
1.0,1.0,0.0,0.0,1.0,1.0,0.0,0.0
0.0,0.0,inf,inf,0.0,0.0,inf,inf
1.0,1.0,0.0,0.0,1.0,1.0,0.0,0.0
1.0,1.0,0.0,0.0,1.0,1.0,0.0,0.0
0.916601714731099,0.8460431654676259,3.0,1.1227756092135013,1.0,1.0,0.0,0.0
0.9657110736368747,0.933695652173913,1.0,0.48514851485148514,1.0,1.0,0.0,0.0
0.9651972157772621,0.9327354260089686,1.0,0.3484848484848485,1.0,1.0,0.0,0.0
1.0,1.0,0.0,0.0,1.0,1.0,0.0,0.0
1.0,1.0,0.0,0.0,1.0,1.0,0.0,0.0
1.0,1.0,0.0,0.0,1.0,1.0,0.0,0.0
0.9675494218575158,0.9371387283236994,5.313628483749074,0.3448328749984037,0.8333333333333334,0.7142857142857143,1.9414213562373086,0.9138549356431023
1.0,1.0,0.0,0.0,1.0,1.0,0.0,0.0
1.0,1.0,0.0,0.0,1.0,1.0,0.0,0.0
1.0,1.0,0.0,0.0,1.0,1.0,0.0,0.0
1.0,1.0,0.0,0.0,1.0,1.0,0.0,0.0
0.9327036599763873,0.8738938053097345,2.0,0.6341463414634146,1.0,1.0,0.0,0.0
0.0,0.0,inf,inf,1.0,1.0,0.0,0.0
1.0,1.0,0.0,0.0,1.0,1.0,0.0,0.0
1.0,1.0,0.0,0.0,1.0,1.0,0.0,0.0
1.0,1.0,0.0,0.0,1.0,1.0,0.0,0.0
0.0,0.0,inf,inf,1.0,1.0,0.0,0.0
1.0,1.0,0.0,0.0,1.0,1.0,0.0,0.0
0.0,0.0,inf,inf,1.0,1.0,0.0,0.0
1.0,1.0,0.0,0.0,1.0,1.0,0.0,0.0
1.0,1.0,0.0,0.0,1.0,1.0,0.0,0.0
1.0,1.0,0.0,0.0,0.0,0.0,inf,inf
0.9536112742219612,0.9113355780022446,3.605551275463989,0.655955466104027,1.0,1.0,0.0,0.0
0.0,0.0,inf,inf,0.0,0.0,inf,inf
0.9425287356321839,0.8913043478260869,2.0,0.5129795998849234,0.9696969696969697,0.9411764705882353,1.4142135623730951,0.5879095651179403
0.9391049156272927,0.8852005532503457,2.0,0.48249579113843055,0.9238683127572016,0.858508604206501,2.0,0.7508973028026023
0.971912013536379,0.945358788676761,2.0,0.5378151260504201,1.0,1.0,0.0,0.0
1.0,1.0,0.0,0.0,0.0,0.0,inf,inf
0.9696210460382085,0.941033434650456,3.0,0.5915929523018495,1.0,1.0,0.0,0.0
0.8943589743589744,0.8089053803339518,2.23606797749979,0.8374561204755719,0.8981481481481481,0.8151260504201681,2.0,0.7481350774428933
0.0,0.0,inf,inf,1.0,1.0,0.0,0.0
0.0,0.0,inf,inf,1.0,1.0,0.0,0.0
1.0,1.0,0.0,0.0,1.0,1.0,0.0,0.0
0.9027077497665733,0.8226684819605173,5.0,1.4888940699912183,0.8559754851889684,0.7482142857142857,3.605551275463989,1.487630245333323
0.9278996865203761,0.8654970760233918,2.0,1.1041628973076074,1.0,1.0,0.0,0.0
0.9089417555373257,0.8330827067669173,9.794733192202038,0.8192186494426014,0.9655585504642108,0.9334105385060799,4.135059131767819,0.6456484845043302
1.0,1.0,0.0,0.0,1.0,1.0,0.0,0.0
0.9741465031488233,0.9495961227786753,1.4142135623730951,0.48665923692323865,1.0,1.0,0.0,0.0
1.0,1.0,0.0,0.0,1.0,1.0,0.0,0.0
1.0,1.0,0.0,0.0,1.0,1.0,0.0,0.0
0.917910447761194,0.8482758620689655,2.0,0.7417406956373599,1.0,1.0,0.0,0.0
0.4,0.25,7.424087911424417,2.6629914327996262,1.0,1.0,0.0,0.0
0.968562874251497,0.9390420899854862,1.0,0.4645311903721045,1.0,1.0,0.0,0.0
1.0,1.0,0.0,0.0,1.0,1.0,0.0,0.0
1.0,1.0,0.0,0.0,1.0,1.0,0.0,0.0
0.9054726368159204,0.8272727272727273,3.0,0.9435779147714454,0.9440459110473458,0.8940217391304348,3.0,1.0099592504392472
0.0,0.0,inf,inf,0.0,0.0,inf,inf
0.0,0.0,inf,inf,0.8187919463087249,0.6931818181818182,2.0,0.9433647700847534
1.0,1.0,0.0,0.0,1.0,1.0,0.0,0.0
1.0,1.0,0.0,0.0,1.0,1.0,0.0,0.0
1.0,1.0,0.0,0.0,1.0,1.0,0.0,0.0
0.9240097008892482,0.8587528174305034,3.1622776601683795,0.9042963644560906,0.38461538461538464,0.23809523809523808,4.551315561749642,2.482586946457774
0.9864150943396226,0.9731943410275503,1.0,0.2727272727272727,1.0,1.0,0.0,0.0
0.8856825749167592,0.7948207171314741,2.23606797749979,0.8384238562637458,1.0,1.0,0.0,0.0
1.0,1.0,0.0,0.0,1.0,1.0,0.0,0.0
1.0,1.0,0.0,0.0,1.0,1.0,0.0,0.0
1.0,1.0,0.0,0.0,1.0,1.0,0.0,0.0
0.8910081743869209,0.8034398034398035,4.0,1.0663127081134924,0.9423076923076923,0.8909090909090909,2.0,0.5142832262887275
0.0,0.0,inf,inf,0.0,0.0,inf,inf
0.9804137931034482,0.9615800865800865,1.0,0.38095238095238093,1.0,1.0,0.0,0.0
0.9099756690997567,0.8348214285714286,1.0,0.6458333333333334,1.0,1.0,0.0,0.0
1.0,1.0,0.0,0.0,1.0,1.0,0.0,0.0
1.0,1.0,0.0,0.0,1.0,1.0,0.0,0.0
0.9667953667953668,0.9357249626307922,1.0,0.4777777777777778,1.0,1.0,0.0,0.0
1.0,1.0,0.0,0.0,0.0,0.0,inf,inf
0.9434889434889435,0.8930232558139535,2.0,0.5942028985507246,1.0,1.0,0.0,0.0
0.0,0.0,inf,inf,0.0,0.0,inf,inf
0.939288206559665,0.8855263157894737,2.23606797749979,0.8563289781161287,1.0,1.0,0.0,0.0
0.0,0.0,inf,inf,1.0,1.0,0.0,0.0
0.9358490566037736,0.8794326241134752,2.0,0.9079113466500407,1.0,1.0,0.0,0.0
1.0,1.0,0.0,0.0,1.0,1.0,0.0,0.0
0.9818607372732592,0.964367816091954,1.0,0.31,1.0,1.0,0.0,0.0
1.0,1.0,0.0,0.0,1.0,1.0,0.0,0.0
1.0,1.0,0.0,0.0,1.0,1.0,0.0,0.0
0.0,0.0,inf,inf,1.0,1.0,0.0,0.0
1.0,1.0,0.0,0.0,1.0,1.0,0.0,0.0
1.0,1.0,0.0,0.0,1.0,1.0,0.0,0.0
1.0,1.0,0.0,0.0,1.0,1.0,0.0,0.0
0.9501312335958005,0.905,12.0,0.41843971631205673,1.0,1.0,0.0,0.0
0.0,0.0,inf,inf,0.0,0.0,inf,inf
1.0,1.0,0.0,0.0,1.0,1.0,0.0,0.0
0.975929978118162,0.9529914529914529,1.0,0.44642857142857145,1.0,1.0,0.0,0.0
0.9143610013175231,0.8422330097087378,6.612291779458717,0.8650894032542484,1.0,1.0,0.0,0.0
1.0,1.0,0.0,0.0,0.0,0.0,inf,inf
0.0,0.0,inf,inf,0.7642276422764228,0.618421052631579,2.0,1.0862554110430493
0.8885844748858448,0.799506984387839,4.4606611916055625,1.405413770148272,1.0,1.0,0.0,0.0
1.0,1.0,0.0,0.0,1.0,1.0,0.0,0.0
0.93909973521624,0.8851913477537438,1.4142135623730951,0.5323148264538465,0.7428571428571429,0.5909090909090909,3.0,1.3861175927158227
1.0,1.0,0.0,0.0,1.0,1.0,0.0,0.0
0.953810623556582,0.9116997792494481,2.0,0.49009953296944325,0.7898089171974523,0.6526315789473685,2.871320343559643,1.1389398641730732
1.0,1.0,0.0,0.0,1.0,1.0,0.0,0.0
1.0,1.0,0.0,0.0,1.0,1.0,0.0,0.0
0.9805934242181235,0.9619257394587791,1.0,0.5122988371619699,1.0,1.0,0.0,0.0
0.9160409556313993,0.845088161209068,10.059126028197397,0.6611320577875116,1.0,1.0,0.0,0.0
0.0,0.0,inf,inf,1.0,1.0,0.0,0.0
1.0,1.0,0.0,0.0,0.0,0.0,inf,inf
1.0,1.0,0.0,0.0,0.0,0.0,inf,inf
1.0,1.0,0.0,0.0,1.0,1.0,0.0,0.0
0.0,0.0,inf,inf,1.0,1.0,0.0,0.0
1.0,1.0,0.0,0.0,0.0,0.0,inf,inf
1.0,1.0,0.0,0.0,1.0,1.0,0.0,0.0
1.0,1.0,0.0,0.0,1.0,1.0,0.0,0.0
0.9132743362831859,0.8403908794788274,2.23606797749979,0.79667236908957,0.9506561679790027,0.9059529764882441,2.23606797749979,0.8995440511691135
1.0,1.0,0.0,0.0,1.0,1.0,0.0,0.0
0.9597464342313787,0.9226081657525899,7.211102550927978,0.3369108117212378,1.0,1.0,0.0,0.0
0.0,0.0,inf,inf,1.0,1.0,0.0,0.0
1.0,1.0,0.0,0.0,1.0,1.0,0.0,0.0
0.0,0.0,inf,inf,0.0,0.0,inf,inf
1.0,1.0,0.0,0.0,1.0,1.0,0.0,0.0
0.0,0.0,inf,inf,1.0,1.0,0.0,0.0
1.0,1.0,0.0,0.0,1.0,1.0,0.0,0.0
1.0,1.0,0.0,0.0,1.0,1.0,0.0,0.0
1.0,1.0,0.0,0.0,1.0,1.0,0.0,0.0
0.0,0.0,inf,inf,1.0,1.0,0.0,0.0
1.0,1.0,0.0,0.0,1.0,1.0,0.0,0.0
0.9118387909319899,0.8379629629629629,4.070820393249926,0.7934532237066512,1.0,1.0,0.0,0.0
1.0,1.0,0.0,0.0,1.0,1.0,0.0,0.0
1.0,1.0,0.0,0.0,0.0,0.0,inf,inf
0.9619482496194824,0.9266862170087976,1.4142135623730951,0.5581244707670578,1.0,1.0,0.0,0.0
1.0,1.0,0.0,0.0,1.0,1.0,0.0,0.0
0.9537939805002119,0.9116693679092382,2.8970562748477104,0.8584465161020727,1.0,1.0,0.0,0.0
0.8663101604278075,0.7641509433962265,2.739573252659227,0.78125,1.0,1.0,0.0,0.0
0.9282562510214087,0.8661177188167124,12.0,1.4119918685739195,0.8951429868361326,0.8101889893179951,4.659188309203687,1.1290474563554764
0.0,0.0,inf,inf,1.0,1.0,0.0,0.0
1.0,1.0,0.0,0.0,0.0,0.0,inf,inf
0.9667844522968198,0.9357045143638851,1.0,0.5152692772959332,1.0,1.0,0.0,0.0
1.0,1.0,0.0,0.0,1.0,1.0,0.0,0.0
1.0,1.0,0.0,0.0,0.0,0.0,inf,inf
0.9323583180987203,0.8732876712328768,1.0,0.5263157894736842,1.0,1.0,0.0,0.0
1.0,1.0,0.0,0.0,1.0,1.0,0.0,0.0
0.9422161794697484,0.890745501285347,9.89189936638933,0.4308716969017793,1.0,1.0,0.0,0.0
1.0,1.0,0.0,0.0,1.0,1.0,0.0,0.0
0.0,0.0,inf,inf,1.0,1.0,0.0,0.0
1.0,1.0,0.0,0.0,1.0,1.0,0.0,0.0
1.0,1.0,0.0,0.0,1.0,1.0,0.0,0.0
1.0,1.0,0.0,0.0,1.0,1.0,0.0,0.0
1.0,1.0,0.0,0.0,1.0,1.0,0.0,0.0
1.0,1.0,0.0,0.0,1.0,1.0,0.0,0.0
0.9381636477201749,0.8835294117647059,1.4142135623730951,0.6233074433856218,1.0,1.0,0.0,0.0
0.0,0.0,inf,inf,1.0,1.0,0.0,0.0
0.42857142857142855,0.2727272727272727,4.357388321059432,2.2026663211067516,1.0,1.0,0.0,0.0
0.7429643527204502,0.591044776119403,4.2124611797498055,0.9832416567656856,0.9176029962546817,0.8477508650519031,3.0,0.8934985211246464
1.0,1.0,0.0,0.0,1.0,1.0,0.0,0.0
0.0,0.0,inf,inf,1.0,1.0,0.0,0.0
1.0,1.0,0.0,0.0,1.0,1.0,0.0,0.0
1.0,1.0,0.0,0.0,1.0,1.0,0.0,0.0
1.0,1.0,0.0,0.0,1.0,1.0,0.0,0.0
1.0,1.0,0.0,0.0,1.0,1.0,0.0,0.0
1.0,1.0,0.0,0.0,1.0,1.0,0.0,0.0
1.0,1.0,0.0,0.0,1.0,1.0,0.0,0.0
0.0,0.0,inf,inf,0.0,0.0,inf,inf
0.0,0.0,inf,inf,1.0,1.0,0.0,0.0
0.904572564612326,0.8257713248638838,2.8284271247461903,0.5894153171249294,0.969038208168643,0.9399361022364218,2.0,0.5864713148664629
1.0,1.0,0.0,0.0,1.0,1.0,0.0,0.0
1.0,1.0,0.0,0.0,0.4126984126984127,0.26,5.0,2.666064495329369
1.0,1.0,0.0,0.0,0.0,0.0,inf,inf
1.0,1.0,0.0,0.0,1.0,1.0,0.0,0.0
0.0,0.0,inf,inf,0.0,0.0,inf,inf
0.9564643799472295,0.9165613147914032,1.0,0.4032258064516129,1.0,1.0,0.0,0.0
1.0,1.0,0.0,0.0,1.0,1.0,0.0,0.0
0.0,0.0,inf,inf,1.0,1.0,0.0,0.0
1.0,1.0,0.0,0.0,1.0,1.0,0.0,0.0
1.0,1.0,0.0,0.0,1.0,1.0,0.0,0.0
0.9603315571343991,0.9236902050113895,2.0,0.48,1.0,1.0,0.0,0.0
1.0,1.0,0.0,0.0,1.0,1.0,0.0,0.0
0.0,0.0,inf,inf,0.0,0.0,inf,inf
0.9508009153318078,0.906215921483097,1.4142135623730951,0.5116279069767442,0.9497326203208556,0.9042769857433809,1.4142135623730951,0.4084507042253521
0.9735253135160241,0.9484162895927601,1.0,0.4711608744147018,1.0,1.0,0.0,0.0
1.0,1.0,0.0,0.0,1.0,1.0,0.0,0.0
1.0,1.0,0.0,0.0,1.0,1.0,0.0,0.0
1.0,1.0,0.0,0.0,1.0,1.0,0.0,0.0
0.8784810126582279,0.7832957110609481,2.0,0.8220020565780882,0.8662900188323918,0.7641196013289037,2.0,1.1845183340529193
1.0,1.0,0.0,0.0,1.0,1.0,0.0,0.0
1.0,1.0,0.0,0.0,1.0,1.0,0.0,0.0
1.0,1.0,0.0,0.0,0.0,0.0,inf,inf
0.0,0.0,inf,inf,1.0,1.0,0.0,0.0
1.0,1.0,0.0,0.0,1.0,1.0,0.0,0.0
0.0,0.0,inf,inf,1.0,1.0,0.0,0.0
0.988,0.9762845849802372,1.0,0.08163265306122448,1.0,1.0,0.0,0.0
0.0,0.0,inf,inf,1.0,1.0,0.0,0.0
1.0,1.0,0.0,0.0,0.0,0.0,inf,inf
1.0,1.0,0.0,0.0,1.0,1.0,0.0,0.0
1.0,1.0,0.0,0.0,1.0,1.0,0.0,0.0
0.0,0.0,inf,inf,0.0,0.0,inf,inf
1.0,1.0,0.0,0.0,1.0,1.0,0.0,0.0
0.9537480063795853,0.9115853658536586,8.94427190999916,0.3653006425827431,1.0,1.0,0.0,0.0
0.9821546596166556,0.964935064935065,1.0,0.26436781609195403,1.0,1.0,0.0,0.0
0.9122909944265181,0.8387270765911543,15.033296378372908,1.4330819912032366,0.8473080317740512,0.7350689127105666,3.7830532015051896,1.6687434733013162
1.0,1.0,0.0,0.0,1.0,1.0,0.0,0.0
0.0,0.0,inf,inf,1.0,1.0,0.0,0.0
0.918785890073831,0.849772382397572,5.979032922492729,1.1735679390494034,1.0,1.0,0.0,0.0
0.9794826048171276,0.9597902097902098,1.0,0.34607399605741523,1.0,1.0,0.0,0.0
1.0,1.0,0.0,0.0,1.0,1.0,0.0,0.0
1.0,1.0,0.0,0.0,1.0,1.0,0.0,0.0
1.0,1.0,0.0,0.0,1.0,1.0,0.0,0.0
0.0,0.0,inf,inf,1.0,1.0,0.0,0.0
0.0,0.0,inf,inf,1.0,1.0,0.0,0.0
1.0,1.0,0.0,0.0,1.0,1.0,0.0,0.0
1.0,1.0,0.0,0.0,1.0,1.0,0.0,0.0
1.0,1.0,0.0,0.0,0.0,0.0,inf,inf
1.0,1.0,0.0,0.0,1.0,1.0,0.0,0.0
1.0,1.0,0.0,0.0,0.0,0.0,inf,inf
1.0,1.0,0.0,0.0,1.0,1.0,0.0,0.0
0.947172156619018,0.8996458087367178,1.4142135623730951,0.49063120855932285,1.0,1.0,0.0,0.0
0.9592361366140286,0.92166549047283,2.23606797749979,0.7410095578728848,1.0,1.0,0.0,0.0
1.0,1.0,0.0,0.0,1.0,1.0,0.0,0.0
0.0,0.0,inf,inf,1.0,1.0,0.0,0.0
0.9422740524781341,0.8908489525909592,2.1770509831248424,0.7524752475247525,1.0,1.0,0.0,0.0
1.0,1.0,0.0,0.0,1.0,1.0,0.0,0.0
1.0,1.0,0.0,0.0,1.0,1.0,0.0,0.0
0.9330357142857143,0.8744769874476988,2.0,0.5578947368421052,1.0,1.0,0.0,0.0
1.0,1.0,0.0,0.0,0.0,0.0,inf,inf
0.0,0.0,inf,inf,1.0,1.0,0.0,0.0
1.0,1.0,0.0,0.0,1.0,1.0,0.0,0.0
0.9487750556792873,0.902542372881356,1.0,0.3823801506930344,0.9744721084147494,0.9502151198524893,1.4142135623730951,0.45241296258534713
1.0,1.0,0.0,0.0,1.0,1.0,0.0,0.0
0.9391955098222639,0.8853615520282186,2.0,0.46882640726108915,0.9666564698684613,0.9354647720544701,1.4142135623730951,0.6454708045738901
1.0,1.0,0.0,0.0,1.0,1.0,0.0,0.0
0.9401709401709402,0.8870967741935484,7.750252518811538,0.649045539476682,1.0,1.0,0.0,0.0
0.8801431127012522,0.7859424920127795,2.0,0.9010490170304531,0.9802349689011749,0.9612361073461643,2.0,0.6108143186201936
0.9375419744795165,0.8824273072060683,2.0,0.7310383051124827,1.0,1.0,0.0,0.0
1.0,1.0,0.0,0.0,1.0,1.0,0.0,0.0
0.9161931818181818,0.8453473132372215,5.0,1.4812619402275735,0.8788177339901477,0.7838312829525483,4.0,1.3140300614728433
1.0,1.0,0.0,0.0,1.0,1.0,0.0,0.0
1.0,1.0,0.0,0.0,1.0,1.0,0.0,0.0
0.9028910303928837,0.822972972972973,10.0,1.3575203294632592,0.8202099737532809,0.6952169076751946,4.0,1.185251271434223
1.0,1.0,0.0,0.0,1.0,1.0,0.0,0.0
0.0,0.0,inf,inf,1.0,1.0,0.0,0.0
0.9265138154027043,0.8630887185104053,4.123105625617661,1.2547812541729373,1.0,1.0,0.0,0.0
1.0,1.0,0.0,0.0,1.0,1.0,0.0,0.0
0.9045977011494253,0.825813221406086,2.0,0.7246104934170978,1.0,1.0,0.0,0.0
0.905982905982906,0.828125,1.0,0.6444444444444445,1.0,1.0,0.0,0.0
1.0,1.0,0.0,0.0,1.0,1.0,0.0,0.0
0.9630573248407643,0.9287469287469288,2.0,0.7163247116564646,1.0,1.0,0.0,0.0
1.0,1.0,0.0,0.0,1.0,1.0,0.0,0.0
1.0,1.0,0.0,0.0,1.0,1.0,0.0,0.0
0.9207735495945103,0.8531791907514451,9.219544457292887,0.981151130852471,1.0,1.0,0.0,0.0
1.0,1.0,0.0,0.0,1.0,1.0,0.0,0.0
0.8938156359393232,0.8080168776371308,3.2509323832274966,0.6700183619543468,1.0,1.0,0.0,0.0
0.0,0.0,inf,inf,1.0,1.0,0.0,0.0
1.0,1.0,0.0,0.0,1.0,1.0,0.0,0.0
0.9556840077071291,0.915129151291513,1.0,0.37037037037037035,1.0,1.0,0.0,0.0
0.0,0.0,inf,inf,0.0,0.0,inf,inf
1.0,1.0,0.0,0.0,1.0,1.0,0.0,0.0
0.9427966101694916,0.8917835671342685,2.0,0.8178248987820628,1.0,1.0,0.0,0.0
1.0,1.0,0.0,0.0,1.0,1.0,0.0,0.0
0.9812925170068028,0.9632721202003339,1.0,0.304,1.0,1.0,0.0,0.0
1.0,1.0,0.0,0.0,1.0,1.0,0.0,0.0
0.0,0.0,inf,inf,1.0,1.0,0.0,0.0
1.0,1.0,0.0,0.0,0.0,0.0,inf,inf
0.9691516709511568,0.940149625935162,1.0,0.35384615384615387,1.0,1.0,0.0,0.0
0.9504643962848297,0.9056047197640118,1.4142135623730951,0.4264705882352941,0.9490445859872612,0.9030303030303031,1.4142135623730951,0.5068493150684932
1.0,1.0,0.0,0.0,1.0,1.0,0.0,0.0
0.0,0.0,inf,inf,0.0,0.0,inf,inf
0.9336550060313631,0.8755656108597285,1.4142135623730951,0.6168905551836191,1.0,1.0,0.0,0.0
1.0,1.0,0.0,0.0,1.0,1.0,0.0,0.0
1.0,1.0,0.0,0.0,1.0,1.0,0.0,0.0
0.7547169811320755,0.6060606060606061,8.95820393249937,2.317796586894229,1.0,1.0,0.0,0.0
1.0,1.0,0.0,0.0,0.0,0.0,inf,inf
0.983248928710557,0.9670498084291188,1.0,0.33070866141732286,1.0,1.0,0.0,0.0
1.0,1.0,0.0,0.0,1.0,1.0,0.0,0.0
1.0,1.0,0.0,0.0,1.0,1.0,0.0,0.0
1.0,1.0,0.0,0.0,0.0,0.0,inf,inf
1.0,1.0,0.0,0.0,1.0,1.0,0.0,0.0
1.0,1.0,0.0,0.0,1.0,1.0,0.0,0.0
0.0,0.0,inf,inf,1.0,1.0,0.0,0.0
0.9296909986565159,0.8686192468619247,2.888477631085018,0.7142857142857143,0.950050454086781,0.9048534358481499,3.0,0.9769850239517588
0.7913043478260869,0.6546762589928058,2.1770509831248424,0.6725766501804824,0.9500674763832658,0.9048843187660668,2.0,0.5300666810714262
0.9706498951781971,0.9429735234215886,1.0,0.504950495049505,1.0,1.0,0.0,0.0
1.0,1.0,0.0,0.0,0.0,0.0,inf,inf
1.0,1.0,0.0,0.0,1.0,1.0,0.0,0.0
1.0,1.0,0.0,0.0,0.0,0.0,inf,inf
0.9263157894736842,0.8627450980392157,2.0118033988749886,0.32668983058876566,1.0,1.0,0.0,0.0
0.0,0.0,inf,inf,0.0,0.0,inf,inf
0.0,0.0,inf,inf,1.0,1.0,0.0,0.0
0.53125,0.3617021276595745,7.873251694004628,3.1530155293953737,1.0,1.0,0.0,0.0
1.0,1.0,0.0,0.0,1.0,1.0,0.0,0.0
0.7368421052631579,0.5833333333333334,3.0,1.1367951244667738,0.9549266247379455,0.9137412236710131,1.8535533905932737,0.6413158192389519
0.0,0.0,inf,inf,1.0,1.0,0.0,0.0
1.0,1.0,0.0,0.0,1.0,1.0,0.0,0.0
1.0,1.0,0.0,0.0,0.0,0.0,inf,inf
1.0,1.0,0.0,0.0,0.0,0.0,8.549999999999997,5.064352368696727
1.0,1.0,0.0,0.0,1.0,1.0,0.0,0.0
1.0,1.0,0.0,0.0,1.0,1.0,0.0,0.0
1.0,1.0,0.0,0.0,1.0,1.0,0.0,0.0
0.9202453987730062,0.8522727272727273,1.0,0.5812907991041213,1.0,1.0,0.0,0.0
1.0,1.0,0.0,0.0,1.0,1.0,0.0,0.0
0.9148936170212766,0.8431372549019608,1.0,0.43333333333333335,1.0,1.0,0.0,0.0
0.0,0.0,inf,inf,0.0,0.0,inf,inf
1.0,1.0,0.0,0.0,0.0,0.0,inf,inf
1.0,1.0,0.0,0.0,1.0,1.0,0.0,0.0
0.7424242424242424,0.5903614457831325,4.170820393249925,0.8076923076923077,1.0,1.0,0.0,0.0
1.0,1.0,0.0,0.0,1.0,1.0,0.0,0.0
1.0,1.0,0.0,0.0,1.0,1.0,0.0,0.0
0.9887393573194178,0.977729494839761,1.0,0.22023809523809523,1.0,1.0,0.0,0.0
0.9840085287846482,0.968520461699895,1.0,0.29332727072591114,1.0,1.0,0.0,0.0
1.0,1.0,0.0,0.0,1.0,1.0,0.0,0.0
0.0,0.0,inf,inf,1.0,1.0,0.0,0.0
0.9812799303439269,0.9632478632478633,1.0,0.3644067796610169,1.0,1.0,0.0,0.0
1.0,1.0,0.0,0.0,1.0,1.0,0.0,0.0
1.0,1.0,0.0,0.0,1.0,1.0,0.0,0.0
0.9293768545994066,0.8680709534368071,6.2520174833251945,0.6007950370163543,1.0,1.0,0.0,0.0
0.0,0.0,inf,inf,0.0,0.0,inf,inf
1.0,1.0,0.0,0.0,1.0,1.0,0.0,0.0
1.0,1.0,0.0,0.0,1.0,1.0,0.0,0.0
0.0,0.0,inf,inf,1.0,1.0,0.0,0.0
0.907394609536973,0.8304870335230866,5.385164807134504,1.3564222939081505,0.8355795148247979,0.7175925925925926,6.0,1.9355394453374841
1.0,1.0,0.0,0.0,1.0,1.0,0.0,0.0
1.0,1.0,0.0,0.0,0.939297124600639,0.8855421686746988,2.0,0.6621557519906307
1.0,1.0,0.0,0.0,1.0,1.0,0.0,0.0
1.0,1.0,0.0,0.0,1.0,1.0,0.0,0.0
1.0,1.0,0.0,0.0,1.0,1.0,0.0,0.0
0.0,0.0,inf,inf,1.0,1.0,0.0,0.0
1.0,1.0,0.0,0.0,1.0,1.0,0.0,0.0
1.0,1.0,0.0,0.0,1.0,1.0,0.0,0.0
0.986100950987564,0.9725829725829725,1.0,0.16326530612244897,0.9508840864440079,0.9063670411985019,1.0,0.43702476657904277
0.9793307086614174,0.9594985535197685,1.0,0.37272727272727274,1.0,1.0,0.0,0.0
0.0,0.0,inf,inf,1.0,1.0,0.0,0.0
0.0,0.0,inf,inf,0.0,0.0,inf,inf
0.9404580152671755,0.8876080691642652,1.0,0.3670886075949367,0.9687604971447766,0.9394136807817589,1.4142135623730951,0.5281598098012452
1.0,1.0,0.0,0.0,1.0,1.0,0.0,0.0
0.939297124600639,0.8855421686746988,2.0,0.5077542666949282,0.948,0.9011406844106464,2.0,0.5702152306230784
1.0,1.0,0.0,0.0,1.0,1.0,0.0,0.0
0.0,0.0,inf,inf,1.0,1.0,0.0,0.0
0.0,0.0,inf,inf,1.0,1.0,0.0,0.0
1.0,1.0,0.0,0.0,1.0,1.0,0.0,0.0
0.0,0.0,inf,inf,0.0,0.0,inf,inf
0.9402756508422665,0.8872832369942196,1.6778174593051958,0.5295814706373713,0.9369202226345084,0.881326352530541,2.0,0.769783649173752
0.9511213341000575,0.9067982456140351,1.4142135623730951,0.49549279949494085,1.0,1.0,0.0,0.0
1.0,1.0,0.0,0.0,1.0,1.0,0.0,0.0
0.0,0.0,inf,inf,1.0,1.0,0.0,0.0
1.0,1.0,0.0,0.0,1.0,1.0,0.0,0.0
1.0,1.0,0.0,0.0,1.0,1.0,0.0,0.0
1.0,1.0,0.0,0.0,1.0,1.0,0.0,0.0
0.9796170475602224,0.9600484261501211,1.0,0.32323232323232326,1.0,1.0,0.0,0.0
0.9424892703862661,0.8912337662337663,19.18831878808641,0.320553199616052,0.9171483622350675,0.8469750889679716,1.7071067811865475,0.6953207397658053
0.9021505376344086,0.821743388834476,3.0892527130926015,0.9370241549588728,0.9309309309309309,0.8707865168539326,2.0,0.8251269068069026
1.0,1.0,0.0,0.0,0.0,0.0,inf,inf
0.0,0.0,inf,inf,1.0,1.0,0.0,0.0
1.0,1.0,0.0,0.0,1.0,1.0,0.0,0.0
0.29411764705882354,0.1724137931034483,14.866068747318506,6.642824904463471,1.0,1.0,0.0,0.0
0.9739389426656738,0.9492017416545718,2.0,0.5352112676056338,1.0,1.0,0.0,0.0
1.0,1.0,0.0,0.0,1.0,1.0,0.0,0.0
1.0,1.0,0.0,0.0,1.0,1.0,0.0,0.0
1.0,1.0,0.0,0.0,1.0,1.0,0.0,0.0
0.9363636363636364,0.8803418803418803,1.4142135623730951,0.6313862975316366,0.8810375670840788,0.7873701039168665,6.064911064067348,2.101565497841607
0.9352331606217616,0.878345498783455,1.4142135623730951,0.5873015873015873,1.0,1.0,0.0,0.0
1.0,1.0,0.0,0.0,0.0,0.0,inf,inf
0.9725228975853455,0.946515397082658,1.0,0.38461538461538464,1.0,1.0,0.0,0.0
0.23076923076923078,0.13043478260869565,3.032455532033676,1.751952560154295,1.0,1.0,0.0,0.0
0.0,0.0,inf,inf,0.0,0.0,inf,inf
1.0,1.0,0.0,0.0,1.0,1.0,0.0,0.0
0.0,0.0,inf,inf,1.0,1.0,0.0,0.0
1.0,1.0,0.0,0.0,0.0,0.0,inf,inf
1.0,1.0,0.0,0.0,1.0,1.0,0.0,0.0
0.0,0.0,inf,inf,1.0,1.0,0.0,0.0
0.0,0.0,inf,inf,1.0,1.0,0.0,0.0
1.0,1.0,0.0,0.0,0.0,0.0,inf,inf
1.0,1.0,0.0,0.0,1.0,1.0,0.0,0.0
0.9687334393216747,0.9393627954779034,1.0,0.4346052893308025,1.0,1.0,0.0,0.0
0.926829268292683,0.8636363636363636,2.0,0.5255228474983079,1.0,1.0,0.0,0.0
1.0,1.0,0.0,0.0,1.0,1.0,0.0,0.0
1.0,1.0,0.0,0.0,1.0,1.0,0.0,0.0
1.0,1.0,0.0,0.0,1.0,1.0,0.0,0.0
1.0,1.0,0.0,0.0,1.0,1.0,0.0,0.0
0.0,0.0,inf,inf,1.0,1.0,0.0,0.0
0.9851262538913871,0.9706884798909339,1.0,0.27044025157232704,1.0,1.0,0.0,0.0
1.0,1.0,0.0,0.0,1.0,1.0,0.0,0.0
0.0,0.0,inf,inf,1.0,1.0,0.0,0.0
1.0,1.0,0.0,0.0,1.0,1.0,0.0,0.0
0.8571428571428571,0.75,3.605551275463989,1.255872765604973,1.0,1.0,0.0,0.0
1.0,1.0,0.0,0.0,1.0,1.0,0.0,0.0
0.0,0.0,inf,inf,1.0,1.0,0.0,0.0
0.9678899082568807,0.9377777777777778,1.0,0.38095238095238093,1.0,1.0,0.0,0.0
1.0,1.0,0.0,0.0,1.0,1.0,0.0,0.0
1.0,1.0,0.0,0.0,1.0,1.0,0.0,0.0
1.0,1.0,0.0,0.0,1.0,1.0,0.0,0.0
0.0,0.0,inf,inf,1.0,1.0,0.0,0.0
1.0,1.0,0.0,0.0,1.0,1.0,0.0,0.0
1.0,1.0,0.0,0.0,1.0,1.0,0.0,0.0
1.0,1.0,0.0,0.0,1.0,1.0,0.0,0.0
1.0,1.0,0.0,0.0,1.0,1.0,0.0,0.0
0.0,0.0,inf,inf,1.0,1.0,0.0,0.0
0.948951048951049,0.9028609447771124,7.27665952236289,0.48050779783625214,0.8148148148148148,0.6875,1.3727922061357851,0.6363636363636364
1.0,1.0,0.0,0.0,1.0,1.0,0.0,0.0
1.0,1.0,0.0,0.0,1.0,1.0,0.0,0.0
1.0,1.0,0.0,0.0,1.0,1.0,0.0,0.0
1.0,1.0,0.0,0.0,0.0,0.0,inf,inf
1.0,1.0,0.0,0.0,1.0,1.0,0.0,0.0
1.0,1.0,0.0,0.0,0.9267425320056899,0.8634857521537442,3.6449961479175768,1.0664890857648457
0.0,0.0,inf,inf,1.0,1.0,0.0,0.0
0.9403973509933775,0.8875,2.0,0.6237623762376238,1.0,1.0,0.0,0.0
0.946236559139785,0.8979591836734694,1.0,0.4318181818181818,1.0,1.0,0.0,0.0
1.0,1.0,0.0,0.0,1.0,1.0,0.0,0.0
0.0,0.0,inf,inf,1.0,1.0,0.0,0.0
0.982740021574973,0.9660657476139979,1.0,0.29245283018867924,1.0,1.0,0.0,0.0
0.9444043321299639,0.8946648426812586,1.4142135623730951,0.6639737337677836,1.0,1.0,0.0,0.0
0.9174560216508796,0.8475,2.0,0.6,1.0,1.0,0.0,0.0
0.0,0.0,inf,inf,1.0,1.0,0.0,0.0
0.9678935003915426,0.9377845220030349,1.0,0.4567901234567901,1.0,1.0,0.0,0.0
1.0,1.0,0.0,0.0,1.0,1.0,0.0,0.0
1.0,1.0,0.0,0.0,1.0,1.0,0.0,0.0
0.0,0.0,inf,inf,0.0,0.0,inf,inf
0.9277310924369748,0.8652037617554859,2.23606797749979,0.9475558514664534,0.9446143391097519,0.8950418544752092,3.0,0.7982022538821829
1.0,1.0,0.0,0.0,0.0,0.0,inf,inf
0.0,0.0,inf,inf,0.0,0.0,inf,inf
0.0,0.0,inf,inf,0.0,0.0,inf,inf
1.0,1.0,0.0,0.0,1.0,1.0,0.0,0.0
1.0,1.0,0.0,0.0,1.0,1.0,0.0,0.0
0.0,0.0,inf,inf,1.0,1.0,0.0,0.0
1.0,1.0,0.0,0.0,1.0,1.0,0.0,0.0
0.0,0.0,inf,inf,1.0,1.0,0.0,0.0
0.9704142011834319,0.9425287356321839,1.0,0.25,1.0,1.0,0.0,0.0
1.0,1.0,0.0,0.0,1.0,1.0,0.0,0.0
1.0,1.0,0.0,0.0,1.0,1.0,0.0,0.0
0.0,0.0,inf,inf,0.0,0.0,inf,inf
1.0,1.0,0.0,0.0,1.0,1.0,0.0,0.0
0.9262435677530018,0.8626198083067093,3.605551275463989,1.0371984656638775,1.0,1.0,0.0,0.0
0.9285131829301441,0.8665651953323186,2.23606797749979,1.2234453923495034,0.95506997299288,0.9140037593984962,2.59148346584761,0.843813430984835
1.0,1.0,0.0,0.0,0.9654255319148937,0.9331619537275064,2.0,0.4336283185840708
