case_id,slice_idx,gt_tumor_size,pred_tumor_size,gt_category,pred_category,num_gt_components,num_pred_components,tumor_dice,tumor_hd95,tumor_asd
case_00102,180,0,0,none,none,0,0,1.0,0.0,0.0
case_00203,267,0,0,none,none,0,0,1.0,0.0,0.0
case_00033,233,0,0,none,none,0,0,1.0,0.0,0.0
case_00194,474,0,0,none,none,0,0,1.0,0.0,0.0
case_00086,315,0,0,none,none,0,0,1.0,0.0,0.0
case_00086,219,0,0,none,none,0,0,1.0,0.0,0.0
case_00134,195,0,0,none,none,0,0,1.0,0.0,0.0
case_00161,505,0,0,none,none,0,0,1.0,0.0,0.0
case_00203,345,0,0,none,none,0,0,1.0,0.0,0.0
case_00154,63,0,3,none,small,0,1,0.0,-1.0,-1.0
case_00154,323,275,332,medium,medium,1,1,0.899505766062603,2.3249218495867447,0.9882565388028012
case_00154,461,0,296,none,medium,0,1,0.0,-1.0,-1.0
case_00161,107,0,0,none,none,0,0,1.0,0.0,0.0
case_00014,116,0,0,none,none,0,0,1.0,0.0,0.0
case_00134,48,0,414,none,medium,0,2,0.0,-1.0,-1.0
case_00115,206,0,0,none,none,0,0,1.0,0.0,0.0
case_00194,79,0,0,none,none,0,0,1.0,0.0,0.0
case_00134,428,0,1343,none,large,0,1,0.0,-1.0,-1.0
case_00079,379,1584,1647,large,large,1,1,0.9705973382853605,1.4142135623730951,0.5344887651767585
case_00203,296,0,0,none,none,0,0,1.0,0.0,0.0
case_00079,409,1515,1572,large,large,1,1,0.9640427599611273,1.4142135623730951,0.6262451282251473
case_00134,507,0,0,none,none,0,0,1.0,0.0,0.0
case_00154,339,239,318,medium,medium,1,1,0.8438061041292639,3.1622776601683795,1.3461837815767739
case_00134,10,0,0,none,none,0,0,1.0,0.0,0.0
case_00102,384,3243,3352,large,large,1,1,0.978620166793025,2.23606797749979,0.6086022299544745
case_00154,465,0,1433,none,large,0,1,0.0,-1.0,-1.0
case_00102,151,0,0,none,none,0,0,1.0,0.0,0.0
case_00079,415,1415,1467,large,large,1,1,0.9680777238029147,1.4142135623730951,0.5514705882352942
case_00161,463,0,0,none,none,0,0,1.0,0.0,0.0
case_00102,64,0,0,none,none,0,0,1.0,0.0,0.0
case_00194,450,0,28,none,small,0,2,0.0,-1.0,-1.0
case_00125,298,0,0,none,none,0,0,1.0,0.0,0.0
case_00113,456,0,501,none,medium,0,1,0.0,-1.0,-1.0
case_00125,24,0,447,none,medium,0,3,0.0,-1.0,-1.0
case_00102,158,0,0,none,none,0,0,1.0,0.0,0.0
case_00033,259,0,0,none,none,0,0,1.0,0.0,0.0
case_00014,225,0,0,none,none,0,0,1.0,0.0,0.0
case_00134,336,580,639,medium,medium,1,1,0.9056603773584906,2.0,0.9781197389230382
case_00125,422,0,0,none,none,0,0,1.0,0.0,0.0
case_00075,126,0,0,none,none,0,0,1.0,0.0,0.0
case_00194,27,0,13,none,small,0,1,0.0,-1.0,-1.0
case_00113,395,2055,2183,large,large,1,1,0.9476168003775366,3.0,1.0950540200304242
case_00079,73,0,0,none,none,0,0,1.0,0.0,0.0
case_00125,15,0,0,none,none,0,0,1.0,0.0,0.0
case_00075,314,0,0,none,none,0,0,1.0,0.0,0.0
case_00113,96,0,0,none,none,0,0,1.0,0.0,0.0
case_00079,228,0,0,none,none,0,0,1.0,0.0,0.0
case_00079,429,1102,1218,large,large,1,1,0.946551724137931,2.23606797749979,0.8315711429030193
case_00086,438,0,0,none,none,0,0,1.0,0.0,0.0
case_00079,439,823,881,medium,medium,1,1,0.9565727699530516,1.4142135623730951,0.5567512789738117
case_00014,309,0,0,none,none,0,0,1.0,0.0,0.0
case_00134,293,0,0,none,none,0,0,1.0,0.0,0.0
case_00125,409,0,16,none,small,0,1,0.0,-1.0,-1.0
case_00115,509,0,0,none,none,0,0,1.0,0.0,0.0
case_00075,420,0,227,none,medium,0,1,0.0,-1.0,-1.0
case_00203,260,0,0,none,none,0,0,1.0,0.0,0.0
case_00014,72,0,0,none,none,0,0,1.0,0.0,0.0
case_00033,212,0,6,none,small,0,1,0.0,-1.0,-1.0
case_00113,261,0,0,none,none,0,0,1.0,0.0,0.0
case_00115,76,0,0,none,none,0,0,1.0,0.0,0.0
case_00086,286,0,0,none,none,0,0,1.0,0.0,0.0
case_00079,376,1584,1634,large,large,1,1,0.966438781852082,2.0,0.6492276308425848
case_00014,501,0,0,none,none,0,0,1.0,0.0,0.0
case_00014,336,0,0,none,none,0,0,1.0,0.0,0.0
case_00134,258,0,0,none,none,0,0,1.0,0.0,0.0
case_00075,76,0,0,none,none,0,0,1.0,0.0,0.0
case_00154,364,0,0,none,none,0,0,1.0,0.0,0.0
case_00086,158,0,0,none,none,0,0,1.0,0.0,0.0
case_00154,261,0,0,none,none,0,0,1.0,0.0,0.0
case_00154,270,0,0,none,none,0,0,1.0,0.0,0.0
case_00194,261,0,0,none,none,0,0,1.0,0.0,0.0
case_00194,452,0,0,none,none,0,0,1.0,0.0,0.0
case_00014,210,0,0,none,none,0,0,1.0,0.0,0.0
case_00086,451,0,0,none,none,0,0,1.0,0.0,0.0
case_00125,64,0,0,none,none,0,0,1.0,0.0,0.0
case_00079,175,0,0,none,none,0,0,1.0,0.0,0.0
case_00115,487,0,0,none,none,0,0,1.0,0.0,0.0
case_00115,322,380,391,medium,medium,1,1,0.9364461738002594,1.4142135623730951,0.6408746807614213
case_00102,72,0,0,none,none,0,0,1.0,0.0,0.0
case_00154,198,0,0,none,none,0,0,1.0,0.0,0.0
case_00134,484,0,0,none,none,0,0,1.0,0.0,0.0
case_00203,354,0,0,none,none,0,0,1.0,0.0,0.0
case_00125,391,0,34,none,small,0,1,0.0,-1.0,-1.0
case_00134,508,0,0,none,none,0,0,1.0,0.0,0.0
case_00154,174,0,0,none,none,0,0,1.0,0.0,0.0
case_00125,253,0,0,none,none,0,0,1.0,0.0,0.0
case_00125,511,0,0,none,none,0,0,1.0,0.0,0.0
case_00203,28,0,0,none,none,0,0,1.0,0.0,0.0
case_00115,11,0,0,none,none,0,0,1.0,0.0,0.0
case_00115,467,0,0,none,none,0,0,1.0,0.0,0.0
case_00203,302,0,0,none,none,0,0,1.0,0.0,0.0
case_00033,47,0,0,none,none,0,0,1.0,0.0,0.0
case_00086,280,0,0,none,none,0,0,1.0,0.0,0.0
case_00079,215,0,0,none,none,0,0,1.0,0.0,0.0
case_00079,461,138,189,medium,medium,3,1,0.7828746177370031,2.20065778087482,0.8431372549019608
case_00086,233,0,0,none,none,0,0,1.0,0.0,0.0
case_00115,228,0,0,none,none,0,0,1.0,0.0,0.0
case_00113,67,0,0,none,none,0,0,1.0,0.0,0.0
case_00194,318,0,6,none,small,0,1,0.0,-1.0,-1.0
case_00134,474,0,0,none,none,0,0,1.0,0.0,0.0
case_00086,413,96,129,small,medium,1,1,0.8,2.38415776431139,1.094019153097813
case_00194,172,57,79,small,small,1,1,0.8235294117647058,1.4142135623730951,0.7290790557990391
case_00194,47,0,34,none,small,0,1,0.0,-1.0,-1.0
case_00033,116,0,0,none,none,0,0,1.0,0.0,0.0
case_00161,477,0,0,none,none,0,0,1.0,0.0,0.0
case_00014,119,0,0,none,none,0,0,1.0,0.0,0.0
case_00161,359,0,0,none,none,0,0,1.0,0.0,0.0
case_00115,139,0,0,none,none,0,0,1.0,0.0,0.0
case_00194,466,0,55,none,small,0,2,0.0,-1.0,-1.0
case_00134,239,0,0,none,none,0,0,1.0,0.0,0.0
case_00134,315,0,0,none,none,0,0,1.0,0.0,0.0
case_00133,504,0,0,none,none,0,0,1.0,0.0,0.0
case_00194,244,0,0,none,none,0,0,1.0,0.0,0.0
case_00154,35,0,0,none,none,0,0,1.0,0.0,0.0
case_00154,179,0,0,none,none,0,0,1.0,0.0,0.0
case_00154,269,0,0,none,none,0,0,1.0,0.0,0.0
case_00133,172,169,206,medium,medium,1,1,0.88,3.544996147917585,0.9979828953317169
case_00115,102,0,0,none,none,0,0,1.0,0.0,0.0
case_00154,309,22,0,small,none,1,0,0.0,-1.0,-1.0
case_00161,127,119,169,medium,medium,1,2,0.7847222222222222,14.032101962856379,4.30773615277271
case_00079,141,0,0,none,none,0,0,1.0,0.0,0.0
case_00033,80,0,80,none,small,0,1,0.0,-1.0,-1.0
case_00113,402,1957,2095,large,large,1,1,0.945705824284304,3.1622776601683795,1.1192598798337974
case_00113,110,0,0,none,none,0,0,1.0,0.0,0.0
case_00125,426,0,25,none,small,0,2,0.0,-1.0,-1.0
case_00113,464,0,0,none,none,0,0,1.0,0.0,0.0
case_00134,405,0,0,none,none,0,0,1.0,0.0,0.0
case_00203,158,0,0,none,none,0,0,1.0,0.0,0.0
case_00014,496,0,0,none,none,0,0,1.0,0.0,0.0
case_00079,106,0,0,none,none,0,0,1.0,0.0,0.0
case_00133,205,0,0,none,none,0,0,1.0,0.0,0.0
case_00014,449,0,0,none,none,0,0,1.0,0.0,0.0
case_00079,58,0,0,none,none,0,0,1.0,0.0,0.0
case_00133,52,0,0,none,none,0,0,1.0,0.0,0.0
case_00134,51,0,1381,none,large,0,1,0.0,-1.0,-1.0
case_00014,335,0,0,none,none,0,0,1.0,0.0,0.0
case_00115,406,0,0,none,none,0,0,1.0,0.0,0.0
case_00075,41,0,38,none,small,0,1,0.0,-1.0,-1.0
case_00033,429,0,0,none,none,0,0,1.0,0.0,0.0
case_00115,492,0,0,none,none,0,0,1.0,0.0,0.0
case_00075,132,0,0,none,none,0,0,1.0,0.0,0.0
case_00203,509,0,150,none,medium,0,1,0.0,-1.0,-1.0
case_00113,475,0,0,none,none,0,0,1.0,0.0,0.0
case_00161,411,0,0,none,none,0,0,1.0,0.0,0.0
case_00203,330,0,0,none,none,0,0,1.0,0.0,0.0
case_00115,38,0,0,none,none,0,0,1.0,0.0,0.0
case_00194,328,0,191,none,medium,0,1,0.0,-1.0,-1.0
case_00075,303,0,0,none,none,0,0,1.0,0.0,0.0
case_00115,498,0,0,none,none,0,0,1.0,0.0,0.0
case_00203,416,57,76,small,small,1,1,0.8421052631578947,1.0,0.7931190208286332
case_00033,323,0,0,none,none,0,0,1.0,0.0,0.0
case_00154,303,0,0,none,none,0,0,1.0,0.0,0.0
case_00194,30,0,0,none,none,0,0,1.0,0.0,0.0
case_00033,355,0,0,none,none,0,0,1.0,0.0,0.0
case_00115,47,0,469,none,medium,0,2,0.0,-1.0,-1.0
case_00102,322,2250,2384,large,large,1,1,0.9602934829520933,2.23606797749979,0.8458700050181893
case_00075,443,0,0,none,none,0,0,1.0,0.0,0.0
case_00134,342,753,771,medium,medium,1,1,0.937007874015748,2.0,0.6698113207547169
case_00086,166,0,0,none,none,0,0,1.0,0.0,0.0
case_00086,124,0,0,none,none,0,0,1.0,0.0,0.0
case_00075,343,95,106,small,medium,1,1,0.9054726368159204,1.4142135623730951,0.45044417382415924
case_00033,50,0,0,none,none,0,0,1.0,0.0,0.0
case_00203,257,0,0,none,none,0,0,1.0,0.0,0.0
case_00033,460,0,0,none,none,0,0,1.0,0.0,0.0
case_00161,156,363,415,medium,medium,1,1,0.9177377892030848,2.20065778087482,0.7941176470588235
case_00203,237,0,0,none,none,0,0,1.0,0.0,0.0
case_00075,233,0,0,none,none,0,0,1.0,0.0,0.0
case_00134,429,0,1203,none,large,0,1,0.0,-1.0,-1.0
case_00203,441,0,0,none,none,0,0,1.0,0.0,0.0
case_00125,476,0,0,none,none,0,0,1.0,0.0,0.0
case_00086,37,0,0,none,none,0,0,1.0,0.0,0.0
case_00154,368,0,0,none,none,0,0,1.0,0.0,0.0
case_00079,361,1392,1441,large,large,1,1,0.9671726085421815,2.0,0.5806451612903226
case_00102,477,0,203,none,medium,0,1,0.0,-1.0,-1.0
case_00133,60,0,0,none,none,0,0,1.0,0.0,0.0
case_00014,334,0,0,none,none,0,0,1.0,0.0,0.0
case_00086,288,0,0,none,none,0,0,1.0,0.0,0.0
case_00133,464,0,0,none,none,0,0,1.0,0.0,0.0
case_00014,65,0,0,none,none,0,0,1.0,0.0,0.0
case_00102,224,0,0,none,none,0,0,1.0,0.0,0.0
case_00079,211,0,0,none,none,0,0,1.0,0.0,0.0
case_00154,333,305,302,medium,medium,1,1,0.929159802306425,2.0,0.5788252421852338
case_00115,218,0,0,none,none,0,0,1.0,0.0,0.0
case_00014,123,0,0,none,none,0,0,1.0,0.0,0.0
case_00194,478,0,0,none,none,0,0,1.0,0.0,0.0
case_00115,398,0,0,none,none,0,0,1.0,0.0,0.0
case_00102,109,0,0,none,none,0,0,1.0,0.0,0.0
case_00102,59,0,0,none,none,0,0,1.0,0.0,0.0
case_00115,2,0,0,none,none,0,0,1.0,0.0,0.0
case_00115,359,0,0,none,none,0,0,1.0,0.0,0.0
case_00203,100,0,0,none,none,0,0,1.0,0.0,0.0
case_00194,290,0,0,none,none,0,0,1.0,0.0,0.0
case_00161,510,0,0,none,none,0,0,1.0,0.0,0.0
case_00161,377,0,0,none,none,0,0,1.0,0.0,0.0
case_00125,251,0,0,none,none,0,0,1.0,0.0,0.0
case_00113,63,0,0,none,none,0,0,1.0,0.0,0.0
case_00075,240,0,0,none,none,0,0,1.0,0.0,0.0
case_00133,239,0,20,none,small,0,1,0.0,-1.0,-1.0
case_00194,100,0,0,none,none,0,0,1.0,0.0,0.0
case_00161,367,0,0,none,none,0,0,1.0,0.0,0.0
case_00113,219,0,0,none,none,0,0,1.0,0.0,0.0
case_00194,272,0,0,none,none,0,0,1.0,0.0,0.0
case_00194,37,0,0,none,none,0,0,1.0,0.0,0.0
case_00033,277,0,0,none,none,0,0,1.0,0.0,0.0
case_00194,499,0,0,none,none,0,0,1.0,0.0,0.0
case_00014,329,0,0,none,none,0,0,1.0,0.0,0.0
case_00203,81,0,0,none,none,0,0,1.0,0.0,0.0
case_00154,140,0,0,none,none,0,0,1.0,0.0,0.0
case_00075,72,0,0,none,none,0,0,1.0,0.0,0.0
case_00086,309,0,0,none,none,0,0,1.0,0.0,0.0
case_00102,51,0,0,none,none,0,0,1.0,0.0,0.0
case_00194,134,0,0,none,none,0,0,1.0,0.0,0.0
case_00161,110,0,50,none,small,0,1,0.0,-1.0,-1.0
case_00115,167,0,0,none,none,0,0,1.0,0.0,0.0
case_00075,348,98,125,small,medium,1,1,0.8340807174887892,2.0,0.9234066857533136
case_00075,130,0,0,none,none,0,0,1.0,0.0,0.0
case_00033,23,0,0,none,none,0,0,1.0,0.0,0.0
case_00194,92,0,0,none,none,0,0,1.0,0.0,0.0
case_00125,375,0,0,none,none,0,0,1.0,0.0,0.0
case_00194,56,0,443,none,medium,0,1,0.0,-1.0,-1.0
case_00203,293,0,0,none,none,0,0,1.0,0.0,0.0
case_00203,41,0,141,none,medium,0,1,0.0,-1.0,-1.0
case_00075,108,0,0,none,none,0,0,1.0,0.0,0.0
case_00194,467,0,60,none,small,0,2,0.0,-1.0,-1.0
case_00113,390,2042,2102,large,large,1,1,0.9555984555984556,2.8284271247461903,0.8254938763382076
case_00125,135,0,0,none,none,0,0,1.0,0.0,0.0
case_00154,74,0,0,none,none,0,0,1.0,0.0,0.0
case_00033,33,0,0,none,none,0,0,1.0,0.0,0.0
case_00203,301,0,0,none,none,0,0,1.0,0.0,0.0
case_00134,321,10,0,small,none,1,0,0.0,-1.0,-1.0
case_00102,165,0,0,none,none,0,0,1.0,0.0,0.0
case_00154,291,0,29,none,small,0,1,0.0,-1.0,-1.0
case_00102,501,0,0,none,none,0,0,1.0,0.0,0.0
case_00079,273,0,0,none,none,0,0,1.0,0.0,0.0
case_00133,347,0,0,none,none,0,0,1.0,0.0,0.0
case_00154,370,0,0,none,none,0,0,1.0,0.0,0.0
case_00133,300,0,0,none,none,0,0,1.0,0.0,0.0
case_00086,55,0,0,none,none,0,0,1.0,0.0,0.0
case_00125,118,0,0,none,none,0,0,1.0,0.0,0.0
case_00075,231,0,0,none,none,0,0,1.0,0.0,0.0
case_00161,31,0,0,none,none,0,0,1.0,0.0,0.0
case_00014,170,29,37,small,small,1,1,0.8181818181818182,1.0,0.6126007977866527
case_00154,73,0,0,none,none,0,0,1.0,0.0,0.0
case_00014,113,0,0,none,none,0,0,1.0,0.0,0.0
case_00033,287,0,0,none,none,0,0,1.0,0.0,0.0
case_00125,1,0,0,none,none,0,0,1.0,0.0,0.0
case_00079,209,0,0,none,none,0,0,1.0,0.0,0.0
case_00102,399,2231,2366,large,large,1,1,0.9588862301500979,2.8284271247461903,0.9009566649169903
case_00113,311,0,0,none,none,0,0,1.0,0.0,0.0
case_00014,483,0,0,none,none,0,0,1.0,0.0,0.0
case_00154,27,0,0,none,none,0,0,1.0,0.0,0.0
case_00079,381,1591,1670,large,large,1,1,0.9690279055504446,2.0,0.6076035364446142
case_00086,397,284,323,medium,medium,1,1,0.9225700164744646,2.0,0.7334119252118835
case_00033,309,0,0,none,none,0,0,1.0,0.0,0.0
case_00086,429,0,8,none,small,0,1,0.0,-1.0,-1.0
case_00133,498,0,0,none,none,0,0,1.0,0.0,0.0
case_00194,193,0,0,none,none,0,0,1.0,0.0,0.0
case_00154,95,0,0,none,none,0,0,1.0,0.0,0.0
case_00014,145,0,0,none,none,0,0,1.0,0.0,0.0
case_00194,451,0,0,none,none,0,0,1.0,0.0,0.0
case_00154,201,0,0,none,none,0,0,1.0,0.0,0.0
case_00154,457,0,0,none,none,0,0,1.0,0.0,0.0
case_00086,214,0,0,none,none,0,0,1.0,0.0,0.0
case_00133,252,0,0,none,none,0,0,1.0,0.0,0.0
case_00125,412,0,0,none,none,0,0,1.0,0.0,0.0
case_00102,508,0,0,none,none,0,0,1.0,0.0,0.0
case_00133,64,0,8,none,small,0,1,0.0,-1.0,-1.0
case_00133,228,0,0,none,none,0,0,1.0,0.0,0.0
case_00125,304,0,0,none,none,0,0,1.0,0.0,0.0
case_00113,508,0,0,none,none,0,0,1.0,0.0,0.0
case_00033,268,0,0,none,none,0,0,1.0,0.0,0.0
case_00014,436,0,685,none,medium,0,1,0.0,-1.0,-1.0
case_00125,122,0,0,none,none,0,0,1.0,0.0,0.0
case_00203,373,0,0,none,none,0,0,1.0,0.0,0.0
case_00133,209,0,0,none,none,0,0,1.0,0.0,0.0
case_00113,510,0,0,none,none,0,0,1.0,0.0,0.0
case_00161,345,0,0,none,none,0,0,1.0,0.0,0.0
case_00154,338,254,311,medium,medium,1,1,0.8743362831858407,3.0,1.036056138371238
case_00133,68,0,0,none,none,0,0,1.0,0.0,0.0
case_00194,236,0,0,none,none,0,0,1.0,0.0,0.0
case_00203,478,0,0,none,none,0,0,1.0,0.0,0.0
case_00133,460,0,0,none,none,0,0,1.0,0.0,0.0
case_00075,267,0,0,none,none,0,0,1.0,0.0,0.0
case_00014,22,0,0,none,none,0,0,1.0,0.0,0.0
case_00203,85,0,0,none,none,0,0,1.0,0.0,0.0
case_00161,216,0,0,none,none,0,0,1.0,0.0,0.0
case_00125,134,0,0,none,none,0,0,1.0,0.0,0.0
case_00075,286,0,0,none,none,0,0,1.0,0.0,0.0
case_00014,219,0,0,none,none,0,0,1.0,0.0,0.0
case_00125,6,0,0,none,none,0,0,1.0,0.0,0.0
case_00203,352,0,0,none,none,0,0,1.0,0.0,0.0
case_00161,149,452,516,medium,medium,1,1,0.9214876033057852,2.0,0.868421052631579
case_00134,68,0,160,none,medium,0,2,0.0,-1.0,-1.0
case_00125,240,0,0,none,none,0,0,1.0,0.0,0.0
case_00133,156,492,483,medium,medium,1,1,0.9538461538461539,1.4142135623730951,0.4724438258837925
case_00203,491,0,0,none,none,0,0,1.0,0.0,0.0
case_00154,253,0,0,none,none,0,0,1.0,0.0,0.0
case_00086,456,0,213,none,medium,0,1,0.0,-1.0,-1.0
case_00102,358,3788,3922,large,large,1,1,0.9756160830090791,2.0,0.6715247841139085
case_00075,406,0,0,none,none,0,0,1.0,0.0,0.0
case_00203,451,0,0,none,none,0,0,1.0,0.0,0.0
case_00075,463,0,0,none,none,0,0,1.0,0.0,0.0
case_00079,474,0,0,none,none,0,0,1.0,0.0,0.0
case_00194,227,0,0,none,none,0,0,1.0,0.0,0.0
case_00115,62,0,0,none,none,0,0,1.0,0.0,0.0
case_00113,451,0,329,none,medium,0,1,0.0,-1.0,-1.0
case_00079,25,0,0,none,none,0,0,1.0,0.0,0.0
case_00194,91,0,0,none,none,0,0,1.0,0.0,0.0
case_00102,216,0,0,none,none,0,0,1.0,0.0,0.0
case_00113,168,0,0,none,none,0,0,1.0,0.0,0.0
case_00161,468,0,0,none,none,0,0,1.0,0.0,0.0
case_00102,200,0,0,none,none,0,0,1.0,0.0,0.0
case_00075,327,0,0,none,none,0,0,1.0,0.0,0.0
case_00194,174,50,94,small,small,1,1,0.6944444444444444,2.2953038922244264,1.3072563584013217
case_00125,161,0,0,none,none,0,0,1.0,0.0,0.0
case_00079,255,0,0,none,none,0,0,1.0,0.0,0.0
case_00194,18,0,128,none,medium,0,1,0.0,-1.0,-1.0
case_00154,162,0,0,none,none,0,0,1.0,0.0,0.0
case_00154,267,0,0,none,none,0,0,1.0,0.0,0.0
case_00154,327,309,368,medium,medium,1,1,0.8980797636632201,3.0,0.9785799826017082
case_00014,250,0,0,none,none,0,0,1.0,0.0,0.0
case_00102,300,778,821,medium,medium,3,1,0.8980612883051907,4.788854381999814,0.7586047252170866
case_00161,398,0,0,none,none,0,0,1.0,0.0,0.0
case_00014,216,0,0,none,none,0,0,1.0,0.0,0.0
case_00125,459,0,0,none,none,0,0,1.0,0.0,0.0
case_00014,504,0,0,none,none,0,0,1.0,0.0,0.0
case_00194,280,0,0,none,none,0,0,1.0,0.0,0.0
case_00014,458,0,0,none,none,0,0,1.0,0.0,0.0
case_00125,221,0,0,none,none,0,0,1.0,0.0,0.0
case_00075,56,0,0,none,none,0,0,1.0,0.0,0.0
case_00161,105,0,0,none,none,0,0,1.0,0.0,0.0
case_00154,504,0,0,none,none,0,0,1.0,0.0,0.0
case_00203,361,0,0,none,none,0,0,1.0,0.0,0.0
case_00154,103,0,448,none,medium,0,1,0.0,-1.0,-1.0
case_00161,88,0,6,none,small,0,1,0.0,-1.0,-1.0
case_00086,312,0,0,none,none,0,0,1.0,0.0,0.0
case_00014,215,0,0,none,none,0,0,1.0,0.0,0.0
case_00133,76,0,6,none,small,0,1,0.0,-1.0,-1.0
case_00125,438,0,0,none,none,0,0,1.0,0.0,0.0
case_00161,418,0,0,none,none,0,0,1.0,0.0,0.0
case_00194,36,0,0,none,none,0,0,1.0,0.0,0.0
case_00203,335,0,0,none,none,0,0,1.0,0.0,0.0
case_00125,367,0,0,none,none,0,0,1.0,0.0,0.0
case_00075,190,0,0,none,none,0,0,1.0,0.0,0.0
case_00194,307,0,0,none,none,0,0,1.0,0.0,0.0
case_00161,45,0,0,none,none,0,0,1.0,0.0,0.0
case_00115,372,0,0,none,none,0,0,1.0,0.0,0.0
case_00125,223,0,0,none,none,0,0,1.0,0.0,0.0
case_00014,498,0,0,none,none,0,0,1.0,0.0,0.0
case_00075,362,8,0,small,none,1,0,0.0,-1.0,-1.0
case_00102,73,0,0,none,none,0,0,1.0,0.0,0.0
case_00161,236,0,0,none,none,0,0,1.0,0.0,0.0
case_00115,127,0,0,none,none,0,0,1.0,0.0,0.0
case_00125,171,0,0,none,none,0,0,1.0,0.0,0.0
case_00194,199,0,0,none,none,0,0,1.0,0.0,0.0
case_00133,377,0,0,none,none,0,0,1.0,0.0,0.0
case_00113,124,0,0,none,none,0,0,1.0,0.0,0.0
case_00113,92,0,0,none,none,0,0,1.0,0.0,0.0
case_00161,20,0,0,none,none,0,0,1.0,0.0,0.0
case_00014,50,0,0,none,none,0,0,1.0,0.0,0.0
case_00161,9,0,0,none,none,0,0,1.0,0.0,0.0
case_00075,482,0,236,none,medium,0,2,0.0,-1.0,-1.0
case_00079,167,0,0,none,none,0,0,1.0,0.0,0.0
case_00033,126,0,0,none,none,0,0,1.0,0.0,0.0
case_00014,44,0,173,none,medium,0,1,0.0,-1.0,-1.0
case_00079,350,1096,1102,large,large,1,1,0.9563239308462238,2.0,0.6786389230897535
case_00113,418,1640,1677,large,large,1,1,0.9369912571600845,4.0,1.1096119998381277
case_00203,297,0,0,none,none,0,0,1.0,0.0,0.0
case_00075,334,54,81,small,small,1,1,0.7407407407407407,2.0,1.1515228816828318
case_00134,126,0,0,none,none,0,0,1.0,0.0,0.0
case_00102,308,1364,1464,large,large,3,1,0.9321074964639321,4.583452377915598,0.8369658192603574
case_00113,52,0,0,none,none,0,0,1.0,0.0,0.0
case_00125,381,0,5,none,small,0,1,0.0,-1.0,-1.0
case_00203,77,0,0,none,none,0,0,1.0,0.0,0.0
case_00033,448,0,0,none,none,0,0,1.0,0.0,0.0
case_00203,404,45,87,small,small,1,1,0.6818181818181818,2.905634918610404,1.412077855884194
case_00134,235,0,0,none,none,0,0,1.0,0.0,0.0
case_00134,207,0,0,none,none,0,0,1.0,0.0,0.0
case_00086,384,195,190,medium,medium,1,1,0.8987012987012987,2.1062305898749063,0.6527193705326928
case_00033,134,0,0,none,none,0,0,1.0,0.0,0.0
case_00033,328,0,0,none,none,0,0,1.0,0.0,0.0
case_00079,50,0,0,none,none,0,0,1.0,0.0,0.0
case_00134,218,0,0,none,none,0,0,1.0,0.0,0.0
case_00154,287,0,0,none,none,0,0,1.0,0.0,0.0
case_00133,277,0,0,none,none,0,0,1.0,0.0,0.0
case_00113,239,0,0,none,none,0,0,1.0,0.0,0.0
case_00102,448,0,290,none,medium,0,1,0.0,-1.0,-1.0
case_00075,225,0,4,none,small,0,1,0.0,-1.0,-1.0
case_00203,16,0,0,none,none,0,0,1.0,0.0,0.0
case_00203,396,0,0,none,none,0,0,1.0,0.0,0.0
case_00113,461,0,69,none,small,0,1,0.0,-1.0,-1.0
case_00115,70,0,0,none,none,0,0,1.0,0.0,0.0
case_00115,405,0,0,none,none,0,0,1.0,0.0,0.0
case_00134,461,0,0,none,none,0,0,1.0,0.0,0.0
case_00113,131,0,0,none,none,0,0,1.0,0.0,0.0
case_00014,174,59,80,small,small,1,1,0.762589928057554,2.118033988749895,1.1746213571155135
case_00154,41,0,0,none,none,0,0,1.0,0.0,0.0
case_00194,500,0,0,none,none,0,0,1.0,0.0,0.0
case_00134,147,0,0,none,none,0,0,1.0,0.0,0.0
case_00079,202,0,0,none,none,0,0,1.0,0.0,0.0
case_00133,344,0,0,none,none,0,0,1.0,0.0,0.0
case_00134,408,0,114,none,medium,0,1,0.0,-1.0,-1.0
case_00134,404,0,0,none,none,0,0,1.0,0.0,0.0
case_00075,385,0,0,none,none,0,0,1.0,0.0,0.0
case_00102,323,2297,2481,large,large,1,1,0.9564671410632064,2.8284271247461903,0.9566467770356095
case_00203,56,0,94,none,small,0,1,0.0,-1.0,-1.0
case_00125,91,0,459,none,medium,0,1,0.0,-1.0,-1.0
case_00014,278,0,0,none,none,0,0,1.0,0.0,0.0
case_00113,496,0,309,none,medium,0,1,0.0,-1.0,-1.0
case_00102,450,0,0,none,none,0,0,1.0,0.0,0.0
case_00194,140,0,0,none,none,0,0,1.0,0.0,0.0
case_00194,163,42,73,small,small,1,1,0.6956521739130435,2.0,1.261647966749851
case_00014,260,0,0,none,none,0,0,1.0,0.0,0.0
case_00033,16,0,0,none,none,0,0,1.0,0.0,0.0
case_00203,358,0,0,none,none,0,0,1.0,0.0,0.0
case_00203,6,0,0,none,none,0,0,1.0,0.0,0.0
case_00086,496,0,0,none,none,0,0,1.0,0.0,0.0
case_00033,344,0,0,none,none,0,0,1.0,0.0,0.0
case_00079,41,0,0,none,none,0,0,1.0,0.0,0.0
case_00075,330,0,10,none,small,0,1,0.0,-1.0,-1.0
case_00203,313,0,0,none,none,0,0,1.0,0.0,0.0
case_00115,146,0,0,none,none,0,0,1.0,0.0,0.0
case_00075,65,0,0,none,none,0,0,1.0,0.0,0.0
case_00014,138,0,0,none,none,0,0,1.0,0.0,0.0
case_00203,308,0,0,none,none,0,0,1.0,0.0,0.0
case_00125,95,0,0,none,none,0,0,1.0,0.0,0.0
case_00194,351,0,11,none,small,0,2,0.0,-1.0,-1.0
case_00194,348,0,100,none,medium,0,1,0.0,-1.0,-1.0
case_00014,297,0,0,none,none,0,0,1.0,0.0,0.0
case_00113,118,0,0,none,none,0,0,1.0,0.0,0.0
case_00194,252,0,0,none,none,0,0,1.0,0.0,0.0
case_00134,226,0,0,none,none,0,0,1.0,0.0,0.0
case_00154,460,0,0,none,none,0,0,1.0,0.0,0.0
case_00133,229,0,0,none,none,0,0,1.0,0.0,0.0
case_00134,119,0,0,none,none,0,0,1.0,0.0,0.0
case_00154,98,0,0,none,none,0,0,1.0,0.0,0.0
case_00134,231,0,0,none,none,0,0,1.0,0.0,0.0
case_00014,81,0,0,none,none,0,0,1.0,0.0,0.0
case_00102,253,0,1502,none,large,0,1,0.0,-1.0,-1.0
case_00203,7,0,0,none,none,0,0,1.0,0.0,0.0
case_00161,226,0,0,none,none,0,0,1.0,0.0,0.0
case_00161,125,18,41,small,small,1,1,0.6101694915254238,2.3999999999999986,1.263157894736842
case_00033,262,0,0,none,none,0,0,1.0,0.0,0.0
case_00203,388,0,0,none,none,0,0,1.0,0.0,0.0
case_00033,278,0,0,none,none,0,0,1.0,0.0,0.0
case_00154,487,0,0,none,none,0,0,1.0,0.0,0.0
case_00134,52,0,649,none,medium,0,2,0.0,-1.0,-1.0
case_00161,358,0,0,none,none,0,0,1.0,0.0,0.0
case_00115,161,0,0,none,none,0,0,1.0,0.0,0.0
case_00134,116,0,0,none,none,0,0,1.0,0.0,0.0
case_00134,327,202,208,medium,medium,1,1,0.8634146341463415,3.1622776601683795,0.6285688969253718
case_00075,393,0,0,none,none,0,0,1.0,0.0,0.0
case_00133,321,0,0,none,none,0,0,1.0,0.0,0.0
case_00154,468,0,1064,none,large,0,1,0.0,-1.0,-1.0
case_00086,138,0,0,none,none,0,0,1.0,0.0,0.0
case_00203,92,0,0,none,none,0,0,1.0,0.0,0.0
case_00102,140,0,0,none,none,0,0,1.0,0.0,0.0
case_00115,308,0,0,none,none,0,0,1.0,0.0,0.0
case_00203,420,43,83,small,small,1,1,0.6825396825396826,2.23606797749979,1.479904345527339
case_00079,6,0,0,none,none,0,0,1.0,0.0,0.0
case_00134,89,0,0,none,none,0,0,1.0,0.0,0.0
case_00102,147,0,0,none,none,0,0,1.0,0.0,0.0
case_00154,400,0,0,none,none,0,0,1.0,0.0,0.0
case_00086,159,0,0,none,none,0,0,1.0,0.0,0.0
case_00134,273,0,0,none,none,0,0,1.0,0.0,0.0
case_00115,187,0,0,none,none,0,0,1.0,0.0,0.0
case_00014,371,0,0,none,none,0,0,1.0,0.0,0.0
case_00033,417,0,0,none,none,0,0,1.0,0.0,0.0
case_00033,180,89,119,small,medium,1,1,0.8269230769230769,2.0,0.9693358038011219
case_00125,229,0,0,none,none,0,0,1.0,0.0,0.0
case_00203,18,0,0,none,none,0,0,1.0,0.0,0.0
case_00154,406,0,0,none,none,0,0,1.0,0.0,0.0
case_00194,7,0,0,none,none,0,0,1.0,0.0,0.0
case_00079,102,0,0,none,none,0,0,1.0,0.0,0.0
case_00086,206,0,0,none,none,0,0,1.0,0.0,0.0
case_00154,202,0,0,none,none,0,0,1.0,0.0,0.0
case_00014,62,0,0,none,none,0,0,1.0,0.0,0.0
case_00203,430,0,0,none,none,0,0,1.0,0.0,0.0
case_00161,247,0,0,none,none,0,0,1.0,0.0,0.0
case_00133,144,498,525,medium,medium,1,1,0.9325513196480938,2.1062305898749027,0.7331367285275603
case_00115,246,0,0,none,none,0,0,1.0,0.0,0.0
case_00014,226,0,0,none,none,0,0,1.0,0.0,0.0
case_00086,296,0,0,none,none,0,0,1.0,0.0,0.0
case_00125,434,0,0,none,none,0,0,1.0,0.0,0.0
case_00075,93,0,0,none,none,0,0,1.0,0.0,0.0
case_00014,330,0,0,none,none,0,0,1.0,0.0,0.0
case_00075,253,0,0,none,none,0,0,1.0,0.0,0.0
case_00133,219,0,0,none,none,0,0,1.0,0.0,0.0
case_00125,404,0,0,none,none,0,0,1.0,0.0,0.0
case_00086,260,0,0,none,none,0,0,1.0,0.0,0.0
case_00134,264,0,0,none,none,0,0,1.0,0.0,0.0
case_00113,24,0,0,none,none,0,0,1.0,0.0,0.0
case_00194,331,0,233,none,medium,0,1,0.0,-1.0,-1.0
case_00014,316,0,0,none,none,0,0,1.0,0.0,0.0
case_00102,276,0,1425,none,large,0,1,0.0,-1.0,-1.0
case_00079,51,0,0,none,none,0,0,1.0,0.0,0.0
case_00194,434,0,47,none,small,0,1,0.0,-1.0,-1.0
case_00125,308,0,0,none,none,0,0,1.0,0.0,0.0
case_00133,350,0,0,none,none,0,0,1.0,0.0,0.0
case_00161,38,0,0,none,none,0,0,1.0,0.0,0.0
case_00203,480,0,0,none,none,0,0,1.0,0.0,0.0
case_00113,374,1670,1808,large,large,1,1,0.9235192639447959,4.0,1.217403304118582
case_00102,336,2808,2904,large,large,2,1,0.9565826330532213,3.0,0.7848348159695614
case_00194,395,0,489,none,medium,0,1,0.0,-1.0,-1.0
case_00125,81,0,0,none,none,0,0,1.0,0.0,0.0
case_00102,60,0,0,none,none,0,0,1.0,0.0,0.0
case_00086,331,0,0,none,none,0,0,1.0,0.0,0.0
case_00086,67,0,0,none,none,0,0,1.0,0.0,0.0
case_00161,348,0,0,none,none,0,0,1.0,0.0,0.0
case_00102,478,0,132,none,medium,0,1,0.0,-1.0,-1.0
case_00134,387,0,0,none,none,0,0,1.0,0.0,0.0
case_00133,431,0,0,none,none,0,0,1.0,0.0,0.0
case_00203,191,0,0,none,none,0,0,1.0,0.0,0.0
case_00125,508,0,0,none,none,0,0,1.0,0.0,0.0
case_00113,466,0,0,none,none,0,0,1.0,0.0,0.0
case_00194,80,0,0,none,none,0,0,1.0,0.0,0.0
case_00033,198,19,41,small,small,1,1,0.4666666666666667,3.048683298050513,1.4976540137910714
case_00102,251,0,1643,none,large,0,1,0.0,-1.0,-1.0
case_00102,283,0,0,none,none,0,0,1.0,0.0,0.0
case_00102,117,0,0,none,none,0,0,1.0,0.0,0.0
case_00102,277,0,1462,none,large,0,1,0.0,-1.0,-1.0
case_00113,27,0,0,none,none,0,0,1.0,0.0,0.0
case_00014,212,0,0,none,none,0,0,1.0,0.0,0.0
case_00115,330,543,587,medium,medium,1,1,0.9398230088495575,2.0,0.6739234573167227
case_00075,461,0,0,none,none,0,0,1.0,0.0,0.0
case_00014,134,0,0,none,none,0,0,1.0,0.0,0.0
case_00102,281,0,1377,none,large,0,3,0.0,-1.0,-1.0
case_00161,147,472,474,medium,medium,1,1,0.9577167019027484,1.3935028842544357,0.3611111111111111
case_00102,418,308,349,medium,medium,1,1,0.9010654490106544,2.9656854249492377,1.011361836391221
case_00102,116,0,0,none,none,0,0,1.0,0.0,0.0
case_00113,321,85,163,small,medium,1,1,0.6854838709677419,5.0,2.049154645291571
case_00014,268,0,0,none,none,0,0,1.0,0.0,0.0
case_00113,460,0,92,none,small,0,1,0.0,-1.0,-1.0
case_00075,77,0,0,none,none,0,0,1.0,0.0,0.0
case_00161,277,0,0,none,none,0,0,1.0,0.0,0.0
case_00115,365,0,0,none,none,0,0,1.0,0.0,0.0
case_00134,338,649,616,medium,medium,1,1,0.8790513833992095,4.080018656651476,1.1503183881083519
case_00113,79,0,0,none,none,0,0,1.0,0.0,0.0
case_00033,168,0,0,none,none,0,0,1.0,0.0,0.0
case_00125,112,0,0,none,none,0,0,1.0,0.0,0.0
case_00125,85,0,0,none,none,0,0,1.0,0.0,0.0
case_00203,310,0,0,none,none,0,0,1.0,0.0,0.0
case_00133,475,0,0,none,none,0,0,1.0,0.0,0.0
case_00033,386,0,0,none,none,0,0,1.0,0.0,0.0
case_00075,465,0,85,none,small,0,1,0.0,-1.0,-1.0
case_00033,2,0,0,none,none,0,0,1.0,0.0,0.0
case_00075,149,0,0,none,none,0,0,1.0,0.0,0.0
case_00203,60,0,0,none,none,0,0,1.0,0.0,0.0
case_00203,219,0,0,none,none,0,0,1.0,0.0,0.0
case_00125,178,41,57,small,small,1,1,0.673469387755102,2.591483465847627,1.203210595928635
case_00102,99,0,0,none,none,0,0,1.0,0.0,0.0
case_00154,239,0,0,none,none,0,0,1.0,0.0,0.0
case_00194,8,0,0,none,none,0,0,1.0,0.0,0.0
case_00113,236,0,0,none,none,0,0,1.0,0.0,0.0
case_00014,71,0,0,none,none,0,0,1.0,0.0,0.0
case_00133,180,18,7,small,small,1,1,0.56,2.8284271247461903,0.16666666666666666
case_00014,56,0,0,none,none,0,0,1.0,0.0,0.0
case_00203,483,0,0,none,none,0,0,1.0,0.0,0.0
case_00115,69,0,0,none,none,0,0,1.0,0.0,0.0
case_00134,393,0,0,none,none,0,0,1.0,0.0,0.0
case_00079,509,0,0,none,none,0,0,1.0,0.0,0.0
case_00113,346,531,681,medium,medium,1,1,0.8465346534653465,5.0,1.8317117231966322
case_00203,117,0,0,none,none,0,0,1.0,0.0,0.0
case_00075,215,0,0,none,none,0,0,1.0,0.0,0.0
case_00014,451,0,0,none,none,0,0,1.0,0.0,0.0
case_00161,28,0,0,none,none,0,0,1.0,0.0,0.0
case_00033,108,0,0,none,none,0,0,1.0,0.0,0.0
case_00194,312,0,0,none,none,0,0,1.0,0.0,0.0
case_00113,38,0,59,none,small,0,2,0.0,-1.0,-1.0
case_00079,163,0,0,none,none,0,0,1.0,0.0,0.0
case_00102,67,0,0,none,none,0,0,1.0,0.0,0.0
case_00161,413,0,0,none,none,0,0,1.0,0.0,0.0
case_00102,465,0,605,none,medium,0,1,0.0,-1.0,-1.0
case_00134,471,0,0,none,none,0,0,1.0,0.0,0.0
case_00086,50,0,0,none,none,0,0,1.0,0.0,0.0
case_00014,411,0,91,none,small,0,1,0.0,-1.0,-1.0
case_00154,105,0,0,none,none,0,0,1.0,0.0,0.0
case_00075,232,0,0,none,none,0,0,1.0,0.0,0.0
case_00102,178,0,0,none,none,0,0,1.0,0.0,0.0
case_00033,434,0,0,none,none,0,0,1.0,0.0,0.0
case_00115,32,0,0,none,none,0,0,1.0,0.0,0.0
case_00079,420,1336,1418,large,large,1,1,0.9571532316630356,2.0,0.7098764982857724
case_00079,337,554,577,medium,medium,1,1,0.9195402298850575,2.8284271247461903,0.9307603651791678
case_00203,65,0,0,none,none,0,0,1.0,0.0,0.0
case_00014,234,0,0,none,none,0,0,1.0,0.0,0.0
case_00203,456,0,0,none,none,0,0,1.0,0.0,0.0
case_00102,420,211,229,medium,medium,1,1,0.9,2.0,0.8132936127819297
case_00134,175,0,0,none,none,0,0,1.0,0.0,0.0
case_00086,194,0,0,none,none,0,0,1.0,0.0,0.0
case_00086,216,0,0,none,none,0,0,1.0,0.0,0.0
case_00113,217,0,0,none,none,0,0,1.0,0.0,0.0
case_00194,243,0,0,none,none,0,0,1.0,0.0,0.0
case_00115,10,0,0,none,none,0,0,1.0,0.0,0.0
case_00203,116,0,0,none,none,0,0,1.0,0.0,0.0
case_00125,246,0,0,none,none,0,0,1.0,0.0,0.0
case_00075,153,0,0,none,none,0,0,1.0,0.0,0.0
case_00161,167,79,105,small,medium,1,1,0.7934782608695652,2.0,1.03125
case_00194,292,0,0,none,none,0,0,1.0,0.0,0.0
case_00133,402,0,0,none,none,0,0,1.0,0.0,0.0
case_00075,296,0,0,none,none,0,0,1.0,0.0,0.0
case_00014,427,0,0,none,none,0,0,1.0,0.0,0.0
case_00079,227,0,0,none,none,0,0,1.0,0.0,0.0
case_00161,252,0,0,none,none,0,0,1.0,0.0,0.0
case_00133,437,0,0,none,none,0,0,1.0,0.0,0.0
case_00161,428,0,123,none,medium,0,1,0.0,-1.0,-1.0
case_00203,380,0,0,none,none,0,0,1.0,0.0,0.0
case_00115,284,0,0,none,none,0,0,1.0,0.0,0.0
case_00014,173,52,91,small,small,1,1,0.7272727272727273,2.23606797749979,1.319014058598773
case_00161,381,0,0,none,none,0,0,1.0,0.0,0.0
case_00113,48,0,0,none,none,0,0,1.0,0.0,0.0
case_00161,409,0,0,none,none,0,0,1.0,0.0,0.0
case_00033,187,127,157,medium,medium,1,1,0.8732394366197183,1.5606601717798214,0.7975562049832966
case_00033,252,0,0,none,none,0,0,1.0,0.0,0.0
case_00154,362,0,0,none,none,0,0,1.0,0.0,0.0
case_00125,389,0,9,none,small,0,1,0.0,-1.0,-1.0
case_00115,280,0,50,none,small,0,1,0.0,-1.0,-1.0
case_00033,276,0,0,none,none,0,0,1.0,0.0,0.0
case_00161,241,0,0,none,none,0,0,1.0,0.0,0.0
case_00125,232,0,0,none,none,0,0,1.0,0.0,0.0
case_00203,107,0,0,none,none,0,0,1.0,0.0,0.0
case_00161,56,0,188,none,medium,0,2,0.0,-1.0,-1.0
case_00125,105,0,0,none,none,0,0,1.0,0.0,0.0
case_00115,255,0,0,none,none,0,0,1.0,0.0,0.0
case_00161,360,0,0,none,none,0,0,1.0,0.0,0.0
case_00033,159,0,0,none,none,0,0,1.0,0.0,0.0
case_00033,239,0,0,none,none,0,0,1.0,0.0,0.0
case_00203,224,0,0,none,none,0,0,1.0,0.0,0.0
case_00079,413,1448,1509,large,large,1,1,0.971254649983091,1.0,0.5243872397312364
case_00203,66,0,0,none,none,0,0,1.0,0.0,0.0
case_00125,66,0,0,none,none,0,0,1.0,0.0,0.0
case_00133,382,0,0,none,none,0,0,1.0,0.0,0.0
case_00125,332,0,0,none,none,0,0,1.0,0.0,0.0
case_00161,53,0,0,none,none,0,0,1.0,0.0,0.0
case_00014,74,0,0,none,none,0,0,1.0,0.0,0.0
case_00133,42,0,0,none,none,0,0,1.0,0.0,0.0
case_00133,226,0,0,none,none,0,0,1.0,0.0,0.0
case_00161,217,0,0,none,none,0,0,1.0,0.0,0.0
case_00125,310,0,0,none,none,0,0,1.0,0.0,0.0
case_00075,245,0,0,none,none,0,0,1.0,0.0,0.0
case_00115,58,0,0,none,none,0,0,1.0,0.0,0.0
case_00102,307,1272,1369,large,large,4,2,0.9405528209011738,2.23606797749979,0.7464334721804432
case_00115,381,0,0,none,none,0,0,1.0,0.0,0.0
case_00154,416,0,190,none,medium,0,2,0.0,-1.0,-1.0
case_00033,153,0,0,none,none,0,0,1.0,0.0,0.0
case_00133,39,0,0,none,none,0,0,1.0,0.0,0.0
case_00014,332,0,0,none,none,0,0,1.0,0.0,0.0
case_00014,66,0,0,none,none,0,0,1.0,0.0,0.0
case_00134,154,0,0,none,none,0,0,1.0,0.0,0.0
case_00079,277,0,0,none,none,0,0,1.0,0.0,0.0
case_00134,105,0,0,none,none,0,0,1.0,0.0,0.0
case_00075,422,0,501,none,medium,0,1,0.0,-1.0,-1.0
case_00133,492,0,33,none,small,0,1,0.0,-1.0,-1.0
case_00161,75,0,534,none,medium,0,2,0.0,-1.0,-1.0
case_00079,477,0,0,none,none,0,0,1.0,0.0,0.0
case_00102,386,3140,3262,large,large,1,1,0.9743830053108403,2.0,0.7145264462375478
case_00115,305,0,0,none,none,0,0,1.0,0.0,0.0
case_00079,323,0,0,none,none,0,0,1.0,0.0,0.0
case_00133,414,0,0,none,none,0,0,1.0,0.0,0.0
case_00125,14,0,0,none,none,0,0,1.0,0.0,0.0
case_00154,373,0,0,none,none,0,0,1.0,0.0,0.0
case_00161,283,0,0,none,none,0,0,1.0,0.0,0.0
case_00115,117,0,0,none,none,0,0,1.0,0.0,0.0
case_00075,34,0,144,none,medium,0,1,0.0,-1.0,-1.0
case_00154,188,0,0,none,none,0,0,1.0,0.0,0.0
case_00033,351,0,0,none,none,0,0,1.0,0.0,0.0
case_00086,453,0,0,none,none,0,0,1.0,0.0,0.0
case_00102,208,0,0,none,none,0,0,1.0,0.0,0.0
case_00075,308,0,0,none,none,0,0,1.0,0.0,0.0
case_00134,123,0,0,none,none,0,0,1.0,0.0,0.0
case_00102,275,0,1538,none,large,0,1,0.0,-1.0,-1.0
case_00079,388,1606,1618,large,large,1,1,0.956575682382134,2.0,0.819438209655274
case_00113,506,0,0,none,none,0,0,1.0,0.0,0.0
case_00161,269,0,0,none,none,0,0,1.0,0.0,0.0
case_00154,34,0,0,none,none,0,0,1.0,0.0,0.0
case_00125,431,0,0,none,none,0,0,1.0,0.0,0.0
case_00102,352,3681,3843,large,large,1,1,0.9712918660287081,7.442220510185377,0.7699857885937098
case_00075,210,0,0,none,none,0,0,1.0,0.0,0.0
case_00102,259,0,1822,none,large,0,3,0.0,-1.0,-1.0
case_00079,303,0,0,none,none,0,0,1.0,0.0,0.0
case_00079,370,1537,1604,large,large,1,1,0.9652976758993951,2.0,0.6789396611073509
case_00134,372,324,354,medium,medium,1,1,0.9380530973451328,1.0,0.47368421052631576
case_00113,58,0,0,none,none,0,0,1.0,0.0,0.0
case_00113,396,2041,2112,large,large,1,1,0.9578617866602456,2.8284271247461903,0.832258064516129
case_00125,60,0,0,none,none,0,0,1.0,0.0,0.0
case_00113,406,1898,1986,large,large,1,1,0.9598352214212152,3.0,0.7255228474983079
case_00014,258,0,0,none,none,0,0,1.0,0.0,0.0
case_00079,454,380,404,medium,medium,1,1,0.9413265306122449,2.0,0.4492753623188406
case_00115,148,0,0,none,none,0,0,1.0,0.0,0.0
case_00086,300,0,0,none,none,0,0,1.0,0.0,0.0
case_00115,321,347,359,medium,medium,1,1,0.9150141643059491,2.0,0.8675691150713076
case_00113,344,515,737,medium,medium,1,1,0.8162939297124601,6.52718872423572,2.3625635995437992
case_00125,237,0,0,none,none,0,0,1.0,0.0,0.0
case_00115,500,0,0,none,none,0,0,1.0,0.0,0.0
case_00075,430,0,491,none,medium,0,1,0.0,-1.0,-1.0
case_00154,502,0,0,none,none,0,0,1.0,0.0,0.0
case_00079,9,0,0,none,none,0,0,1.0,0.0,0.0
case_00014,203,0,0,none,none,0,0,1.0,0.0,0.0
case_00113,392,2055,2058,large,large,1,1,0.9579382445903234,2.23606797749979,0.7538306432102396
case_00125,397,0,38,none,small,0,1,0.0,-1.0,-1.0
case_00154,155,0,0,none,none,0,0,1.0,0.0,0.0
case_00086,356,0,0,none,none,0,0,1.0,0.0,0.0
case_00133,307,0,0,none,none,0,0,1.0,0.0,0.0
case_00113,276,0,0,none,none,0,0,1.0,0.0,0.0
case_00134,191,0,0,none,none,0,0,1.0,0.0,0.0
case_00014,274,0,0,none,none,0,0,1.0,0.0,0.0
case_00075,74,0,0,none,none,0,0,1.0,0.0,0.0
case_00161,480,0,0,none,none,0,0,1.0,0.0,0.0
case_00113,256,0,0,none,none,0,0,1.0,0.0,0.0
case_00133,57,0,0,none,none,0,0,1.0,0.0,0.0
case_00134,200,0,0,none,none,0,0,1.0,0.0,0.0
case_00194,202,0,0,none,none,0,0,1.0,0.0,0.0
case_00133,204,0,0,none,none,0,0,1.0,0.0,0.0
case_00115,44,0,0,none,none,0,0,1.0,0.0,0.0
case_00014,67,0,0,none,none,0,0,1.0,0.0,0.0
case_00079,476,0,0,none,none,0,0,1.0,0.0,0.0
case_00194,439,0,7,none,small,0,1,0.0,-1.0,-1.0
case_00079,391,1611,1647,large,large,1,1,0.9650092081031307,1.4142135623730951,0.6571408102800879
case_00115,491,0,0,none,none,0,0,1.0,0.0,0.0
case_00154,43,0,0,none,none,0,0,1.0,0.0,0.0
case_00161,382,0,0,none,none,0,0,1.0,0.0,0.0
case_00086,346,0,0,none,none,0,0,1.0,0.0,0.0
case_00134,476,0,0,none,none,0,0,1.0,0.0,0.0
case_00079,252,0,0,none,none,0,0,1.0,0.0,0.0
case_00086,150,0,0,none,none,0,0,1.0,0.0,0.0
case_00086,169,0,0,none,none,0,0,1.0,0.0,0.0
case_00102,292,0,16,none,small,0,1,0.0,-1.0,-1.0
case_00133,184,0,0,none,none,0,0,1.0,0.0,0.0
case_00079,84,0,0,none,none,0,0,1.0,0.0,0.0
case_00086,191,0,0,none,none,0,0,1.0,0.0,0.0
case_00161,388,0,0,none,none,0,0,1.0,0.0,0.0
case_00154,467,0,1115,none,large,0,1,0.0,-1.0,-1.0
case_00134,71,0,876,none,medium,0,2,0.0,-1.0,-1.0
case_00014,442,0,0,none,none,0,0,1.0,0.0,0.0
case_00102,169,0,0,none,none,0,0,1.0,0.0,0.0
case_00014,246,0,0,none,none,0,0,1.0,0.0,0.0
case_00113,135,0,0,none,none,0,0,1.0,0.0,0.0
case_00194,233,0,0,none,none,0,0,1.0,0.0,0.0
case_00033,304,0,0,none,none,0,0,1.0,0.0,0.0
case_00075,84,0,0,none,none,0,0,1.0,0.0,0.0
case_00203,370,0,0,none,none,0,0,1.0,0.0,0.0
case_00113,95,0,0,none,none,0,0,1.0,0.0,0.0
case_00203,252,0,0,none,none,0,0,1.0,0.0,0.0
case_00194,26,0,91,none,small,0,3,0.0,-1.0,-1.0
case_00125,400,0,0,none,none,0,0,1.0,0.0,0.0
case_00133,320,0,0,none,none,0,0,1.0,0.0,0.0
case_00075,22,0,72,none,small,0,1,0.0,-1.0,-1.0
case_00133,188,0,0,none,none,0,0,1.0,0.0,0.0
case_00113,444,24,117,small,medium,1,1,0.3404255319148936,7.014213562373095,3.6531458683341818
case_00133,478,0,0,none,none,0,0,1.0,0.0,0.0
case_00079,79,0,0,none,none,0,0,1.0,0.0,0.0
case_00161,6,0,0,none,none,0,0,1.0,0.0,0.0
case_00154,185,0,0,none,none,0,0,1.0,0.0,0.0
case_00203,338,0,0,none,none,0,0,1.0,0.0,0.0
case_00033,406,0,0,none,none,0,0,1.0,0.0,0.0
case_00086,355,0,0,none,none,0,0,1.0,0.0,0.0
case_00154,469,0,796,none,medium,0,1,0.0,-1.0,-1.0
case_00075,183,0,0,none,none,0,0,1.0,0.0,0.0
case_00203,316,0,0,none,none,0,0,1.0,0.0,0.0
case_00033,269,0,0,none,none,0,0,1.0,0.0,0.0
case_00194,75,0,0,none,none,0,0,1.0,0.0,0.0
case_00033,275,0,0,none,none,0,0,1.0,0.0,0.0
case_00102,69,0,0,none,none,0,0,1.0,0.0,0.0
case_00134,383,0,0,none,none,0,0,1.0,0.0,0.0
case_00086,258,0,0,none,none,0,0,1.0,0.0,0.0
case_00134,1,0,0,none,none,0,0,1.0,0.0,0.0
case_00075,484,0,0,none,none,0,0,1.0,0.0,0.0
case_00194,98,0,0,none,none,0,0,1.0,0.0,0.0
case_00161,509,0,0,none,none,0,0,1.0,0.0,0.0
case_00133,146,518,547,medium,medium,1,1,0.9333333333333333,2.0,0.7745644351625351
case_00203,286,0,0,none,none,0,0,1.0,0.0,0.0
case_00079,130,0,0,none,none,0,0,1.0,0.0,0.0
case_00115,199,0,0,none,none,0,0,1.0,0.0,0.0
case_00161,295,0,0,none,none,0,0,1.0,0.0,0.0
case_00203,142,0,0,none,none,0,0,1.0,0.0,0.0
case_00033,206,0,0,none,none,0,0,1.0,0.0,0.0
case_00014,476,0,20,none,small,0,2,0.0,-1.0,-1.0
case_00033,219,0,0,none,none,0,0,1.0,0.0,0.0
case_00014,82,0,0,none,none,0,0,1.0,0.0,0.0
case_00161,369,0,0,none,none,0,0,1.0,0.0,0.0
case_00154,219,0,0,none,none,0,0,1.0,0.0,0.0
case_00134,376,114,101,medium,medium,1,1,0.8930232558139535,1.0,0.42857142857142855
case_00102,407,1437,1641,large,large,1,1,0.9239766081871345,4.242640687119285,1.3117819486612203
case_00133,410,0,0,none,none,0,0,1.0,0.0,0.0
case_00133,55,0,0,none,none,0,0,1.0,0.0,0.0
case_00194,486,0,0,none,none,0,0,1.0,0.0,0.0
case_00086,277,0,0,none,none,0,0,1.0,0.0,0.0
case_00125,52,0,1,none,small,0,1,0.0,-1.0,-1.0
case_00075,162,0,0,none,none,0,0,1.0,0.0,0.0
case_00075,428,0,448,none,medium,0,1,0.0,-1.0,-1.0
case_00086,465,0,0,none,none,0,0,1.0,0.0,0.0
case_00134,305,0,0,none,none,0,0,1.0,0.0,0.0
case_00102,47,0,0,none,none,0,0,1.0,0.0,0.0
case_00033,395,0,0,none,none,0,0,1.0,0.0,0.0
case_00194,484,0,68,none,small,0,1,0.0,-1.0,-1.0
case_00133,231,0,0,none,none,0,0,1.0,0.0,0.0
case_00125,28,0,312,none,medium,0,1,0.0,-1.0,-1.0
case_00079,371,1551,1598,large,large,1,1,0.9698316926008257,2.0,0.5783592224227381
case_00125,88,0,8,none,small,0,1,0.0,-1.0,-1.0
case_00154,510,0,0,none,none,0,0,1.0,0.0,0.0
case_00154,422,0,142,none,medium,0,2,0.0,-1.0,-1.0
case_00086,176,0,0,none,none,0,0,1.0,0.0,0.0
case_00194,246,0,0,none,none,0,0,1.0,0.0,0.0
case_00203,334,0,0,none,none,0,0,1.0,0.0,0.0
case_00194,481,0,143,none,medium,0,1,0.0,-1.0,-1.0
case_00086,141,0,0,none,none,0,0,1.0,0.0,0.0
case_00154,50,0,0,none,none,0,0,1.0,0.0,0.0
case_00115,294,0,0,none,none,0,0,1.0,0.0,0.0
case_00102,370,3718,3829,large,large,1,1,0.9791970319332185,1.4142135623730951,0.6518096714445931
case_00203,434,0,0,none,none,0,0,1.0,0.0,0.0
case_00113,375,1711,1789,large,large,1,1,0.9308571428571428,3.0,1.128526435347866
case_00194,60,0,281,none,medium,0,1,0.0,-1.0,-1.0
case_00115,439,0,0,none,none,0,0,1.0,0.0,0.0
case_00154,92,0,0,none,none,0,0,1.0,0.0,0.0
case_00115,91,0,0,none,none,0,0,1.0,0.0,0.0
case_00203,137,0,0,none,none,0,0,1.0,0.0,0.0
case_00194,432,0,60,none,small,0,1,0.0,-1.0,-1.0
case_00079,398,1598,1695,large,large,1,1,0.9644700880655936,1.8828427124746256,0.6908700095433234
case_00115,101,0,0,none,none,0,0,1.0,0.0,0.0
case_00113,30,0,0,none,none,0,0,1.0,0.0,0.0
case_00133,273,0,0,none,none,0,0,1.0,0.0,0.0
case_00079,109,0,0,none,none,0,0,1.0,0.0,0.0
case_00102,424,29,0,small,none,2,0,0.0,-1.0,-1.0
case_00102,487,0,0,none,none,0,0,1.0,0.0,0.0
case_00014,84,0,0,none,none,0,0,1.0,0.0,0.0
case_00154,232,0,0,none,none,0,0,1.0,0.0,0.0
case_00014,155,0,0,none,none,0,0,1.0,0.0,0.0
case_00102,422,121,147,medium,medium,1,1,0.8432835820895522,2.0,0.8811916151115412
case_00075,480,0,358,none,medium,0,2,0.0,-1.0,-1.0
case_00115,181,0,0,none,none,0,0,1.0,0.0,0.0
case_00115,97,0,0,none,none,0,0,1.0,0.0,0.0
case_00033,330,0,0,none,none,0,0,1.0,0.0,0.0
case_00079,77,0,0,none,none,0,0,1.0,0.0,0.0
case_00033,329,0,0,none,none,0,0,1.0,0.0,0.0
case_00194,105,0,0,none,none,0,0,1.0,0.0,0.0
case_00125,32,0,272,none,medium,0,1,0.0,-1.0,-1.0
case_00161,449,0,0,none,none,0,0,1.0,0.0,0.0
case_00154,341,194,206,medium,medium,1,1,0.93,1.0,0.4791666666666667
case_00079,311,0,0,none,none,0,0,1.0,0.0,0.0
case_00014,180,68,110,small,medium,1,1,0.7528089887640449,2.0,1.268693026885631
case_00086,76,0,0,none,none,0,0,1.0,0.0,0.0
case_00075,116,0,0,none,none,0,0,1.0,0.0,0.0
case_00014,164,0,0,none,none,0,0,1.0,0.0,0.0
case_00086,9,0,0,none,none,0,0,1.0,0.0,0.0
case_00125,9,0,0,none,none,0,0,1.0,0.0,0.0
case_00033,36,0,0,none,none,0,0,1.0,0.0,0.0
case_00115,53,0,0,none,none,0,0,1.0,0.0,0.0
case_00125,50,0,6,none,small,0,1,0.0,-1.0,-1.0
case_00102,262,0,197,none,medium,0,2,0.0,-1.0,-1.0
case_00194,317,0,0,none,none,0,0,1.0,0.0,0.0
case_00102,353,3699,3786,large,large,1,1,0.9726118904475618,3.7999999999999545,0.6927921462612538
case_00134,91,0,0,none,none,0,0,1.0,0.0,0.0
case_00033,385,0,0,none,none,0,0,1.0,0.0,0.0
case_00154,138,0,0,none,none,0,0,1.0,0.0,0.0
case_00133,369,0,0,none,none,0,0,1.0,0.0,0.0
case_00115,458,0,0,none,none,0,0,1.0,0.0,0.0
case_00134,43,0,1134,none,large,0,2,0.0,-1.0,-1.0
case_00102,187,0,0,none,none,0,0,1.0,0.0,0.0
case_00125,509,0,0,none,none,0,0,1.0,0.0,0.0
case_00133,317,0,0,none,none,0,0,1.0,0.0,0.0
case_00075,189,0,0,none,none,0,0,1.0,0.0,0.0
case_00115,485,0,0,none,none,0,0,1.0,0.0,0.0
case_00033,72,0,0,none,none,0,0,1.0,0.0,0.0
case_00125,109,0,0,none,none,0,0,1.0,0.0,0.0
case_00014,337,0,0,none,none,0,0,1.0,0.0,0.0
case_00014,214,0,0,none,none,0,0,1.0,0.0,0.0
case_00133,12,0,0,none,none,0,0,1.0,0.0,0.0
case_00113,187,0,0,none,none,0,0,1.0,0.0,0.0
case_00102,233,0,398,none,medium,0,2,0.0,-1.0,-1.0
case_00102,139,0,0,none,none,0,0,1.0,0.0,0.0
case_00086,102,0,0,none,none,0,0,1.0,0.0,0.0
case_00203,162,0,0,none,none,0,0,1.0,0.0,0.0
case_00079,424,1216,1303,large,large,1,1,0.9511710996427154,2.0,0.7948479446775855
case_00133,275,0,0,none,none,0,0,1.0,0.0,0.0
case_00125,37,0,516,none,medium,0,1,0.0,-1.0,-1.0
case_00133,151,527,531,medium,medium,1,1,0.9395085066162571,2.0,0.7348405892058207
case_00113,266,0,0,none,none,0,0,1.0,0.0,0.0
case_00194,313,0,0,none,none,0,0,1.0,0.0,0.0
case_00115,95,0,0,none,none,0,0,1.0,0.0,0.0
case_00113,137,0,0,none,none,0,0,1.0,0.0,0.0
case_00194,104,0,0,none,none,0,0,1.0,0.0,0.0
case_00154,32,0,0,none,none,0,0,1.0,0.0,0.0
case_00033,6,0,0,none,none,0,0,1.0,0.0,0.0
case_00125,59,0,0,none,none,0,0,1.0,0.0,0.0
case_00079,186,0,0,none,none,0,0,1.0,0.0,0.0
case_00086,97,0,0,none,none,0,0,1.0,0.0,0.0
case_00079,451,491,510,medium,medium,1,1,0.9430569430569431,1.4142135623730951,0.5426776695296637
case_00133,102,0,0,none,none,0,0,1.0,0.0,0.0
case_00086,311,0,0,none,none,0,0,1.0,0.0,0.0
case_00154,187,0,0,none,none,0,0,1.0,0.0,0.0
case_00194,490,0,0,none,none,0,0,1.0,0.0,0.0
case_00033,391,0,0,none,none,0,0,1.0,0.0,0.0
case_00133,34,0,0,none,none,0,0,1.0,0.0,0.0
case_00194,209,0,0,none,none,0,0,1.0,0.0,0.0
case_00203,503,0,0,none,none,0,0,1.0,0.0,0.0
case_00194,20,0,233,none,medium,0,1,0.0,-1.0,-1.0
case_00134,262,0,0,none,none,0,0,1.0,0.0,0.0
case_00033,435,0,0,none,none,0,0,1.0,0.0,0.0
case_00113,216,0,0,none,none,0,0,1.0,0.0,0.0
case_00086,20,0,0,none,none,0,0,1.0,0.0,0.0
case_00115,301,0,0,none,none,0,0,1.0,0.0,0.0
case_00033,156,0,0,none,none,0,0,1.0,0.0,0.0
case_00075,381,0,0,none,none,0,0,1.0,0.0,0.0
case_00075,389,0,0,none,none,0,0,1.0,0.0,0.0
case_00133,26,0,0,none,none,0,0,1.0,0.0,0.0
case_00033,170,8,0,small,none,1,0,0.0,-1.0,-1.0
case_00075,19,0,78,none,small,0,3,0.0,-1.0,-1.0
case_00075,415,0,277,none,medium,0,2,0.0,-1.0,-1.0
case_00079,269,0,0,none,none,0,0,1.0,0.0,0.0
case_00014,146,0,0,none,none,0,0,1.0,0.0,0.0
case_00115,421,0,0,none,none,0,0,1.0,0.0,0.0
case_00194,112,0,0,none,none,0,0,1.0,0.0,0.0
case_00075,246,0,0,none,none,0,0,1.0,0.0,0.0
case_00113,209,0,0,none,none,0,0,1.0,0.0,0.0
case_00115,125,0,0,none,none,0,0,1.0,0.0,0.0
case_00075,352,79,134,small,medium,1,1,0.7417840375586855,2.931370849898475,1.4939467507705106
case_00161,162,223,263,medium,medium,1,1,0.897119341563786,2.0,0.7166220647704199
case_00133,153,519,562,medium,medium,1,1,0.9398704902867715,2.4137757216736997,0.7294227104454898
case_00203,444,0,0,none,none,0,0,1.0,0.0,0.0
case_00014,31,0,0,none,none,0,0,1.0,0.0,0.0
case_00079,331,279,404,medium,medium,2,1,0.7847730600292826,4.3848783726541,1.6879538548856716
case_00134,34,0,0,none,none,0,0,1.0,0.0,0.0
case_00154,423,0,154,none,medium,0,2,0.0,-1.0,-1.0
case_00075,380,0,0,none,none,0,0,1.0,0.0,0.0
case_00079,40,0,0,none,none,0,0,1.0,0.0,0.0
case_00203,397,0,0,none,none,0,0,1.0,0.0,0.0
case_00086,304,0,0,none,none,0,0,1.0,0.0,0.0
case_00079,478,0,0,none,none,0,0,1.0,0.0,0.0
case_00075,468,0,0,none,none,0,0,1.0,0.0,0.0
case_00102,486,0,0,none,none,0,0,1.0,0.0,0.0
case_00086,84,0,0,none,none,0,0,1.0,0.0,0.0
case_00075,445,0,0,none,none,0,0,1.0,0.0,0.0
case_00113,231,0,0,none,none,0,0,1.0,0.0,0.0
case_00113,327,178,284,medium,medium,1,1,0.7662337662337663,5.0,1.6020998704420517
case_00161,212,0,0,none,none,0,0,1.0,0.0,0.0
case_00113,351,639,778,medium,medium,2,1,0.8073394495412844,5.0,1.652018996238453
case_00133,405,0,0,none,none,0,0,1.0,0.0,0.0
case_00075,141,0,0,none,none,0,0,1.0,0.0,0.0
case_00203,431,0,0,none,none,0,0,1.0,0.0,0.0
case_00079,149,0,0,none,none,0,0,1.0,0.0,0.0
case_00079,404,1564,1607,large,large,1,1,0.9731945758435825,1.4142135623730951,0.47312485489155515
case_00203,292,0,0,none,none,0,0,1.0,0.0,0.0
case_00102,134,0,0,none,none,0,0,1.0,0.0,0.0
case_00125,472,0,493,none,medium,0,1,0.0,-1.0,-1.0
case_00014,75,0,0,none,none,0,0,1.0,0.0,0.0
case_00115,84,0,0,none,none,0,0,1.0,0.0,0.0
case_00161,483,0,0,none,none,0,0,1.0,0.0,0.0
case_00075,287,0,0,none,none,0,0,1.0,0.0,0.0
case_00125,67,0,0,none,none,0,0,1.0,0.0,0.0
case_00113,158,0,0,none,none,0,0,1.0,0.0,0.0
case_00203,256,0,0,none,none,0,0,1.0,0.0,0.0
case_00133,77,0,3,none,small,0,1,0.0,-1.0,-1.0
case_00075,437,0,0,none,none,0,0,1.0,0.0,0.0
case_00014,48,0,0,none,none,0,0,1.0,0.0,0.0
case_00086,101,0,0,none,none,0,0,1.0,0.0,0.0
case_00075,8,0,0,none,none,0,0,1.0,0.0,0.0
case_00102,32,0,353,none,medium,0,2,0.0,-1.0,-1.0
case_00161,130,211,237,medium,medium,1,1,0.8839285714285714,2.23606797749979,0.7390028323958245
case_00194,187,0,0,none,none,0,0,1.0,0.0,0.0
case_00113,318,65,87,small,small,1,1,0.8157894736842105,3.0,0.967741935483871
case_00134,241,0,0,none,none,0,0,1.0,0.0,0.0
case_00086,69,0,0,none,none,0,0,1.0,0.0,0.0
case_00154,156,0,0,none,none,0,0,1.0,0.0,0.0
case_00086,200,0,0,none,none,0,0,1.0,0.0,0.0
case_00134,442,0,0,none,none,0,0,1.0,0.0,0.0
case_00014,227,0,0,none,none,0,0,1.0,0.0,0.0
case_00075,349,91,123,small,medium,1,1,0.8504672897196262,2.0,0.8894894319740967
case_00079,188,0,0,none,none,0,0,1.0,0.0,0.0
case_00113,260,0,0,none,none,0,0,1.0,0.0,0.0
case_00194,372,0,0,none,none,0,0,1.0,0.0,0.0
case_00134,346,845,907,medium,medium,1,1,0.9486301369863014,2.23606797749979,0.6018308851484879
case_00102,108,0,0,none,none,0,0,1.0,0.0,0.0
case_00133,484,0,0,none,none,0,0,1.0,0.0,0.0
case_00086,474,0,0,none,none,0,0,1.0,0.0,0.0
case_00125,396,0,40,none,small,0,2,0.0,-1.0,-1.0
case_00154,500,0,0,none,none,0,0,1.0,0.0,0.0
case_00125,143,0,0,none,none,0,0,1.0,0.0,0.0
case_00014,314,0,0,none,none,0,0,1.0,0.0,0.0
case_00033,498,0,0,none,none,0,0,1.0,0.0,0.0
case_00102,455,0,0,none,none,0,0,1.0,0.0,0.0
case_00014,489,0,0,none,none,0,0,1.0,0.0,0.0
case_00113,247,0,0,none,none,0,0,1.0,0.0,0.0
case_00161,270,0,0,none,none,0,0,1.0,0.0,0.0
case_00194,333,0,256,none,medium,0,1,0.0,-1.0,-1.0
case_00154,83,0,0,none,none,0,0,1.0,0.0,0.0
case_00203,68,0,0,none,none,0,0,1.0,0.0,0.0
case_00115,40,0,0,none,none,0,0,1.0,0.0,0.0
case_00075,366,0,0,none,none,0,0,1.0,0.0,0.0
case_00203,47,0,29,none,small,0,1,0.0,-1.0,-1.0
case_00079,471,0,0,none,none,0,0,1.0,0.0,0.0
case_00079,507,0,191,none,medium,0,1,0.0,-1.0,-1.0
case_00075,100,0,0,none,none,0,0,1.0,0.0,0.0
case_00014,221,0,0,none,none,0,0,1.0,0.0,0.0
case_00161,132,293,313,medium,medium,1,1,0.9141914191419142,2.0,0.6853420193376488
case_00113,253,0,0,none,none,0,0,1.0,0.0,0.0
case_00133,495,0,0,none,none,0,0,1.0,0.0,0.0
case_00075,257,0,0,none,none,0,0,1.0,0.0,0.0
case_00014,207,0,0,none,none,0,0,1.0,0.0,0.0
case_00194,341,0,146,none,medium,0,1,0.0,-1.0,-1.0
case_00113,141,0,0,none,none,0,0,1.0,0.0,0.0
case_00161,159,300,352,medium,medium,1,1,0.8987730061349694,2.0,0.8920362879077556
case_00086,390,244,265,medium,medium,1,1,0.9115913555992141,1.4142135623730951,0.7417338651911018
case_00115,25,0,0,none,none,0,0,1.0,0.0,0.0
case_00161,192,0,0,none,none,0,0,1.0,0.0,0.0
case_00014,96,0,0,none,none,0,0,1.0,0.0,0.0
case_00079,5,0,0,none,none,0,0,1.0,0.0,0.0
case_00033,10,0,0,none,none,0,0,1.0,0.0,0.0
case_00075,353,79,138,small,medium,1,1,0.728110599078341,2.23606797749979,1.5235963607474947
case_00194,28,0,14,none,small,0,2,0.0,-1.0,-1.0
case_00133,211,0,0,none,none,0,0,1.0,0.0,0.0
case_00079,94,0,0,none,none,0,0,1.0,0.0,0.0
case_00102,470,0,902,none,medium,0,2,0.0,-1.0,-1.0
case_00086,17,0,0,none,none,0,0,1.0,0.0,0.0
case_00014,308,0,0,none,none,0,0,1.0,0.0,0.0
case_00203,183,0,0,none,none,0,0,1.0,0.0,0.0
case_00133,244,0,0,none,none,0,0,1.0,0.0,0.0
case_00203,493,0,0,none,none,0,0,1.0,0.0,0.0
case_00075,179,0,0,none,none,0,0,1.0,0.0,0.0
case_00125,47,0,266,none,medium,0,1,0.0,-1.0,-1.0
case_00033,35,0,0,none,none,0,0,1.0,0.0,0.0
case_00134,434,0,747,none,medium,0,1,0.0,-1.0,-1.0
case_00113,450,0,172,none,medium,0,1,0.0,-1.0,-1.0
case_00014,187,41,5,small,small,1,1,0.21739130434782608,3.9013878188659974,0.6
case_00161,498,0,0,none,none,0,0,1.0,0.0,0.0
case_00079,266,0,0,none,none,0,0,1.0,0.0,0.0
case_00115,120,0,0,none,none,0,0,1.0,0.0,0.0
case_00194,258,0,0,none,none,0,0,1.0,0.0,0.0
case_00033,154,0,0,none,none,0,0,1.0,0.0,0.0
case_00203,173,0,0,none,none,0,0,1.0,0.0,0.0
case_00203,198,0,0,none,none,0,0,1.0,0.0,0.0
case_00203,55,0,151,none,medium,0,1,0.0,-1.0,-1.0
case_00203,10,0,0,none,none,0,0,1.0,0.0,0.0
case_00134,155,0,0,none,none,0,0,1.0,0.0,0.0
case_00125,210,0,0,none,none,0,0,1.0,0.0,0.0
case_00075,94,0,0,none,none,0,0,1.0,0.0,0.0
case_00086,125,0,0,none,none,0,0,1.0,0.0,0.0
case_00113,391,2054,2124,large,large,1,1,0.9540449976065103,2.8284271247461903,0.883556336050959
case_00113,130,0,0,none,none,0,0,1.0,0.0,0.0
case_00154,380,0,0,none,none,0,0,1.0,0.0,0.0
case_00194,81,0,0,none,none,0,0,1.0,0.0,0.0
case_00014,255,0,0,none,none,0,0,1.0,0.0,0.0
case_00125,410,0,4,none,small,0,1,0.0,-1.0,-1.0
case_00075,164,0,0,none,none,0,0,1.0,0.0,0.0
case_00154,351,0,0,none,none,0,0,1.0,0.0,0.0
case_00102,246,0,480,none,medium,0,3,0.0,-1.0,-1.0
case_00075,501,0,0,none,none,0,0,1.0,0.0,0.0
case_00075,109,0,0,none,none,0,0,1.0,0.0,0.0
case_00079,458,236,281,medium,medium,1,1,0.8471953578336557,2.070820393249936,0.9654577414261012
case_00086,423,0,28,none,small,0,1,0.0,-1.0,-1.0
case_00075,60,0,0,none,none,0,0,1.0,0.0,0.0
case_00194,184,0,0,none,none,0,0,1.0,0.0,0.0
case_00203,332,0,0,none,none,0,0,1.0,0.0,0.0
case_00115,375,0,0,none,none,0,0,1.0,0.0,0.0
case_00125,353,0,0,none,none,0,0,1.0,0.0,0.0
case_00133,71,0,38,none,small,0,1,0.0,-1.0,-1.0
case_00203,52,0,79,none,small,0,1,0.0,-1.0,-1.0
case_00113,264,0,0,none,none,0,0,1.0,0.0,0.0
case_00113,99,0,0,none,none,0,0,1.0,0.0,0.0
case_00161,243,0,0,none,none,0,0,1.0,0.0,0.0
case_00134,261,0,1,none,small,0,1,0.0,-1.0,-1.0
case_00133,93,0,0,none,none,0,0,1.0,0.0,0.0
case_00125,366,0,0,none,none,0,0,1.0,0.0,0.0
case_00115,431,0,0,none,none,0,0,1.0,0.0,0.0
case_00125,402,0,0,none,none,0,0,1.0,0.0,0.0
case_00079,26,0,0,none,none,0,0,1.0,0.0,0.0
case_00113,479,0,0,none,none,0,0,1.0,0.0,0.0
case_00102,198,0,0,none,none,0,0,1.0,0.0,0.0
case_00113,220,0,0,none,none,0,0,1.0,0.0,0.0
case_00134,257,0,8,none,small,0,1,0.0,-1.0,-1.0
case_00102,185,0,0,none,none,0,0,1.0,0.0,0.0
case_00154,409,0,39,none,small,0,2,0.0,-1.0,-1.0
case_00033,166,0,0,none,none,0,0,1.0,0.0,0.0
case_00033,69,0,0,none,none,0,0,1.0,0.0,0.0
case_00125,461,0,0,none,none,0,0,1.0,0.0,0.0
case_00134,233,0,0,none,none,0,0,1.0,0.0,0.0
case_00079,330,202,275,medium,medium,2,1,0.8301886792452831,3.605551275463989,0.8970681950460372
case_00134,398,0,0,none,none,0,0,1.0,0.0,0.0
case_00125,311,0,0,none,none,0,0,1.0,0.0,0.0
case_00014,140,0,0,none,none,0,0,1.0,0.0,0.0
case_00115,14,0,0,none,none,0,0,1.0,0.0,0.0
case_00102,202,0,0,none,none,0,0,1.0,0.0,0.0
case_00134,174,0,0,none,none,0,0,1.0,0.0,0.0
case_00161,137,394,427,medium,medium,1,1,0.9330085261875761,2.0,0.6181225904831805
case_00133,112,0,0,none,none,0,0,1.0,0.0,0.0
case_00203,442,0,0,none,none,0,0,1.0,0.0,0.0
case_00154,396,0,0,none,none,0,0,1.0,0.0,0.0
case_00102,28,0,198,none,medium,0,1,0.0,-1.0,-1.0
case_00033,127,0,0,none,none,0,0,1.0,0.0,0.0
case_00203,412,63,88,small,small,1,1,0.8344370860927153,2.0,0.871936198656182
case_00203,129,0,0,none,none,0,0,1.0,0.0,0.0
case_00115,27,0,0,none,none,0,0,1.0,0.0,0.0
case_00125,371,0,0,none,none,0,0,1.0,0.0,0.0
case_00125,224,0,0,none,none,0,0,1.0,0.0,0.0
case_00133,455,0,0,none,none,0,0,1.0,0.0,0.0
case_00033,85,0,0,none,none,0,0,1.0,0.0,0.0
case_00115,285,0,0,none,none,0,0,1.0,0.0,0.0
case_00014,178,70,119,small,medium,1,1,0.7195767195767195,2.9828427124746186,1.6032320651367722
case_00115,261,0,12,none,small,0,1,0.0,-1.0,-1.0
case_00079,285,0,0,none,none,0,0,1.0,0.0,0.0
case_00075,144,0,0,none,none,0,0,1.0,0.0,0.0
case_00203,278,0,0,none,none,0,0,1.0,0.0,0.0
case_00075,73,0,0,none,none,0,0,1.0,0.0,0.0
case_00125,21,0,0,none,none,0,0,1.0,0.0,0.0
case_00033,338,0,0,none,none,0,0,1.0,0.0,0.0
case_00113,87,0,0,none,none,0,0,1.0,0.0,0.0
case_00086,422,0,0,none,none,0,0,1.0,0.0,0.0
case_00194,321,0,144,none,medium,0,1,0.0,-1.0,-1.0
case_00203,384,0,0,none,none,0,0,1.0,0.0,0.0
case_00033,290,0,0,none,none,0,0,1.0,0.0,0.0
case_00079,54,0,0,none,none,0,0,1.0,0.0,0.0
case_00075,229,0,0,none,none,0,0,1.0,0.0,0.0
case_00086,227,0,0,none,none,0,0,1.0,0.0,0.0
case_00113,280,0,0,none,none,0,0,1.0,0.0,0.0
case_00161,170,0,0,none,none,0,0,1.0,0.0,0.0
case_00133,440,0,0,none,none,0,0,1.0,0.0,0.0
case_00086,118,0,0,none,none,0,0,1.0,0.0,0.0
case_00125,11,0,0,none,none,0,0,1.0,0.0,0.0
case_00086,208,0,0,none,none,0,0,1.0,0.0,0.0
case_00203,59,0,0,none,none,0,0,1.0,0.0,0.0
case_00203,155,0,0,none,none,0,0,1.0,0.0,0.0
case_00115,369,0,0,none,none,0,0,1.0,0.0,0.0
case_00086,82,0,0,none,none,0,0,1.0,0.0,0.0
case_00086,44,0,0,none,none,0,0,1.0,0.0,0.0
case_00115,0,0,0,none,none,0,0,1.0,0.0,0.0
case_00125,376,0,0,none,none,0,0,1.0,0.0,0.0
case_00033,3,0,0,none,none,0,0,1.0,0.0,0.0
case_00154,242,0,0,none,none,0,0,1.0,0.0,0.0
case_00115,147,0,0,none,none,0,0,1.0,0.0,0.0
case_00086,66,0,0,none,none,0,0,1.0,0.0,0.0
case_00203,336,0,0,none,none,0,0,1.0,0.0,0.0
case_00125,373,0,0,none,none,0,0,1.0,0.0,0.0
case_00134,19,0,0,none,none,0,0,1.0,0.0,0.0
case_00194,266,0,0,none,none,0,0,1.0,0.0,0.0
case_00161,268,0,0,none,none,0,0,1.0,0.0,0.0
case_00115,22,0,0,none,none,0,0,1.0,0.0,0.0
case_00014,229,0,0,none,none,0,0,1.0,0.0,0.0
case_00133,388,0,0,none,none,0,0,1.0,0.0,0.0
case_00194,429,0,83,none,small,0,2,0.0,-1.0,-1.0
case_00075,485,0,0,none,none,0,0,1.0,0.0,0.0
case_00125,17,0,0,none,none,0,0,1.0,0.0,0.0
case_00134,99,0,0,none,none,0,0,1.0,0.0,0.0
case_00086,319,0,0,none,none,0,0,1.0,0.0,0.0
case_00161,128,145,227,medium,medium,1,2,0.7580645161290323,15.0,4.832923996708832
case_00161,263,0,0,none,none,0,0,1.0,0.0,0.0
case_00014,213,0,0,none,none,0,0,1.0,0.0,0.0
case_00086,113,0,0,none,none,0,0,1.0,0.0,0.0
case_00075,112,0,0,none,none,0,0,1.0,0.0,0.0
case_00115,266,0,0,none,none,0,0,1.0,0.0,0.0
case_00115,307,0,0,none,none,0,0,1.0,0.0,0.0
case_00115,471,0,0,none,none,0,0,1.0,0.0,0.0
case_00115,159,0,0,none,none,0,0,1.0,0.0,0.0
case_00079,265,0,0,none,none,0,0,1.0,0.0,0.0
case_00134,479,0,373,none,medium,0,1,0.0,-1.0,-1.0
case_00194,58,0,356,none,medium,0,1,0.0,-1.0,-1.0
case_00134,351,885,888,medium,medium,2,1,0.9576988155668359,2.070820393249933,0.43103448275862066
case_00154,29,0,0,none,none,0,0,1.0,0.0,0.0
case_00014,49,0,0,none,none,0,0,1.0,0.0,0.0
case_00102,298,591,688,medium,medium,3,2,0.9069585613760751,2.8284271247461903,0.8072508699505616
case_00161,106,0,0,none,none,0,0,1.0,0.0,0.0
case_00113,195,0,0,none,none,0,0,1.0,0.0,0.0
case_00075,198,0,0,none,none,0,0,1.0,0.0,0.0
case_00079,231,0,0,none,none,0,0,1.0,0.0,0.0
case_00075,127,0,0,none,none,0,0,1.0,0.0,0.0
case_00125,13,0,0,none,none,0,0,1.0,0.0,0.0
case_00033,369,0,0,none,none,0,0,1.0,0.0,0.0
case_00133,92,0,0,none,none,0,0,1.0,0.0,0.0
case_00014,265,0,0,none,none,0,0,1.0,0.0,0.0
case_00203,402,29,17,small,small,1,1,0.6521739130434783,2.618033988749895,0.3333333333333333
case_00075,457,0,0,none,none,0,0,1.0,0.0,0.0
case_00154,161,0,0,none,none,0,0,1.0,0.0,0.0
case_00086,490,0,0,none,none,0,0,1.0,0.0,0.0
case_00133,166,305,333,medium,medium,2,1,0.9310344827586207,2.23606797749979,0.6930743460879958
case_00086,497,0,0,none,none,0,0,1.0,0.0,0.0
case_00115,89,0,0,none,none,0,0,1.0,0.0,0.0
case_00102,215,0,0,none,none,0,0,1.0,0.0,0.0
case_00014,284,0,0,none,none,0,0,1.0,0.0,0.0
case_00102,85,0,0,none,none,0,0,1.0,0.0,0.0
case_00033,450,0,0,none,none,0,0,1.0,0.0,0.0
case_00075,196,0,0,none,none,0,0,1.0,0.0,0.0
case_00079,428,1121,1248,large,large,1,1,0.9404812157028282,2.23606797749979,0.8995088546352304
case_00113,192,0,0,none,none,0,0,1.0,0.0,0.0
case_00033,470,0,0,none,none,0,0,1.0,0.0,0.0
case_00033,208,0,0,none,none,0,0,1.0,0.0,0.0
case_00134,444,0,0,none,none,0,0,1.0,0.0,0.0
case_00115,253,0,0,none,none,0,0,1.0,0.0,0.0
case_00113,437,356,403,medium,medium,1,1,0.8985507246376812,2.98284271247462,0.8816491334161124
case_00079,151,0,0,none,none,0,0,1.0,0.0,0.0
case_00102,433,0,0,none,none,0,0,1.0,0.0,0.0
case_00194,144,0,0,none,none,0,0,1.0,0.0,0.0
case_00115,165,0,0,none,none,0,0,1.0,0.0,0.0
case_00154,247,0,0,none,none,0,0,1.0,0.0,0.0
case_00014,6,0,0,none,none,0,0,1.0,0.0,0.0
case_00102,156,0,0,none,none,0,0,1.0,0.0,0.0
case_00086,256,0,0,none,none,0,0,1.0,0.0,0.0
case_00154,292,0,0,none,none,0,0,1.0,0.0,0.0
case_00161,447,0,215,none,medium,0,1,0.0,-1.0,-1.0
case_00115,140,0,0,none,none,0,0,1.0,0.0,0.0
case_00115,174,0,0,none,none,0,0,1.0,0.0,0.0
case_00075,492,0,272,none,medium,0,1,0.0,-1.0,-1.0
case_00079,314,0,0,none,none,0,0,1.0,0.0,0.0
case_00079,422,1277,1339,large,large,1,1,0.9503058103975535,2.0,0.7767453818749269
case_00133,312,0,0,none,none,0,0,1.0,0.0,0.0
case_00075,467,0,0,none,none,0,0,1.0,0.0,0.0
case_00113,12,0,529,none,medium,0,1,0.0,-1.0,-1.0
case_00203,425,6,0,small,none,1,0,0.0,-1.0,-1.0
case_00075,299,0,0,none,none,0,0,1.0,0.0,0.0
case_00194,270,0,0,none,none,0,0,1.0,0.0,0.0
case_00133,85,0,0,none,none,0,0,1.0,0.0,0.0
case_00075,205,0,0,none,none,0,0,1.0,0.0,0.0
case_00113,250,0,0,none,none,0,0,1.0,0.0,0.0
case_00125,152,0,0,none,none,0,0,1.0,0.0,0.0
case_00115,56,0,0,none,none,0,0,1.0,0.0,0.0
case_00115,132,0,0,none,none,0,0,1.0,0.0,0.0
case_00115,383,0,0,none,none,0,0,1.0,0.0,0.0
case_00102,391,2804,2890,large,large,1,1,0.9771689497716894,2.0,0.6180506308023557
case_00102,179,0,0,none,none,0,0,1.0,0.0,0.0
case_00113,385,2025,2107,large,large,1,1,0.957405614714424,2.709955295296917,0.8331205394788685
case_00203,128,0,0,none,none,0,0,1.0,0.0,0.0
case_00115,295,0,0,none,none,0,0,1.0,0.0,0.0
case_00033,79,0,0,none,none,0,0,1.0,0.0,0.0
case_00113,308,0,0,none,none,0,0,1.0,0.0,0.0
case_00134,365,640,673,medium,medium,1,1,0.9611576542269612,1.0,0.4117647058823529
case_00133,404,0,0,none,none,0,0,1.0,0.0,0.0
case_00161,482,0,0,none,none,0,0,1.0,0.0,0.0
case_00203,390,0,0,none,none,0,0,1.0,0.0,0.0
case_00203,176,0,0,none,none,0,0,1.0,0.0,0.0
case_00033,203,0,0,none,none,0,0,1.0,0.0,0.0
case_00115,100,0,0,none,none,0,0,1.0,0.0,0.0
case_00014,92,0,251,none,medium,0,1,0.0,-1.0,-1.0
case_00115,177,0,0,none,none,0,0,1.0,0.0,0.0
case_00033,427,0,0,none,none,0,0,1.0,0.0,0.0
case_00075,193,0,0,none,none,0,0,1.0,0.0,0.0
case_00154,255,0,0,none,none,0,0,1.0,0.0,0.0
case_00161,260,0,0,none,none,0,0,1.0,0.0,0.0
case_00154,386,0,0,none,none,0,0,1.0,0.0,0.0
case_00075,139,0,0,none,none,0,0,1.0,0.0,0.0
case_00194,441,0,69,none,small,0,1,0.0,-1.0,-1.0
case_00161,19,0,0,none,none,0,0,1.0,0.0,0.0
case_00125,41,0,253,none,medium,0,1,0.0,-1.0,-1.0
case_00125,416,0,0,none,none,0,0,1.0,0.0,0.0
case_00102,1,0,0,none,none,0,0,1.0,0.0,0.0
case_00133,176,75,78,small,small,1,1,0.8496732026143791,1.4142135623730951,0.42394745771685577
case_00033,438,0,0,none,none,0,0,1.0,0.0,0.0
case_00125,121,0,0,none,none,0,0,1.0,0.0,0.0
case_00033,45,0,0,none,none,0,0,1.0,0.0,0.0
case_00154,131,0,0,none,none,0,0,1.0,0.0,0.0
case_00125,425,0,37,none,small,0,1,0.0,-1.0,-1.0
case_00203,450,0,32,none,small,0,1,0.0,-1.0,-1.0
case_00125,286,0,0,none,none,0,0,1.0,0.0,0.0
case_00102,411,969,1109,medium,large,1,1,0.904716073147257,3.561223913934418,1.084919992689029
case_00154,4,0,0,none,none,0,0,1.0,0.0,0.0
case_00125,5,0,0,none,none,0,0,1.0,0.0,0.0
case_00113,43,0,0,none,none,0,0,1.0,0.0,0.0
case_00115,360,0,0,none,none,0,0,1.0,0.0,0.0
case_00203,156,0,0,none,none,0,0,1.0,0.0,0.0
case_00086,149,0,0,none,none,0,0,1.0,0.0,0.0
case_00086,393,263,315,medium,medium,1,1,0.8961937716262975,2.070820393249936,0.8951605393659278
case_00134,380,0,0,none,none,0,0,1.0,0.0,0.0
case_00079,421,1312,1375,large,large,1,1,0.9505024190547079,2.0,0.8279946055138137
case_00194,242,0,0,none,none,0,0,1.0,0.0,0.0
case_00115,55,0,0,none,none,0,0,1.0,0.0,0.0
case_00133,480,0,0,none,none,0,0,1.0,0.0,0.0
case_00194,495,0,0,none,none,0,0,1.0,0.0,0.0
case_00154,20,0,0,none,none,0,0,1.0,0.0,0.0
case_00203,24,0,0,none,none,0,0,1.0,0.0,0.0
case_00014,204,0,0,none,none,0,0,1.0,0.0,0.0
case_00113,154,0,0,none,none,0,0,1.0,0.0,0.0
case_00075,219,0,0,none,none,0,0,1.0,0.0,0.0
case_00154,456,0,0,none,none,0,0,1.0,0.0,0.0
case_00194,334,0,191,none,medium,0,1,0.0,-1.0,-1.0
case_00133,378,0,0,none,none,0,0,1.0,0.0,0.0
case_00203,228,0,0,none,none,0,0,1.0,0.0,0.0
case_00133,104,0,0,none,none,0,0,1.0,0.0,0.0
case_00075,383,0,0,none,none,0,0,1.0,0.0,0.0
case_00154,305,0,0,none,none,0,0,1.0,0.0,0.0
case_00125,222,0,0,none,none,0,0,1.0,0.0,0.0
case_00113,382,1949,2046,large,large,1,1,0.9476846057571965,3.0,0.9374653921894532
case_00113,207,0,0,none,none,0,0,1.0,0.0,0.0
case_00115,259,0,0,none,none,0,0,1.0,0.0,0.0
case_00075,291,0,0,none,none,0,0,1.0,0.0,0.0
case_00033,106,0,0,none,none,0,0,1.0,0.0,0.0
case_00133,53,0,0,none,none,0,0,1.0,0.0,0.0
case_00086,348,0,0,none,none,0,0,1.0,0.0,0.0
case_00161,142,456,516,medium,medium,1,1,0.9218106995884774,2.0,0.7521895141649746
case_00113,191,0,0,none,none,0,0,1.0,0.0,0.0
case_00086,295,0,0,none,none,0,0,1.0,0.0,0.0
case_00161,213,0,0,none,none,0,0,1.0,0.0,0.0
case_00115,377,0,0,none,none,0,0,1.0,0.0,0.0
case_00161,276,0,0,none,none,0,0,1.0,0.0,0.0
case_00203,206,0,0,none,none,0,0,1.0,0.0,0.0
case_00113,441,72,111,small,medium,1,1,0.6885245901639344,3.0,1.3809660178366352
case_00154,158,0,0,none,none,0,0,1.0,0.0,0.0
case_00154,113,0,0,none,none,0,0,1.0,0.0,0.0
case_00161,460,0,0,none,none,0,0,1.0,0.0,0.0
case_00079,132,0,0,none,none,0,0,1.0,0.0,0.0
case_00079,334,421,521,medium,medium,1,1,0.8853503184713376,4.0,1.0479676677332554
case_00033,475,0,46,none,small,0,1,0.0,-1.0,-1.0
case_00194,435,0,45,none,small,0,1,0.0,-1.0,-1.0
case_00102,171,0,0,none,none,0,0,1.0,0.0,0.0
case_00134,358,785,823,medium,medium,1,1,0.9577114427860697,2.0,0.5217391304347826
case_00203,171,0,0,none,none,0,0,1.0,0.0,0.0
case_00079,299,0,0,none,none,0,0,1.0,0.0,0.0
case_00079,502,0,0,none,none,0,0,1.0,0.0,0.0
case_00154,298,0,0,none,none,0,0,1.0,0.0,0.0
case_00161,355,0,0,none,none,0,0,1.0,0.0,0.0
case_00033,263,0,0,none,none,0,0,1.0,0.0,0.0
case_00014,191,5,0,small,none,1,0,0.0,-1.0,-1.0
case_00102,318,2064,2159,large,large,1,1,0.961401847028179,2.0,0.7893010219639188
case_00115,451,0,0,none,none,0,0,1.0,0.0,0.0
case_00079,0,0,0,none,none,0,0,1.0,0.0,0.0
case_00161,371,0,0,none,none,0,0,1.0,0.0,0.0
case_00115,23,0,0,none,none,0,0,1.0,0.0,0.0
case_00161,86,0,55,none,small,0,1,0.0,-1.0,-1.0
case_00113,405,1904,2009,large,large,1,1,0.9557883976488628,3.0,0.8504252553799544
case_00161,193,0,0,none,none,0,0,1.0,0.0,0.0
case_00113,449,0,186,none,medium,0,1,0.0,-1.0,-1.0
case_00079,237,0,0,none,none,0,0,1.0,0.0,0.0
case_00075,263,0,0,none,none,0,0,1.0,0.0,0.0
case_00033,177,75,107,small,medium,1,1,0.8241758241758241,2.0,0.9580266952966369
case_00154,349,0,0,none,none,0,0,1.0,0.0,0.0
case_00134,59,0,2806,none,large,0,1,0.0,-1.0,-1.0
case_00033,424,0,0,none,none,0,0,1.0,0.0,0.0
case_00079,339,656,702,medium,medium,1,1,0.946980854197349,2.0,0.6237832071249111
case_00102,430,0,0,none,none,0,0,1.0,0.0,0.0
case_00134,69,0,507,none,medium,0,2,0.0,-1.0,-1.0
case_00033,84,0,0,none,none,0,0,1.0,0.0,0.0
case_00194,271,0,0,none,none,0,0,1.0,0.0,0.0
case_00075,110,0,0,none,none,0,0,1.0,0.0,0.0
case_00033,62,0,0,none,none,0,0,1.0,0.0,0.0
case_00115,29,0,0,none,none,0,0,1.0,0.0,0.0
case_00133,256,0,0,none,none,0,0,1.0,0.0,0.0
case_00079,288,0,0,none,none,0,0,1.0,0.0,0.0
case_00033,149,0,0,none,none,0,0,1.0,0.0,0.0
case_00125,159,0,0,none,none,0,0,1.0,0.0,0.0
case_00125,132,0,0,none,none,0,0,1.0,0.0,0.0
case_00033,384,0,0,none,none,0,0,1.0,0.0,0.0
case_00102,75,0,0,none,none,0,0,1.0,0.0,0.0
case_00014,401,0,0,none,none,0,0,1.0,0.0,0.0
case_00203,71,0,0,none,none,0,0,1.0,0.0,0.0
case_00075,155,0,0,none,none,0,0,1.0,0.0,0.0
case_00203,111,0,0,none,none,0,0,1.0,0.0,0.0
case_00079,263,0,0,none,none,0,0,1.0,0.0,0.0
case_00102,49,0,0,none,none,0,0,1.0,0.0,0.0
case_00203,244,0,0,none,none,0,0,1.0,0.0,0.0
case_00115,263,0,61,none,small,0,2,0.0,-1.0,-1.0
case_00079,452,441,493,medium,medium,1,1,0.9271948608137045,2.0,0.7258821068440542
case_00134,31,0,0,none,none,0,0,1.0,0.0,0.0
case_00133,342,0,0,none,none,0,0,1.0,0.0,0.0
case_00154,437,0,0,none,none,0,0,1.0,0.0,0.0
case_00079,382,1594,1652,large,large,1,1,0.9691928527418361,2.0,0.6030822095305481
case_00115,503,0,0,none,none,0,0,1.0,0.0,0.0
case_00194,76,0,0,none,none,0,0,1.0,0.0,0.0
case_00014,350,0,0,none,none,0,0,1.0,0.0,0.0
case_00115,94,0,0,none,none,0,0,1.0,0.0,0.0
case_00154,367,0,0,none,none,0,0,1.0,0.0,0.0
case_00154,177,0,0,none,none,0,0,1.0,0.0,0.0
case_00033,248,0,0,none,none,0,0,1.0,0.0,0.0
case_00125,388,0,0,none,none,0,0,1.0,0.0,0.0
case_00154,471,0,0,none,none,0,0,1.0,0.0,0.0
case_00033,58,0,0,none,none,0,0,1.0,0.0,0.0
case_00086,7,0,0,none,none,0,0,1.0,0.0,0.0
case_00133,491,0,161,none,medium,0,1,0.0,-1.0,-1.0
case_00154,90,0,0,none,none,0,0,1.0,0.0,0.0
case_00113,33,0,16,none,small,0,1,0.0,-1.0,-1.0
case_00125,148,0,0,none,none,0,0,1.0,0.0,0.0
case_00154,272,0,0,none,none,0,0,1.0,0.0,0.0
case_00194,171,63,71,small,small,1,1,0.9104477611940298,1.1242640687119274,0.32
case_00133,101,0,0,none,none,0,0,1.0,0.0,0.0
case_00014,52,0,0,none,none,0,0,1.0,0.0,0.0
case_00133,88,0,0,none,none,0,0,1.0,0.0,0.0
case_00113,319,75,96,small,small,1,1,0.7719298245614035,3.9499999999999957,1.2258064516129032
case_00134,55,0,1091,none,large,0,2,0.0,-1.0,-1.0
case_00194,108,0,0,none,none,0,0,1.0,0.0,0.0
case_00079,362,1411,1462,large,large,1,1,0.9690219282979464,2.0,0.5555555555555556
case_00079,123,0,0,none,none,0,0,1.0,0.0,0.0
case_00086,344,0,0,none,none,0,0,1.0,0.0,0.0
case_00075,337,78,125,small,medium,1,1,0.7684729064039408,2.0,1.2682459513747883
case_00102,421,170,199,medium,medium,1,1,0.8888888888888888,1.4142135623730951,0.7147319956117765
case_00194,129,0,0,none,none,0,0,1.0,0.0,0.0
case_00134,114,0,0,none,none,0,0,1.0,0.0,0.0
case_00033,165,0,0,none,none,0,0,1.0,0.0,0.0
case_00086,53,0,0,none,none,0,0,1.0,0.0,0.0
case_00194,215,0,13,none,small,0,1,0.0,-1.0,-1.0
case_00161,281,0,0,none,none,0,0,1.0,0.0,0.0
case_00079,114,0,0,none,none,0,0,1.0,0.0,0.0
case_00194,343,0,168,none,medium,0,1,0.0,-1.0,-1.0
case_00113,146,0,0,none,none,0,0,1.0,0.0,0.0
case_00086,507,0,0,none,none,0,0,1.0,0.0,0.0
case_00086,61,0,0,none,none,0,0,1.0,0.0,0.0
case_00079,14,0,0,none,none,0,0,1.0,0.0,0.0
case_00033,117,0,0,none,none,0,0,1.0,0.0,0.0
case_00075,270,0,0,none,none,0,0,1.0,0.0,0.0
case_00203,507,0,171,none,medium,0,1,0.0,-1.0,-1.0
case_00113,204,0,0,none,none,0,0,1.0,0.0,0.0
case_00102,8,0,0,none,none,0,0,1.0,0.0,0.0
case_00033,30,0,0,none,none,0,0,1.0,0.0,0.0
case_00134,12,0,0,none,none,0,0,1.0,0.0,0.0
case_00161,337,0,0,none,none,0,0,1.0,0.0,0.0
case_00086,314,0,0,none,none,0,0,1.0,0.0,0.0
case_00086,282,0,0,none,none,0,0,1.0,0.0,0.0
case_00154,412,0,34,none,small,0,1,0.0,-1.0,-1.0
case_00154,250,0,0,none,none,0,0,1.0,0.0,0.0
case_00079,487,0,200,none,medium,0,1,0.0,-1.0,-1.0
case_00194,123,0,0,none,none,0,0,1.0,0.0,0.0
case_00194,219,0,0,none,none,0,0,1.0,0.0,0.0
case_00154,421,0,231,none,medium,0,2,0.0,-1.0,-1.0
case_00113,80,0,0,none,none,0,0,1.0,0.0,0.0
case_00014,112,0,0,none,none,0,0,1.0,0.0,0.0
case_00154,511,0,0,none,none,0,0,1.0,0.0,0.0
case_00102,220,0,0,none,none,0,0,1.0,0.0,0.0
case_00014,353,0,0,none,none,0,0,1.0,0.0,0.0
case_00161,94,0,0,none,none,0,0,1.0,0.0,0.0
case_00203,250,0,0,none,none,0,0,1.0,0.0,0.0
case_00133,511,0,0,none,none,0,0,1.0,0.0,0.0
case_00014,127,0,0,none,none,0,0,1.0,0.0,0.0
case_00134,375,171,163,medium,medium,1,1,0.9401197604790419,1.0,0.22448979591836735
case_00079,325,1,0,small,none,1,0,0.0,-1.0,-1.0
case_00014,366,0,0,none,none,0,0,1.0,0.0,0.0
case_00154,348,0,0,none,none,0,0,1.0,0.0,0.0
case_00133,420,0,0,none,none,0,0,1.0,0.0,0.0
case_00014,281,0,0,none,none,0,0,1.0,0.0,0.0
case_00033,92,0,0,none,none,0,0,1.0,0.0,0.0
case_00014,3,0,0,none,none,0,0,1.0,0.0,0.0
case_00194,181,3,4,small,small,1,1,0.0,2.0,1.5
case_00125,411,0,0,none,none,0,0,1.0,0.0,0.0
case_00194,299,0,0,none,none,0,0,1.0,0.0,0.0
case_00079,253,0,0,none,none,0,0,1.0,0.0,0.0
case_00125,337,0,0,none,none,0,0,1.0,0.0,0.0
case_00113,145,0,0,none,none,0,0,1.0,0.0,0.0
case_00133,266,0,0,none,none,0,0,1.0,0.0,0.0
case_00203,423,25,21,small,small,1,2,0.7391304347826086,1.7949747468305826,0.855623509662897
case_00079,10,0,0,none,none,0,0,1.0,0.0,0.0
case_00075,306,0,0,none,none,0,0,1.0,0.0,0.0
case_00033,376,0,0,none,none,0,0,1.0,0.0,0.0
case_00086,472,0,0,none,none,0,0,1.0,0.0,0.0
case_00154,503,0,0,none,none,0,0,1.0,0.0,0.0
case_00203,314,0,0,none,none,0,0,1.0,0.0,0.0
case_00075,266,0,0,none,none,0,0,1.0,0.0,0.0
case_00079,500,0,0,none,none,0,0,1.0,0.0,0.0
case_00113,71,0,0,none,none,0,0,1.0,0.0,0.0
case_00115,418,0,0,none,none,0,0,1.0,0.0,0.0
case_00086,94,0,0,none,none,0,0,1.0,0.0,0.0
case_00134,260,0,0,none,none,0,0,1.0,0.0,0.0
case_00014,276,0,0,none,none,0,0,1.0,0.0,0.0
case_00014,98,0,767,none,medium,0,2,0.0,-1.0,-1.0
case_00113,458,0,195,none,medium,0,1,0.0,-1.0,-1.0
case_00079,204,0,0,none,none,0,0,1.0,0.0,0.0
case_00161,458,0,0,none,none,0,0,1.0,0.0,0.0
case_00033,428,0,0,none,none,0,0,1.0,0.0,0.0
case_00154,314,141,169,medium,medium,1,1,0.896774193548387,1.0,0.6765288943422165
case_00014,369,0,0,none,none,0,0,1.0,0.0,0.0
case_00194,460,0,75,none,small,0,1,0.0,-1.0,-1.0
case_00125,107,0,0,none,none,0,0,1.0,0.0,0.0
case_00194,154,0,0,none,none,0,0,1.0,0.0,0.0
case_00161,272,0,0,none,none,0,0,1.0,0.0,0.0
case_00134,74,0,356,none,medium,0,5,0.0,-1.0,-1.0
case_00086,153,0,0,none,none,0,0,1.0,0.0,0.0
case_00133,208,0,0,none,none,0,0,1.0,0.0,0.0
case_00075,336,69,107,small,medium,1,1,0.7613636363636364,2.23606797749979,1.1428720194581474
case_00075,276,0,0,none,none,0,0,1.0,0.0,0.0
case_00154,336,283,307,medium,medium,1,1,0.9288135593220339,2.0,0.557904297984273
case_00014,383,0,0,none,none,0,0,1.0,0.0,0.0
case_00014,9,0,0,none,none,0,0,1.0,0.0,0.0
case_00102,65,0,0,none,none,0,0,1.0,0.0,0.0
case_00161,233,0,0,none,none,0,0,1.0,0.0,0.0
case_00125,468,0,422,none,medium,0,1,0.0,-1.0,-1.0
case_00014,502,0,0,none,none,0,0,1.0,0.0,0.0
case_00134,425,0,1353,none,large,0,1,0.0,-1.0,-1.0
case_00134,269,0,0,none,none,0,0,1.0,0.0,0.0
case_00161,134,331,351,medium,medium,1,1,0.9237536656891495,2.0,0.6735702260395515
case_00102,460,0,32,none,small,0,1,0.0,-1.0,-1.0
case_00133,296,0,0,none,none,0,0,1.0,0.0,0.0
case_00113,222,0,0,none,none,0,0,1.0,0.0,0.0
case_00115,463,0,0,none,none,0,0,1.0,0.0,0.0
case_00125,230,0,33,none,small,0,1,0.0,-1.0,-1.0
case_00033,256,0,0,none,none,0,0,1.0,0.0,0.0
case_00134,440,0,0,none,none,0,0,1.0,0.0,0.0
case_00033,29,0,0,none,none,0,0,1.0,0.0,0.0
case_00161,91,0,0,none,none,0,0,1.0,0.0,0.0
case_00125,0,0,0,none,none,0,0,1.0,0.0,0.0
case_00113,345,521,730,medium,medium,1,1,0.8233413269384492,6.149999999999977,2.2299997629220143
case_00194,472,0,0,none,none,0,0,1.0,0.0,0.0
case_00134,503,0,0,none,none,0,0,1.0,0.0,0.0
case_00075,290,0,0,none,none,0,0,1.0,0.0,0.0
case_00113,365,1136,1373,large,large,2,1,0.8704663212435233,6.904081918257319,1.7215224856531208
case_00194,121,0,0,none,none,0,0,1.0,0.0,0.0
case_00102,153,0,0,none,none,0,0,1.0,0.0,0.0
case_00086,511,0,0,none,none,0,0,1.0,0.0,0.0
case_00194,315,0,0,none,none,0,0,1.0,0.0,0.0
case_00203,14,0,0,none,none,0,0,1.0,0.0,0.0
case_00203,452,0,0,none,none,0,0,1.0,0.0,0.0
case_00154,334,299,312,medium,medium,1,1,0.9459901800327333,2.0,0.45541747521332926
case_00086,188,0,0,none,none,0,0,1.0,0.0,0.0
case_00079,401,1581,1677,large,large,1,1,0.9643953345610804,2.0,0.6920614878436971
case_00102,2,0,0,none,none,0,0,1.0,0.0,0.0
case_00203,306,0,0,none,none,0,0,1.0,0.0,0.0
case_00075,411,0,112,none,medium,0,1,0.0,-1.0,-1.0
case_00102,211,0,0,none,none,0,0,1.0,0.0,0.0
case_00075,18,0,0,none,none,0,0,1.0,0.0,0.0
case_00154,200,0,0,none,none,0,0,1.0,0.0,0.0
case_00133,448,0,0,none,none,0,0,1.0,0.0,0.0
case_00102,360,3810,3951,large,large,1,1,0.9771936606107461,2.0,0.7060210704191782
case_00075,271,0,0,none,none,0,0,1.0,0.0,0.0
case_00075,307,0,0,none,none,0,0,1.0,0.0,0.0
case_00014,313,0,0,none,none,0,0,1.0,0.0,0.0
case_00194,49,0,606,none,medium,0,1,0.0,-1.0,-1.0
case_00086,368,0,0,none,none,0,0,1.0,0.0,0.0
case_00194,142,0,0,none,none,0,0,1.0,0.0,0.0
case_00133,502,0,0,none,none,0,0,1.0,0.0,0.0
case_00125,113,0,0,none,none,0,0,1.0,0.0,0.0
case_00125,165,0,0,none,none,0,0,1.0,0.0,0.0
case_00075,90,0,0,none,none,0,0,1.0,0.0,0.0
case_00161,365,0,0,none,none,0,0,1.0,0.0,0.0
case_00014,326,0,0,none,none,0,0,1.0,0.0,0.0
case_00086,466,0,0,none,none,0,0,1.0,0.0,0.0
case_00203,311,0,0,none,none,0,0,1.0,0.0,0.0
case_00115,267,0,0,none,none,0,0,1.0,0.0,0.0
case_00161,229,0,0,none,none,0,0,1.0,0.0,0.0
case_00075,6,0,0,none,none,0,0,1.0,0.0,0.0
case_00086,460,0,0,none,none,0,0,1.0,0.0,0.0
case_00134,386,0,0,none,none,0,0,1.0,0.0,0.0
case_00079,411,1482,1556,large,large,1,1,0.9618169848584596,2.0,0.6483878014920104
case_00194,117,0,0,none,none,0,0,1.0,0.0,0.0
case_00133,304,0,0,none,none,0,0,1.0,0.0,0.0
case_00154,249,0,0,none,none,0,0,1.0,0.0,0.0
case_00079,45,0,0,none,none,0,0,1.0,0.0,0.0
case_00086,142,0,0,none,none,0,0,1.0,0.0,0.0
case_00113,265,0,0,none,none,0,0,1.0,0.0,0.0
case_00115,252,0,0,none,none,0,0,1.0,0.0,0.0
case_00194,470,0,0,none,none,0,0,1.0,0.0,0.0
case_00033,195,69,40,small,small,1,1,0.6972477064220184,3.08113883008419,0.6969810887957519
case_00154,293,0,0,none,none,0,0,1.0,0.0,0.0
case_00203,152,0,0,none,none,0,0,1.0,0.0,0.0
case_00113,343,515,707,medium,medium,1,1,0.8134206219312602,7.0,2.4756095265288094
case_00154,234,0,0,none,none,0,0,1.0,0.0,0.0
case_00154,444,0,0,none,none,0,0,1.0,0.0,0.0
case_00102,473,0,650,none,medium,0,1,0.0,-1.0,-1.0
case_00079,406,1539,1584,large,large,1,1,0.9657380723663145,1.4142135623730951,0.6173017904893829
case_00113,439,228,211,medium,medium,1,1,0.8246013667425968,3.0,0.8673738819117606
case_00079,443,731,793,medium,medium,1,1,0.9448818897637795,2.0,0.6852247277156095
case_00014,104,0,0,none,none,0,0,1.0,0.0,0.0
case_00133,421,0,0,none,none,0,0,1.0,0.0,0.0
case_00133,315,0,0,none,none,0,0,1.0,0.0,0.0
case_00125,386,0,0,none,none,0,0,1.0,0.0,0.0
case_00014,467,0,0,none,none,0,0,1.0,0.0,0.0
case_00194,430,0,109,none,medium,0,1,0.0,-1.0,-1.0
case_00125,471,0,832,none,medium,0,1,0.0,-1.0,-1.0
case_00075,80,0,0,none,none,0,0,1.0,0.0,0.0
case_00113,245,0,0,none,none,0,0,1.0,0.0,0.0
case_00033,21,0,0,none,none,0,0,1.0,0.0,0.0
case_00154,77,0,0,none,none,0,0,1.0,0.0,0.0
case_00203,245,0,0,none,none,0,0,1.0,0.0,0.0
case_00086,436,0,0,none,none,0,0,1.0,0.0,0.0
case_00014,165,0,0,none,none,0,0,1.0,0.0,0.0
case_00203,49,0,31,none,small,0,1,0.0,-1.0,-1.0
case_00133,213,0,0,none,none,0,0,1.0,0.0,0.0
case_00086,235,0,0,none,none,0,0,1.0,0.0,0.0
case_00102,409,1176,1343,large,large,1,1,0.9178245335450576,3.605551275463989,1.0934382588805645
case_00113,1,0,0,none,none,0,0,1.0,0.0,0.0
case_00113,262,0,0,none,none,0,0,1.0,0.0,0.0
case_00133,294,0,0,none,none,0,0,1.0,0.0,0.0
case_00115,474,0,0,none,none,0,0,1.0,0.0,0.0
case_00194,408,0,323,none,medium,0,1,0.0,-1.0,-1.0
case_00079,349,1057,1086,large,large,1,1,0.9622025198320112,2.0,0.6203703703703703
case_00133,69,0,7,none,small,0,1,0.0,-1.0,-1.0
case_00154,33,0,0,none,none,0,0,1.0,0.0,0.0
case_00113,275,0,0,none,none,0,0,1.0,0.0,0.0
case_00154,399,0,0,none,none,0,0,1.0,0.0,0.0
case_00154,197,0,0,none,none,0,0,1.0,0.0,0.0
case_00102,354,3726,3902,large,large,1,1,0.9687991609858416,3.1135943621178637,0.8388033599487912
case_00113,358,918,1120,medium,large,1,1,0.8518155053974484,4.47213595499958,1.5623905206803068
case_00033,210,0,0,none,none,0,0,1.0,0.0,0.0
case_00113,498,0,758,none,medium,0,1,0.0,-1.0,-1.0
case_00154,450,0,0,none,none,0,0,1.0,0.0,0.0
case_00113,188,0,0,none,none,0,0,1.0,0.0,0.0
case_00086,128,0,0,none,none,0,0,1.0,0.0,0.0
case_00133,119,0,0,none,none,0,0,1.0,0.0,0.0
case_00102,132,0,0,none,none,0,0,1.0,0.0,0.0
case_00086,420,0,3,none,small,0,1,0.0,-1.0,-1.0
case_00014,363,0,0,none,none,0,0,1.0,0.0,0.0
case_00115,92,0,0,none,none,0,0,1.0,0.0,0.0
case_00125,489,0,0,none,none,0,0,1.0,0.0,0.0
case_00133,434,0,0,none,none,0,0,1.0,0.0,0.0
case_00014,453,0,0,none,none,0,0,1.0,0.0,0.0
case_00079,74,0,0,none,none,0,0,1.0,0.0,0.0
case_00203,355,0,0,none,none,0,0,1.0,0.0,0.0
case_00102,249,0,241,none,medium,0,4,0.0,-1.0,-1.0
case_00102,243,0,1600,none,large,0,1,0.0,-1.0,-1.0
case_00086,330,0,0,none,none,0,0,1.0,0.0,0.0
case_00113,0,0,0,none,none,0,0,1.0,0.0,0.0
case_00154,459,0,0,none,none,0,0,1.0,0.0,0.0
case_00115,144,0,0,none,none,0,0,1.0,0.0,0.0
case_00086,161,0,0,none,none,0,0,1.0,0.0,0.0
case_00086,382,173,225,medium,medium,1,1,0.8090452261306532,3.056797181058932,1.3944708228398621
case_00079,444,708,722,medium,medium,1,1,0.9524475524475524,2.0,0.4991156037358051
case_00133,366,0,0,none,none,0,0,1.0,0.0,0.0
case_00075,427,0,337,none,medium,0,2,0.0,-1.0,-1.0
case_00125,266,0,0,none,none,0,0,1.0,0.0,0.0
case_00125,305,0,0,none,none,0,0,1.0,0.0,0.0
case_00102,364,3789,3879,large,large,1,1,0.9801773604590506,1.4142135623730951,0.6216181358221975
case_00134,182,0,0,none,none,0,0,1.0,0.0,0.0
case_00086,349,0,0,none,none,0,0,1.0,0.0,0.0
case_00203,72,0,1,none,small,0,1,0.0,-1.0,-1.0
case_00203,212,0,0,none,none,0,0,1.0,0.0,0.0
case_00203,367,0,0,none,none,0,0,1.0,0.0,0.0
case_00113,90,0,0,none,none,0,0,1.0,0.0,0.0
case_00014,105,0,0,none,none,0,0,1.0,0.0,0.0
case_00075,103,0,0,none,none,0,0,1.0,0.0,0.0
case_00115,331,550,584,medium,medium,1,1,0.9453262786596119,2.0,0.6223717379456913
case_00115,399,0,0,none,none,0,0,1.0,0.0,0.0
case_00125,430,0,0,none,none,0,0,1.0,0.0,0.0
case_00086,375,11,0,small,none,3,0,0.0,-1.0,-1.0
case_00133,118,0,0,none,none,0,0,1.0,0.0,0.0
case_00079,133,0,0,none,none,0,0,1.0,0.0,0.0
case_00075,472,0,0,none,none,0,0,1.0,0.0,0.0
case_00154,57,0,0,none,none,0,0,1.0,0.0,0.0
case_00075,115,0,0,none,none,0,0,1.0,0.0,0.0
case_00161,294,0,0,none,none,0,0,1.0,0.0,0.0
case_00194,82,0,0,none,none,0,0,1.0,0.0,0.0
case_00086,421,0,0,none,none,0,0,1.0,0.0,0.0
case_00115,335,528,661,medium,medium,1,1,0.8864592094196804,3.1622776601683795,1.398626112472578
case_00014,381,0,0,none,none,0,0,1.0,0.0,0.0
case_00115,488,0,0,none,none,0,0,1.0,0.0,0.0
case_00033,122,0,0,none,none,0,0,1.0,0.0,0.0
case_00102,27,0,308,none,medium,0,1,0.0,-1.0,-1.0
case_00033,231,0,0,none,none,0,0,1.0,0.0,0.0
case_00079,318,0,0,none,none,0,0,1.0,0.0,0.0
case_00033,255,0,0,none,none,0,0,1.0,0.0,0.0
case_00075,212,0,0,none,none,0,0,1.0,0.0,0.0
case_00161,416,0,0,none,none,0,0,1.0,0.0,0.0
case_00203,428,0,0,none,none,0,0,1.0,0.0,0.0
case_00102,385,3189,3317,large,large,1,1,0.9766369505072241,2.0,0.6442516977811517
case_00079,383,1603,1625,large,large,1,1,0.9690210656753407,1.4142135623730951,0.5929596168459869
case_00125,293,0,0,none,none,0,0,1.0,0.0,0.0
case_00194,449,0,220,none,medium,0,1,0.0,-1.0,-1.0
case_00134,53,0,1385,none,large,0,2,0.0,-1.0,-1.0
case_00014,312,0,0,none,none,0,0,1.0,0.0,0.0
case_00194,64,0,0,none,none,0,0,1.0,0.0,0.0
case_00086,41,0,0,none,none,0,0,1.0,0.0,0.0
case_00161,410,0,0,none,none,0,0,1.0,0.0,0.0
case_00075,510,0,0,none,none,0,0,1.0,0.0,0.0
case_00134,131,0,0,none,none,0,0,1.0,0.0,0.0
case_00115,196,0,0,none,none,0,0,1.0,0.0,0.0
case_00014,241,0,0,none,none,0,0,1.0,0.0,0.0
case_00079,417,1395,1468,large,large,1,1,0.9612294795668879,2.0,0.6825619641525454
case_00014,285,0,0,none,none,0,0,1.0,0.0,0.0
case_00154,285,0,0,none,none,0,0,1.0,0.0,0.0
case_00125,457,0,0,none,none,0,0,1.0,0.0,0.0
case_00014,491,0,0,none,none,0,0,1.0,0.0,0.0
case_00075,450,0,0,none,none,0,0,1.0,0.0,0.0
case_00014,144,0,0,none,none,0,0,1.0,0.0,0.0
case_00086,185,0,0,none,none,0,0,1.0,0.0,0.0
case_00079,465,17,0,small,none,3,0,0.0,-1.0,-1.0
case_00079,485,0,0,none,none,0,0,1.0,0.0,0.0
case_00125,503,0,0,none,none,0,0,1.0,0.0,0.0
case_00203,259,0,0,none,none,0,0,1.0,0.0,0.0
case_00161,362,0,0,none,none,0,0,1.0,0.0,0.0
case_00075,345,96,123,small,medium,1,1,0.8584474885844748,2.0,0.8355040196319795
case_00014,143,0,0,none,none,0,0,1.0,0.0,0.0
case_00075,114,0,0,none,none,0,0,1.0,0.0,0.0
case_00161,457,0,0,none,none,0,0,1.0,0.0,0.0
case_00133,432,0,0,none,none,0,0,1.0,0.0,0.0
case_00133,289,0,0,none,none,0,0,1.0,0.0,0.0
case_00086,283,0,0,none,none,0,0,1.0,0.0,0.0
case_00033,261,0,0,none,none,0,0,1.0,0.0,0.0
case_00133,453,0,0,none,none,0,0,1.0,0.0,0.0
case_00113,482,0,0,none,none,0,0,1.0,0.0,0.0
case_00154,404,0,0,none,none,0,0,1.0,0.0,0.0
case_00161,473,0,0,none,none,0,0,1.0,0.0,0.0
case_00154,415,0,286,none,medium,0,2,0.0,-1.0,-1.0
case_00113,283,0,0,none,none,0,0,1.0,0.0,0.0
case_00133,508,0,0,none,none,0,0,1.0,0.0,0.0
case_00014,37,0,276,none,medium,0,1,0.0,-1.0,-1.0
case_00086,357,0,0,none,none,0,0,1.0,0.0,0.0
case_00014,39,0,239,none,medium,0,3,0.0,-1.0,-1.0
case_00033,380,0,0,none,none,0,0,1.0,0.0,0.0
case_00079,494,0,0,none,none,0,0,1.0,0.0,0.0
case_00154,163,0,0,none,none,0,0,1.0,0.0,0.0
case_00134,395,0,0,none,none,0,0,1.0,0.0,0.0
case_00086,231,0,0,none,none,0,0,1.0,0.0,0.0
case_00014,171,36,49,small,small,1,1,0.7764705882352941,1.4727922061357865,0.8489727202260091
case_00075,320,0,0,none,none,0,0,1.0,0.0,0.0
case_00079,490,0,418,none,medium,0,1,0.0,-1.0,-1.0
case_00154,316,177,197,medium,medium,1,1,0.9251336898395722,1.0,0.5407279481355978
case_00125,226,0,0,none,none,0,0,1.0,0.0,0.0
case_00115,340,442,510,medium,medium,1,1,0.9138655462184874,2.0,0.9338735318033351
case_00161,304,0,0,none,none,0,0,1.0,0.0,0.0
case_00203,448,0,0,none,none,0,0,1.0,0.0,0.0
case_00125,478,0,0,none,none,0,0,1.0,0.0,0.0
case_00125,418,0,4,none,small,0,1,0.0,-1.0,-1.0
case_00079,430,1069,1183,large,large,1,1,0.9440497335701599,2.23606797749979,0.8301539628680136
case_00113,94,0,0,none,none,0,0,1.0,0.0,0.0
case_00134,57,0,2258,none,large,0,1,0.0,-1.0,-1.0
case_00133,334,0,0,none,none,0,0,1.0,0.0,0.0
case_00113,91,0,0,none,none,0,0,1.0,0.0,0.0
case_00133,372,0,0,none,none,0,0,1.0,0.0,0.0
case_00033,494,0,0,none,none,0,0,1.0,0.0,0.0
case_00086,376,22,5,small,small,2,1,0.0,5.935201077792402,1.482842712474619
case_00014,387,0,0,none,none,0,0,1.0,0.0,0.0
case_00154,455,0,0,none,none,0,0,1.0,0.0,0.0
case_00075,57,0,0,none,none,0,0,1.0,0.0,0.0
case_00014,30,0,0,none,none,0,0,1.0,0.0,0.0
case_00194,425,0,125,none,medium,0,2,0.0,-1.0,-1.0
case_00014,426,0,0,none,none,0,0,1.0,0.0,0.0
case_00086,379,88,127,small,medium,1,1,0.7069767441860465,4.0,1.1421271775846573
case_00014,57,0,0,none,none,0,0,1.0,0.0,0.0
case_00033,471,0,0,none,none,0,0,1.0,0.0,0.0
case_00134,248,0,37,none,small,0,1,0.0,-1.0,-1.0
case_00115,409,0,70,none,small,0,2,0.0,-1.0,-1.0
case_00113,424,1328,1484,large,large,1,1,0.9388335704125178,3.0,1.1078548870571907
case_00115,433,0,0,none,none,0,0,1.0,0.0,0.0
case_00154,70,0,0,none,none,0,0,1.0,0.0,0.0
case_00194,170,65,76,small,small,1,1,0.8652482269503546,1.4142135623730951,0.5769230769230769
case_00133,381,0,0,none,none,0,0,1.0,0.0,0.0
case_00154,299,0,0,none,none,0,0,1.0,0.0,0.0
case_00014,484,0,0,none,none,0,0,1.0,0.0,0.0
case_00115,173,0,0,none,none,0,0,1.0,0.0,0.0
case_00102,83,0,8,none,small,0,1,0.0,-1.0,-1.0
case_00194,97,0,0,none,none,0,0,1.0,0.0,0.0
case_00133,457,0,0,none,none,0,0,1.0,0.0,0.0
case_00102,174,0,0,none,none,0,0,1.0,0.0,0.0
case_00161,437,0,24,none,small,0,1,0.0,-1.0,-1.0
case_00102,427,0,1,none,small,0,1,0.0,-1.0,-1.0
case_00194,126,0,0,none,none,0,0,1.0,0.0,0.0
case_00125,490,0,0,none,none,0,0,1.0,0.0,0.0
case_00161,37,0,0,none,none,0,0,1.0,0.0,0.0
case_00203,394,0,0,none,none,0,0,1.0,0.0,0.0
case_00113,225,0,0,none,none,0,0,1.0,0.0,0.0
case_00086,68,0,0,none,none,0,0,1.0,0.0,0.0
case_00134,49,0,0,none,none,0,0,1.0,0.0,0.0
case_00134,215,0,0,none,none,0,0,1.0,0.0,0.0
case_00014,209,0,0,none,none,0,0,1.0,0.0,0.0
case_00115,182,0,0,none,none,0,0,1.0,0.0,0.0
case_00115,271,0,0,none,none,0,0,1.0,0.0,0.0
case_00113,65,0,0,none,none,0,0,1.0,0.0,0.0
case_00134,142,0,0,none,none,0,0,1.0,0.0,0.0
case_00075,5,0,0,none,none,0,0,1.0,0.0,0.0
case_00115,468,0,0,none,none,0,0,1.0,0.0,0.0
case_00194,410,0,607,none,medium,0,1,0.0,-1.0,-1.0
case_00125,186,78,100,small,medium,1,1,0.8539325842696629,2.0,0.8147208691207961
case_00014,101,0,0,none,none,0,0,1.0,0.0,0.0
case_00033,501,0,0,none,none,0,0,1.0,0.0,0.0
case_00113,150,0,0,none,none,0,0,1.0,0.0,0.0
case_00086,33,0,0,none,none,0,0,1.0,0.0,0.0
case_00161,448,0,0,none,none,0,0,1.0,0.0,0.0
case_00115,355,0,0,none,none,0,0,1.0,0.0,0.0
case_00203,474,0,0,none,none,0,0,1.0,0.0,0.0
case_00125,106,0,0,none,none,0,0,1.0,0.0,0.0
case_00113,221,0,0,none,none,0,0,1.0,0.0,0.0
case_00203,270,0,0,none,none,0,0,1.0,0.0,0.0
case_00086,241,0,0,none,none,0,0,1.0,0.0,0.0
case_00033,161,0,0,none,none,0,0,1.0,0.0,0.0
case_00033,65,0,0,none,none,0,0,1.0,0.0,0.0
case_00134,373,269,322,medium,medium,1,1,0.8967851099830795,2.75,0.8666666666666667
case_00079,245,0,0,none,none,0,0,1.0,0.0,0.0
case_00033,445,0,0,none,none,0,0,1.0,0.0,0.0
case_00014,433,0,444,none,medium,0,1,0.0,-1.0,-1.0
case_00134,124,0,0,none,none,0,0,1.0,0.0,0.0
case_00086,444,0,0,none,none,0,0,1.0,0.0,0.0
case_00194,238,0,0,none,none,0,0,1.0,0.0,0.0
case_00075,396,0,0,none,none,0,0,1.0,0.0,0.0
case_00203,443,0,0,none,none,0,0,1.0,0.0,0.0
case_00194,506,0,635,none,medium,0,1,0.0,-1.0,-1.0
case_00014,259,0,0,none,none,0,0,1.0,0.0,0.0
case_00113,304,0,0,none,none,0,0,1.0,0.0,0.0
case_00194,359,0,8,none,small,0,1,0.0,-1.0,-1.0
case_00086,18,0,0,none,none,0,0,1.0,0.0,0.0
case_00161,164,166,214,medium,medium,1,1,0.8473684210526315,2.0,1.0829488796376732
case_00203,90,0,0,none,none,0,0,1.0,0.0,0.0
case_00203,35,0,0,none,none,0,0,1.0,0.0,0.0
case_00133,384,0,0,none,none,0,0,1.0,0.0,0.0
case_00161,485,0,0,none,none,0,0,1.0,0.0,0.0
case_00033,204,0,0,none,none,0,0,1.0,0.0,0.0
case_00203,181,0,0,none,none,0,0,1.0,0.0,0.0
case_00014,397,0,0,none,none,0,0,1.0,0.0,0.0
case_00134,322,31,18,small,small,1,1,0.40816326530612246,4.2278147244322355,1.4375
case_00154,233,0,0,none,none,0,0,1.0,0.0,0.0
case_00075,361,27,23,small,small,1,1,0.72,1.6485281374238563,0.6875
case_00203,197,0,0,none,none,0,0,1.0,0.0,0.0
case_00194,304,0,0,none,none,0,0,1.0,0.0,0.0
case_00079,433,991,1098,medium,large,1,1,0.9420775490665391,2.0,0.8418146647712607
case_00125,283,0,0,none,none,0,0,1.0,0.0,0.0
case_00125,162,0,0,none,none,0,0,1.0,0.0,0.0
case_00154,359,0,0,none,none,0,0,1.0,0.0,0.0
case_00154,449,0,0,none,none,0,0,1.0,0.0,0.0
case_00079,400,1588,1701,large,large,1,1,0.9607783520826999,2.0,0.772165448543846
case_00133,10,0,0,none,none,0,0,1.0,0.0,0.0
case_00194,446,0,255,none,medium,0,1,0.0,-1.0,-1.0
case_00075,173,0,0,none,none,0,0,1.0,0.0,0.0
case_00134,347,861,942,medium,medium,1,1,0.9506378258458126,2.0,0.6708271186953461
case_00115,190,0,0,none,none,0,0,1.0,0.0,0.0
case_00203,307,0,0,none,none,0,0,1.0,0.0,0.0
case_00115,214,0,0,none,none,0,0,1.0,0.0,0.0
case_00203,261,0,0,none,none,0,0,1.0,0.0,0.0
case_00115,493,0,0,none,none,0,0,1.0,0.0,0.0
case_00194,217,0,2,none,small,0,1,0.0,-1.0,-1.0
case_00154,226,0,0,none,none,0,0,1.0,0.0,0.0
case_00161,479,0,0,none,none,0,0,1.0,0.0,0.0
case_00102,312,1711,1799,large,large,1,2,0.9532763532763533,2.8284271247461903,0.8772298793890465
case_00113,123,0,0,none,none,0,0,1.0,0.0,0.0
case_00203,132,0,0,none,none,0,0,1.0,0.0,0.0
case_00203,305,0,0,none,none,0,0,1.0,0.0,0.0
case_00134,296,0,0,none,none,0,0,1.0,0.0,0.0
case_00086,154,0,0,none,none,0,0,1.0,0.0,0.0
case_00194,440,0,48,none,small,0,1,0.0,-1.0,-1.0
case_00102,356,3753,3897,large,large,1,1,0.9709803921568627,2.23606797749979,0.7806109795499774
case_00161,392,0,0,none,none,0,0,1.0,0.0,0.0
case_00154,446,0,0,none,none,0,0,1.0,0.0,0.0
case_00161,342,0,0,none,none,0,0,1.0,0.0,0.0
case_00086,445,0,0,none,none,0,0,1.0,0.0,0.0
case_00194,388,0,228,none,medium,0,1,0.0,-1.0,-1.0
case_00133,354,0,0,none,none,0,0,1.0,0.0,0.0
case_00194,139,0,0,none,none,0,0,1.0,0.0,0.0
case_00113,399,2009,2199,large,large,1,1,0.9429657794676806,3.1622776601683795,1.208482736115277
case_00033,410,0,0,none,none,0,0,1.0,0.0,0.0
case_00154,414,0,8,none,small,0,1,0.0,-1.0,-1.0
case_00102,490,0,0,none,none,0,0,1.0,0.0,0.0
case_00113,320,85,123,small,medium,1,1,0.7307692307692307,5.0,1.6781725989548082
case_00115,484,0,0,none,none,0,0,1.0,0.0,0.0
case_00102,331,2551,2619,large,large,1,1,0.9733075435203095,2.0,0.6321972559483523
case_00075,157,0,0,none,none,0,0,1.0,0.0,0.0
case_00014,444,0,0,none,none,0,0,1.0,0.0,0.0
case_00134,488,0,0,none,none,0,0,1.0,0.0,0.0
case_00161,168,27,29,small,small,2,1,0.2857142857142857,2.8951972318306267,1.1697852657278045
case_00161,351,0,0,none,none,0,0,1.0,0.0,0.0
case_00161,78,0,0,none,none,0,0,1.0,0.0,0.0
case_00133,168,270,278,medium,medium,1,2,0.8941605839416058,3.1217082451262845,1.1344012679303088
case_00014,247,0,0,none,none,0,0,1.0,0.0,0.0
case_00113,237,0,0,none,none,0,0,1.0,0.0,0.0
case_00134,426,0,1597,none,large,0,1,0.0,-1.0,-1.0
case_00194,166,59,86,small,small,1,1,0.7862068965517242,2.0236067977499776,0.8844924668921684
case_00161,291,0,0,none,none,0,0,1.0,0.0,0.0
case_00115,114,0,0,none,none,0,0,1.0,0.0,0.0
case_00161,250,0,0,none,none,0,0,1.0,0.0,0.0
case_00086,89,0,0,none,none,0,0,1.0,0.0,0.0
case_00079,503,0,0,none,none,0,0,1.0,0.0,0.0
case_00133,192,0,0,none,none,0,0,1.0,0.0,0.0
case_00203,406,52,85,small,small,1,1,0.7591240875912408,2.23606797749979,1.1098935378316706
case_00194,488,0,0,none,none,0,0,1.0,0.0,0.0
case_00079,290,0,0,none,none,0,0,1.0,0.0,0.0
case_00113,354,774,910,medium,medium,2,1,0.8182897862232779,4.0,1.4694713361772351
case_00154,116,0,0,none,none,0,0,1.0,0.0,0.0
case_00014,356,0,0,none,none,0,0,1.0,0.0,0.0
case_00134,106,0,0,none,none,0,0,1.0,0.0,0.0
case_00079,67,0,0,none,none,0,0,1.0,0.0,0.0
case_00033,462,0,0,none,none,0,0,1.0,0.0,0.0
case_00134,284,0,0,none,none,0,0,1.0,0.0,0.0
case_00203,135,0,0,none,none,0,0,1.0,0.0,0.0
case_00154,108,0,0,none,none,0,0,1.0,0.0,0.0
case_00134,278,0,0,none,none,0,0,1.0,0.0,0.0
case_00033,67,0,0,none,none,0,0,1.0,0.0,0.0
case_00194,340,0,120,none,medium,0,1,0.0,-1.0,-1.0
case_00113,229,0,0,none,none,0,0,1.0,0.0,0.0
case_00194,191,0,0,none,none,0,0,1.0,0.0,0.0
case_00203,440,0,0,none,none,0,0,1.0,0.0,0.0
case_00194,110,0,0,none,none,0,0,1.0,0.0,0.0
case_00125,140,0,0,none,none,0,0,1.0,0.0,0.0
case_00086,229,0,0,none,none,0,0,1.0,0.0,0.0
case_00125,48,0,220,none,medium,0,1,0.0,-1.0,-1.0
case_00203,75,0,0,none,none,0,0,1.0,0.0,0.0
case_00014,408,0,148,none,medium,0,1,0.0,-1.0,-1.0
case_00079,448,568,642,medium,medium,1,1,0.9338842975206612,2.0,0.7200287031208619
case_00086,480,0,0,none,none,0,0,1.0,0.0,0.0
case_00115,109,0,0,none,none,0,0,1.0,0.0,0.0
case_00075,96,0,0,none,none,0,0,1.0,0.0,0.0
case_00203,136,0,0,none,none,0,0,1.0,0.0,0.0
case_00113,410,1826,1892,large,large,1,1,0.9575040344271114,3.0,0.7410818510677891
case_00125,131,0,0,none,none,0,0,1.0,0.0,0.0
case_00075,250,0,0,none,none,0,0,1.0,0.0,0.0
case_00079,107,0,0,none,none,0,0,1.0,0.0,0.0
case_00115,188,0,0,none,none,0,0,1.0,0.0,0.0
case_00115,326,498,484,medium,medium,3,1,0.8961303462321792,2.324921849586753,1.1005770095064422
case_00203,387,0,0,none,none,0,0,1.0,0.0,0.0
case_00086,443,0,0,none,none,0,0,1.0,0.0,0.0
case_00115,50,0,0,none,none,0,0,1.0,0.0,0.0
case_00203,372,0,0,none,none,0,0,1.0,0.0,0.0
case_00125,297,0,0,none,none,0,0,1.0,0.0,0.0
case_00161,373,0,0,none,none,0,0,1.0,0.0,0.0
case_00014,7,0,0,none,none,0,0,1.0,0.0,0.0
case_00161,48,0,0,none,none,0,0,1.0,0.0,0.0
case_00134,247,0,1,none,small,0,1,0.0,-1.0,-1.0
case_00014,315,0,0,none,none,0,0,1.0,0.0,0.0
case_00133,115,0,0,none,none,0,0,1.0,0.0,0.0
case_00033,401,0,0,none,none,0,0,1.0,0.0,0.0
case_00194,169,65,70,small,small,1,1,0.8888888888888888,1.4142135623730951,0.4
case_00014,25,0,0,none,none,0,0,1.0,0.0,0.0
case_00194,167,60,82,small,small,1,1,0.8169014084507042,2.0,0.7241379310344828
case_00033,436,0,0,none,none,0,0,1.0,0.0,0.0
case_00079,176,0,0,none,none,0,0,1.0,0.0,0.0
case_00161,51,0,0,none,none,0,0,1.0,0.0,0.0
case_00133,371,0,0,none,none,0,0,1.0,0.0,0.0
case_00033,295,0,0,none,none,0,0,1.0,0.0,0.0
case_00014,160,0,0,none,none,0,0,1.0,0.0,0.0
case_00102,166,0,0,none,none,0,0,1.0,0.0,0.0
case_00161,386,0,0,none,none,0,0,1.0,0.0,0.0
case_00203,74,0,0,none,none,0,0,1.0,0.0,0.0
case_00086,223,0,0,none,none,0,0,1.0,0.0,0.0
case_00113,334,291,380,medium,medium,1,1,0.8584202682563339,3.605551275463989,1.3566941738241591
case_00014,321,0,0,none,none,0,0,1.0,0.0,0.0
case_00079,297,0,0,none,none,0,0,1.0,0.0,0.0
case_00134,13,0,0,none,none,0,0,1.0,0.0,0.0
case_00086,308,0,0,none,none,0,0,1.0,0.0,0.0
case_00014,320,0,0,none,none,0,0,1.0,0.0,0.0
case_00075,489,0,439,none,medium,0,1,0.0,-1.0,-1.0
case_00134,490,0,0,none,none,0,0,1.0,0.0,0.0
case_00154,147,0,0,none,none,0,0,1.0,0.0,0.0
case_00033,109,0,0,none,none,0,0,1.0,0.0,0.0
case_00033,173,43,48,small,small,1,1,0.8351648351648352,1.3727922061357851,0.5435339791606236
case_00079,100,0,0,none,none,0,0,1.0,0.0,0.0
case_00086,167,0,0,none,none,0,0,1.0,0.0,0.0
case_00134,421,0,1793,none,large,0,2,0.0,-1.0,-1.0
case_00134,204,0,0,none,none,0,0,1.0,0.0,0.0
case_00113,186,0,0,none,none,0,0,1.0,0.0,0.0
case_00075,247,0,0,none,none,0,0,1.0,0.0,0.0
case_00194,180,11,1,small,small,1,1,0.0,4.709674775249768,2.0
case_00125,71,0,0,none,none,0,0,1.0,0.0,0.0
case_00075,342,93,107,small,medium,1,1,0.89,1.4142135623730951,0.5441941738241592
case_00075,21,0,41,none,small,0,1,0.0,-1.0,-1.0
case_00033,169,0,0,none,none,0,0,1.0,0.0,0.0
case_00079,173,0,0,none,none,0,0,1.0,0.0,0.0
case_00134,339,681,729,medium,medium,1,1,0.8907801418439716,3.1622776601683795,1.1986191648691191
case_00203,381,0,0,none,none,0,0,1.0,0.0,0.0
case_00154,390,0,0,none,none,0,0,1.0,0.0,0.0
case_00133,196,0,0,none,none,0,0,1.0,0.0,0.0
case_00033,247,0,0,none,none,0,0,1.0,0.0,0.0
case_00203,258,0,0,none,none,0,0,1.0,0.0,0.0
case_00086,81,0,0,none,none,0,0,1.0,0.0,0.0
case_00086,329,0,0,none,none,0,0,1.0,0.0,0.0
case_00133,365,0,0,none,none,0,0,1.0,0.0,0.0
case_00203,382,0,0,none,none,0,0,1.0,0.0,0.0
case_00161,188,0,0,none,none,0,0,1.0,0.0,0.0
case_00113,140,0,0,none,none,0,0,1.0,0.0,0.0
case_00203,329,0,0,none,none,0,0,1.0,0.0,0.0
case_00134,159,0,0,none,none,0,0,1.0,0.0,0.0
case_00133,279,0,0,none,none,0,0,1.0,0.0,0.0
case_00086,170,0,0,none,none,0,0,1.0,0.0,0.0
case_00133,246,0,0,none,none,0,0,1.0,0.0,0.0
case_00079,56,0,398,none,medium,0,1,0.0,-1.0,-1.0
case_00014,267,0,0,none,none,0,0,1.0,0.0,0.0
case_00125,380,0,0,none,none,0,0,1.0,0.0,0.0
case_00102,428,0,51,none,small,0,1,0.0,-1.0,-1.0
case_00079,47,0,0,none,none,0,0,1.0,0.0,0.0
case_00133,222,0,0,none,none,0,0,1.0,0.0,0.0
case_00161,504,0,0,none,none,0,0,1.0,0.0,0.0
case_00086,6,0,0,none,none,0,0,1.0,0.0,0.0
case_00194,21,0,819,none,medium,0,1,0.0,-1.0,-1.0
case_00133,134,289,326,medium,medium,1,1,0.926829268292683,1.4142135623730951,0.7205450493309733
case_00115,57,0,0,none,none,0,0,1.0,0.0,0.0
case_00125,29,0,367,none,medium,0,1,0.0,-1.0,-1.0
case_00194,365,0,2,none,small,0,1,0.0,-1.0,-1.0
case_00014,410,0,130,none,medium,0,1,0.0,-1.0,-1.0
case_00014,5,0,0,none,none,0,0,1.0,0.0,0.0
case_00102,395,2517,2643,large,large,1,1,0.9686046511627907,2.0,0.7570215420946179
case_00115,345,260,325,medium,medium,1,1,0.8854700854700854,2.0236067977499776,1.0401971337561229
case_00014,280,0,0,none,none,0,0,1.0,0.0,0.0
case_00133,444,0,0,none,none,0,0,1.0,0.0,0.0
case_00115,9,0,0,none,none,0,0,1.0,0.0,0.0
case_00102,137,0,0,none,none,0,0,1.0,0.0,0.0
case_00075,117,0,0,none,none,0,0,1.0,0.0,0.0
case_00086,103,0,0,none,none,0,0,1.0,0.0,0.0
case_00125,61,0,0,none,none,0,0,1.0,0.0,0.0
case_00133,355,0,0,none,none,0,0,1.0,0.0,0.0
case_00134,509,0,0,none,none,0,0,1.0,0.0,0.0
case_00194,269,0,0,none,none,0,0,1.0,0.0,0.0
case_00133,408,0,0,none,none,0,0,1.0,0.0,0.0
case_00014,152,0,0,none,none,0,0,1.0,0.0,0.0
case_00014,428,0,0,none,none,0,0,1.0,0.0,0.0
case_00203,91,0,0,none,none,0,0,1.0,0.0,0.0
case_00014,404,0,46,none,small,0,2,0.0,-1.0,-1.0
case_00033,89,0,0,none,none,0,0,1.0,0.0,0.0
case_00086,155,0,0,none,none,0,0,1.0,0.0,0.0
case_00014,106,0,7,none,small,0,1,0.0,-1.0,-1.0
case_00079,470,0,0,none,none,0,0,1.0,0.0,0.0
case_00161,302,0,0,none,none,0,0,1.0,0.0,0.0
case_00075,241,0,0,none,none,0,0,1.0,0.0,0.0
case_00194,337,0,241,none,medium,0,1,0.0,-1.0,-1.0
case_00125,452,0,0,none,none,0,0,1.0,0.0,0.0
case_00033,120,0,0,none,none,0,0,1.0,0.0,0.0
case_00134,334,505,589,medium,medium,1,1,0.8957952468007313,2.8284271247461903,1.007769311327379
case_00014,471,0,0,none,none,0,0,1.0,0.0,0.0
case_00102,497,0,0,none,none,0,0,1.0,0.0,0.0
case_00134,26,0,0,none,none,0,0,1.0,0.0,0.0
case_00014,249,0,0,none,none,0,0,1.0,0.0,0.0
case_00154,244,0,0,none,none,0,0,1.0,0.0,0.0
case_00014,46,0,140,none,medium,0,1,0.0,-1.0,-1.0
case_00115,244,0,0,none,none,0,0,1.0,0.0,0.0
case_00086,464,0,0,none,none,0,0,1.0,0.0,0.0
case_00014,466,0,0,none,none,0,0,1.0,0.0,0.0
case_00194,177,35,48,small,small,1,1,0.6746987951807228,3.605551275463989,1.5841858579870651
case_00079,153,0,0,none,none,0,0,1.0,0.0,0.0
case_00033,243,0,0,none,none,0,0,1.0,0.0,0.0
case_00125,126,0,0,none,none,0,0,1.0,0.0,0.0
case_00075,20,0,129,none,medium,0,2,0.0,-1.0,-1.0
case_00203,134,0,0,none,none,0,0,1.0,0.0,0.0
case_00154,212,0,0,none,none,0,0,1.0,0.0,0.0
case_00133,282,0,0,none,none,0,0,1.0,0.0,0.0
case_00154,167,0,0,none,none,0,0,1.0,0.0,0.0
case_00075,23,0,113,none,medium,0,1,0.0,-1.0,-1.0
case_00203,427,0,0,none,none,0,0,1.0,0.0,0.0
case_00134,298,0,0,none,none,0,0,1.0,0.0,0.0
case_00161,207,0,0,none,none,0,0,1.0,0.0,0.0
case_00203,502,0,0,none,none,0,0,1.0,0.0,0.0
case_00115,215,0,0,none,none,0,0,1.0,0.0,0.0
case_00134,411,0,0,none,none,0,0,1.0,0.0,0.0
case_00014,244,0,0,none,none,0,0,1.0,0.0,0.0
case_00154,322,268,322,medium,medium,1,1,0.9050847457627119,2.0,0.9150184105494048
case_00203,294,0,0,none,none,0,0,1.0,0.0,0.0
case_00161,221,0,0,none,none,0,0,1.0,0.0,0.0
case_00102,357,3770,3895,large,large,1,1,0.974559686888454,2.0,0.6706761324332212
case_00115,401,0,27,none,small,0,1,0.0,-1.0,-1.0
case_00125,185,78,99,small,small,1,1,0.8700564971751412,1.4142135623730951,0.6747546895706428
case_00133,278,0,0,none,none,0,0,1.0,0.0,0.0
case_00079,363,1440,1486,large,large,1,1,0.9699248120300752,2.0,0.5623166422234102
case_00203,179,0,0,none,none,0,0,1.0,0.0,0.0
case_00079,230,0,0,none,none,0,0,1.0,0.0,0.0
case_00014,68,0,0,none,none,0,0,1.0,0.0,0.0
case_00033,495,0,0,none,none,0,0,1.0,0.0,0.0
case_00086,184,0,0,none,none,0,0,1.0,0.0,0.0
case_00033,236,0,0,none,none,0,0,1.0,0.0,0.0
case_00203,239,0,0,none,none,0,0,1.0,0.0,0.0
case_00133,387,0,0,none,none,0,0,1.0,0.0,0.0
case_00115,424,0,0,none,none,0,0,1.0,0.0,0.0
case_00194,476,0,0,none,none,0,0,1.0,0.0,0.0
case_00154,127,0,0,none,none,0,0,1.0,0.0,0.0
case_00161,152,437,438,medium,medium,1,1,0.9508571428571428,1.4142135623730951,0.4057971014492754
case_00161,30,0,0,none,none,0,0,1.0,0.0,0.0
case_00113,428,1091,1177,large,large,1,1,0.9453262786596119,2.0,0.9319035593728848
case_00014,480,0,27,none,small,0,2,0.0,-1.0,-1.0
case_00203,255,0,0,none,none,0,0,1.0,0.0,0.0
case_00014,177,72,106,small,medium,1,1,0.6966292134831461,3.2879360111431213,1.675069861003654
case_00161,434,0,17,none,small,0,2,0.0,-1.0,-1.0
case_00161,361,0,0,none,none,0,0,1.0,0.0,0.0
case_00194,415,0,651,none,medium,0,1,0.0,-1.0,-1.0
case_00102,3,0,0,none,none,0,0,1.0,0.0,0.0
case_00075,312,0,0,none,none,0,0,1.0,0.0,0.0
case_00075,316,0,0,none,none,0,0,1.0,0.0,0.0
case_00133,463,0,0,none,none,0,0,1.0,0.0,0.0
case_00102,189,0,0,none,none,0,0,1.0,0.0,0.0
case_00014,117,0,0,none,none,0,0,1.0,0.0,0.0
case_00133,89,0,0,none,none,0,0,1.0,0.0,0.0
case_00086,476,0,0,none,none,0,0,1.0,0.0,0.0
case_00113,386,2030,2042,large,large,1,1,0.9557956777996071,2.8284271247461903,0.8224044255835902
case_00102,129,0,0,none,none,0,0,1.0,0.0,0.0
case_00125,167,0,0,none,none,0,0,1.0,0.0,0.0
case_00194,51,0,852,none,medium,0,1,0.0,-1.0,-1.0
case_00154,22,0,0,none,none,0,0,1.0,0.0,0.0
case_00161,415,0,0,none,none,0,0,1.0,0.0,0.0
case_00113,21,0,1322,none,large,0,1,0.0,-1.0,-1.0
case_00161,374,0,0,none,none,0,0,1.0,0.0,0.0
case_00115,344,309,355,medium,medium,1,1,0.9036144578313253,2.0,0.9453558225289727
case_00133,468,0,0,none,none,0,0,1.0,0.0,0.0
case_00194,291,0,0,none,none,0,0,1.0,0.0,0.0
case_00086,318,0,0,none,none,0,0,1.0,0.0,0.0
case_00102,381,3380,3481,large,large,1,1,0.9779915464218044,2.0,0.5972922404449236
case_00115,67,0,0,none,none,0,0,1.0,0.0,0.0
case_00102,339,2988,3135,large,large,2,1,0.9531275518536665,3.0,0.8136522009157232
case_00079,360,1367,1417,large,large,1,1,0.9633620689655172,2.0,0.7049533351804281
case_00086,243,0,0,none,none,0,0,1.0,0.0,0.0
case_00125,314,0,0,none,none,0,0,1.0,0.0,0.0
case_00154,8,0,0,none,none,0,0,1.0,0.0,0.0
case_00154,387,0,0,none,none,0,0,1.0,0.0,0.0
case_00102,258,0,1764,none,large,0,2,0.0,-1.0,-1.0
case_00033,300,0,0,none,none,0,0,1.0,0.0,0.0
case_00133,0,0,6,none,small,0,1,0.0,-1.0,-1.0
case_00161,499,0,0,none,none,0,0,1.0,0.0,0.0
case_00033,266,0,0,none,none,0,0,1.0,0.0,0.0
case_00079,329,71,161,small,medium,3,1,0.5086206896551724,4.109188309203679,1.86436202033635
case_00086,486,0,0,none,none,0,0,1.0,0.0,0.0
case_00133,125,116,133,medium,medium,1,1,0.9236947791164659,1.0,0.5142857142857142
case_00203,94,0,0,none,none,0,0,1.0,0.0,0.0
case_00086,347,0,0,none,none,0,0,1.0,0.0,0.0
case_00203,254,0,0,none,none,0,0,1.0,0.0,0.0
case_00115,90,0,0,none,none,0,0,1.0,0.0,0.0
case_00113,46,0,63,none,small,0,1,0.0,-1.0,-1.0
case_00194,176,38,55,small,small,1,1,0.7311827956989247,2.6803373379345903,1.1352724000104768
case_00075,222,0,0,none,none,0,0,1.0,0.0,0.0
case_00203,208,0,0,none,none,0,0,1.0,0.0,0.0
case_00194,239,0,0,none,none,0,0,1.0,0.0,0.0
case_00075,48,0,0,none,none,0,0,1.0,0.0,0.0
case_00115,16,0,0,none,none,0,0,1.0,0.0,0.0
case_00161,393,0,0,none,none,0,0,1.0,0.0,0.0
case_00203,177,0,0,none,none,0,0,1.0,0.0,0.0
case_00075,122,0,0,none,none,0,0,1.0,0.0,0.0
case_00194,433,0,49,none,small,0,1,0.0,-1.0,-1.0
case_00125,78,0,0,none,none,0,0,1.0,0.0,0.0
case_00133,397,0,0,none,none,0,0,1.0,0.0,0.0
case_00086,470,0,0,none,none,0,0,1.0,0.0,0.0
case_00134,401,0,12,none,small,0,1,0.0,-1.0,-1.0
case_00125,252,0,0,none,none,0,0,1.0,0.0,0.0
case_00203,226,0,0,none,none,0,0,1.0,0.0,0.0
case_00113,23,0,0,none,none,0,0,1.0,0.0,0.0
case_00014,495,0,0,none,none,0,0,1.0,0.0,0.0
case_00075,143,0,0,none,none,0,0,1.0,0.0,0.0
case_00134,311,0,0,none,none,0,0,1.0,0.0,0.0
case_00033,284,0,0,none,none,0,0,1.0,0.0,0.0
case_00115,130,0,0,none,none,0,0,1.0,0.0,0.0
case_00086,469,0,0,none,none,0,0,1.0,0.0,0.0
case_00161,244,0,0,none,none,0,0,1.0,0.0,0.0
case_00086,365,0,0,none,none,0,0,1.0,0.0,0.0
case_00102,375,3597,3693,large,large,1,1,0.9818930041152263,2.0,0.557829569181044
case_00134,50,0,0,none,none,0,0,1.0,0.0,0.0
case_00079,95,0,0,none,none,0,0,1.0,0.0,0.0
case_00134,403,0,9,none,small,0,1,0.0,-1.0,-1.0
case_00075,438,0,0,none,none,0,0,1.0,0.0,0.0
case_00075,429,0,494,none,medium,0,1,0.0,-1.0,-1.0
case_00134,494,0,0,none,none,0,0,1.0,0.0,0.0
case_00102,42,0,198,none,medium,0,1,0.0,-1.0,-1.0
case_00115,283,0,17,none,small,0,1,0.0,-1.0,-1.0
case_00079,511,0,0,none,none,0,0,1.0,0.0,0.0
case_00125,462,0,0,none,none,0,0,1.0,0.0,0.0
case_00075,403,0,0,none,none,0,0,1.0,0.0,0.0
case_00133,324,0,0,none,none,0,0,1.0,0.0,0.0
case_00075,61,0,0,none,none,0,0,1.0,0.0,0.0
case_00075,228,0,0,none,none,0,0,1.0,0.0,0.0
case_00075,293,0,0,none,none,0,0,1.0,0.0,0.0
case_00194,138,0,0,none,none,0,0,1.0,0.0,0.0
case_00194,283,0,0,none,none,0,0,1.0,0.0,0.0
case_00102,88,0,104,none,medium,0,1,0.0,-1.0,-1.0
case_00133,7,0,0,none,none,0,0,1.0,0.0,0.0
case_00154,397,0,0,none,none,0,0,1.0,0.0,0.0
case_00102,495,0,0,none,none,0,0,1.0,0.0,0.0
case_00134,96,0,0,none,none,0,0,1.0,0.0,0.0
case_00075,500,0,0,none,none,0,0,1.0,0.0,0.0
case_00154,3,0,0,none,none,0,0,1.0,0.0,0.0
case_00154,124,0,0,none,none,0,0,1.0,0.0,0.0
case_00161,433,0,180,none,medium,0,1,0.0,-1.0,-1.0
case_00161,54,0,0,none,none,0,0,1.0,0.0,0.0
case_00115,334,536,653,medium,medium,1,1,0.9015979814970564,2.8284271247461903,1.1828687731876057
case_00154,356,0,0,none,none,0,0,1.0,0.0,0.0
case_00125,485,0,0,none,none,0,0,1.0,0.0,0.0
case_00125,378,0,0,none,none,0,0,1.0,0.0,0.0
case_00154,182,0,0,none,none,0,0,1.0,0.0,0.0
case_00203,461,0,0,none,none,0,0,1.0,0.0,0.0
case_00194,109,0,0,none,none,0,0,1.0,0.0,0.0
case_00133,303,0,0,none,none,0,0,1.0,0.0,0.0
case_00134,39,0,0,none,none,0,0,1.0,0.0,0.0
case_00125,72,0,0,none,none,0,0,1.0,0.0,0.0
case_00113,49,0,0,none,none,0,0,1.0,0.0,0.0
case_00079,185,0,0,none,none,0,0,1.0,0.0,0.0
case_00125,428,0,0,none,none,0,0,1.0,0.0,0.0
case_00086,87,0,0,none,none,0,0,1.0,0.0,0.0
case_00125,204,0,0,none,none,0,0,1.0,0.0,0.0
case_00154,104,0,14,none,small,0,1,0.0,-1.0,-1.0
case_00125,80,0,0,none,none,0,0,1.0,0.0,0.0
case_00113,215,0,0,none,none,0,0,1.0,0.0,0.0
case_00086,273,0,0,none,none,0,0,1.0,0.0,0.0
case_00115,290,0,0,none,none,0,0,1.0,0.0,0.0
case_00133,482,0,0,none,none,0,0,1.0,0.0,0.0
case_00161,140,433,492,medium,medium,1,1,0.9275675675675675,2.0,0.8275919666078506
case_00102,393,2657,2800,large,large,1,1,0.9671980941909474,3.0892527130926104,0.8561023439892562
case_00033,335,0,0,none,none,0,0,1.0,0.0,0.0
case_00079,475,0,0,none,none,0,0,1.0,0.0,0.0
case_00079,192,0,0,none,none,0,0,1.0,0.0,0.0
case_00115,358,0,0,none,none,0,0,1.0,0.0,0.0
case_00079,115,0,0,none,none,0,0,1.0,0.0,0.0
case_00134,108,0,0,none,none,0,0,1.0,0.0,0.0
case_00102,95,0,0,none,none,0,0,1.0,0.0,0.0
case_00102,23,0,0,none,none,0,0,1.0,0.0,0.0
case_00102,150,0,0,none,none,0,0,1.0,0.0,0.0
case_00033,433,0,0,none,none,0,0,1.0,0.0,0.0
case_00125,449,0,0,none,none,0,0,1.0,0.0,0.0
case_00113,306,0,0,none,none,0,0,1.0,0.0,0.0
case_00203,393,0,0,none,none,0,0,1.0,0.0,0.0
case_00133,181,5,0,small,none,1,0,0.0,-1.0,-1.0
case_00125,455,0,0,none,none,0,0,1.0,0.0,0.0
case_00134,63,0,2377,none,large,0,3,0.0,-1.0,-1.0
case_00134,206,0,0,none,none,0,0,1.0,0.0,0.0
case_00014,47,0,0,none,none,0,0,1.0,0.0,0.0
case_00154,474,0,0,none,none,0,0,1.0,0.0,0.0
case_00133,95,0,0,none,none,0,0,1.0,0.0,0.0
case_00161,407,0,0,none,none,0,0,1.0,0.0,0.0
case_00086,441,0,0,none,none,0,0,1.0,0.0,0.0
case_00133,202,0,0,none,none,0,0,1.0,0.0,0.0
case_00086,215,0,0,none,none,0,0,1.0,0.0,0.0
case_00115,441,0,0,none,none,0,0,1.0,0.0,0.0
case_00102,43,0,181,none,medium,0,1,0.0,-1.0,-1.0
case_00086,494,0,0,none,none,0,0,1.0,0.0,0.0
case_00133,193,0,0,none,none,0,0,1.0,0.0,0.0
case_00113,367,1294,1409,large,large,2,1,0.8671846096929338,7.176093866162352,1.6704013184688071
case_00115,370,0,0,none,none,0,0,1.0,0.0,0.0
case_00075,211,0,0,none,none,0,0,1.0,0.0,0.0
case_00115,396,0,0,none,none,0,0,1.0,0.0,0.0
case_00075,310,0,0,none,none,0,0,1.0,0.0,0.0
case_00154,326,304,333,medium,medium,1,1,0.9356357927786499,2.0,0.6133477633175917
case_00134,238,0,0,none,none,0,0,1.0,0.0,0.0
case_00161,511,0,0,none,none,0,0,1.0,0.0,0.0
case_00075,167,0,0,none,none,0,0,1.0,0.0,0.0
case_00161,476,0,0,none,none,0,0,1.0,0.0,0.0
case_00033,216,0,0,none,none,0,0,1.0,0.0,0.0
case_00075,410,0,117,none,medium,0,1,0.0,-1.0,-1.0
case_00086,487,0,0,none,none,0,0,1.0,0.0,0.0
case_00154,462,0,704,none,medium,0,1,0.0,-1.0,-1.0
case_00079,111,0,0,none,none,0,0,1.0,0.0,0.0
case_00113,507,0,0,none,none,0,0,1.0,0.0,0.0
case_00014,291,0,0,none,none,0,0,1.0,0.0,0.0
case_00125,333,0,0,none,none,0,0,1.0,0.0,0.0
case_00125,218,0,0,none,none,0,0,1.0,0.0,0.0
case_00033,378,0,0,none,none,0,0,1.0,0.0,0.0
case_00161,69,0,0,none,none,0,0,1.0,0.0,0.0
case_00125,144,0,0,none,none,0,0,1.0,0.0,0.0
case_00134,82,0,4,none,small,0,1,0.0,-1.0,-1.0
case_00125,263,0,0,none,none,0,0,1.0,0.0,0.0
case_00079,165,0,0,none,none,0,0,1.0,0.0,0.0
case_00079,365,1477,1522,large,large,1,1,0.9676558852950984,2.0,0.5490575746104356
case_00154,337,270,320,medium,medium,1,1,0.9016949152542373,3.0,0.8745060233058338
case_00194,503,0,52,none,small,0,2,0.0,-1.0,-1.0
case_00014,470,0,0,none,none,0,0,1.0,0.0,0.0
case_00203,353,0,0,none,none,0,0,1.0,0.0,0.0
case_00033,430,0,0,none,none,0,0,1.0,0.0,0.0
case_00134,409,0,126,none,medium,0,1,0.0,-1.0,-1.0
case_00014,393,0,0,none,none,0,0,1.0,0.0,0.0
case_00194,443,0,171,none,medium,0,1,0.0,-1.0,-1.0
case_00161,64,0,0,none,none,0,0,1.0,0.0,0.0
case_00203,484,0,0,none,none,0,0,1.0,0.0,0.0
case_00033,311,0,0,none,none,0,0,1.0,0.0,0.0
case_00075,25,0,147,none,medium,0,1,0.0,-1.0,-1.0
case_00075,390,0,0,none,none,0,0,1.0,0.0,0.0
case_00161,395,0,0,none,none,0,0,1.0,0.0,0.0
case_00113,77,0,0,none,none,0,0,1.0,0.0,0.0
case_00113,285,0,0,none,none,0,0,1.0,0.0,0.0
case_00113,18,0,1616,none,large,0,1,0.0,-1.0,-1.0
case_00125,19,0,0,none,none,0,0,1.0,0.0,0.0
case_00161,389,0,0,none,none,0,0,1.0,0.0,0.0
case_00133,345,0,0,none,none,0,0,1.0,0.0,0.0
case_00154,498,0,0,none,none,0,0,1.0,0.0,0.0
case_00113,155,0,0,none,none,0,0,1.0,0.0,0.0
case_00203,298,0,0,none,none,0,0,1.0,0.0,0.0
case_00125,261,0,0,none,none,0,0,1.0,0.0,0.0
case_00125,70,0,0,none,none,0,0,1.0,0.0,0.0
case_00203,189,0,0,none,none,0,0,1.0,0.0,0.0
case_00154,484,0,0,none,none,0,0,1.0,0.0,0.0
case_00203,45,0,0,none,none,0,0,1.0,0.0,0.0
case_00134,463,0,0,none,none,0,0,1.0,0.0,0.0
case_00033,188,128,154,medium,medium,1,1,0.8794326241134752,1.4142135623730951,0.734024269131373
case_00075,464,0,38,none,small,0,2,0.0,-1.0,-1.0
case_00161,402,0,0,none,none,0,0,1.0,0.0,0.0
case_00014,341,0,0,none,none,0,0,1.0,0.0,0.0
case_00086,262,0,0,none,none,0,0,1.0,0.0,0.0
case_00161,469,0,0,none,none,0,0,1.0,0.0,0.0
case_00033,373,0,0,none,none,0,0,1.0,0.0,0.0
case_00154,14,0,0,none,none,0,0,1.0,0.0,0.0
case_00014,302,0,0,none,none,0,0,1.0,0.0,0.0
case_00102,328,2478,2616,large,large,1,1,0.9642716921868866,2.0,0.8860530058835054
case_00086,271,0,0,none,none,0,0,1.0,0.0,0.0
case_00014,137,0,0,none,none,0,0,1.0,0.0,0.0
case_00113,379,1860,1859,large,large,1,1,0.936810970691046,3.0,1.1289173103375418
case_00203,133,0,0,none,none,0,0,1.0,0.0,0.0
case_00075,325,0,0,none,none,0,0,1.0,0.0,0.0
case_00014,63,0,0,none,none,0,0,1.0,0.0,0.0
case_00161,143,452,495,medium,medium,1,1,0.941921858500528,2.0,0.5540540540540541
case_00033,90,0,0,none,none,0,0,1.0,0.0,0.0
case_00033,121,0,0,none,none,0,0,1.0,0.0,0.0
case_00079,460,164,211,medium,medium,2,1,0.7893333333333333,2.4433936790360264,0.7780390184433922
case_00133,367,0,0,none,none,0,0,1.0,0.0,0.0
case_00033,26,0,0,none,none,0,0,1.0,0.0,0.0
case_00079,20,0,0,none,none,0,0,1.0,0.0,0.0
case_00161,326,0,0,none,none,0,0,1.0,0.0,0.0
case_00154,45,0,0,none,none,0,0,1.0,0.0,0.0
case_00079,352,1167,1186,large,large,1,1,0.9494262643433914,2.0,0.8478671425394069
case_00133,286,0,0,none,none,0,0,1.0,0.0,0.0
case_00133,185,0,0,none,none,0,0,1.0,0.0,0.0
case_00154,186,0,0,none,none,0,0,1.0,0.0,0.0
case_00154,365,0,0,none,none,0,0,1.0,0.0,0.0
case_00113,257,0,0,none,none,0,0,1.0,0.0,0.0
case_00014,324,0,0,none,none,0,0,1.0,0.0,0.0
case_00115,35,0,8,none,small,0,1,0.0,-1.0,-1.0
case_00134,450,0,0,none,none,0,0,1.0,0.0,0.0
case_00033,76,0,0,none,none,0,0,1.0,0.0,0.0
case_00133,240,0,0,none,none,0,0,1.0,0.0,0.0
case_00134,187,0,0,none,none,0,0,1.0,0.0,0.0
case_00115,87,0,0,none,none,0,0,1.0,0.0,0.0
case_00203,203,0,0,none,none,0,0,1.0,0.0,0.0
case_00133,218,0,0,none,none,0,0,1.0,0.0,0.0
case_00113,282,0,0,none,none,0,0,1.0,0.0,0.0
case_00194,357,0,4,none,small,0,1,0.0,-1.0,-1.0
case_00033,291,0,0,none,none,0,0,1.0,0.0,0.0
case_00161,403,0,0,none,none,0,0,1.0,0.0,0.0
case_00079,158,0,0,none,none,0,0,1.0,0.0,0.0
case_00113,34,0,104,none,medium,0,1,0.0,-1.0,-1.0
case_00115,347,181,247,medium,medium,1,1,0.8457943925233645,2.8284271247461903,1.202842712474619
case_00086,337,0,0,none,none,0,0,1.0,0.0,0.0
case_00161,23,0,0,none,none,0,0,1.0,0.0,0.0
case_00102,468,0,701,none,medium,0,2,0.0,-1.0,-1.0
case_00154,355,0,0,none,none,0,0,1.0,0.0,0.0
case_00086,457,0,89,none,small,0,1,0.0,-1.0,-1.0
case_00115,239,0,0,none,none,0,0,1.0,0.0,0.0
case_00086,332,0,0,none,none,0,0,1.0,0.0,0.0
case_00115,291,0,0,none,none,0,0,1.0,0.0,0.0
case_00086,211,0,0,none,none,0,0,1.0,0.0,0.0
case_00154,89,0,0,none,none,0,0,1.0,0.0,0.0
case_00102,419,265,304,medium,medium,1,1,0.8927943760984183,2.23606797749979,0.9433275601127472
case_00075,169,0,0,none,none,0,0,1.0,0.0,0.0
case_00014,358,0,0,none,none,0,0,1.0,0.0,0.0
case_00086,143,0,0,none,none,0,0,1.0,0.0,0.0
case_00161,109,0,48,none,small,0,1,0.0,-1.0,-1.0
case_00075,357,63,119,small,medium,1,1,0.6923076923076923,2.8284271247461903,1.6699785807166132
case_00134,449,0,0,none,none,0,0,1.0,0.0,0.0
case_00194,496,0,0,none,none,0,0,1.0,0.0,0.0
case_00033,289,0,0,none,none,0,0,1.0,0.0,0.0
case_00134,66,0,1697,none,large,0,1,0.0,-1.0,-1.0
case_00203,218,0,0,none,none,0,0,1.0,0.0,0.0
case_00161,465,0,0,none,none,0,0,1.0,0.0,0.0
case_00203,149,0,0,none,none,0,0,1.0,0.0,0.0
case_00161,426,0,0,none,none,0,0,1.0,0.0,0.0
case_00115,163,0,0,none,none,0,0,1.0,0.0,0.0
case_00014,257,0,0,none,none,0,0,1.0,0.0,0.0
case_00203,38,0,63,none,small,0,1,0.0,-1.0,-1.0
case_00086,294,0,0,none,none,0,0,1.0,0.0,0.0
case_00033,423,0,0,none,none,0,0,1.0,0.0,0.0
case_00125,231,0,3,none,small,0,1,0.0,-1.0,-1.0
case_00134,90,0,0,none,none,0,0,1.0,0.0,0.0
case_00154,345,42,0,small,none,2,0,0.0,-1.0,-1.0
case_00014,385,0,0,none,none,0,0,1.0,0.0,0.0
case_00033,331,0,0,none,none,0,0,1.0,0.0,0.0
case_00079,184,0,0,none,none,0,0,1.0,0.0,0.0
case_00154,431,0,0,none,none,0,0,1.0,0.0,0.0
case_00086,345,0,0,none,none,0,0,1.0,0.0,0.0
case_00014,347,0,0,none,none,0,0,1.0,0.0,0.0
case_00134,324,104,88,medium,small,1,1,0.8541666666666666,2.0,0.5121951219512195
case_00075,68,0,0,none,none,0,0,1.0,0.0,0.0
case_00154,297,0,0,none,none,0,0,1.0,0.0,0.0
case_00113,258,0,0,none,none,0,0,1.0,0.0,0.0
case_00033,472,0,23,none,small,0,1,0.0,-1.0,-1.0
case_00115,249,0,0,none,none,0,0,1.0,0.0,0.0
case_00033,339,0,0,none,none,0,0,1.0,0.0,0.0
case_00133,260,0,16,none,small,0,1,0.0,-1.0,-1.0
case_00125,30,0,105,none,medium,0,1,0.0,-1.0,-1.0
case_00086,377,31,43,small,small,2,1,0.40540540540540543,2.8284271247461903,1.1475422309809327
case_00115,108,0,0,none,none,0,0,1.0,0.0,0.0
case_00033,356,0,0,none,none,0,0,1.0,0.0,0.0
case_00033,235,0,0,none,none,0,0,1.0,0.0,0.0
case_00079,298,0,0,none,none,0,0,1.0,0.0,0.0
case_00115,511,0,0,none,none,0,0,1.0,0.0,0.0
case_00102,271,0,1238,none,large,0,2,0.0,-1.0,-1.0
case_00033,489,0,0,none,none,0,0,1.0,0.0,0.0
case_00125,350,0,0,none,none,0,0,1.0,0.0,0.0
case_00161,173,0,0,none,none,0,0,1.0,0.0,0.0
case_00102,437,0,0,none,none,0,0,1.0,0.0,0.0
case_00154,260,0,0,none,none,0,0,1.0,0.0,0.0
case_00125,62,0,0,none,none,0,0,1.0,0.0,0.0
case_00086,13,0,0,none,none,0,0,1.0,0.0,0.0
case_00102,244,0,1397,none,large,0,1,0.0,-1.0,-1.0
case_00086,340,0,0,none,none,0,0,1.0,0.0,0.0
case_00086,77,0,0,none,none,0,0,1.0,0.0,0.0
case_00079,78,0,0,none,none,0,0,1.0,0.0,0.0
case_00133,200,0,0,none,none,0,0,1.0,0.0,0.0
case_00014,435,0,749,none,medium,0,1,0.0,-1.0,-1.0
case_00102,183,0,0,none,none,0,0,1.0,0.0,0.0
case_00113,380,1898,1940,large,large,1,1,0.9478895257946848,3.605551275463989,0.9335060672828432
case_00134,307,0,0,none,none,0,0,1.0,0.0,0.0
case_00079,97,0,0,none,none,0,0,1.0,0.0,0.0
case_00194,17,0,133,none,medium,0,1,0.0,-1.0,-1.0
case_00133,447,0,0,none,none,0,0,1.0,0.0,0.0
case_00154,372,0,0,none,none,0,0,1.0,0.0,0.0
case_00102,355,3737,3917,large,large,1,1,0.9699503527567285,3.0,0.8097135275453172
case_00134,414,0,31,none,small,0,2,0.0,-1.0,-1.0
case_00194,392,0,456,none,medium,0,1,0.0,-1.0,-1.0
case_00075,413,0,148,none,medium,0,1,0.0,-1.0,-1.0
case_00125,414,0,0,none,none,0,0,1.0,0.0,0.0
case_00033,493,0,0,none,none,0,0,1.0,0.0,0.0
case_00079,248,0,0,none,none,0,0,1.0,0.0,0.0
case_00115,99,0,0,none,none,0,0,1.0,0.0,0.0
case_00115,327,520,569,medium,medium,1,1,0.9072543617998163,2.8284271247461903,1.1180067097374036
case_00113,296,0,0,none,none,0,0,1.0,0.0,0.0
case_00161,93,0,0,none,none,0,0,1.0,0.0,0.0
case_00033,483,0,0,none,none,0,0,1.0,0.0,0.0
case_00203,229,0,0,none,none,0,0,1.0,0.0,0.0
case_00113,238,0,0,none,none,0,0,1.0,0.0,0.0
case_00203,426,0,0,none,none,0,0,1.0,0.0,0.0
case_00102,192,0,0,none,none,0,0,1.0,0.0,0.0
case_00134,433,0,0,none,none,0,0,1.0,0.0,0.0
case_00086,454,0,0,none,none,0,0,1.0,0.0,0.0
case_00133,223,0,0,none,none,0,0,1.0,0.0,0.0
case_00161,183,0,0,none,none,0,0,1.0,0.0,0.0
case_00113,248,0,0,none,none,0,0,1.0,0.0,0.0
case_00014,473,0,0,none,none,0,0,1.0,0.0,0.0
case_00075,159,0,0,none,none,0,0,1.0,0.0,0.0
case_00014,16,0,0,none,none,0,0,1.0,0.0,0.0
case_00113,478,0,0,none,none,0,0,1.0,0.0,0.0
case_00079,447,609,678,medium,medium,1,1,0.9324009324009324,1.4142135623730951,0.7786474576599257
case_00086,498,0,0,none,none,0,0,1.0,0.0,0.0
case_00203,32,0,0,none,none,0,0,1.0,0.0,0.0
case_00113,335,340,431,medium,medium,1,1,0.8586251621271076,3.605551275463989,0.9559503767325859
case_00113,235,0,0,none,none,0,0,1.0,0.0,0.0
case_00014,182,65,111,small,medium,1,1,0.7386363636363636,2.0118033988749886,1.4532550705829743
case_00086,278,0,0,none,none,0,0,1.0,0.0,0.0
case_00115,296,0,0,none,none,0,0,1.0,0.0,0.0
case_00033,447,0,0,none,none,0,0,1.0,0.0,0.0
case_00113,277,0,0,none,none,0,0,1.0,0.0,0.0
case_00161,391,0,0,none,none,0,0,1.0,0.0,0.0
case_00115,350,77,117,small,medium,2,1,0.7422680412371134,2.8284271247461903,1.0218590712647988
case_00075,243,0,0,none,none,0,0,1.0,0.0,0.0
case_00134,194,0,0,none,none,0,0,1.0,0.0,0.0
case_00115,501,0,0,none,none,0,0,1.0,0.0,0.0
case_00133,507,0,0,none,none,0,0,1.0,0.0,0.0
case_00133,430,0,0,none,none,0,0,1.0,0.0,0.0
case_00154,217,0,0,none,none,0,0,1.0,0.0,0.0
case_00033,398,0,0,none,none,0,0,1.0,0.0,0.0
case_00154,375,0,0,none,none,0,0,1.0,0.0,0.0
case_00014,305,0,0,none,none,0,0,1.0,0.0,0.0
case_00134,127,0,0,none,none,0,0,1.0,0.0,0.0
case_00115,73,0,0,none,none,0,0,1.0,0.0,0.0
case_00033,101,0,0,none,none,0,0,1.0,0.0,0.0
case_00125,141,0,0,none,none,0,0,1.0,0.0,0.0
case_00086,38,0,0,none,none,0,0,1.0,0.0,0.0
case_00134,11,0,0,none,none,0,0,1.0,0.0,0.0
case_00125,182,71,118,small,medium,1,1,0.7407407407407407,3.1460498941515413,1.4924926395761717
case_00115,212,0,0,none,none,0,0,1.0,0.0,0.0
case_00102,125,0,0,none,none,0,0,1.0,0.0,0.0
case_00014,58,0,0,none,none,0,0,1.0,0.0,0.0
case_00134,137,0,0,none,none,0,0,1.0,0.0,0.0
case_00203,317,0,0,none,none,0,0,1.0,0.0,0.0
case_00194,74,0,11,none,small,0,1,0.0,-1.0,-1.0
case_00086,450,0,0,none,none,0,0,1.0,0.0,0.0
case_00079,35,0,0,none,none,0,0,1.0,0.0,0.0
case_00115,85,0,0,none,none,0,0,1.0,0.0,0.0
case_00086,187,0,0,none,none,0,0,1.0,0.0,0.0
case_00086,425,0,9,none,small,0,1,0.0,-1.0,-1.0
case_00154,296,0,0,none,none,0,0,1.0,0.0,0.0
case_00102,247,0,1778,none,large,0,1,0.0,-1.0,-1.0
case_00115,317,178,165,medium,medium,1,1,0.8338192419825073,2.23606797749979,0.9348991571388967
case_00161,401,0,0,none,none,0,0,1.0,0.0,0.0
case_00134,121,0,0,none,none,0,0,1.0,0.0,0.0
case_00125,153,0,0,none,none,0,0,1.0,0.0,0.0
case_00014,413,0,0,none,none,0,0,1.0,0.0,0.0
case_00134,320,0,0,none,none,0,0,1.0,0.0,0.0
case_00115,176,0,0,none,none,0,0,1.0,0.0,0.0
case_00113,174,0,0,none,none,0,0,1.0,0.0,0.0
case_00115,3,0,0,none,none,0,0,1.0,0.0,0.0
case_00194,241,0,0,none,none,0,0,1.0,0.0,0.0
case_00102,304,1072,1262,large,large,3,1,0.9065981148243359,5.0990195135927845,1.7691631047116338
case_00203,185,0,0,none,none,0,0,1.0,0.0,0.0
case_00115,189,0,0,none,none,0,0,1.0,0.0,0.0
case_00154,271,0,0,none,none,0,0,1.0,0.0,0.0
case_00194,296,0,0,none,none,0,0,1.0,0.0,0.0
case_00033,124,0,0,none,none,0,0,1.0,0.0,0.0
case_00154,133,0,0,none,none,0,0,1.0,0.0,0.0
case_00203,186,0,0,none,none,0,0,1.0,0.0,0.0
case_00125,156,0,0,none,none,0,0,1.0,0.0,0.0
case_00194,90,0,0,none,none,0,0,1.0,0.0,0.0
case_00203,283,0,0,none,none,0,0,1.0,0.0,0.0
case_00133,295,0,0,none,none,0,0,1.0,0.0,0.0
case_00133,458,0,0,none,none,0,0,1.0,0.0,0.0
case_00014,474,0,4,none,small,0,1,0.0,-1.0,-1.0
case_00102,505,0,0,none,none,0,0,1.0,0.0,0.0
case_00014,362,0,0,none,none,0,0,1.0,0.0,0.0
case_00102,74,0,0,none,none,0,0,1.0,0.0,0.0
case_00134,397,0,0,none,none,0,0,1.0,0.0,0.0
case_00113,10,0,755,none,medium,0,1,0.0,-1.0,-1.0
case_00102,123,0,0,none,none,0,0,1.0,0.0,0.0
case_00113,272,0,0,none,none,0,0,1.0,0.0,0.0
case_00086,173,0,0,none,none,0,0,1.0,0.0,0.0
case_00134,56,0,1704,none,large,0,2,0.0,-1.0,-1.0
case_00125,215,0,0,none,none,0,0,1.0,0.0,0.0
case_00115,374,0,0,none,none,0,0,1.0,0.0,0.0
case_00079,405,1552,1601,large,large,1,1,0.9705042816365367,1.4142135623730951,0.5082046400673219
case_00203,54,0,0,none,none,0,0,1.0,0.0,0.0
case_00125,494,0,0,none,none,0,0,1.0,0.0,0.0
case_00079,182,0,0,none,none,0,0,1.0,0.0,0.0
case_00154,371,0,0,none,none,0,0,1.0,0.0,0.0
case_00133,6,0,0,none,none,0,0,1.0,0.0,0.0
case_00203,127,0,0,none,none,0,0,1.0,0.0,0.0
case_00125,163,0,0,none,none,0,0,1.0,0.0,0.0
case_00086,207,0,0,none,none,0,0,1.0,0.0,0.0
case_00014,150,0,0,none,none,0,0,1.0,0.0,0.0
case_00102,397,2382,2547,large,large,1,1,0.9644958409413674,2.0,0.8399288353086759
case_00125,249,0,0,none,none,0,0,1.0,0.0,0.0
case_00161,507,0,0,none,none,0,0,1.0,0.0,0.0
case_00113,41,0,0,none,none,0,0,1.0,0.0,0.0
case_00115,8,0,0,none,none,0,0,1.0,0.0,0.0
case_00133,373,0,0,none,none,0,0,1.0,0.0,0.0
case_00079,497,0,0,none,none,0,0,1.0,0.0,0.0
case_00033,54,0,0,none,none,0,0,1.0,0.0,0.0
case_00079,469,0,0,none,none,0,0,1.0,0.0,0.0
case_00086,157,0,0,none,none,0,0,1.0,0.0,0.0
case_00102,175,0,0,none,none,0,0,1.0,0.0,0.0
case_00102,401,2056,2117,large,large,1,1,0.9710040738078122,2.0,0.6323623376757822
case_00125,244,0,0,none,none,0,0,1.0,0.0,0.0
case_00079,368,1518,1589,large,large,1,1,0.9687801738010943,1.765685424949218,0.5939849624060151
case_00115,323,407,465,medium,medium,1,1,0.9174311926605505,2.0,0.9080306055726494
case_00161,399,0,0,none,none,0,0,1.0,0.0,0.0
case_00014,307,0,0,none,none,0,0,1.0,0.0,0.0
case_00033,240,0,0,none,none,0,0,1.0,0.0,0.0
case_00113,336,389,433,medium,medium,1,1,0.8856447688564477,3.4060781485809573,0.8145872436093456
case_00134,41,0,758,none,medium,0,1,0.0,-1.0,-1.0
case_00113,394,2065,2155,large,large,1,1,0.9473933649289099,3.0,1.074146409712022
case_00033,48,0,0,none,none,0,0,1.0,0.0,0.0
case_00033,105,0,0,none,none,0,0,1.0,0.0,0.0
case_00133,485,0,35,none,small,0,1,0.0,-1.0,-1.0
case_00125,123,0,0,none,none,0,0,1.0,0.0,0.0
case_00194,418,0,679,none,medium,0,1,0.0,-1.0,-1.0
case_00033,28,0,0,none,none,0,0,1.0,0.0,0.0
case_00203,104,0,0,none,none,0,0,1.0,0.0,0.0
case_00086,440,0,0,none,none,0,0,1.0,0.0,0.0
case_00194,389,0,278,none,medium,0,2,0.0,-1.0,-1.0
case_00125,296,0,0,none,none,0,0,1.0,0.0,0.0
case_00102,230,0,0,none,none,0,0,1.0,0.0,0.0
case_00194,201,0,0,none,none,0,0,1.0,0.0,0.0
case_00086,119,0,0,none,none,0,0,1.0,0.0,0.0
case_00194,401,0,0,none,none,0,0,1.0,0.0,0.0
case_00194,297,0,0,none,none,0,0,1.0,0.0,0.0
case_00133,169,239,244,medium,medium,1,2,0.9109730848861284,2.83700576850888,0.9212774698884955
case_00075,471,0,0,none,none,0,0,1.0,0.0,0.0
case_00102,396,2460,2595,large,large,1,1,0.9701285855588526,2.0,0.7105023965400548
case_00079,104,0,0,none,none,0,0,1.0,0.0,0.0
case_00033,322,0,0,none,none,0,0,1.0,0.0,0.0
case_00154,38,0,0,none,none,0,0,1.0,0.0,0.0
case_00075,202,0,0,none,none,0,0,1.0,0.0,0.0
case_00154,374,0,0,none,none,0,0,1.0,0.0,0.0
case_00102,160,0,0,none,none,0,0,1.0,0.0,0.0
case_00014,20,0,0,none,none,0,0,1.0,0.0,0.0
case_00086,335,0,0,none,none,0,0,1.0,0.0,0.0
case_00075,474,0,0,none,none,0,0,1.0,0.0,0.0
case_00194,347,0,107,none,medium,0,1,0.0,-1.0,-1.0
case_00125,225,0,0,none,none,0,0,1.0,0.0,0.0
case_00194,253,0,0,none,none,0,0,1.0,0.0,0.0
case_00086,146,0,0,none,none,0,0,1.0,0.0,0.0
case_00075,376,0,0,none,none,0,0,1.0,0.0,0.0
case_00075,62,0,0,none,none,0,0,1.0,0.0,0.0
case_00134,64,0,2349,none,large,0,3,0.0,-1.0,-1.0
case_00115,7,0,0,none,none,0,0,1.0,0.0,0.0
case_00079,300,0,0,none,none,0,0,1.0,0.0,0.0
case_00086,442,0,0,none,none,0,0,1.0,0.0,0.0
case_00079,358,1336,1375,large,large,1,1,0.967170785687938,1.4142135623730951,0.6290322580645161
case_00102,9,0,0,none,none,0,0,1.0,0.0,0.0
case_00125,444,0,0,none,none,0,0,1.0,0.0,0.0
case_00113,322,96,170,small,medium,1,1,0.7218045112781954,3.154163777159961,1.4514933386598394
case_00075,217,0,0,none,none,0,0,1.0,0.0,0.0
case_00086,120,0,0,none,none,0,0,1.0,0.0,0.0
case_00133,255,0,0,none,none,0,0,1.0,0.0,0.0
case_00134,236,0,52,none,small,0,1,0.0,-1.0,-1.0
case_00134,202,0,0,none,none,0,0,1.0,0.0,0.0
case_00203,410,63,68,small,small,1,1,0.8702290076335878,1.0,0.5769230769230769
case_00115,489,0,0,none,none,0,0,1.0,0.0,0.0
case_00079,110,0,0,none,none,0,0,1.0,0.0,0.0
case_00086,116,0,0,none,none,0,0,1.0,0.0,0.0
case_00113,232,0,0,none,none,0,0,1.0,0.0,0.0
case_00079,281,0,0,none,none,0,0,1.0,0.0,0.0
case_00154,199,0,0,none,none,0,0,1.0,0.0,0.0
case_00086,419,0,0,none,none,0,0,1.0,0.0,0.0
case_00102,444,0,381,none,medium,0,1,0.0,-1.0,-1.0
case_00014,147,0,0,none,none,0,0,1.0,0.0,0.0
case_00033,451,0,0,none,none,0,0,1.0,0.0,0.0
case_00033,147,0,0,none,none,0,0,1.0,0.0,0.0
case_00075,88,0,0,none,none,0,0,1.0,0.0,0.0
case_00194,87,0,0,none,none,0,0,1.0,0.0,0.0
case_00086,236,0,0,none,none,0,0,1.0,0.0,0.0
case_00194,350,0,50,none,small,0,2,0.0,-1.0,-1.0
case_00154,385,0,0,none,none,0,0,1.0,0.0,0.0
case_00014,114,0,0,none,none,0,0,1.0,0.0,0.0
case_00154,281,0,0,none,none,0,0,1.0,0.0,0.0
case_00079,251,0,0,none,none,0,0,1.0,0.0,0.0
case_00133,148,520,532,medium,medium,1,1,0.94106463878327,2.0,0.690022340980976
case_00194,158,21,11,small,small,1,1,0.5,1.8535533905932737,0.6
case_00161,27,0,0,none,none,0,0,1.0,0.0,0.0
case_00075,479,0,281,none,medium,0,1,0.0,-1.0,-1.0
case_00134,291,0,0,none,none,0,0,1.0,0.0,0.0
case_00079,332,342,460,medium,medium,1,1,0.830423940149626,4.47213595499958,1.4257761482701339
case_00033,508,0,0,none,none,0,0,1.0,0.0,0.0
case_00134,369,476,474,medium,medium,1,1,0.9494736842105264,1.0,0.45977011494252873
case_00161,131,265,262,medium,medium,1,1,0.9146110056925996,1.4435028842544386,0.5204710596585765
case_00102,167,0,0,none,none,0,0,1.0,0.0,0.0
case_00014,511,0,0,none,none,0,0,1.0,0.0,0.0
case_00133,358,0,0,none,none,0,0,1.0,0.0,0.0
case_00134,276,0,0,none,none,0,0,1.0,0.0,0.0
case_00203,161,0,0,none,none,0,0,1.0,0.0,0.0
case_00014,446,0,0,none,none,0,0,1.0,0.0,0.0
case_00113,314,0,0,none,none,0,0,1.0,0.0,0.0
case_00194,3,0,0,none,none,0,0,1.0,0.0,0.0
case_00086,63,0,0,none,none,0,0,1.0,0.0,0.0
case_00161,288,0,0,none,none,0,0,1.0,0.0,0.0
case_00113,60,0,0,none,none,0,0,1.0,0.0,0.0
case_00014,388,0,0,none,none,0,0,1.0,0.0,0.0
case_00203,275,0,0,none,none,0,0,1.0,0.0,0.0
case_00014,179,67,94,small,small,1,1,0.7701863354037267,2.23606797749979,1.2127275306410334
case_00033,61,0,0,none,none,0,0,1.0,0.0,0.0
case_00075,121,0,0,none,none,0,0,1.0,0.0,0.0
case_00161,25,0,0,none,none,0,0,1.0,0.0,0.0
case_00115,48,0,280,none,medium,0,3,0.0,-1.0,-1.0
case_00194,6,0,0,none,none,0,0,1.0,0.0,0.0
case_00033,474,0,127,none,medium,0,1,0.0,-1.0,-1.0
case_00086,458,0,46,none,small,0,1,0.0,-1.0,-1.0
case_00014,239,0,0,none,none,0,0,1.0,0.0,0.0
case_00079,468,0,0,none,none,0,0,1.0,0.0,0.0
case_00134,480,0,765,none,medium,0,2,0.0,-1.0,-1.0
case_00134,205,0,0,none,none,0,0,1.0,0.0,0.0
case_00102,131,0,0,none,none,0,0,1.0,0.0,0.0
case_00194,300,0,0,none,none,0,0,1.0,0.0,0.0
case_00133,424,0,0,none,none,0,0,1.0,0.0,0.0
case_00134,457,0,0,none,none,0,0,1.0,0.0,0.0
case_00125,117,0,0,none,none,0,0,1.0,0.0,0.0
case_00161,124,12,15,small,small,1,1,0.8148148148148148,1.0,0.4
case_00125,254,0,0,none,none,0,0,1.0,0.0,0.0
case_00033,279,0,0,none,none,0,0,1.0,0.0,0.0
case_00113,125,0,0,none,none,0,0,1.0,0.0,0.0
case_00161,422,0,0,none,none,0,0,1.0,0.0,0.0
case_00125,424,0,16,none,small,0,1,0.0,-1.0,-1.0
case_00033,137,0,0,none,none,0,0,1.0,0.0,0.0
case_00075,451,0,0,none,none,0,0,1.0,0.0,0.0
case_00194,498,0,0,none,none,0,0,1.0,0.0,0.0
case_00075,456,0,0,none,none,0,0,1.0,0.0,0.0
case_00194,216,0,3,none,small,0,1,0.0,-1.0,-1.0
case_00134,242,0,0,none,none,0,0,1.0,0.0,0.0
case_00075,354,77,122,small,medium,1,1,0.7738693467336684,2.165247584249852,1.2095334379684737
case_00115,145,0,0,none,none,0,0,1.0,0.0,0.0
case_00161,478,0,0,none,none,0,0,1.0,0.0,0.0
case_00125,369,0,0,none,none,0,0,1.0,0.0,0.0
case_00033,162,0,0,none,none,0,0,1.0,0.0,0.0
case_00161,76,0,217,none,medium,0,2,0.0,-1.0,-1.0
case_00079,322,0,0,none,none,0,0,1.0,0.0,0.0
case_00134,146,0,0,none,none,0,0,1.0,0.0,0.0
case_00014,248,0,0,none,none,0,0,1.0,0.0,0.0
case_00134,5,0,229,none,medium,0,1,0.0,-1.0,-1.0
case_00102,451,0,0,none,none,0,0,1.0,0.0,0.0
case_00086,336,0,0,none,none,0,0,1.0,0.0,0.0
case_00115,236,0,0,none,none,0,0,1.0,0.0,0.0
case_00133,293,0,0,none,none,0,0,1.0,0.0,0.0
case_00115,316,137,107,medium,medium,1,1,0.6967213114754098,3.1622776601683795,1.3174541260349435
case_00161,205,0,0,none,none,0,0,1.0,0.0,0.0
case_00194,455,0,0,none,none,0,0,1.0,0.0,0.0
case_00079,426,1176,1275,large,large,1,1,0.944920440636475,2.023606797749971,0.8614028003558079
case_00115,442,0,0,none,none,0,0,1.0,0.0,0.0
case_00154,273,0,0,none,none,0,0,1.0,0.0,0.0
case_00134,117,0,0,none,none,0,0,1.0,0.0,0.0
case_00203,9,0,0,none,none,0,0,1.0,0.0,0.0
case_00154,505,0,0,none,none,0,0,1.0,0.0,0.0
case_00086,111,0,0,none,none,0,0,1.0,0.0,0.0
case_00125,103,0,0,none,none,0,0,1.0,0.0,0.0
case_00086,274,0,0,none,none,0,0,1.0,0.0,0.0
case_00075,338,81,139,small,medium,1,1,0.7363636363636363,2.0,1.4904869283203066
case_00079,408,1519,1579,large,large,1,1,0.9651387992253067,2.0,0.6316630858315319
case_00113,430,1017,1000,large,large,1,1,0.9588497768963807,2.23606797749979,0.4722222222222222
case_00033,365,0,0,none,none,0,0,1.0,0.0,0.0
case_00102,232,0,1064,none,large,0,2,0.0,-1.0,-1.0
case_00161,379,0,0,none,none,0,0,1.0,0.0,0.0
case_00194,222,0,0,none,none,0,0,1.0,0.0,0.0
case_00133,471,0,0,none,none,0,0,1.0,0.0,0.0
case_00133,170,216,230,medium,medium,1,2,0.9103139013452914,2.8451196515172987,0.8318279179384487
case_00161,454,0,0,none,none,0,0,1.0,0.0,0.0
case_00033,60,0,0,none,none,0,0,1.0,0.0,0.0
case_00113,133,0,0,none,none,0,0,1.0,0.0,0.0
case_00086,134,0,0,none,none,0,0,1.0,0.0,0.0
case_00133,496,0,0,none,none,0,0,1.0,0.0,0.0
case_00033,226,0,0,none,none,0,0,1.0,0.0,0.0
case_00086,298,0,0,none,none,0,0,1.0,0.0,0.0
case_00115,341,415,466,medium,medium,1,1,0.9216799091940976,2.0,0.8376903958192329
case_00014,87,0,355,none,medium,0,1,0.0,-1.0,-1.0
case_00113,486,0,0,none,none,0,0,1.0,0.0,0.0
case_00161,338,0,0,none,none,0,0,1.0,0.0,0.0
case_00075,511,0,0,none,none,0,0,1.0,0.0,0.0
case_00194,149,0,0,none,none,0,0,1.0,0.0,0.0
case_00115,348,138,186,medium,medium,1,1,0.8395061728395061,2.23606797749979,1.0326578783716964
case_00154,434,0,0,none,none,0,0,1.0,0.0,0.0
case_00079,239,0,0,none,none,0,0,1.0,0.0,0.0
case_00203,166,0,0,none,none,0,0,1.0,0.0,0.0
case_00133,230,0,0,none,none,0,0,1.0,0.0,0.0
case_00033,308,0,0,none,none,0,0,1.0,0.0,0.0
case_00033,454,0,0,none,none,0,0,1.0,0.0,0.0
case_00113,9,0,527,none,medium,0,1,0.0,-1.0,-1.0
case_00113,144,0,0,none,none,0,0,1.0,0.0,0.0
case_00134,333,454,488,medium,medium,1,1,0.9235668789808917,2.0,0.7228915662650602
case_00086,484,0,0,none,none,0,0,1.0,0.0,0.0
case_00125,406,0,0,none,none,0,0,1.0,0.0,0.0
case_00075,2,0,9,none,small,0,1,0.0,-1.0,-1.0
case_00075,135,0,0,none,none,0,0,1.0,0.0,0.0
case_00014,109,0,280,none,medium,0,1,0.0,-1.0,-1.0
case_00113,407,1878,1967,large,large,1,1,0.9596879063719116,3.0,0.7179749242541265
case_00194,469,0,0,none,none,0,0,1.0,0.0,0.0
case_00113,109,0,0,none,none,0,0,1.0,0.0,0.0
case_00161,508,0,0,none,none,0,0,1.0,0.0,0.0
case_00033,9,0,0,none,none,0,0,1.0,0.0,0.0
case_00086,402,276,291,medium,medium,1,1,0.9453262786596119,1.4142135623730951,0.4762762393796092
case_00113,268,0,0,none,none,0,0,1.0,0.0,0.0
case_00203,409,63,85,small,small,1,1,0.8243243243243243,2.0,0.871936198656182
case_00194,0,0,0,none,none,0,0,1.0,0.0,0.0
case_00113,171,0,0,none,none,0,0,1.0,0.0,0.0
case_00134,149,0,0,none,none,0,0,1.0,0.0,0.0
case_00079,316,0,0,none,none,0,0,1.0,0.0,0.0
case_00161,178,0,0,none,none,0,0,1.0,0.0,0.0
case_00133,276,0,0,none,none,0,0,1.0,0.0,0.0
case_00033,296,0,0,none,none,0,0,1.0,0.0,0.0
case_00125,235,0,0,none,none,0,0,1.0,0.0,0.0
case_00079,60,0,0,none,none,0,0,1.0,0.0,0.0
case_00161,400,0,0,none,none,0,0,1.0,0.0,0.0
case_00125,458,0,0,none,none,0,0,1.0,0.0,0.0
case_00079,283,0,0,none,none,0,0,1.0,0.0,0.0
case_00086,320,0,0,none,none,0,0,1.0,0.0,0.0
case_00115,376,0,0,none,none,0,0,1.0,0.0,0.0
case_00075,391,0,0,none,none,0,0,1.0,0.0,0.0
case_00075,453,0,0,none,none,0,0,1.0,0.0,0.0
case_00133,129,196,219,medium,medium,1,1,0.9397590361445783,1.0,0.5425380791638466
case_00033,135,0,0,none,none,0,0,1.0,0.0,0.0
case_00079,328,33,91,small,small,1,1,0.5161290322580645,3.5449961479175895,1.6469895973828832
case_00203,399,15,0,small,none,1,0,0.0,-1.0,-1.0
case_00125,289,0,0,none,none,0,0,1.0,0.0,0.0
case_00133,161,413,430,medium,medium,1,1,0.9513641755634639,2.0,0.5832266766249171
case_00075,220,0,0,none,none,0,0,1.0,0.0,0.0
case_00075,98,0,0,none,none,0,0,1.0,0.0,0.0
case_00203,457,0,0,none,none,0,0,1.0,0.0,0.0
case_00161,80,0,0,none,none,0,0,1.0,0.0,0.0
case_00014,304,0,0,none,none,0,0,1.0,0.0,0.0
case_00125,312,0,0,none,none,0,0,1.0,0.0,0.0
case_00014,169,17,0,small,none,1,0,0.0,-1.0,-1.0
case_00033,411,0,0,none,none,0,0,1.0,0.0,0.0
case_00161,432,0,306,none,medium,0,1,0.0,-1.0,-1.0
case_00086,57,0,0,none,none,0,0,1.0,0.0,0.0
case_00115,143,0,0,none,none,0,0,1.0,0.0,0.0
case_00161,327,0,0,none,none,0,0,1.0,0.0,0.0
case_00086,293,0,0,none,none,0,0,1.0,0.0,0.0
case_00115,425,0,0,none,none,0,0,1.0,0.0,0.0
case_00014,392,0,0,none,none,0,0,1.0,0.0,0.0
case_00102,168,0,0,none,none,0,0,1.0,0.0,0.0
case_00086,410,161,185,medium,medium,1,1,0.9132947976878613,1.4142135623730951,0.60066109592433
case_00115,264,0,48,none,small,0,2,0.0,-1.0,-1.0
case_00154,64,0,0,none,none,0,0,1.0,0.0,0.0
case_00154,191,0,0,none,none,0,0,1.0,0.0,0.0
case_00079,257,0,0,none,none,0,0,1.0,0.0,0.0
case_00075,295,0,0,none,none,0,0,1.0,0.0,0.0
case_00154,343,127,122,medium,medium,1,1,0.8192771084337349,2.8284271247461903,0.7470256174164491
case_00102,35,0,846,none,medium,0,1,0.0,-1.0,-1.0
case_00134,8,0,81,none,small,0,1,0.0,-1.0,-1.0
case_00113,252,0,0,none,none,0,0,1.0,0.0,0.0
case_00014,19,0,0,none,none,0,0,1.0,0.0,0.0
case_00113,122,0,0,none,none,0,0,1.0,0.0,0.0
case_00133,436,0,0,none,none,0,0,1.0,0.0,0.0
case_00133,274,0,0,none,none,0,0,1.0,0.0,0.0
case_00075,408,0,69,none,small,0,1,0.0,-1.0,-1.0
case_00194,178,25,28,small,small,1,1,0.5283018867924528,2.082623792124926,1.2062851924841107
case_00115,402,0,70,none,small,0,1,0.0,-1.0,-1.0
case_00154,153,0,0,none,none,0,0,1.0,0.0,0.0
case_00033,164,0,0,none,none,0,0,1.0,0.0,0.0
case_00194,54,0,1025,none,large,0,1,0.0,-1.0,-1.0
case_00113,86,0,0,none,none,0,0,1.0,0.0,0.0
case_00134,308,0,0,none,none,0,0,1.0,0.0,0.0
case_00075,182,0,0,none,none,0,0,1.0,0.0,0.0
case_00079,27,0,0,none,none,0,0,1.0,0.0,0.0
case_00203,170,0,0,none,none,0,0,1.0,0.0,0.0
case_00133,243,0,0,none,none,0,0,1.0,0.0,0.0
case_00086,408,202,240,medium,medium,1,1,0.8914027149321267,2.0,1.0034289521688118
case_00086,244,0,0,none,none,0,0,1.0,0.0,0.0
case_00113,254,0,0,none,none,0,0,1.0,0.0,0.0
case_00102,456,0,197,none,medium,0,1,0.0,-1.0,-1.0
case_00086,463,0,0,none,none,0,0,1.0,0.0,0.0
case_00115,194,0,0,none,none,0,0,1.0,0.0,0.0
case_00133,283,0,0,none,none,0,0,1.0,0.0,0.0
case_00014,211,0,0,none,none,0,0,1.0,0.0,0.0
case_00033,119,0,0,none,none,0,0,1.0,0.0,0.0
case_00203,3,0,0,none,none,0,0,1.0,0.0,0.0
case_00115,59,0,0,none,none,0,0,1.0,0.0,0.0
case_00079,399,1594,1714,large,large,1,1,0.9558645707376058,2.0,0.8646319371835259
case_00161,366,0,0,none,none,0,0,1.0,0.0,0.0
case_00161,262,0,0,none,none,0,0,1.0,0.0,0.0
case_00203,147,0,0,none,none,0,0,1.0,0.0,0.0
case_00161,486,0,0,none,none,0,0,1.0,0.0,0.0
case_00075,274,0,0,none,none,0,0,1.0,0.0,0.0
case_00086,297,0,0,none,none,0,0,1.0,0.0,0.0
case_00086,30,0,0,none,none,0,0,1.0,0.0,0.0
case_00115,274,0,0,none,none,0,0,1.0,0.0,0.0
case_00161,145,464,482,medium,medium,1,1,0.9513742071881607,1.4142135623730951,0.4166666666666667
case_00161,446,0,259,none,medium,0,1,0.0,-1.0,-1.0
case_00079,139,0,0,none,none,0,0,1.0,0.0,0.0
case_00194,13,0,277,none,medium,0,1,0.0,-1.0,-1.0
case_00033,415,0,0,none,none,0,0,1.0,0.0,0.0
case_00115,289,0,0,none,none,0,0,1.0,0.0,0.0
case_00134,111,0,0,none,none,0,0,1.0,0.0,0.0
case_00133,160,426,434,medium,medium,1,1,0.9488372093023256,1.4142135623730951,0.6267049374944825
case_00161,492,0,0,none,none,0,0,1.0,0.0,0.0
case_00115,337,500,575,medium,medium,1,1,0.9209302325581395,2.0118033988749855,0.9345986615417913
case_00113,201,0,0,none,none,0,0,1.0,0.0,0.0
case_00079,384,1608,1622,large,large,1,1,0.9628482972136223,2.0,0.6742543118830098
case_00102,301,860,887,medium,medium,1,2,0.907842014882656,4.0,0.7399138543315961
case_00194,477,0,0,none,none,0,0,1.0,0.0,0.0
case_00134,223,0,0,none,none,0,0,1.0,0.0,0.0
case_00079,128,0,0,none,none,0,0,1.0,0.0,0.0
case_00161,336,0,0,none,none,0,0,1.0,0.0,0.0
case_00075,435,0,0,none,none,0,0,1.0,0.0,0.0
case_00134,176,0,0,none,none,0,0,1.0,0.0,0.0
case_00203,215,0,0,none,none,0,0,1.0,0.0,0.0
case_00133,178,41,34,small,small,1,1,0.7733333333333333,1.4142135623730951,0.47058823529411764
case_00161,404,0,0,none,none,0,0,1.0,0.0,0.0
case_00033,334,0,0,none,none,0,0,1.0,0.0,0.0
case_00133,159,440,427,medium,medium,1,1,0.9550173010380623,1.0,0.4925373134328358
case_00133,467,0,0,none,none,0,0,1.0,0.0,0.0
case_00125,351,0,0,none,none,0,0,1.0,0.0,0.0
case_00079,235,0,0,none,none,0,0,1.0,0.0,0.0
case_00115,302,0,0,none,none,0,0,1.0,0.0,0.0
case_00113,134,0,0,none,none,0,0,1.0,0.0,0.0
case_00075,495,0,8,none,small,0,2,0.0,-1.0,-1.0
case_00033,91,0,0,none,none,0,0,1.0,0.0,0.0
case_00161,357,0,0,none,none,0,0,1.0,0.0,0.0
case_00102,144,0,0,none,none,0,0,1.0,0.0,0.0
case_00134,396,0,0,none,none,0,0,1.0,0.0,0.0
case_00154,240,0,0,none,none,0,0,1.0,0.0,0.0
case_00086,249,0,0,none,none,0,0,1.0,0.0,0.0
case_00033,413,0,0,none,none,0,0,1.0,0.0,0.0
case_00134,80,0,8,none,small,0,1,0.0,-1.0,-1.0
case_00086,60,0,0,none,none,0,0,1.0,0.0,0.0
case_00161,487,0,0,none,none,0,0,1.0,0.0,0.0
case_00075,154,0,0,none,none,0,0,1.0,0.0,0.0
case_00133,238,0,26,none,small,0,1,0.0,-1.0,-1.0
case_00125,398,0,5,none,small,0,1,0.0,-1.0,-1.0
case_00134,343,768,850,medium,medium,1,1,0.9245982694684796,2.0,0.9180831909345456
case_00194,342,0,136,none,medium,0,1,0.0,-1.0,-1.0
case_00086,205,0,0,none,none,0,0,1.0,0.0,0.0
case_00075,234,0,0,none,none,0,0,1.0,0.0,0.0
case_00014,233,0,0,none,none,0,0,1.0,0.0,0.0
case_00133,171,181,219,medium,medium,1,2,0.865,3.486386568253648,1.1183960853894919
case_00014,462,0,0,none,none,0,0,1.0,0.0,0.0
case_00161,258,0,0,none,none,0,0,1.0,0.0,0.0
case_00033,341,0,0,none,none,0,0,1.0,0.0,0.0
case_00115,367,0,0,none,none,0,0,1.0,0.0,0.0
case_00134,243,0,0,none,none,0,0,1.0,0.0,0.0
case_00115,363,0,0,none,none,0,0,1.0,0.0,0.0
case_00113,440,125,161,medium,medium,1,1,0.7692307692307693,4.0,1.4588951453305083
case_00014,189,23,0,small,none,1,0,0.0,-1.0,-1.0
case_00102,452,0,35,none,small,0,1,0.0,-1.0,-1.0
case_00134,348,877,987,medium,medium,1,1,0.927038626609442,3.605551275463989,0.9719416381656503
case_00102,203,0,0,none,none,0,0,1.0,0.0,0.0
case_00075,71,0,0,none,none,0,0,1.0,0.0,0.0
case_00203,126,0,0,none,none,0,0,1.0,0.0,0.0
case_00194,72,0,231,none,medium,0,2,0.0,-1.0,-1.0
case_00014,256,0,0,none,none,0,0,1.0,0.0,0.0
case_00154,170,0,0,none,none,0,0,1.0,0.0,0.0
case_00033,377,0,0,none,none,0,0,1.0,0.0,0.0
case_00134,317,0,0,none,none,0,0,1.0,0.0,0.0
case_00134,213,0,0,none,none,0,0,1.0,0.0,0.0
case_00125,34,0,423,none,medium,0,1,0.0,-1.0,-1.0
case_00161,290,0,0,none,none,0,0,1.0,0.0,0.0
case_00203,408,58,68,small,small,1,1,0.873015873015873,1.0,0.5543928293220421
case_00102,361,3812,4006,large,large,1,1,0.9723714504988488,2.23606797749979,0.8462307001107883
case_00203,50,0,95,none,small,0,1,0.0,-1.0,-1.0
case_00134,88,0,0,none,none,0,0,1.0,0.0,0.0
case_00014,242,0,0,none,none,0,0,1.0,0.0,0.0
case_00014,51,0,0,none,none,0,0,1.0,0.0,0.0
case_00075,462,0,0,none,none,0,0,1.0,0.0,0.0
case_00133,302,0,0,none,none,0,0,1.0,0.0,0.0
case_00133,450,0,0,none,none,0,0,1.0,0.0,0.0
case_00161,14,0,0,none,none,0,0,1.0,0.0,0.0
case_00133,164,350,347,medium,medium,1,1,0.9583931133428981,1.0,0.4459722829011756
case_00161,414,0,0,none,none,0,0,1.0,0.0,0.0
case_00033,397,0,0,none,none,0,0,1.0,0.0,0.0
case_00203,389,0,0,none,none,0,0,1.0,0.0,0.0
case_00102,467,0,1147,none,large,0,1,0.0,-1.0,-1.0
case_00079,466,1,0,small,none,1,0,0.0,-1.0,-1.0
case_00161,417,0,0,none,none,0,0,1.0,0.0,0.0
case_00134,455,0,0,none,none,0,0,1.0,0.0,0.0
case_00125,460,0,0,none,none,0,0,1.0,0.0,0.0
case_00194,338,0,206,none,medium,0,1,0.0,-1.0,-1.0
case_00194,240,0,0,none,none,0,0,1.0,0.0,0.0
case_00113,126,0,0,none,none,0,0,1.0,0.0,0.0
case_00075,165,0,0,none,none,0,0,1.0,0.0,0.0
case_00134,300,0,0,none,none,0,0,1.0,0.0,0.0
case_00154,81,0,0,none,none,0,0,1.0,0.0,0.0
case_00161,234,0,0,none,none,0,0,1.0,0.0,0.0
case_00133,195,0,0,none,none,0,0,1.0,0.0,0.0
case_00194,107,0,0,none,none,0,0,1.0,0.0,0.0
case_00075,187,0,0,none,none,0,0,1.0,0.0,0.0
case_00115,151,0,0,none,none,0,0,1.0,0.0,0.0
case_00125,242,0,0,none,none,0,0,1.0,0.0,0.0
case_00154,97,0,0,none,none,0,0,1.0,0.0,0.0
case_00161,172,0,0,none,none,0,0,1.0,0.0,0.0
case_00079,445,675,703,medium,medium,1,1,0.9506531204644412,1.0,0.54120224802498
case_00125,302,0,0,none,none,0,0,1.0,0.0,0.0
case_00134,462,0,0,none,none,0,0,1.0,0.0,0.0
case_00115,211,0,0,none,none,0,0,1.0,0.0,0.0
case_00161,43,0,0,none,none,0,0,1.0,0.0,0.0
case_00115,168,0,0,none,none,0,0,1.0,0.0,0.0
case_00102,306,1193,1275,large,large,3,1,0.93354943273906,2.8284271247461903,0.859947724583243
case_00075,470,0,0,none,none,0,0,1.0,0.0,0.0
case_00014,434,0,683,none,medium,0,1,0.0,-1.0,-1.0
case_00161,481,0,0,none,none,0,0,1.0,0.0,0.0
case_00014,183,64,119,small,medium,1,1,0.6994535519125683,3.0,1.6547094809533787
case_00154,496,0,0,none,none,0,0,1.0,0.0,0.0
case_00154,5,0,0,none,none,0,0,1.0,0.0,0.0
case_00075,401,0,0,none,none,0,0,1.0,0.0,0.0
case_00161,81,0,0,none,none,0,0,1.0,0.0,0.0
case_00113,157,0,0,none,none,0,0,1.0,0.0,0.0
case_00125,363,0,0,none,none,0,0,1.0,0.0,0.0
case_00134,475,0,0,none,none,0,0,1.0,0.0,0.0
case_00161,3,0,0,none,none,0,0,1.0,0.0,0.0
case_00161,500,0,0,none,none,0,0,1.0,0.0,0.0
case_00075,36,0,0,none,none,0,0,1.0,0.0,0.0
case_00033,139,0,0,none,none,0,0,1.0,0.0,0.0
case_00125,473,0,493,none,medium,0,1,0.0,-1.0,-1.0
case_00033,446,0,0,none,none,0,0,1.0,0.0,0.0
case_00161,332,0,0,none,none,0,0,1.0,0.0,0.0
case_00161,195,0,0,none,none,0,0,1.0,0.0,0.0
case_00115,508,0,0,none,none,0,0,1.0,0.0,0.0
case_00203,146,0,0,none,none,0,0,1.0,0.0,0.0
case_00194,128,0,0,none,none,0,0,1.0,0.0,0.0
case_00075,444,0,0,none,none,0,0,1.0,0.0,0.0
case_00133,158,458,447,medium,medium,1,1,0.9546961325966851,1.0,0.48379423227422524
case_00033,44,0,0,none,none,0,0,1.0,0.0,0.0
case_00075,16,0,0,none,none,0,0,1.0,0.0,0.0
case_00075,99,0,0,none,none,0,0,1.0,0.0,0.0
case_00033,392,0,0,none,none,0,0,1.0,0.0,0.0
case_00075,262,0,0,none,none,0,0,1.0,0.0,0.0
case_00079,307,0,0,none,none,0,0,1.0,0.0,0.0
case_00102,390,2881,2982,large,large,1,1,0.9769742452669282,2.0,0.6281191890092028
case_00079,136,0,0,none,none,0,0,1.0,0.0,0.0
case_00086,302,0,0,none,none,0,0,1.0,0.0,0.0
case_00134,416,0,216,none,medium,0,1,0.0,-1.0,-1.0
case_00115,329,541,595,medium,medium,1,1,0.9366197183098591,1.4142135623730951,0.737032282684305
case_00113,278,0,0,none,none,0,0,1.0,0.0,0.0
case_00125,491,0,0,none,none,0,0,1.0,0.0,0.0
case_00203,378,0,0,none,none,0,0,1.0,0.0,0.0
case_00161,177,0,0,none,none,0,0,1.0,0.0,0.0
case_00079,88,0,0,none,none,0,0,1.0,0.0,0.0
case_00086,121,0,0,none,none,0,0,1.0,0.0,0.0
case_00115,272,0,0,none,none,0,0,1.0,0.0,0.0
case_00194,454,0,0,none,none,0,0,1.0,0.0,0.0
case_00102,213,0,0,none,none,0,0,1.0,0.0,0.0
case_00133,4,0,197,none,medium,0,1,0.0,-1.0,-1.0
case_00133,490,0,173,none,medium,0,1,0.0,-1.0,-1.0
case_00203,322,0,0,none,none,0,0,1.0,0.0,0.0
case_00203,139,0,0,none,none,0,0,1.0,0.0,0.0
case_00079,302,0,0,none,none,0,0,1.0,0.0,0.0
case_00125,124,0,0,none,none,0,0,1.0,0.0,0.0
case_00134,274,0,0,none,none,0,0,1.0,0.0,0.0
case_00125,69,0,0,none,none,0,0,1.0,0.0,0.0
case_00134,27,0,0,none,none,0,0,1.0,0.0,0.0
case_00154,215,0,0,none,none,0,0,1.0,0.0,0.0
case_00075,137,0,0,none,none,0,0,1.0,0.0,0.0
case_00161,423,0,0,none,none,0,0,1.0,0.0,0.0
case_00115,243,0,0,none,none,0,0,1.0,0.0,0.0
case_00203,34,0,0,none,none,0,0,1.0,0.0,0.0
case_00154,79,0,0,none,none,0,0,1.0,0.0,0.0
case_00113,85,0,0,none,none,0,0,1.0,0.0,0.0
case_00075,49,0,0,none,none,0,0,1.0,0.0,0.0
case_00102,70,0,0,none,none,0,0,1.0,0.0,0.0
case_00203,209,0,0,none,none,0,0,1.0,0.0,0.0
case_00086,226,0,0,none,none,0,0,1.0,0.0,0.0
case_00203,238,0,0,none,none,0,0,1.0,0.0,0.0
case_00102,344,3247,3375,large,large,1,1,0.9625490788281486,4.0,0.7220941647249438
case_00133,306,0,0,none,none,0,0,1.0,0.0,0.0
case_00154,60,0,662,none,medium,0,1,0.0,-1.0,-1.0
case_00079,261,0,0,none,none,0,0,1.0,0.0,0.0
case_00203,445,0,0,none,none,0,0,1.0,0.0,0.0
case_00194,223,0,0,none,none,0,0,1.0,0.0,0.0
case_00134,177,0,0,none,none,0,0,1.0,0.0,0.0
case_00102,402,1983,2147,large,large,1,1,0.9554479418886198,2.8284271247461903,0.9559803632996298
case_00133,227,0,0,none,none,0,0,1.0,0.0,0.0
case_00194,66,0,123,none,medium,0,2,0.0,-1.0,-1.0
case_00086,212,0,0,none,none,0,0,1.0,0.0,0.0
case_00154,114,0,0,none,none,0,0,1.0,0.0,0.0
case_00115,480,0,0,none,none,0,0,1.0,0.0,0.0
case_00125,42,0,237,none,medium,0,1,0.0,-1.0,-1.0
case_00102,315,1909,2078,large,large,1,1,0.945071482317532,2.23606797749979,1.0616470803890692
case_00154,169,0,0,none,none,0,0,1.0,0.0,0.0
case_00102,348,3451,3685,large,large,1,1,0.9599215246636771,6.324555320336759,0.735500793147477
case_00086,144,0,0,none,none,0,0,1.0,0.0,0.0
case_00033,353,0,0,none,none,0,0,1.0,0.0,0.0
case_00125,76,0,0,none,none,0,0,1.0,0.0,0.0
case_00086,477,0,0,none,none,0,0,1.0,0.0,0.0
case_00033,272,0,0,none,none,0,0,1.0,0.0,0.0
case_00086,263,0,0,none,none,0,0,1.0,0.0,0.0
case_00154,144,0,0,none,none,0,0,1.0,0.0,0.0
case_00075,425,0,658,none,medium,0,1,0.0,-1.0,-1.0
case_00086,292,0,0,none,none,0,0,1.0,0.0,0.0
case_00133,179,32,24,small,small,1,1,0.7142857142857143,1.5313708498984737,0.5333333333333333
case_00134,430,0,346,none,medium,0,3,0.0,-1.0,-1.0
case_00154,384,0,0,none,none,0,0,1.0,0.0,0.0
case_00086,106,0,0,none,none,0,0,1.0,0.0,0.0
case_00203,242,0,0,none,none,0,0,1.0,0.0,0.0
case_00102,481,0,0,none,none,0,0,1.0,0.0,0.0
case_00133,435,0,0,none,none,0,0,1.0,0.0,0.0
case_00133,111,0,0,none,none,0,0,1.0,0.0,0.0
case_00161,144,460,482,medium,medium,1,1,0.9511677282377919,1.4142135623730951,0.4246575342465753
case_00125,484,0,0,none,none,0,0,1.0,0.0,0.0
case_00014,454,0,0,none,none,0,0,1.0,0.0,0.0
case_00075,180,0,0,none,none,0,0,1.0,0.0,0.0
case_00075,248,0,0,none,none,0,0,1.0,0.0,0.0
case_00079,24,0,0,none,none,0,0,1.0,0.0,0.0
case_00079,63,0,261,none,medium,0,1,0.0,-1.0,-1.0
case_00075,119,0,0,none,none,0,0,1.0,0.0,0.0
case_00134,330,309,361,medium,medium,1,1,0.8955223880597015,2.8284271247461903,0.7714285714285715
case_00115,314,42,0,small,none,1,0,0.0,-1.0,-1.0
case_00079,419,1354,1453,large,large,1,1,0.9540434627716423,2.0,0.7996845728091715
case_00161,92,0,0,none,none,0,0,1.0,0.0,0.0
case_00115,281,0,212,none,medium,0,1,0.0,-1.0,-1.0
case_00133,362,0,0,none,none,0,0,1.0,0.0,0.0
case_00014,151,0,0,none,none,0,0,1.0,0.0,0.0
case_00203,411,63,82,small,small,1,1,0.8551724137931035,1.0,0.75
case_00102,489,0,0,none,none,0,0,1.0,0.0,0.0
case_00102,461,0,238,none,medium,0,1,0.0,-1.0,-1.0
case_00154,350,0,0,none,none,0,0,1.0,0.0,0.0
case_00033,128,0,0,none,none,0,0,1.0,0.0,0.0
case_00075,503,0,0,none,none,0,0,1.0,0.0,0.0
case_00194,264,0,0,none,none,0,0,1.0,0.0,0.0
case_00102,210,0,0,none,none,0,0,1.0,0.0,0.0
case_00115,504,0,0,none,none,0,0,1.0,0.0,0.0
case_00134,379,0,14,none,small,0,1,0.0,-1.0,-1.0
case_00115,265,0,38,none,small,0,1,0.0,-1.0,-1.0
case_00079,85,0,0,none,none,0,0,1.0,0.0,0.0
case_00125,39,0,336,none,medium,0,2,0.0,-1.0,-1.0
case_00154,225,0,0,none,none,0,0,1.0,0.0,0.0
case_00079,101,0,0,none,none,0,0,1.0,0.0,0.0
case_00086,267,0,0,none,none,0,0,1.0,0.0,0.0
case_00102,509,0,0,none,none,0,0,1.0,0.0,0.0
case_00115,240,0,0,none,none,0,0,1.0,0.0,0.0
case_00079,432,1007,1133,large,large,1,1,0.9383177570093458,2.0,0.9313329143083756
case_00203,29,0,0,none,none,0,0,1.0,0.0,0.0
case_00086,160,0,0,none,none,0,0,1.0,0.0,0.0
case_00079,161,0,0,none,none,0,0,1.0,0.0,0.0
case_00161,264,0,0,none,none,0,0,1.0,0.0,0.0
case_00125,433,0,0,none,none,0,0,1.0,0.0,0.0
case_00014,368,0,0,none,none,0,0,1.0,0.0,0.0
case_00033,326,0,0,none,none,0,0,1.0,0.0,0.0
case_00113,489,0,33,none,small,0,1,0.0,-1.0,-1.0
case_00125,16,0,0,none,none,0,0,1.0,0.0,0.0
case_00115,353,3,0,small,none,1,0,0.0,-1.0,-1.0
case_00154,100,0,86,none,small,0,2,0.0,-1.0,-1.0
case_00115,448,0,0,none,none,0,0,1.0,0.0,0.0
case_00125,8,0,0,none,none,0,0,1.0,0.0,0.0
case_00014,243,0,0,none,none,0,0,1.0,0.0,0.0
case_00133,65,0,0,none,none,0,0,1.0,0.0,0.0
case_00125,346,0,0,none,none,0,0,1.0,0.0,0.0
case_00102,442,0,30,none,small,0,1,0.0,-1.0,-1.0
case_00014,382,0,0,none,none,0,0,1.0,0.0,0.0
case_00154,398,0,0,none,none,0,0,1.0,0.0,0.0
case_00113,160,0,0,none,none,0,0,1.0,0.0,0.0
case_00134,203,0,0,none,none,0,0,1.0,0.0,0.0
case_00115,61,0,0,none,none,0,0,1.0,0.0,0.0
case_00086,358,0,0,none,none,0,0,1.0,0.0,0.0
case_00134,511,0,0,none,none,0,0,1.0,0.0,0.0
case_00203,178,0,0,none,none,0,0,1.0,0.0,0.0
case_00154,17,0,0,none,none,0,0,1.0,0.0,0.0
case_00125,394,0,40,none,small,0,1,0.0,-1.0,-1.0
case_00154,417,0,357,none,medium,0,1,0.0,-1.0,-1.0
case_00086,446,0,0,none,none,0,0,1.0,0.0,0.0
case_00079,134,0,0,none,none,0,0,1.0,0.0,0.0
case_00134,419,0,75,none,small,0,3,0.0,-1.0,-1.0
case_00079,49,0,0,none,none,0,0,1.0,0.0,0.0
case_00154,331,309,339,medium,medium,1,1,0.9290123456790124,2.0,0.6857119200778065
case_00161,239,0,0,none,none,0,0,1.0,0.0,0.0
case_00161,103,0,0,none,none,0,0,1.0,0.0,0.0
case_00113,2,0,0,none,none,0,0,1.0,0.0,0.0
case_00075,339,83,123,small,medium,1,1,0.8058252427184466,2.0,1.0622955746422025
case_00014,352,0,0,none,none,0,0,1.0,0.0,0.0
case_00115,157,0,0,none,none,0,0,1.0,0.0,0.0
case_00194,196,0,0,none,none,0,0,1.0,0.0,0.0
case_00079,505,0,45,none,small,0,1,0.0,-1.0,-1.0
case_00194,33,0,0,none,none,0,0,1.0,0.0,0.0
case_00079,357,1305,1349,large,large,1,1,0.9660889223813113,1.4142135623730951,0.6067290377055627
case_00125,234,0,0,none,none,0,0,1.0,0.0,0.0
case_00075,171,0,0,none,none,0,0,1.0,0.0,0.0
case_00133,505,0,0,none,none,0,0,1.0,0.0,0.0
case_00203,39,0,150,none,medium,0,2,0.0,-1.0,-1.0
case_00033,138,0,0,none,none,0,0,1.0,0.0,0.0
case_00134,417,0,1,none,small,0,1,0.0,-1.0,-1.0
case_00133,390,0,0,none,none,0,0,1.0,0.0,0.0
case_00125,151,0,0,none,none,0,0,1.0,0.0,0.0
case_00194,251,0,0,none,none,0,0,1.0,0.0,0.0
case_00014,288,0,0,none,none,0,0,1.0,0.0,0.0
case_00134,486,0,0,none,none,0,0,1.0,0.0,0.0
case_00075,317,0,0,none,none,0,0,1.0,0.0,0.0
case_00134,163,0,0,none,none,0,0,1.0,0.0,0.0
case_00125,429,0,0,none,none,0,0,1.0,0.0,0.0
case_00113,362,1038,1267,large,large,1,1,0.8876355748373101,5.91547594742265,1.3571510569836125
case_00115,241,0,0,none,none,0,0,1.0,0.0,0.0
case_00194,41,0,0,none,none,0,0,1.0,0.0,0.0
case_00161,445,0,102,none,medium,0,1,0.0,-1.0,-1.0
case_00125,441,0,0,none,none,0,0,1.0,0.0,0.0
case_00194,382,0,116,none,medium,0,2,0.0,-1.0,-1.0
case_00203,246,0,0,none,none,0,0,1.0,0.0,0.0
case_00079,166,0,0,none,none,0,0,1.0,0.0,0.0
case_00075,416,0,644,none,medium,0,1,0.0,-1.0,-1.0
case_00075,423,0,762,none,medium,0,1,0.0,-1.0,-1.0
case_00115,104,0,0,none,none,0,0,1.0,0.0,0.0
case_00125,287,0,0,none,none,0,0,1.0,0.0,0.0
case_00125,74,0,0,none,none,0,0,1.0,0.0,0.0
case_00203,276,0,0,none,none,0,0,1.0,0.0,0.0
case_00086,424,0,28,none,small,0,1,0.0,-1.0,-1.0
case_00113,36,0,0,none,none,0,0,1.0,0.0,0.0
case_00086,462,0,0,none,none,0,0,1.0,0.0,0.0
case_00014,415,0,0,none,none,0,0,1.0,0.0,0.0
case_00113,62,0,0,none,none,0,0,1.0,0.0,0.0
case_00125,463,0,0,none,none,0,0,1.0,0.0,0.0
case_00161,180,0,0,none,none,0,0,1.0,0.0,0.0
case_00113,269,0,0,none,none,0,0,1.0,0.0,0.0
case_00079,489,0,206,none,medium,0,1,0.0,-1.0,-1.0
case_00075,491,0,598,none,medium,0,1,0.0,-1.0,-1.0
case_00102,267,0,46,none,small,0,1,0.0,-1.0,-1.0
case_00125,201,15,0,small,none,1,0,0.0,-1.0,-1.0
case_00075,278,0,0,none,none,0,0,1.0,0.0,0.0
case_00033,394,0,0,none,none,0,0,1.0,0.0,0.0
case_00102,480,0,0,none,none,0,0,1.0,0.0,0.0
case_00134,477,0,0,none,none,0,0,1.0,0.0,0.0
case_00075,174,0,0,none,none,0,0,1.0,0.0,0.0
case_00161,435,0,0,none,none,0,0,1.0,0.0,0.0
case_00086,351,0,0,none,none,0,0,1.0,0.0,0.0
case_00134,313,0,0,none,none,0,0,1.0,0.0,0.0
case_00203,101,0,0,none,none,0,0,1.0,0.0,0.0
case_00079,480,0,0,none,none,0,0,1.0,0.0,0.0
case_00033,241,0,0,none,none,0,0,1.0,0.0,0.0
case_00125,147,0,0,none,none,0,0,1.0,0.0,0.0
case_00134,33,0,129,none,medium,0,1,0.0,-1.0,-1.0
case_00033,374,0,0,none,none,0,0,1.0,0.0,0.0
case_00125,379,0,0,none,none,0,0,1.0,0.0,0.0
case_00194,511,0,0,none,none,0,0,1.0,0.0,0.0
case_00125,320,0,0,none,none,0,0,1.0,0.0,0.0
case_00133,257,0,0,none,none,0,0,1.0,0.0,0.0
case_00133,385,0,0,none,none,0,0,1.0,0.0,0.0
case_00115,499,0,0,none,none,0,0,1.0,0.0,0.0
case_00133,49,0,0,none,none,0,0,1.0,0.0,0.0
case_00075,213,0,0,none,none,0,0,1.0,0.0,0.0
case_00102,46,0,4,none,small,0,1,0.0,-1.0,-1.0
case_00014,41,0,194,none,medium,0,1,0.0,-1.0,-1.0
case_00079,140,0,0,none,none,0,0,1.0,0.0,0.0
case_00079,193,0,0,none,none,0,0,1.0,0.0,0.0
case_00115,394,0,31,none,small,0,2,0.0,-1.0,-1.0
case_00133,341,0,0,none,none,0,0,1.0,0.0,0.0
case_00203,89,0,0,none,none,0,0,1.0,0.0,0.0
case_00075,236,0,0,none,none,0,0,1.0,0.0,0.0
case_00079,402,1573,1651,large,large,1,1,0.966501240694789,2.0,0.603423071020779
case_00134,359,771,811,medium,medium,1,1,0.9469026548672567,2.23606797749979,0.6637931034482759
case_00033,274,0,0,none,none,0,0,1.0,0.0,0.0
case_00014,342,0,0,none,none,0,0,1.0,0.0,0.0
case_00102,435,0,0,none,none,0,0,1.0,0.0,0.0
case_00154,491,0,0,none,none,0,0,1.0,0.0,0.0
case_00075,481,0,223,none,medium,0,1,0.0,-1.0,-1.0
case_00133,8,0,0,none,none,0,0,1.0,0.0,0.0
case_00134,483,0,0,none,none,0,0,1.0,0.0,0.0
case_00014,89,0,0,none,none,0,0,1.0,0.0,0.0
case_00075,487,0,291,none,medium,0,1,0.0,-1.0,-1.0
case_00102,121,0,0,none,none,0,0,1.0,0.0,0.0
case_00133,97,0,0,none,none,0,0,1.0,0.0,0.0
case_00079,143,0,0,none,none,0,0,1.0,0.0,0.0
case_00134,500,0,0,none,none,0,0,1.0,0.0,0.0
case_00102,438,0,0,none,none,0,0,1.0,0.0,0.0
case_00115,51,0,0,none,none,0,0,1.0,0.0,0.0
case_00125,7,0,0,none,none,0,0,1.0,0.0,0.0
case_00203,40,0,272,none,medium,0,3,0.0,-1.0,-1.0
case_00154,222,0,0,none,none,0,0,1.0,0.0,0.0
case_00161,442,0,0,none,none,0,0,1.0,0.0,0.0
case_00194,249,0,0,none,none,0,0,1.0,0.0,0.0
case_00102,256,0,1884,none,large,0,1,0.0,-1.0,-1.0
case_00134,245,0,0,none,none,0,0,1.0,0.0,0.0
case_00125,488,0,0,none,none,0,0,1.0,0.0,0.0
case_00133,145,509,524,medium,medium,1,1,0.9448209099709584,2.0,0.5958263185640509
case_00154,358,0,0,none,none,0,0,1.0,0.0,0.0
case_00033,465,0,0,none,none,0,0,1.0,0.0,0.0
case_00154,220,0,0,none,none,0,0,1.0,0.0,0.0
case_00033,70,0,0,none,none,0,0,1.0,0.0,0.0
case_00203,88,0,0,none,none,0,0,1.0,0.0,0.0
case_00133,401,0,0,none,none,0,0,1.0,0.0,0.0
case_00102,479,0,16,none,small,0,1,0.0,-1.0,-1.0
case_00115,41,0,0,none,none,0,0,1.0,0.0,0.0
case_00115,426,0,0,none,none,0,0,1.0,0.0,0.0
case_00086,495,0,0,none,none,0,0,1.0,0.0,0.0
case_00115,354,0,0,none,none,0,0,1.0,0.0,0.0
case_00014,232,0,0,none,none,0,0,1.0,0.0,0.0
case_00113,330,216,285,medium,medium,1,1,0.782435129740519,3.9013878188659974,1.2819772733780437
case_00125,27,0,270,none,medium,0,1,0.0,-1.0,-1.0
case_00203,140,0,0,none,none,0,0,1.0,0.0,0.0
case_00075,9,0,0,none,none,0,0,1.0,0.0,0.0
case_00113,15,0,267,none,medium,0,1,0.0,-1.0,-1.0
case_00194,360,0,0,none,none,0,0,1.0,0.0,0.0
case_00203,188,0,0,none,none,0,0,1.0,0.0,0.0
case_00033,482,0,78,none,small,0,1,0.0,-1.0,-1.0
case_00113,427,1196,1251,large,large,1,1,0.9415610952186351,2.8284271247461903,0.8925619834710744
case_00203,277,0,0,none,none,0,0,1.0,0.0,0.0
case_00075,440,0,0,none,none,0,0,1.0,0.0,0.0
case_00194,352,0,41,none,small,0,2,0.0,-1.0,-1.0
case_00075,4,0,0,none,none,0,0,1.0,0.0,0.0
case_00033,123,0,0,none,none,0,0,1.0,0.0,0.0
case_00079,287,0,0,none,none,0,0,1.0,0.0,0.0
case_00086,431,0,0,none,none,0,0,1.0,0.0,0.0
case_00161,58,0,596,none,medium,0,1,0.0,-1.0,-1.0
case_00161,324,0,0,none,none,0,0,1.0,0.0,0.0
case_00102,338,2940,3043,large,large,2,1,0.958382082567274,3.0892527130926015,0.6910686993955796
case_00194,397,0,325,none,medium,0,4,0.0,-1.0,-1.0
case_00125,257,0,0,none,none,0,0,1.0,0.0,0.0
case_00125,241,0,0,none,none,0,0,1.0,0.0,0.0
case_00154,55,0,0,none,none,0,0,1.0,0.0,0.0
case_00133,30,0,0,none,none,0,0,1.0,0.0,0.0
case_00113,161,0,0,none,none,0,0,1.0,0.0,0.0
case_00075,178,0,0,none,none,0,0,1.0,0.0,0.0
case_00075,10,0,0,none,none,0,0,1.0,0.0,0.0
case_00086,380,113,158,medium,medium,2,1,0.7453874538745388,3.605551275463989,1.0266123775561495
case_00133,501,0,0,none,none,0,0,1.0,0.0,0.0
case_00125,23,0,294,none,medium,0,1,0.0,-1.0,-1.0
case_00134,303,0,0,none,none,0,0,1.0,0.0,0.0
case_00154,342,161,177,medium,medium,1,1,0.893491124260355,2.0,0.6773046369915351
case_00113,503,0,785,none,medium,0,1,0.0,-1.0,-1.0
case_00133,141,464,479,medium,medium,1,1,0.9183457051961824,2.23606797749979,0.7760837170505006
case_00113,443,30,95,small,small,1,1,0.48,5.4594117081556695,2.6314051268999337
case_00194,491,0,0,none,none,0,0,1.0,0.0,0.0
case_00133,36,0,0,none,none,0,0,1.0,0.0,0.0
case_00203,304,0,0,none,none,0,0,1.0,0.0,0.0
case_00075,259,0,0,none,none,0,0,1.0,0.0,0.0
case_00079,171,0,0,none,none,0,0,1.0,0.0,0.0
case_00115,28,0,0,none,none,0,0,1.0,0.0,0.0
case_00086,220,0,0,none,none,0,0,1.0,0.0,0.0
case_00125,233,0,0,none,none,0,0,1.0,0.0,0.0
case_00134,452,0,0,none,none,0,0,1.0,0.0,0.0
case_00154,106,0,0,none,none,0,0,1.0,0.0,0.0
case_00086,242,0,0,none,none,0,0,1.0,0.0,0.0
case_00033,136,0,0,none,none,0,0,1.0,0.0,0.0
case_00102,218,0,0,none,none,0,0,1.0,0.0,0.0
case_00014,319,0,0,none,none,0,0,1.0,0.0,0.0
case_00154,408,0,24,none,small,0,2,0.0,-1.0,-1.0
case_00086,245,0,0,none,none,0,0,1.0,0.0,0.0
case_00154,115,0,0,none,none,0,0,1.0,0.0,0.0
case_00075,28,0,429,none,medium,0,1,0.0,-1.0,-1.0
case_00102,41,0,40,none,small,0,1,0.0,-1.0,-1.0
case_00102,511,0,0,none,none,0,0,1.0,0.0,0.0
case_00115,453,0,0,none,none,0,0,1.0,0.0,0.0
case_00014,493,0,0,none,none,0,0,1.0,0.0,0.0
case_00203,148,0,0,none,none,0,0,1.0,0.0,0.0
case_00154,9,0,0,none,none,0,0,1.0,0.0,0.0
case_00075,405,0,0,none,none,0,0,1.0,0.0,0.0
case_00203,325,0,0,none,none,0,0,1.0,0.0,0.0
case_00154,259,0,0,none,none,0,0,1.0,0.0,0.0
case_00079,61,0,0,none,none,0,0,1.0,0.0,0.0
case_00154,464,0,1375,none,large,0,1,0.0,-1.0,-1.0
case_00113,472,0,0,none,none,0,0,1.0,0.0,0.0
case_00194,186,0,0,none,none,0,0,1.0,0.0,0.0
case_00125,464,0,0,none,none,0,0,1.0,0.0,0.0
case_00033,125,0,0,none,none,0,0,1.0,0.0,0.0
case_00154,440,0,0,none,none,0,0,1.0,0.0,0.0
case_00113,29,0,40,none,small,0,1,0.0,-1.0,-1.0
case_00203,379,0,0,none,none,0,0,1.0,0.0,0.0
case_00079,183,0,0,none,none,0,0,1.0,0.0,0.0
case_00154,171,0,0,none,none,0,0,1.0,0.0,0.0
case_00079,48,0,0,none,none,0,0,1.0,0.0,0.0
case_00014,431,0,0,none,none,0,0,1.0,0.0,0.0
case_00154,0,0,0,none,none,0,0,1.0,0.0,0.0
case_00125,498,0,0,none,none,0,0,1.0,0.0,0.0
case_00154,256,0,0,none,none,0,0,1.0,0.0,0.0
case_00014,107,0,59,none,small,0,1,0.0,-1.0,-1.0
case_00075,359,41,78,small,small,1,1,0.6890756302521008,2.23606797749979,1.32038079777307
case_00033,285,0,0,none,none,0,0,1.0,0.0,0.0
case_00113,436,421,476,medium,medium,1,1,0.8807134894091416,3.0,0.9885057471264368
case_00134,115,0,0,none,none,0,0,1.0,0.0,0.0
case_00125,383,0,0,none,none,0,0,1.0,0.0,0.0
case_00014,238,0,0,none,none,0,0,1.0,0.0,0.0
case_00194,493,0,0,none,none,0,0,1.0,0.0,0.0
case_00033,179,85,117,small,medium,1,1,0.8415841584158416,2.2124611797498104,0.9050793833748633
case_00134,447,0,0,none,none,0,0,1.0,0.0,0.0
case_00154,48,0,0,none,none,0,0,1.0,0.0,0.0
case_00194,161,37,64,small,small,1,1,0.7128712871287128,2.0,1.0731370849898476
case_00014,124,0,0,none,none,0,0,1.0,0.0,0.0
case_00154,282,0,0,none,none,0,0,1.0,0.0,0.0
case_00154,328,310,356,medium,medium,1,1,0.918918918918919,2.0,0.7612710836209119
case_00203,160,0,0,none,none,0,0,1.0,0.0,0.0
case_00161,491,0,0,none,none,0,0,1.0,0.0,0.0
case_00194,55,0,861,none,medium,0,1,0.0,-1.0,-1.0
case_00033,211,0,0,none,none,0,0,1.0,0.0,0.0
case_00113,101,0,0,none,none,0,0,1.0,0.0,0.0
case_00079,374,1569,1622,large,large,1,1,0.9683484801002821,2.0,0.6088628727180517
case_00154,361,0,0,none,none,0,0,1.0,0.0,0.0
case_00086,100,0,0,none,none,0,0,1.0,0.0,0.0
case_00134,467,0,0,none,none,0,0,1.0,0.0,0.0
case_00161,254,0,0,none,none,0,0,1.0,0.0,0.0
case_00194,282,0,0,none,none,0,0,1.0,0.0,0.0
case_00033,420,0,0,none,none,0,0,1.0,0.0,0.0
case_00133,82,0,0,none,none,0,0,1.0,0.0,0.0
case_00194,220,0,0,none,none,0,0,1.0,0.0,0.0
case_00033,337,0,0,none,none,0,0,1.0,0.0,0.0
case_00154,476,0,0,none,none,0,0,1.0,0.0,0.0
case_00014,175,61,89,small,small,1,1,0.7733333333333333,3.0,1.171877114287188
case_00133,376,0,0,none,none,0,0,1.0,0.0,0.0
case_00075,160,0,0,none,none,0,0,1.0,0.0,0.0
case_00133,265,0,0,none,none,0,0,1.0,0.0,0.0
case_00014,364,0,0,none,none,0,0,1.0,0.0,0.0
case_00102,110,0,0,none,none,0,0,1.0,0.0,0.0
case_00194,224,0,0,none,none,0,0,1.0,0.0,0.0
case_00125,181,67,149,small,medium,1,1,0.6111111111111112,5.0,2.418642578336083
case_00194,285,0,0,none,none,0,0,1.0,0.0,0.0
case_00079,17,0,0,none,none,0,0,1.0,0.0,0.0
case_00113,433,712,712,medium,medium,1,1,0.9452247191011236,2.0,0.6254127743407694
case_00113,20,0,887,none,medium,0,2,0.0,-1.0,-1.0
case_00014,193,0,0,none,none,0,0,1.0,0.0,0.0
case_00075,358,63,103,small,medium,1,1,0.7469879518072289,2.0,1.330407764100622
case_00075,32,0,365,none,medium,0,1,0.0,-1.0,-1.0
case_00014,185,58,89,small,small,1,1,0.7891156462585034,2.0,1.0419536477337346
case_00161,343,0,0,none,none,0,0,1.0,0.0,0.0
case_00154,99,0,34,none,small,0,1,0.0,-1.0,-1.0
case_00161,163,192,255,medium,medium,1,1,0.854586129753915,2.0,1.0611818997569678
case_00194,459,0,52,none,small,0,2,0.0,-1.0,-1.0
case_00161,440,0,0,none,none,0,0,1.0,0.0,0.0
case_00203,341,0,0,none,none,0,0,1.0,0.0,0.0
case_00125,267,0,0,none,none,0,0,1.0,0.0,0.0
case_00125,79,0,0,none,none,0,0,1.0,0.0,0.0
case_00154,44,0,0,none,none,0,0,1.0,0.0,0.0
case_00079,481,0,0,none,none,0,0,1.0,0.0,0.0
case_00133,194,0,0,none,none,0,0,1.0,0.0,0.0
case_00154,382,0,0,none,none,0,0,1.0,0.0,0.0
case_00115,245,0,0,none,none,0,0,1.0,0.0,0.0
case_00161,284,0,0,none,none,0,0,1.0,0.0,0.0
case_00014,311,0,0,none,none,0,0,1.0,0.0,0.0
case_00115,351,47,37,small,small,2,1,0.6190476190476191,3.045429972770613,0.6801467048399603
case_00154,294,0,0,none,none,0,0,1.0,0.0,0.0
case_00086,217,0,0,none,none,0,0,1.0,0.0,0.0
case_00079,42,0,0,none,none,0,0,1.0,0.0,0.0
case_00161,83,0,569,none,medium,0,2,0.0,-1.0,-1.0
case_00203,131,0,0,none,none,0,0,1.0,0.0,0.0
case_00125,345,0,0,none,none,0,0,1.0,0.0,0.0
case_00194,111,0,0,none,none,0,0,1.0,0.0,0.0
case_00102,506,0,0,none,none,0,0,1.0,0.0,0.0
case_00133,297,0,0,none,none,0,0,1.0,0.0,0.0
case_00075,421,0,198,none,medium,0,1,0.0,-1.0,-1.0
case_00161,113,0,3,none,small,0,1,0.0,-1.0,-1.0
case_00014,198,0,0,none,none,0,0,1.0,0.0,0.0
case_00194,77,0,0,none,none,0,0,1.0,0.0,0.0
case_00075,197,0,0,none,none,0,0,1.0,0.0,0.0
case_00079,33,0,0,none,none,0,0,1.0,0.0,0.0
case_00113,301,0,0,none,none,0,0,1.0,0.0,0.0
case_00113,169,0,0,none,none,0,0,1.0,0.0,0.0
case_00102,229,0,0,none,none,0,0,1.0,0.0,0.0
case_00113,111,0,0,none,none,0,0,1.0,0.0,0.0
case_00133,75,0,3,none,small,0,1,0.0,-1.0,-1.0
case_00086,210,0,0,none,none,0,0,1.0,0.0,0.0
case_00115,77,0,0,none,none,0,0,1.0,0.0,0.0
case_00133,217,0,0,none,none,0,0,1.0,0.0,0.0
case_00102,138,0,0,none,none,0,0,1.0,0.0,0.0
case_00125,270,0,0,none,none,0,0,1.0,0.0,0.0
case_00134,198,0,0,none,none,0,0,1.0,0.0,0.0
case_00133,212,0,0,none,none,0,0,1.0,0.0,0.0
case_00079,456,306,363,medium,medium,1,1,0.8938714499252616,2.0,0.7874000553950742
case_00134,437,0,587,none,medium,0,1,0.0,-1.0,-1.0
case_00133,253,0,0,none,none,0,0,1.0,0.0,0.0
case_00194,479,0,0,none,none,0,0,1.0,0.0,0.0
case_00033,359,0,0,none,none,0,0,1.0,0.0,0.0
case_00086,133,0,0,none,none,0,0,1.0,0.0,0.0
case_00125,55,0,0,none,none,0,0,1.0,0.0,0.0
case_00134,36,0,0,none,none,0,0,1.0,0.0,0.0
case_00115,154,0,0,none,none,0,0,1.0,0.0,0.0
case_00194,24,0,10,none,small,0,1,0.0,-1.0,-1.0
case_00079,159,0,0,none,none,0,0,1.0,0.0,0.0
case_00075,399,0,0,none,none,0,0,1.0,0.0,0.0
case_00133,28,0,0,none,none,0,0,1.0,0.0,0.0
case_00102,372,3673,3785,large,large,1,1,0.9793510324483776,1.4142135623730951,0.6507712280691574
case_00203,31,0,0,none,none,0,0,1.0,0.0,0.0
case_00075,148,0,0,none,none,0,0,1.0,0.0,0.0
case_00194,42,0,0,none,none,0,0,1.0,0.0,0.0
case_00115,392,0,0,none,none,0,0,1.0,0.0,0.0
case_00102,145,0,0,none,none,0,0,1.0,0.0,0.0
case_00194,394,0,503,none,medium,0,1,0.0,-1.0,-1.0
case_00086,363,0,0,none,none,0,0,1.0,0.0,0.0
case_00079,169,0,0,none,none,0,0,1.0,0.0,0.0
case_00203,504,0,0,none,none,0,0,1.0,0.0,0.0
case_00154,448,0,0,none,none,0,0,1.0,0.0,0.0
case_00154,28,0,0,none,none,0,0,1.0,0.0,0.0
case_00033,473,0,99,none,small,0,1,0.0,-1.0,-1.0
case_00075,315,0,0,none,none,0,0,1.0,0.0,0.0
case_00086,381,155,181,medium,medium,1,1,0.8571428571428571,2.0,0.889724601576075
case_00033,325,0,0,none,none,0,0,1.0,0.0,0.0
case_00033,405,0,0,none,none,0,0,1.0,0.0,0.0
case_00203,392,0,0,none,none,0,0,1.0,0.0,0.0
case_00079,423,1237,1323,large,large,1,1,0.953125,2.0,0.7692265848824456
case_00134,301,0,0,none,none,0,0,1.0,0.0,0.0
case_00075,488,0,122,none,medium,0,1,0.0,-1.0,-1.0
case_00079,344,867,900,medium,medium,1,1,0.9518958687040181,2.0,0.6328975176716403
case_00086,307,0,0,none,none,0,0,1.0,0.0,0.0
case_00134,456,0,0,none,none,0,0,1.0,0.0,0.0
case_00075,244,0,0,none,none,0,0,1.0,0.0,0.0
case_00075,400,0,0,none,none,0,0,1.0,0.0,0.0
case_00194,393,0,422,none,medium,0,1,0.0,-1.0,-1.0
case_00086,45,0,0,none,none,0,0,1.0,0.0,0.0
case_00125,202,3,0,small,none,1,0,0.0,-1.0,-1.0
case_00086,434,0,0,none,none,0,0,1.0,0.0,0.0
case_00033,332,0,0,none,none,0,0,1.0,0.0,0.0
case_00113,400,1993,2138,large,large,1,1,0.9508593560881142,3.1622776601683795,1.0130664246977594
case_00194,400,0,81,none,small,0,1,0.0,-1.0,-1.0
case_00161,166,118,105,medium,medium,1,1,0.8789237668161435,1.0,0.5588235294117647
case_00194,14,0,434,none,medium,0,1,0.0,-1.0,-1.0
case_00102,235,0,349,none,medium,0,3,0.0,-1.0,-1.0
case_00134,183,0,0,none,none,0,0,1.0,0.0,0.0
case_00102,133,0,0,none,none,0,0,1.0,0.0,0.0
case_00102,6,0,0,none,none,0,0,1.0,0.0,0.0
case_00033,155,0,0,none,none,0,0,1.0,0.0,0.0
case_00079,170,0,0,none,none,0,0,1.0,0.0,0.0
case_00079,389,1605,1619,large,large,1,1,0.956575682382134,2.0,0.8164795413526091
case_00154,419,0,337,none,medium,0,3,0.0,-1.0,-1.0
case_00133,203,0,0,none,none,0,0,1.0,0.0,0.0
case_00133,359,0,0,none,none,0,0,1.0,0.0,0.0
case_00115,171,0,0,none,none,0,0,1.0,0.0,0.0
case_00154,192,0,0,none,none,0,0,1.0,0.0,0.0
case_00134,162,0,0,none,none,0,0,1.0,0.0,0.0
case_00113,476,0,0,none,none,0,0,1.0,0.0,0.0
case_00086,475,0,0,none,none,0,0,1.0,0.0,0.0
case_00075,218,0,0,none,none,0,0,1.0,0.0,0.0
case_00115,179,0,0,none,none,0,0,1.0,0.0,0.0
case_00194,96,0,0,none,none,0,0,1.0,0.0,0.0
case_00079,70,0,0,none,none,0,0,1.0,0.0,0.0
case_00075,473,0,0,none,none,0,0,1.0,0.0,0.0
case_00113,202,0,0,none,none,0,0,1.0,0.0,0.0
case_00194,35,0,0,none,none,0,0,1.0,0.0,0.0
case_00194,278,0,0,none,none,0,0,1.0,0.0,0.0
case_00102,414,639,722,medium,medium,1,1,0.896399706098457,2.8284271247461903,1.0650514604309769
case_00075,176,0,0,none,none,0,0,1.0,0.0,0.0
case_00194,302,0,0,none,none,0,0,1.0,0.0,0.0
case_00033,42,0,0,none,none,0,0,1.0,0.0,0.0
case_00079,144,0,0,none,none,0,0,1.0,0.0,0.0
case_00194,398,0,122,none,medium,0,2,0.0,-1.0,-1.0
case_00014,389,0,0,none,none,0,0,1.0,0.0,0.0
case_00033,507,0,287,none,medium,0,2,0.0,-1.0,-1.0
case_00194,94,0,0,none,none,0,0,1.0,0.0,0.0
case_00133,86,0,1,none,small,0,1,0.0,-1.0,-1.0
case_00161,70,0,49,none,small,0,1,0.0,-1.0,-1.0
case_00102,334,2664,2743,large,large,2,1,0.9650453116330683,3.0,0.6918200702078242
case_00079,142,0,0,none,none,0,0,1.0,0.0,0.0
case_00113,494,0,46,none,small,0,1,0.0,-1.0,-1.0
case_00115,219,0,0,none,none,0,0,1.0,0.0,0.0
case_00133,370,0,0,none,none,0,0,1.0,0.0,0.0
case_00033,141,0,0,none,none,0,0,1.0,0.0,0.0
case_00194,437,0,20,none,small,0,2,0.0,-1.0,-1.0
case_00014,142,0,0,none,none,0,0,1.0,0.0,0.0
case_00115,506,0,0,none,none,0,0,1.0,0.0,0.0
case_00125,262,0,0,none,none,0,0,1.0,0.0,0.0
case_00134,92,0,0,none,none,0,0,1.0,0.0,0.0
case_00194,279,0,0,none,none,0,0,1.0,0.0,0.0
case_00115,333,541,616,medium,medium,1,1,0.9265341400172861,2.0,0.8742789235174678
case_00134,104,0,0,none,none,0,0,1.0,0.0,0.0
case_00154,388,0,0,none,none,0,0,1.0,0.0,0.0
case_00102,265,0,56,none,small,0,1,0.0,-1.0,-1.0
case_00115,225,0,0,none,none,0,0,1.0,0.0,0.0
case_00113,355,793,994,medium,medium,2,1,0.8136541689983212,5.0,1.6435101749149768
case_00033,282,0,0,none,none,0,0,1.0,0.0,0.0
case_00079,200,0,0,none,none,0,0,1.0,0.0,0.0
case_00154,325,295,334,medium,medium,1,1,0.9062003179650239,2.0,0.8910103336632142
case_00194,509,0,149,none,medium,0,1,0.0,-1.0,-1.0
case_00014,461,0,0,none,none,0,0,1.0,0.0,0.0
case_00161,60,0,325,none,medium,0,1,0.0,-1.0,-1.0
case_00014,300,0,0,none,none,0,0,1.0,0.0,0.0
case_00113,471,0,0,none,none,0,0,1.0,0.0,0.0
case_00203,486,0,0,none,none,0,0,1.0,0.0,0.0
case_00115,103,0,0,none,none,0,0,1.0,0.0,0.0
case_00113,388,2041,2101,large,large,1,1,0.9550941574118783,2.8284271247461903,0.8711461418577178
case_00194,89,0,0,none,none,0,0,1.0,0.0,0.0
case_00033,273,0,0,none,none,0,0,1.0,0.0,0.0
case_00115,15,0,0,none,none,0,0,1.0,0.0,0.0
case_00033,14,0,0,none,none,0,0,1.0,0.0,0.0
case_00203,138,0,0,none,none,0,0,1.0,0.0,0.0
case_00113,293,0,0,none,none,0,0,1.0,0.0,0.0
case_00014,153,0,0,none,none,0,0,1.0,0.0,0.0
case_00079,34,0,0,none,none,0,0,1.0,0.0,0.0
case_00154,254,0,0,none,none,0,0,1.0,0.0,0.0
case_00203,124,0,0,none,none,0,0,1.0,0.0,0.0
case_00075,477,0,0,none,none,0,0,1.0,0.0,0.0
case_00203,232,0,0,none,none,0,0,1.0,0.0,0.0
case_00134,79,0,4,none,small,0,1,0.0,-1.0,-1.0
case_00194,120,0,0,none,none,0,0,1.0,0.0,0.0
case_00161,108,0,48,none,small,0,1,0.0,-1.0,-1.0
case_00125,317,0,0,none,none,0,0,1.0,0.0,0.0
case_00033,313,0,0,none,none,0,0,1.0,0.0,0.0
case_00075,507,0,0,none,none,0,0,1.0,0.0,0.0
case_00014,129,0,0,none,none,0,0,1.0,0.0,0.0
case_00086,186,0,0,none,none,0,0,1.0,0.0,0.0
case_00086,47,0,0,none,none,0,0,1.0,0.0,0.0
case_00133,500,0,0,none,none,0,0,1.0,0.0,0.0
case_00033,388,0,0,none,none,0,0,1.0,0.0,0.0
case_00133,220,0,0,none,none,0,0,1.0,0.0,0.0
case_00075,351,81,128,small,medium,1,1,0.7655502392344498,2.23606797749979,1.3253962679471512
case_00154,23,0,0,none,none,0,0,1.0,0.0,0.0
case_00125,365,0,0,none,none,0,0,1.0,0.0,0.0
case_00203,83,0,0,none,none,0,0,1.0,0.0,0.0
case_00014,97,0,421,none,medium,0,1,0.0,-1.0,-1.0
case_00203,93,0,0,none,none,0,0,1.0,0.0,0.0
case_00086,49,0,0,none,none,0,0,1.0,0.0,0.0
case_00125,203,0,0,none,none,0,0,1.0,0.0,0.0
case_00033,281,0,0,none,none,0,0,1.0,0.0,0.0
case_00075,346,98,117,small,medium,1,1,0.8744186046511628,2.0,0.6975489589249456
case_00014,272,0,0,none,none,0,0,1.0,0.0,0.0
case_00133,67,0,0,none,none,0,0,1.0,0.0,0.0
case_00086,313,0,0,none,none,0,0,1.0,0.0,0.0
case_00203,464,0,0,none,none,0,0,1.0,0.0,0.0
case_00075,388,0,0,none,none,0,0,1.0,0.0,0.0
case_00133,462,0,0,none,none,0,0,1.0,0.0,0.0
case_00113,288,0,0,none,none,0,0,1.0,0.0,0.0
case_00115,415,0,0,none,none,0,0,1.0,0.0,0.0
case_00086,85,0,0,none,none,0,0,1.0,0.0,0.0
case_00014,360,0,0,none,none,0,0,1.0,0.0,0.0
case_00194,115,0,0,none,none,0,0,1.0,0.0,0.0
case_00115,304,0,0,none,none,0,0,1.0,0.0,0.0
case_00086,246,0,0,none,none,0,0,1.0,0.0,0.0
case_00033,98,0,0,none,none,0,0,1.0,0.0,0.0
case_00133,232,0,4,none,small,0,1,0.0,-1.0,-1.0
case_00075,282,0,0,none,none,0,0,1.0,0.0,0.0
case_00033,432,0,0,none,none,0,0,1.0,0.0,0.0
case_00113,57,0,0,none,none,0,0,1.0,0.0,0.0
case_00102,469,0,831,none,medium,0,2,0.0,-1.0,-1.0
case_00086,323,0,0,none,none,0,0,1.0,0.0,0.0
case_00161,10,0,0,none,none,0,0,1.0,0.0,0.0
case_00194,67,0,380,none,medium,0,1,0.0,-1.0,-1.0
case_00115,17,0,0,none,none,0,0,1.0,0.0,0.0
case_00125,239,0,0,none,none,0,0,1.0,0.0,0.0
case_00133,269,0,0,none,none,0,0,1.0,0.0,0.0
case_00203,194,0,0,none,none,0,0,1.0,0.0,0.0
case_00115,410,0,125,none,medium,0,2,0.0,-1.0,-1.0
case_00133,70,0,12,none,small,0,1,0.0,-1.0,-1.0
case_00115,63,0,0,none,none,0,0,1.0,0.0,0.0
case_00102,4,0,0,none,none,0,0,1.0,0.0,0.0
case_00125,466,0,64,none,small,0,1,0.0,-1.0,-1.0
case_00203,223,0,0,none,none,0,0,1.0,0.0,0.0
case_00113,35,0,136,none,medium,0,1,0.0,-1.0,-1.0
case_00133,35,0,0,none,none,0,0,1.0,0.0,0.0
case_00014,135,0,0,none,none,0,0,1.0,0.0,0.0
case_00154,379,0,0,none,none,0,0,1.0,0.0,0.0
case_00075,264,0,0,none,none,0,0,1.0,0.0,0.0
case_00079,492,0,138,none,medium,0,1,0.0,-1.0,-1.0
case_00161,287,0,0,none,none,0,0,1.0,0.0,0.0
case_00194,463,0,0,none,none,0,0,1.0,0.0,0.0
case_00102,194,0,0,none,none,0,0,1.0,0.0,0.0
case_00161,314,0,0,none,none,0,0,1.0,0.0,0.0
case_00075,82,0,0,none,none,0,0,1.0,0.0,0.0
case_00086,0,0,0,none,none,0,0,1.0,0.0,0.0
case_00161,26,0,0,none,none,0,0,1.0,0.0,0.0
case_00203,365,0,0,none,none,0,0,1.0,0.0,0.0
case_00125,100,0,73,none,small,0,3,0.0,-1.0,-1.0
case_00203,436,0,0,none,none,0,0,1.0,0.0,0.0
case_00125,184,79,93,small,small,1,1,0.8837209302325582,1.0,0.6138071187457699
case_00134,495,0,0,none,none,0,0,1.0,0.0,0.0
case_00125,355,0,0,none,none,0,0,1.0,0.0,0.0
case_00133,311,0,0,none,none,0,0,1.0,0.0,0.0
case_00079,301,0,0,none,none,0,0,1.0,0.0,0.0
case_00113,448,0,51,none,small,0,2,0.0,-1.0,-1.0
case_00033,171,16,2,small,small,1,1,0.0,5.496611579062203,1.0
case_00115,5,0,0,none,none,0,0,1.0,0.0,0.0
case_00203,180,0,0,none,none,0,0,1.0,0.0,0.0
case_00033,99,0,0,none,none,0,0,1.0,0.0,0.0
case_00033,333,0,0,none,none,0,0,1.0,0.0,0.0
case_00079,271,0,0,none,none,0,0,1.0,0.0,0.0
case_00134,220,0,0,none,none,0,0,1.0,0.0,0.0
case_00014,380,0,0,none,none,0,0,1.0,0.0,0.0
case_00194,288,0,0,none,none,0,0,1.0,0.0,0.0
case_00115,98,0,0,none,none,0,0,1.0,0.0,0.0
case_00102,191,0,0,none,none,0,0,1.0,0.0,0.0
case_00161,185,0,0,none,none,0,0,1.0,0.0,0.0
case_00203,48,0,4,none,small,0,1,0.0,-1.0,-1.0
case_00079,168,0,0,none,none,0,0,1.0,0.0,0.0
case_00075,281,0,0,none,none,0,0,1.0,0.0,0.0
case_00014,103,0,0,none,none,0,0,1.0,0.0,0.0
case_00079,306,0,0,none,none,0,0,1.0,0.0,0.0
case_00113,42,0,0,none,none,0,0,1.0,0.0,0.0
case_00115,121,0,0,none,none,0,0,1.0,0.0,0.0
case_00113,66,0,0,none,none,0,0,1.0,0.0,0.0
case_00086,369,0,0,none,none,0,0,1.0,0.0,0.0
case_00079,504,0,0,none,none,0,0,1.0,0.0,0.0
case_00134,381,0,0,none,none,0,0,1.0,0.0,0.0
case_00033,347,0,0,none,none,0,0,1.0,0.0,0.0
case_00154,143,0,0,none,none,0,0,1.0,0.0,0.0
case_00161,36,0,0,none,none,0,0,1.0,0.0,0.0
case_00079,282,0,0,none,none,0,0,1.0,0.0,0.0
case_00125,172,0,0,none,none,0,0,1.0,0.0,0.0
case_00133,336,0,0,none,none,0,0,1.0,0.0,0.0
case_00134,286,0,0,none,none,0,0,1.0,0.0,0.0
case_00203,168,0,0,none,none,0,0,1.0,0.0,0.0
case_00113,93,0,0,none,none,0,0,1.0,0.0,0.0
case_00079,425,1200,1294,large,large,1,1,0.9478748997594226,2.023606797749971,0.8410253009232169
case_00161,176,0,0,none,none,0,0,1.0,0.0,0.0
case_00086,196,0,0,none,none,0,0,1.0,0.0,0.0
case_00161,235,0,0,none,none,0,0,1.0,0.0,0.0
case_00113,409,1836,1909,large,large,1,1,0.9607476635514018,2.8284271247461903,0.6981073745852523
case_00014,303,0,0,none,none,0,0,1.0,0.0,0.0
case_00125,440,0,0,none,none,0,0,1.0,0.0,0.0
case_00125,216,0,0,none,none,0,0,1.0,0.0,0.0
case_00134,341,718,806,medium,medium,1,1,0.9225721784776902,2.8284271247461903,0.9619715021017794
case_00086,281,0,0,none,none,0,0,1.0,0.0,0.0
case_00133,175,97,99,small,small,1,1,0.8571428571428571,1.0,0.45826877795718673
case_00203,265,0,0,none,none,0,0,1.0,0.0,0.0
case_00115,135,0,0,none,none,0,0,1.0,0.0,0.0
case_00102,227,0,0,none,none,0,0,1.0,0.0,0.0
case_00113,177,0,0,none,none,0,0,1.0,0.0,0.0
case_00113,341,488,657,medium,medium,1,1,0.8279475982532751,6.0,2.082240027839798
case_00075,92,0,0,none,none,0,0,1.0,0.0,0.0
case_00133,114,0,0,none,none,0,0,1.0,0.0,0.0
case_00075,186,0,0,none,none,0,0,1.0,0.0,0.0
case_00014,376,0,0,none,none,0,0,1.0,0.0,0.0
case_00134,299,0,0,none,none,0,0,1.0,0.0,0.0
case_00161,44,0,0,none,none,0,0,1.0,0.0,0.0
case_00075,333,36,72,small,small,1,1,0.6296296296296297,2.23606797749979,1.2486954311895875
case_00194,309,0,0,none,none,0,0,1.0,0.0,0.0
case_00014,88,0,0,none,none,0,0,1.0,0.0,0.0
case_00134,38,0,0,none,none,0,0,1.0,0.0,0.0
case_00102,288,0,0,none,none,0,0,1.0,0.0,0.0
case_00115,361,0,0,none,none,0,0,1.0,0.0,0.0
case_00014,443,0,0,none,none,0,0,1.0,0.0,0.0
case_00014,273,0,0,none,none,0,0,1.0,0.0,0.0
case_00086,328,0,0,none,none,0,0,1.0,0.0,0.0
case_00033,357,0,0,none,none,0,0,1.0,0.0,0.0
case_00194,448,0,230,none,medium,0,1,0.0,-1.0,-1.0
case_00033,481,0,71,none,small,0,1,0.0,-1.0,-1.0
case_00134,460,0,0,none,none,0,0,1.0,0.0,0.0
case_00102,432,0,9,none,small,0,1,0.0,-1.0,-1.0
case_00014,378,0,0,none,none,0,0,1.0,0.0,0.0
case_00125,166,0,0,none,none,0,0,1.0,0.0,0.0
case_00115,19,0,0,none,none,0,0,1.0,0.0,0.0
case_00203,247,0,0,none,none,0,0,1.0,0.0,0.0
case_00033,488,0,0,none,none,0,0,1.0,0.0,0.0
case_00086,373,1,0,small,none,1,0,0.0,-1.0,-1.0
case_00125,480,0,0,none,none,0,0,1.0,0.0,0.0
case_00161,462,0,0,none,none,0,0,1.0,0.0,0.0
case_00075,364,0,0,none,none,0,0,1.0,0.0,0.0
case_00075,356,66,116,small,medium,1,1,0.7142857142857143,2.991421356237309,1.5937327234446603
case_00033,199,5,1,small,small,1,1,0.0,4.3848783726541,3.1622776601683795
case_00102,30,0,160,none,medium,0,1,0.0,-1.0,-1.0
case_00014,478,0,98,none,small,0,1,0.0,-1.0,-1.0
case_00086,51,0,0,none,none,0,0,1.0,0.0,0.0
case_00079,98,0,0,none,none,0,0,1.0,0.0,0.0
case_00113,228,0,0,none,none,0,0,1.0,0.0,0.0
case_00079,367,1509,1564,large,large,1,1,0.9703872437357631,2.0,0.5680474317738404
case_00194,303,0,0,none,none,0,0,1.0,0.0,0.0
case_00194,131,0,0,none,none,0,0,1.0,0.0,0.0
case_00203,86,0,0,none,none,0,0,1.0,0.0,0.0
case_00115,129,0,0,none,none,0,0,1.0,0.0,0.0
case_00133,316,0,0,none,none,0,0,1.0,0.0,0.0
case_00134,193,0,0,none,none,0,0,1.0,0.0,0.0
case_00079,55,0,85,none,small,0,1,0.0,-1.0,-1.0
case_00086,333,0,0,none,none,0,0,1.0,0.0,0.0
case_00134,496,0,0,none,none,0,0,1.0,0.0,0.0
case_00154,268,0,0,none,none,0,0,1.0,0.0,0.0
case_00203,192,0,0,none,none,0,0,1.0,0.0,0.0
case_00154,418,0,322,none,medium,0,2,0.0,-1.0,-1.0
case_00125,323,0,0,none,none,0,0,1.0,0.0,0.0
case_00133,263,0,0,none,none,0,0,1.0,0.0,0.0
case_00125,175,0,0,none,none,0,0,1.0,0.0,0.0
case_00115,238,0,0,none,none,0,0,1.0,0.0,0.0
case_00075,324,0,0,none,none,0,0,1.0,0.0,0.0
case_00033,209,0,0,none,none,0,0,1.0,0.0,0.0
case_00115,86,0,0,none,none,0,0,1.0,0.0,0.0
case_00113,116,0,0,none,none,0,0,1.0,0.0,0.0
case_00161,97,0,0,none,none,0,0,1.0,0.0,0.0
case_00133,268,0,0,none,none,0,0,1.0,0.0,0.0
case_00075,206,0,0,none,none,0,0,1.0,0.0,0.0
case_00102,152,0,0,none,none,0,0,1.0,0.0,0.0
case_00033,318,0,0,none,none,0,0,1.0,0.0,0.0
case_00194,411,0,514,none,medium,0,1,0.0,-1.0,-1.0
case_00115,221,0,0,none,none,0,0,1.0,0.0,0.0
case_00075,318,0,0,none,none,0,0,1.0,0.0,0.0
case_00134,472,0,0,none,none,0,0,1.0,0.0,0.0
case_00113,297,0,0,none,none,0,0,1.0,0.0,0.0
case_00133,120,13,9,small,small,1,1,0.6363636363636364,1.5785844453984335,0.42857142857142855
case_00075,95,0,0,none,none,0,0,1.0,0.0,0.0
case_00194,164,46,77,small,small,1,1,0.7154471544715447,2.897056274847714,1.2375100549954603
case_00113,105,0,0,none,none,0,0,1.0,0.0,0.0
case_00113,500,0,542,none,medium,0,1,0.0,-1.0,-1.0
case_00033,419,0,0,none,none,0,0,1.0,0.0,0.0
case_00115,207,0,0,none,none,0,0,1.0,0.0,0.0
case_00194,508,0,266,none,medium,0,1,0.0,-1.0,-1.0
case_00075,449,0,0,none,none,0,0,1.0,0.0,0.0
case_00075,131,0,0,none,none,0,0,1.0,0.0,0.0
case_00102,388,3005,3150,large,large,1,1,0.9725426482534525,2.23606797749979,0.751522408616416
case_00014,346,0,0,none,none,0,0,1.0,0.0,0.0
case_00194,310,0,0,none,none,0,0,1.0,0.0,0.0
case_00154,346,11,0,small,none,1,0,0.0,-1.0,-1.0
case_00134,156,0,0,none,none,0,0,1.0,0.0,0.0
case_00086,406,231,271,medium,medium,1,1,0.9203187250996016,2.0,0.9219114908303234
case_00014,136,0,0,none,none,0,0,1.0,0.0,0.0
case_00115,416,0,0,none,none,0,0,1.0,0.0,0.0
case_00075,494,0,160,none,medium,0,1,0.0,-1.0,-1.0
case_00154,1,0,0,none,none,0,0,1.0,0.0,0.0
case_00134,129,0,0,none,none,0,0,1.0,0.0,0.0
case_00102,182,0,0,none,none,0,0,1.0,0.0,0.0
case_00194,25,0,142,none,medium,0,2,0.0,-1.0,-1.0
case_00102,440,0,0,none,none,0,0,1.0,0.0,0.0
case_00113,185,0,0,none,none,0,0,1.0,0.0,0.0
case_00014,293,0,0,none,none,0,0,1.0,0.0,0.0
case_00194,22,0,715,none,medium,0,1,0.0,-1.0,-1.0
case_00102,58,0,0,none,none,0,0,1.0,0.0,0.0
case_00033,192,109,124,medium,medium,1,1,0.8497854077253219,2.0,0.7734590803390136
case_00033,485,0,0,none,none,0,0,1.0,0.0,0.0
case_00161,74,0,414,none,medium,0,2,0.0,-1.0,-1.0
case_00079,174,0,0,none,none,0,0,1.0,0.0,0.0
case_00033,372,0,0,none,none,0,0,1.0,0.0,0.0
case_00133,207,0,0,none,none,0,0,1.0,0.0,0.0
case_00102,48,0,0,none,none,0,0,1.0,0.0,0.0
case_00194,421,0,685,none,medium,0,1,0.0,-1.0,-1.0
case_00113,378,1835,1916,large,large,1,1,0.9394828045854439,3.0,1.082521077413586
case_00161,96,0,0,none,none,0,0,1.0,0.0,0.0
case_00203,82,0,0,none,none,0,0,1.0,0.0,0.0
case_00203,58,0,0,none,none,0,0,1.0,0.0,0.0
case_00075,355,71,115,small,medium,1,1,0.7419354838709677,2.23606797749979,1.4136616206542936
case_00086,39,0,0,none,none,0,0,1.0,0.0,0.0
case_00102,19,0,0,none,none,0,0,1.0,0.0,0.0
case_00075,300,0,0,none,none,0,0,1.0,0.0,0.0
case_00125,360,0,0,none,none,0,0,1.0,0.0,0.0
case_00079,146,0,0,none,none,0,0,1.0,0.0,0.0
case_00075,214,0,0,none,none,0,0,1.0,0.0,0.0
case_00115,162,0,0,none,none,0,0,1.0,0.0,0.0
case_00102,337,2883,2972,large,large,2,1,0.962937660119556,3.0,0.6272759365023333
case_00161,150,452,503,medium,medium,1,1,0.9361256544502617,2.0,0.7066666666666667
case_00194,306,0,0,none,none,0,0,1.0,0.0,0.0
case_00079,397,1600,1710,large,large,1,1,0.9625377643504531,1.4142135623730951,0.7487487259571012
case_00125,374,0,0,none,none,0,0,1.0,0.0,0.0
case_00033,452,0,0,none,none,0,0,1.0,0.0,0.0
case_00079,353,1182,1219,large,large,1,1,0.9496043315285297,2.0,0.8542838320619068
case_00113,417,1671,1719,large,large,1,1,0.9427728613569322,3.2287687024627107,1.0317638912384333
case_00125,191,77,82,small,small,1,1,0.8930817610062893,1.1242640687119274,0.4774697523989652
case_00079,196,0,0,none,none,0,0,1.0,0.0,0.0
case_00203,266,0,0,none,none,0,0,1.0,0.0,0.0
case_00161,68,0,0,none,none,0,0,1.0,0.0,0.0
case_00079,280,0,0,none,none,0,0,1.0,0.0,0.0
case_00033,390,0,0,none,none,0,0,1.0,0.0,0.0
case_00134,458,0,0,none,none,0,0,1.0,0.0,0.0
case_00203,268,0,0,none,none,0,0,1.0,0.0,0.0
case_00194,88,0,0,none,none,0,0,1.0,0.0,0.0
case_00102,494,0,0,none,none,0,0,1.0,0.0,0.0
case_00154,319,230,266,medium,medium,1,1,0.907258064516129,2.23606797749979,0.7910143822614605
case_00086,324,0,0,none,none,0,0,1.0,0.0,0.0
case_00079,270,0,0,none,none,0,0,1.0,0.0,0.0
case_00194,366,0,0,none,none,0,0,1.0,0.0,0.0
case_00161,111,0,54,none,small,0,1,0.0,-1.0,-1.0
case_00102,237,0,420,none,medium,0,2,0.0,-1.0,-1.0
case_00203,295,0,0,none,none,0,0,1.0,0.0,0.0
case_00154,407,0,0,none,none,0,0,1.0,0.0,0.0
case_00102,291,0,0,none,none,0,0,1.0,0.0,0.0
case_00133,17,0,0,none,none,0,0,1.0,0.0,0.0
case_00134,7,0,1442,none,large,0,1,0.0,-1.0,-1.0
case_00203,236,0,0,none,none,0,0,1.0,0.0,0.0
case_00115,123,0,0,none,none,0,0,1.0,0.0,0.0
case_00086,374,3,0,small,none,1,0,0.0,-1.0,-1.0
case_00154,495,0,0,none,none,0,0,1.0,0.0,0.0
case_00102,296,319,479,medium,medium,5,2,0.7418546365914787,4.086173937932361,1.6417540838109819
case_00125,372,0,0,none,none,0,0,1.0,0.0,0.0
case_00113,445,0,52,none,small,0,1,0.0,-1.0,-1.0
case_00134,295,0,0,none,none,0,0,1.0,0.0,0.0
case_00134,263,0,0,none,none,0,0,1.0,0.0,0.0
case_00014,206,0,0,none,none,0,0,1.0,0.0,0.0
case_00033,416,0,0,none,none,0,0,1.0,0.0,0.0
case_00086,11,0,0,none,none,0,0,1.0,0.0,0.0
case_00161,274,0,0,none,none,0,0,1.0,0.0,0.0
case_00154,246,0,0,none,none,0,0,1.0,0.0,0.0
case_00115,202,0,0,none,none,0,0,1.0,0.0,0.0
case_00014,64,0,0,none,none,0,0,1.0,0.0,0.0
case_00134,94,0,0,none,none,0,0,1.0,0.0,0.0
case_00194,423,0,383,none,medium,0,1,0.0,-1.0,-1.0
case_00075,163,0,0,none,none,0,0,1.0,0.0,0.0
case_00014,425,0,0,none,none,0,0,1.0,0.0,0.0
case_00133,360,0,0,none,none,0,0,1.0,0.0,0.0
case_00115,138,0,0,none,none,0,0,1.0,0.0,0.0
case_00125,451,0,0,none,none,0,0,1.0,0.0,0.0
case_00154,236,0,0,none,none,0,0,1.0,0.0,0.0
case_00075,31,0,238,none,medium,0,1,0.0,-1.0,-1.0
case_00079,395,1610,1662,large,large,1,1,0.9688264058679706,1.4142135623730951,0.605991987758688
case_00115,273,0,0,none,none,0,0,1.0,0.0,0.0
case_00075,398,0,0,none,none,0,0,1.0,0.0,0.0
case_00194,406,0,160,none,medium,0,1,0.0,-1.0,-1.0
case_00203,103,0,0,none,none,0,0,1.0,0.0,0.0
case_00102,56,0,0,none,none,0,0,1.0,0.0,0.0
case_00113,31,0,6,none,small,0,1,0.0,-1.0,-1.0
case_00125,177,17,11,small,small,1,1,0.14285714285714285,3.605551275463989,1.4643470802648582
case_00203,271,0,0,none,none,0,0,1.0,0.0,0.0
case_00033,167,0,0,none,none,0,0,1.0,0.0,0.0
case_00161,169,0,0,none,none,0,0,1.0,0.0,0.0
case_00154,243,0,0,none,none,0,0,1.0,0.0,0.0
case_00203,80,0,0,none,none,0,0,1.0,0.0,0.0
case_00014,317,0,0,none,none,0,0,1.0,0.0,0.0
case_00014,421,0,554,none,medium,0,3,0.0,-1.0,-1.0
case_00113,305,0,0,none,none,0,0,1.0,0.0,0.0
case_00161,17,0,0,none,none,0,0,1.0,0.0,0.0
case_00154,126,0,0,none,none,0,0,1.0,0.0,0.0
case_00075,14,0,0,none,none,0,0,1.0,0.0,0.0
case_00125,497,0,0,none,none,0,0,1.0,0.0,0.0
case_00075,297,0,0,none,none,0,0,1.0,0.0,0.0
case_00154,470,0,368,none,medium,0,1,0.0,-1.0,-1.0
case_00133,46,0,0,none,none,0,0,1.0,0.0,0.0
case_00161,323,0,0,none,none,0,0,1.0,0.0,0.0
case_00113,504,0,462,none,medium,0,1,0.0,-1.0,-1.0
case_00033,511,0,3,none,small,0,1,0.0,-1.0,-1.0
case_00203,33,0,46,none,small,0,1,0.0,-1.0,-1.0
case_00115,420,0,0,none,none,0,0,1.0,0.0,0.0
case_00115,42,0,0,none,none,0,0,1.0,0.0,0.0
case_00115,64,0,0,none,none,0,0,1.0,0.0,0.0
case_00203,143,0,0,none,none,0,0,1.0,0.0,0.0
case_00086,221,0,0,none,none,0,0,1.0,0.0,0.0
case_00079,386,1618,1614,large,large,1,1,0.9616336633663366,2.0,0.725152665303373
case_00014,507,0,0,none,none,0,0,1.0,0.0,0.0
case_00125,211,0,0,none,none,0,0,1.0,0.0,0.0
case_00194,218,0,32,none,small,0,1,0.0,-1.0,-1.0
case_00014,121,0,0,none,none,0,0,1.0,0.0,0.0
case_00161,412,0,0,none,none,0,0,1.0,0.0,0.0
case_00203,44,0,15,none,small,0,1,0.0,-1.0,-1.0
case_00115,82,0,0,none,none,0,0,1.0,0.0,0.0
case_00115,152,0,0,none,none,0,0,1.0,0.0,0.0
case_00133,32,0,0,none,none,0,0,1.0,0.0,0.0
case_00134,77,0,6,none,small,0,1,0.0,-1.0,-1.0
case_00086,65,0,0,none,none,0,0,1.0,0.0,0.0
case_00125,220,0,0,none,none,0,0,1.0,0.0,0.0
case_00133,433,0,0,none,none,0,0,1.0,0.0,0.0
case_00134,98,0,0,none,none,0,0,1.0,0.0,0.0
case_00014,126,0,0,none,none,0,0,1.0,0.0,0.0
case_00102,310,1533,1597,large,large,2,3,0.9405750798722045,3.5390602331696326,1.0509220054641397
case_00079,129,0,0,none,none,0,0,1.0,0.0,0.0
case_00203,469,0,0,none,none,0,0,1.0,0.0,0.0
case_00203,435,0,0,none,none,0,0,1.0,0.0,0.0
case_00125,483,0,0,none,none,0,0,1.0,0.0,0.0
case_00134,312,0,0,none,none,0,0,1.0,0.0,0.0
case_00154,363,0,0,none,none,0,0,1.0,0.0,0.0
case_00161,129,187,206,medium,medium,1,1,0.8702290076335878,2.188854381999831,0.7802137527172334
case_00194,192,0,0,none,none,0,0,1.0,0.0,0.0
case_00133,459,0,0,none,none,0,0,1.0,0.0,0.0
case_00115,400,0,0,none,none,0,0,1.0,0.0,0.0
case_00125,322,0,0,none,none,0,0,1.0,0.0,0.0
case_00133,399,0,0,none,none,0,0,1.0,0.0,0.0
case_00113,259,0,0,none,none,0,0,1.0,0.0,0.0
case_00102,453,0,181,none,medium,0,2,0.0,-1.0,-1.0
case_00075,185,0,0,none,none,0,0,1.0,0.0,0.0
case_00133,80,0,1,none,small,0,1,0.0,-1.0,-1.0
case_00194,356,0,1,none,small,0,1,0.0,-1.0,-1.0
case_00125,357,0,0,none,none,0,0,1.0,0.0,0.0
case_00086,130,0,0,none,none,0,0,1.0,0.0,0.0
case_00014,487,0,0,none,none,0,0,1.0,0.0,0.0
case_00113,197,0,0,none,none,0,0,1.0,0.0,0.0
case_00113,323,119,176,medium,medium,1,1,0.7728813559322034,3.0,1.29155516192605
case_00115,1,0,0,none,none,0,0,1.0,0.0,0.0
case_00115,413,0,27,none,small,0,1,0.0,-1.0,-1.0
case_00134,81,0,5,none,small,0,1,0.0,-1.0,-1.0
case_00134,35,0,0,none,none,0,0,1.0,0.0,0.0
case_00079,427,1156,1262,large,large,1,1,0.9478908188585607,2.23606797749979,0.8168224045932189
case_00194,235,0,0,none,none,0,0,1.0,0.0,0.0
case_00161,503,0,0,none,none,0,0,1.0,0.0,0.0
case_00161,350,0,0,none,none,0,0,1.0,0.0,0.0
case_00194,231,0,0,none,none,0,0,1.0,0.0,0.0
case_00161,98,0,310,none,medium,0,1,0.0,-1.0,-1.0
case_00194,379,0,199,none,medium,0,2,0.0,-1.0,-1.0
case_00203,234,0,0,none,none,0,0,1.0,0.0,0.0
case_00203,279,0,0,none,none,0,0,1.0,0.0,0.0
case_00194,50,0,381,none,medium,0,1,0.0,-1.0,-1.0
case_00125,439,0,0,none,none,0,0,1.0,0.0,0.0
case_00113,263,0,0,none,none,0,0,1.0,0.0,0.0
case_00102,471,0,479,none,medium,0,1,0.0,-1.0,-1.0
case_00113,249,0,0,none,none,0,0,1.0,0.0,0.0
case_00075,175,0,0,none,none,0,0,1.0,0.0,0.0
case_00033,459,0,0,none,none,0,0,1.0,0.0,0.0
case_00134,323,82,31,small,small,1,1,0.5132743362831859,3.605551275463989,0.7461006164715044
case_00194,125,0,0,none,none,0,0,1.0,0.0,0.0
case_00194,339,0,174,none,medium,0,1,0.0,-1.0,-1.0
case_00194,113,0,0,none,none,0,0,1.0,0.0,0.0
case_00033,110,0,0,none,none,0,0,1.0,0.0,0.0
case_00014,15,0,0,none,none,0,0,1.0,0.0,0.0
case_00161,278,0,0,none,none,0,0,1.0,0.0,0.0
case_00113,6,0,0,none,none,0,0,1.0,0.0,0.0
case_00033,25,0,0,none,none,0,0,1.0,0.0,0.0
case_00086,403,262,291,medium,medium,1,1,0.9367088607594937,1.4142135623730951,0.562800511787664
case_00203,288,0,0,none,none,0,0,1.0,0.0,0.0
case_00075,302,0,0,none,none,0,0,1.0,0.0,0.0
case_00113,37,0,0,none,none,0,0,1.0,0.0,0.0
case_00079,201,0,0,none,none,0,0,1.0,0.0,0.0
case_00134,360,763,786,medium,medium,1,1,0.9515816655907037,2.0,0.5929203539823009
case_00161,155,386,426,medium,medium,1,1,0.9039408866995073,2.23606797749979,0.855072463768116
case_00133,254,0,0,none,none,0,0,1.0,0.0,0.0
case_00102,98,0,0,none,none,0,0,1.0,0.0,0.0
case_00125,288,0,0,none,none,0,0,1.0,0.0,0.0
case_00125,195,56,66,small,small,1,1,0.8524590163934426,2.0,0.6025798040898392
case_00113,481,0,0,none,none,0,0,1.0,0.0,0.0
case_00014,125,0,0,none,none,0,0,1.0,0.0,0.0
case_00079,52,0,0,none,none,0,0,1.0,0.0,0.0
case_00033,77,0,0,none,none,0,0,1.0,0.0,0.0
case_00079,91,0,0,none,none,0,0,1.0,0.0,0.0
case_00194,384,0,307,none,medium,0,1,0.0,-1.0,-1.0
case_00102,38,0,415,none,medium,0,1,0.0,-1.0,-1.0
case_00113,142,0,0,none,none,0,0,1.0,0.0,0.0
case_00102,341,3095,3229,large,large,2,1,0.9566729917773561,2.9571067811865475,0.7788822375537097
case_00086,285,0,0,none,none,0,0,1.0,0.0,0.0
case_00125,43,0,112,none,medium,0,2,0.0,-1.0,-1.0
case_00154,493,0,0,none,none,0,0,1.0,0.0,0.0
case_00014,475,0,13,none,small,0,1,0.0,-1.0,-1.0
case_00113,457,0,268,none,medium,0,1,0.0,-1.0,-1.0
case_00203,174,0,0,none,none,0,0,1.0,0.0,0.0
case_00033,444,0,0,none,none,0,0,1.0,0.0,0.0
case_00079,156,0,0,none,none,0,0,1.0,0.0,0.0
case_00125,10,0,0,none,none,0,0,1.0,0.0,0.0
case_00086,265,0,0,none,none,0,0,1.0,0.0,0.0
case_00086,342,0,0,none,none,0,0,1.0,0.0,0.0
case_00133,121,31,37,small,small,1,1,0.8235294117647058,1.4142135623730951,0.5436847463011344
case_00194,1,0,0,none,none,0,0,1.0,0.0,0.0
case_00086,64,0,0,none,none,0,0,1.0,0.0,0.0
case_00125,328,0,0,none,none,0,0,1.0,0.0,0.0
case_00194,183,0,0,none,none,0,0,1.0,0.0,0.0
case_00079,112,0,0,none,none,0,0,1.0,0.0,0.0
case_00115,158,0,0,none,none,0,0,1.0,0.0,0.0
case_00161,424,0,0,none,none,0,0,1.0,0.0,0.0
case_00115,107,0,0,none,none,0,0,1.0,0.0,0.0
case_00194,259,0,0,none,none,0,0,1.0,0.0,0.0
case_00203,145,0,0,none,none,0,0,1.0,0.0,0.0
case_00134,232,0,0,none,none,0,0,1.0,0.0,0.0
case_00194,370,0,0,none,none,0,0,1.0,0.0,0.0
case_00033,370,0,0,none,none,0,0,1.0,0.0,0.0
case_00203,346,0,0,none,none,0,0,1.0,0.0,0.0
case_00134,402,0,0,none,none,0,0,1.0,0.0,0.0
case_00125,395,0,36,none,small,0,3,0.0,-1.0,-1.0
case_00075,490,0,569,none,medium,0,1,0.0,-1.0,-1.0
case_00134,410,0,54,none,small,0,1,0.0,-1.0,-1.0
case_00014,162,0,0,none,none,0,0,1.0,0.0,0.0
case_00102,103,0,32,none,small,0,1,0.0,-1.0,-1.0
case_00079,449,543,588,medium,medium,1,1,0.9531388152077808,1.0,0.45454545454545453
case_00033,13,0,0,none,none,0,0,1.0,0.0,0.0
case_00194,475,0,0,none,none,0,0,1.0,0.0,0.0
case_00033,404,0,0,none,none,0,0,1.0,0.0,0.0
case_00194,431,0,64,none,small,0,1,0.0,-1.0,-1.0
case_00075,142,0,0,none,none,0,0,1.0,0.0,0.0
case_00014,339,0,0,none,none,0,0,1.0,0.0,0.0
case_00133,117,0,0,none,none,0,0,1.0,0.0,0.0
case_00115,462,0,0,none,none,0,0,1.0,0.0,0.0
case_00134,225,0,0,none,none,0,0,1.0,0.0,0.0
case_00115,483,0,0,none,none,0,0,1.0,0.0,0.0
case_00115,440,0,0,none,none,0,0,1.0,0.0,0.0
case_00079,437,887,943,medium,medium,2,1,0.9508196721311475,2.0,0.647080117933679
case_00075,239,0,0,none,none,0,0,1.0,0.0,0.0
case_00154,132,0,0,none,none,0,0,1.0,0.0,0.0
case_00154,473,0,0,none,none,0,0,1.0,0.0,0.0
case_00194,70,0,128,none,medium,0,2,0.0,-1.0,-1.0
case_00125,114,0,0,none,none,0,0,1.0,0.0,0.0
case_00161,215,0,0,none,none,0,0,1.0,0.0,0.0
case_00125,362,0,0,none,none,0,0,1.0,0.0,0.0
case_00033,113,0,0,none,none,0,0,1.0,0.0,0.0
case_00125,206,0,0,none,none,0,0,1.0,0.0,0.0
case_00133,284,0,0,none,none,0,0,1.0,0.0,0.0
case_00154,25,0,0,none,none,0,0,1.0,0.0,0.0
case_00033,1,0,0,none,none,0,0,1.0,0.0,0.0
case_00194,210,0,0,none,none,0,0,1.0,0.0,0.0
case_00079,276,0,0,none,none,0,0,1.0,0.0,0.0
case_00014,235,0,0,none,none,0,0,1.0,0.0,0.0
case_00125,274,0,0,none,none,0,0,1.0,0.0,0.0
case_00125,342,0,0,none,none,0,0,1.0,0.0,0.0
case_00194,214,0,0,none,none,0,0,1.0,0.0,0.0
case_00075,242,0,0,none,none,0,0,1.0,0.0,0.0
case_00014,403,0,4,none,small,0,1,0.0,-1.0,-1.0
case_00102,80,0,14,none,small,0,1,0.0,-1.0,-1.0
case_00113,446,0,15,none,small,0,3,0.0,-1.0,-1.0
case_00161,232,0,0,none,none,0,0,1.0,0.0,0.0
case_00086,136,0,0,none,none,0,0,1.0,0.0,0.0
case_00203,1,0,0,none,none,0,0,1.0,0.0,0.0
case_00125,295,0,0,none,none,0,0,1.0,0.0,0.0
case_00125,456,0,0,none,none,0,0,1.0,0.0,0.0
case_00133,466,0,0,none,none,0,0,1.0,0.0,0.0
case_00125,493,0,0,none,none,0,0,1.0,0.0,0.0
case_00075,442,0,0,none,none,0,0,1.0,0.0,0.0
case_00154,112,0,0,none,none,0,0,1.0,0.0,0.0
case_00079,351,1122,1131,large,large,1,1,0.9507323568575233,2.0,0.7721313273626703
case_00014,367,0,0,none,none,0,0,1.0,0.0,0.0
case_00102,305,1140,1210,large,large,4,1,0.9395744680851064,2.0,0.6856105698705407
case_00134,481,0,493,none,medium,0,2,0.0,-1.0,-1.0
case_00115,450,0,0,none,none,0,0,1.0,0.0,0.0
case_00125,432,0,0,none,none,0,0,1.0,0.0,0.0
case_00115,449,0,0,none,none,0,0,1.0,0.0,0.0
case_00125,268,0,0,none,none,0,0,1.0,0.0,0.0
case_00102,250,0,593,none,medium,0,2,0.0,-1.0,-1.0
case_00113,291,0,0,none,none,0,0,1.0,0.0,0.0
case_00079,124,0,0,none,none,0,0,1.0,0.0,0.0
case_00161,35,0,0,none,none,0,0,1.0,0.0,0.0
case_00203,328,0,0,none,none,0,0,1.0,0.0,0.0
case_00086,10,0,0,none,none,0,0,1.0,0.0,0.0
case_00134,353,851,1024,medium,large,1,1,0.9056,3.605551275463989,1.322630533034977
case_00014,158,0,0,none,none,0,0,1.0,0.0,0.0
case_00075,269,0,0,none,none,0,0,1.0,0.0,0.0
case_00014,482,0,0,none,none,0,0,1.0,0.0,0.0
case_00079,364,1459,1500,large,large,1,1,0.9692463670158837,2.0,0.5498301348405211
case_00161,57,0,363,none,medium,0,1,0.0,-1.0,-1.0
case_00079,347,993,1025,medium,large,1,1,0.9603567888999008,2.0,0.6134687005940295
case_00079,126,0,0,none,none,0,0,1.0,0.0,0.0
case_00203,150,0,0,none,none,0,0,1.0,0.0,0.0
case_00133,309,0,0,none,none,0,0,1.0,0.0,0.0
case_00102,398,2304,2461,large,large,1,1,0.9607555089192025,2.23606797749979,0.9006163897820698
case_00154,304,0,0,none,none,0,0,1.0,0.0,0.0
case_00102,181,0,0,none,none,0,0,1.0,0.0,0.0
case_00014,149,0,0,none,none,0,0,1.0,0.0,0.0
case_00115,279,0,0,none,none,0,0,1.0,0.0,0.0
case_00203,53,0,0,none,none,0,0,1.0,0.0,0.0
case_00033,402,0,0,none,none,0,0,1.0,0.0,0.0
case_00086,95,0,0,none,none,0,0,1.0,0.0,0.0
case_00079,482,0,0,none,none,0,0,1.0,0.0,0.0
case_00079,232,0,0,none,none,0,0,1.0,0.0,0.0
case_00075,230,0,0,none,none,0,0,1.0,0.0,0.0
case_00115,435,0,0,none,none,0,0,1.0,0.0,0.0
case_00079,195,0,0,none,none,0,0,1.0,0.0,0.0
case_00014,26,0,0,none,none,0,0,1.0,0.0,0.0
case_00086,418,0,4,none,small,0,1,0.0,-1.0,-1.0
case_00134,209,0,0,none,none,0,0,1.0,0.0,0.0
case_00086,299,0,0,none,none,0,0,1.0,0.0,0.0
case_00033,418,0,0,none,none,0,0,1.0,0.0,0.0
case_00086,52,0,0,none,none,0,0,1.0,0.0,0.0
case_00079,320,0,0,none,none,0,0,1.0,0.0,0.0
case_00102,33,0,439,none,medium,0,2,0.0,-1.0,-1.0
case_00086,108,0,0,none,none,0,0,1.0,0.0,0.0
case_00033,320,0,0,none,none,0,0,1.0,0.0,0.0
case_00125,200,29,13,small,small,1,1,0.6190476190476191,2.0,0.7126903958192328
case_00125,437,0,0,none,none,0,0,1.0,0.0,0.0
case_00134,394,0,0,none,none,0,0,1.0,0.0,0.0
case_00102,436,0,0,none,none,0,0,1.0,0.0,0.0
case_00125,384,0,0,none,none,0,0,1.0,0.0,0.0
case_00154,119,0,0,none,none,0,0,1.0,0.0,0.0
case_00203,281,0,0,none,none,0,0,1.0,0.0,0.0
case_00161,325,0,0,none,none,0,0,1.0,0.0,0.0
case_00125,236,0,0,none,none,0,0,1.0,0.0,0.0
case_00115,223,0,0,none,none,0,0,1.0,0.0,0.0
case_00079,340,710,702,medium,medium,1,1,0.9475920679886686,2.0,0.5552158827232931
case_00194,326,0,196,none,medium,0,1,0.0,-1.0,-1.0
case_00033,399,0,0,none,none,0,0,1.0,0.0,0.0
case_00203,112,0,0,none,none,0,0,1.0,0.0,0.0
case_00203,318,0,0,none,none,0,0,1.0,0.0,0.0
case_00203,433,0,0,none,none,0,0,1.0,0.0,0.0
case_00014,406,0,171,none,medium,0,1,0.0,-1.0,-1.0
case_00203,299,0,0,none,none,0,0,1.0,0.0,0.0
case_00102,410,1089,1210,large,large,1,1,0.9177903436276642,3.605551275463989,1.05266266652437
case_00125,368,0,0,none,none,0,0,1.0,0.0,0.0
case_00033,358,0,0,none,none,0,0,1.0,0.0,0.0
case_00033,497,0,0,none,none,0,0,1.0,0.0,0.0
case_00086,503,0,0,none,none,0,0,1.0,0.0,0.0
case_00086,122,0,0,none,none,0,0,1.0,0.0,0.0
case_00115,479,0,0,none,none,0,0,1.0,0.0,0.0
case_00086,105,0,0,none,none,0,0,1.0,0.0,0.0
case_00033,158,0,0,none,none,0,0,1.0,0.0,0.0
case_00102,347,3391,3508,large,large,1,1,0.9688360631975649,3.605551275463989,0.6141016104987936
case_00134,86,0,0,none,none,0,0,1.0,0.0,0.0
case_00154,183,0,0,none,none,0,0,1.0,0.0,0.0
case_00161,116,0,0,none,none,0,0,1.0,0.0,0.0
case_00033,207,0,0,none,none,0,0,1.0,0.0,0.0
case_00079,267,0,0,none,none,0,0,1.0,0.0,0.0
case_00125,214,0,0,none,none,0,0,1.0,0.0,0.0
case_00033,151,0,0,none,none,0,0,1.0,0.0,0.0
case_00075,382,0,0,none,none,0,0,1.0,0.0,0.0
case_00115,466,0,0,none,none,0,0,1.0,0.0,0.0
case_00115,254,0,0,none,none,0,0,1.0,0.0,0.0
case_00194,399,0,86,none,small,0,1,0.0,-1.0,-1.0
case_00079,380,1589,1656,large,large,1,1,0.9713405238828967,1.4142135623730951,0.5290321078731856
case_00079,484,0,0,none,none,0,0,1.0,0.0,0.0
case_00134,128,0,0,none,none,0,0,1.0,0.0,0.0
case_00134,436,0,215,none,medium,0,5,0.0,-1.0,-1.0
case_00075,365,0,0,none,none,0,0,1.0,0.0,0.0
case_00194,102,0,0,none,none,0,0,1.0,0.0,0.0
case_00115,437,0,0,none,none,0,0,1.0,0.0,0.0
case_00161,372,0,0,none,none,0,0,1.0,0.0,0.0
case_00113,299,0,0,none,none,0,0,1.0,0.0,0.0
case_00161,298,0,0,none,none,0,0,1.0,0.0,0.0
case_00125,54,0,0,none,none,0,0,1.0,0.0,0.0
case_00154,68,0,0,none,none,0,0,1.0,0.0,0.0
case_00115,122,0,0,none,none,0,0,1.0,0.0,0.0
case_00133,94,0,0,none,none,0,0,1.0,0.0,0.0
case_00033,41,0,0,none,none,0,0,1.0,0.0,0.0
case_00161,5,0,0,none,none,0,0,1.0,0.0,0.0
case_00134,186,0,0,none,none,0,0,1.0,0.0,0.0
case_00075,39,0,56,none,small,0,1,0.0,-1.0,-1.0
case_00203,221,0,0,none,none,0,0,1.0,0.0,0.0
case_00154,441,0,0,none,none,0,0,1.0,0.0,0.0
case_00113,97,0,0,none,none,0,0,1.0,0.0,0.0
case_00154,172,0,0,none,none,0,0,1.0,0.0,0.0
case_00033,11,0,0,none,none,0,0,1.0,0.0,0.0
case_00086,325,0,0,none,none,0,0,1.0,0.0,0.0
case_00086,22,0,0,none,none,0,0,1.0,0.0,0.0
case_00115,303,0,0,none,none,0,0,1.0,0.0,0.0
case_00014,86,0,518,none,medium,0,1,0.0,-1.0,-1.0
case_00203,327,0,0,none,none,0,0,1.0,0.0,0.0
case_00086,80,0,0,none,none,0,0,1.0,0.0,0.0
case_00102,206,0,0,none,none,0,0,1.0,0.0,0.0
case_00194,377,0,156,none,medium,0,2,0.0,-1.0,-1.0
case_00086,269,0,0,none,none,0,0,1.0,0.0,0.0
case_00075,138,0,0,none,none,0,0,1.0,0.0,0.0
case_00113,419,1556,1622,large,large,1,1,0.933920704845815,3.0,1.1981326602722728
case_00102,86,0,43,none,small,0,1,0.0,-1.0,-1.0
case_00154,394,0,0,none,none,0,0,1.0,0.0,0.0
case_00133,152,523,533,medium,medium,1,1,0.9450757575757576,2.0,0.6385722963598955
case_00014,394,0,0,none,none,0,0,1.0,0.0,0.0
case_00079,219,0,0,none,none,0,0,1.0,0.0,0.0
case_00102,363,3802,3890,large,large,1,1,0.9810192407696308,1.4142135623730951,0.5992570173455997
case_00133,292,0,0,none,none,0,0,1.0,0.0,0.0
case_00075,304,0,0,none,none,0,0,1.0,0.0,0.0
case_00154,439,0,0,none,none,0,0,1.0,0.0,0.0
case_00161,471,0,0,none,none,0,0,1.0,0.0,0.0
case_00134,374,231,237,medium,medium,1,1,0.9145299145299145,2.0,0.484375
case_00102,195,0,0,none,none,0,0,1.0,0.0,0.0
case_00086,224,0,0,none,none,0,0,1.0,0.0,0.0
case_00154,62,0,28,none,small,0,1,0.0,-1.0,-1.0
case_00125,336,0,0,none,none,0,0,1.0,0.0,0.0
case_00113,360,967,1199,medium,large,1,1,0.8781163434903048,5.0,1.4355046439384893
case_00134,482,0,0,none,none,0,0,1.0,0.0,0.0
case_00014,83,0,169,none,medium,0,1,0.0,-1.0,-1.0
case_00113,363,1081,1369,large,large,1,1,0.8718367346938776,6.0,1.7307044045023434
case_00014,409,0,153,none,medium,0,1,0.0,-1.0,-1.0
case_00134,28,0,0,none,none,0,0,1.0,0.0,0.0
case_00134,228,0,59,none,small,0,1,0.0,-1.0,-1.0
case_00154,146,0,0,none,none,0,0,1.0,0.0,0.0
case_00161,309,0,0,none,none,0,0,1.0,0.0,0.0
case_00113,56,0,0,none,none,0,0,1.0,0.0,0.0
case_00113,180,0,0,none,none,0,0,1.0,0.0,0.0
case_00203,69,0,0,none,none,0,0,1.0,0.0,0.0
case_00154,420,0,304,none,medium,0,2,0.0,-1.0,-1.0
case_00203,347,0,0,none,none,0,0,1.0,0.0,0.0
case_00079,194,0,0,none,none,0,0,1.0,0.0,0.0
case_00075,42,0,0,none,none,0,0,1.0,0.0,0.0
case_00102,141,0,0,none,none,0,0,1.0,0.0,0.0
case_00102,57,0,0,none,none,0,0,1.0,0.0,0.0
case_00086,481,0,0,none,none,0,0,1.0,0.0,0.0
case_00079,116,0,0,none,none,0,0,1.0,0.0,0.0
case_00194,4,0,0,none,none,0,0,1.0,0.0,0.0
case_00075,272,0,0,none,none,0,0,1.0,0.0,0.0
case_00203,273,0,0,none,none,0,0,1.0,0.0,0.0
case_00014,11,0,0,none,none,0,0,1.0,0.0,0.0
case_00033,440,0,0,none,none,0,0,1.0,0.0,0.0
case_00134,352,856,943,medium,medium,1,1,0.9449694274596998,2.0,0.7309324970452455
case_00086,493,0,0,none,none,0,0,1.0,0.0,0.0
case_00086,437,0,0,none,none,0,0,1.0,0.0,0.0
case_00115,231,0,0,none,none,0,0,1.0,0.0,0.0
case_00134,306,0,0,none,none,0,0,1.0,0.0,0.0
case_00134,399,0,0,none,none,0,0,1.0,0.0,0.0
case_00086,341,0,0,none,none,0,0,1.0,0.0,0.0
case_00086,433,0,0,none,none,0,0,1.0,0.0,0.0
case_00134,388,0,0,none,none,0,0,1.0,0.0,0.0
case_00125,294,0,0,none,none,0,0,1.0,0.0,0.0
case_00033,506,0,282,none,medium,0,1,0.0,-1.0,-1.0
case_00154,280,0,0,none,none,0,0,1.0,0.0,0.0
case_00033,502,0,16,none,small,0,1,0.0,-1.0,-1.0
case_00161,104,0,0,none,none,0,0,1.0,0.0,0.0
case_00113,78,0,0,none,none,0,0,1.0,0.0,0.0
case_00161,197,0,0,none,none,0,0,1.0,0.0,0.0
case_00154,151,0,0,none,none,0,0,1.0,0.0,0.0
case_00115,201,0,0,none,none,0,0,1.0,0.0,0.0
case_00203,19,0,0,none,none,0,0,1.0,0.0,0.0
case_00194,230,0,0,none,none,0,0,1.0,0.0,0.0
case_00014,33,0,0,none,none,0,0,1.0,0.0,0.0
case_00161,306,0,0,none,none,0,0,1.0,0.0,0.0
case_00075,224,0,0,none,none,0,0,1.0,0.0,0.0
case_00033,425,0,0,none,none,0,0,1.0,0.0,0.0
case_00014,379,0,0,none,none,0,0,1.0,0.0,0.0
case_00194,57,0,260,none,medium,0,1,0.0,-1.0,-1.0
case_00194,188,0,0,none,none,0,0,1.0,0.0,0.0
case_00113,218,0,0,none,none,0,0,1.0,0.0,0.0
case_00133,407,0,0,none,none,0,0,1.0,0.0,0.0
case_00113,267,0,0,none,none,0,0,1.0,0.0,0.0
case_00154,75,0,0,none,none,0,0,1.0,0.0,0.0
case_00014,27,0,0,none,none,0,0,1.0,0.0,0.0
case_00033,56,0,0,none,none,0,0,1.0,0.0,0.0
case_00194,275,0,0,none,none,0,0,1.0,0.0,0.0
case_00134,366,611,648,medium,medium,1,1,0.9547259729944401,1.4142135623730951,0.43
case_00161,344,0,0,none,none,0,0,1.0,0.0,0.0
case_00133,487,0,232,none,medium,0,1,0.0,-1.0,-1.0
case_00115,160,0,0,none,none,0,0,1.0,0.0,0.0
case_00154,213,0,0,none,none,0,0,1.0,0.0,0.0
case_00079,387,1610,1605,large,large,1,1,0.959253499222395,2.0,0.7444984271527956
case_00203,2,0,0,none,none,0,0,1.0,0.0,0.0
case_00154,110,0,0,none,none,0,0,1.0,0.0,0.0
case_00079,321,0,0,none,none,0,0,1.0,0.0,0.0
case_00161,318,0,0,none,none,0,0,1.0,0.0,0.0
case_00203,417,56,80,small,small,1,1,0.8235294117647058,1.1863961030678911,0.8300943102542602
case_00079,278,0,0,none,none,0,0,1.0,0.0,0.0
case_00154,453,0,0,none,none,0,0,1.0,0.0,0.0
case_00014,130,0,0,none,none,0,0,1.0,0.0,0.0
case_00133,48,0,0,none,none,0,0,1.0,0.0,0.0
case_00133,400,0,0,none,none,0,0,1.0,0.0,0.0
case_00125,250,0,0,none,none,0,0,1.0,0.0,0.0
case_00125,447,0,0,none,none,0,0,1.0,0.0,0.0
case_00102,457,0,182,none,medium,0,1,0.0,-1.0,-1.0
case_00203,344,0,0,none,none,0,0,1.0,0.0,0.0
case_00115,195,0,0,none,none,0,0,1.0,0.0,0.0
case_00194,198,0,0,none,none,0,0,1.0,0.0,0.0
case_00203,70,0,0,none,none,0,0,1.0,0.0,0.0
case_00079,473,0,0,none,none,0,0,1.0,0.0,0.0
case_00014,328,0,0,none,none,0,0,1.0,0.0,0.0
case_00113,241,0,0,none,none,0,0,1.0,0.0,0.0
case_00161,82,0,56,none,small,0,2,0.0,-1.0,-1.0
case_00086,21,0,0,none,none,0,0,1.0,0.0,0.0
case_00079,199,0,0,none,none,0,0,1.0,0.0,0.0
case_00125,138,0,0,none,none,0,0,1.0,0.0,0.0
case_00133,419,0,0,none,none,0,0,1.0,0.0,0.0
case_00203,122,0,0,none,none,0,0,1.0,0.0,0.0
case_00115,184,0,0,none,none,0,0,1.0,0.0,0.0
case_00079,390,1603,1658,large,large,1,1,0.9622815087396505,2.0,0.7440623538696647
case_00075,37,0,0,none,none,0,0,1.0,0.0,0.0
case_00033,457,0,0,none,none,0,0,1.0,0.0,0.0
case_00115,429,0,0,none,none,0,0,1.0,0.0,0.0
case_00125,149,0,0,none,none,0,0,1.0,0.0,0.0
case_00194,147,0,0,none,none,0,0,1.0,0.0,0.0
case_00079,286,0,0,none,none,0,0,1.0,0.0,0.0
case_00125,115,0,0,none,none,0,0,1.0,0.0,0.0
case_00086,508,0,0,none,none,0,0,1.0,0.0,0.0
case_00115,209,0,0,none,none,0,0,1.0,0.0,0.0
case_00154,315,160,176,medium,medium,1,1,0.9166666666666666,1.0,0.5642824346533225
case_00194,281,0,0,none,none,0,0,1.0,0.0,0.0
case_00134,412,0,18,none,small,0,1,0.0,-1.0,-1.0
case_00113,487,0,0,none,none,0,0,1.0,0.0,0.0
case_00154,51,0,0,none,none,0,0,1.0,0.0,0.0
case_00075,368,0,0,none,none,0,0,1.0,0.0,0.0
case_00086,395,280,293,medium,medium,1,1,0.9458987783595113,1.4142135623730951,0.4495929646178527
case_00154,86,0,0,none,none,0,0,1.0,0.0,0.0
case_00086,501,0,0,none,none,0,0,1.0,0.0,0.0
case_00203,511,0,223,none,medium,0,1,0.0,-1.0,-1.0
case_00203,62,0,0,none,none,0,0,1.0,0.0,0.0
case_00079,289,0,0,none,none,0,0,1.0,0.0,0.0
case_00134,164,0,0,none,none,0,0,1.0,0.0,0.0
case_00134,103,0,0,none,none,0,0,1.0,0.0,0.0
case_00115,434,0,0,none,none,0,0,1.0,0.0,0.0
case_00079,53,0,2,none,small,0,1,0.0,-1.0,-1.0
case_00115,464,0,0,none,none,0,0,1.0,0.0,0.0
case_00102,225,0,0,none,none,0,0,1.0,0.0,0.0
case_00115,452,0,0,none,none,0,0,1.0,0.0,0.0
case_00154,321,256,299,medium,medium,1,1,0.9225225225225225,2.0,0.7162881951709859
case_00033,95,0,0,none,none,0,0,1.0,0.0,0.0
case_00115,224,0,0,none,none,0,0,1.0,0.0,0.0
case_00203,465,0,0,none,none,0,0,1.0,0.0,0.0
case_00079,440,808,855,medium,medium,1,1,0.9645219482862297,1.4142135623730951,0.4283030572406186
case_00134,219,0,0,none,none,0,0,1.0,0.0,0.0
case_00086,92,0,0,none,none,0,0,1.0,0.0,0.0
case_00154,438,0,0,none,none,0,0,1.0,0.0,0.0
case_00134,246,0,0,none,none,0,0,1.0,0.0,0.0
case_00115,478,0,0,none,none,0,0,1.0,0.0,0.0
case_00134,427,0,1229,none,large,0,1,0.0,-1.0,-1.0
case_00194,197,0,0,none,none,0,0,1.0,0.0,0.0
case_00086,110,0,0,none,none,0,0,1.0,0.0,0.0
case_00134,367,566,578,medium,medium,1,1,0.9597902097902098,1.0,0.40625
case_00134,44,0,1140,none,large,0,1,0.0,-1.0,-1.0
case_00125,469,0,1032,none,large,0,1,0.0,-1.0,-1.0
case_00161,396,0,0,none,none,0,0,1.0,0.0,0.0
case_00161,251,0,0,none,none,0,0,1.0,0.0,0.0
case_00086,180,0,0,none,none,0,0,1.0,0.0,0.0
case_00079,125,0,0,none,none,0,0,1.0,0.0,0.0
case_00115,116,0,0,none,none,0,0,1.0,0.0,0.0
case_00075,371,0,0,none,none,0,0,1.0,0.0,0.0
case_00102,209,0,0,none,none,0,0,1.0,0.0,0.0
case_00154,102,0,263,none,medium,0,1,0.0,-1.0,-1.0
case_00161,200,0,0,none,none,0,0,1.0,0.0,0.0
case_00154,227,0,0,none,none,0,0,1.0,0.0,0.0
case_00125,255,0,0,none,none,0,0,1.0,0.0,0.0
case_00203,4,0,0,none,none,0,0,1.0,0.0,0.0
case_00203,213,0,0,none,none,0,0,1.0,0.0,0.0
case_00075,249,0,0,none,none,0,0,1.0,0.0,0.0
case_00134,40,0,562,none,medium,0,2,0.0,-1.0,-1.0
case_00194,407,0,3,none,small,0,1,0.0,-1.0,-1.0
case_00203,64,0,0,none,none,0,0,1.0,0.0,0.0
case_00134,9,0,44,none,small,0,1,0.0,-1.0,-1.0
case_00014,432,0,403,none,medium,0,1,0.0,-1.0,-1.0
case_00014,194,0,0,none,none,0,0,1.0,0.0,0.0
case_00014,279,0,0,none,none,0,0,1.0,0.0,0.0
case_00133,15,0,0,none,none,0,0,1.0,0.0,0.0
case_00134,170,0,0,none,none,0,0,1.0,0.0,0.0
case_00115,428,0,0,none,none,0,0,1.0,0.0,0.0
case_00086,405,246,269,medium,medium,1,1,0.9514563106796117,1.0,0.47058823529411764
case_00033,368,0,0,none,none,0,0,1.0,0.0,0.0
case_00134,255,0,0,none,none,0,0,1.0,0.0,0.0
case_00134,318,0,0,none,none,0,0,1.0,0.0,0.0
case_00014,70,0,0,none,none,0,0,1.0,0.0,0.0
case_00113,425,1302,1385,large,large,1,1,0.9534797171566803,2.38415776431139,0.78125
case_00075,273,0,0,none,none,0,0,1.0,0.0,0.0
case_00014,325,0,0,none,none,0,0,1.0,0.0,0.0
case_00134,249,0,0,none,none,0,0,1.0,0.0,0.0
case_00014,420,0,0,none,none,0,0,1.0,0.0,0.0
case_00086,195,0,0,none,none,0,0,1.0,0.0,0.0
case_00133,299,0,0,none,none,0,0,1.0,0.0,0.0
case_00161,421,0,0,none,none,0,0,1.0,0.0,0.0
case_00133,128,173,191,medium,medium,1,1,0.945054945054945,1.0,0.4384336562469785
case_00079,152,0,0,none,none,0,0,1.0,0.0,0.0
case_00115,43,0,0,none,none,0,0,1.0,0.0,0.0
case_00203,46,0,65,none,small,0,1,0.0,-1.0,-1.0
case_00113,138,0,0,none,none,0,0,1.0,0.0,0.0
case_00161,29,0,0,none,none,0,0,1.0,0.0,0.0
case_00133,237,0,0,none,none,0,0,1.0,0.0,0.0
case_00115,197,0,0,none,none,0,0,1.0,0.0,0.0
case_00194,78,0,0,none,none,0,0,1.0,0.0,0.0
case_00014,296,0,0,none,none,0,0,1.0,0.0,0.0
case_00125,315,0,0,none,none,0,0,1.0,0.0,0.0
case_00079,308,0,0,none,none,0,0,1.0,0.0,0.0
case_00113,114,0,0,none,none,0,0,1.0,0.0,0.0
case_00161,248,0,0,none,none,0,0,1.0,0.0,0.0
case_00133,136,341,384,medium,medium,1,1,0.9048275862068965,2.23606797749979,0.9000276924465133
case_00134,240,0,0,none,none,0,0,1.0,0.0,0.0
case_00115,232,0,0,none,none,0,0,1.0,0.0,0.0
case_00134,173,0,0,none,none,0,0,1.0,0.0,0.0
case_00115,397,0,0,none,none,0,0,1.0,0.0,0.0
case_00203,340,0,0,none,none,0,0,1.0,0.0,0.0
case_00161,380,0,0,none,none,0,0,1.0,0.0,0.0
case_00133,403,0,0,none,none,0,0,1.0,0.0,0.0
case_00154,472,0,0,none,none,0,0,1.0,0.0,0.0
case_00113,286,0,0,none,none,0,0,1.0,0.0,0.0
case_00161,436,0,10,none,small,0,1,0.0,-1.0,-1.0
case_00113,181,0,0,none,none,0,0,1.0,0.0,0.0
case_00161,114,0,0,none,none,0,0,1.0,0.0,0.0
case_00113,287,0,0,none,none,0,0,1.0,0.0,0.0
case_00161,136,370,406,medium,medium,1,1,0.9175257731958762,2.0,0.7294494394211245
case_00086,5,0,0,none,none,0,0,1.0,0.0,0.0
case_00014,450,0,0,none,none,0,0,1.0,0.0,0.0
case_00203,95,0,0,none,none,0,0,1.0,0.0,0.0
case_00203,463,0,0,none,none,0,0,1.0,0.0,0.0
case_00102,5,0,0,none,none,0,0,1.0,0.0,0.0
case_00033,82,0,0,none,none,0,0,1.0,0.0,0.0
case_00133,412,0,0,none,none,0,0,1.0,0.0,0.0
case_00086,404,253,278,medium,medium,1,1,0.9416195856873822,1.4142135623730951,0.506439747544043
case_00086,126,0,0,none,none,0,0,1.0,0.0,0.0
case_00125,420,0,0,none,none,0,0,1.0,0.0,0.0
case_00161,73,0,182,none,medium,0,1,0.0,-1.0,-1.0
case_00115,164,0,0,none,none,0,0,1.0,0.0,0.0
case_00086,16,0,0,none,none,0,0,1.0,0.0,0.0
case_00014,338,0,0,none,none,0,0,1.0,0.0,0.0
case_00203,12,0,0,none,none,0,0,1.0,0.0,0.0
case_00075,11,0,0,none,none,0,0,1.0,0.0,0.0
case_00203,13,0,0,none,none,0,0,1.0,0.0,0.0
case_00203,405,50,78,small,small,1,1,0.78125,2.0,0.9334850969608784
case_00115,66,0,0,none,none,0,0,1.0,0.0,0.0
case_00033,468,0,0,none,none,0,0,1.0,0.0,0.0
case_00075,51,0,0,none,none,0,0,1.0,0.0,0.0
case_00079,181,0,0,none,none,0,0,1.0,0.0,0.0
case_00115,342,377,458,medium,medium,1,1,0.8934131736526946,2.23606797749979,1.0716395427285932
case_00194,268,0,0,none,none,0,0,1.0,0.0,0.0
case_00134,179,0,0,none,none,0,0,1.0,0.0,0.0
case_00086,334,0,0,none,none,0,0,1.0,0.0,0.0
case_00125,137,0,0,none,none,0,0,1.0,0.0,0.0
case_00014,370,0,0,none,none,0,0,1.0,0.0,0.0
case_00134,244,0,0,none,none,0,0,1.0,0.0,0.0
case_00033,443,0,0,none,none,0,0,1.0,0.0,0.0
case_00014,423,0,0,none,none,0,0,1.0,0.0,0.0
case_00113,172,0,0,none,none,0,0,1.0,0.0,0.0
case_00075,147,0,0,none,none,0,0,1.0,0.0,0.0
case_00102,97,0,4,none,small,0,1,0.0,-1.0,-1.0
case_00079,96,0,0,none,none,0,0,1.0,0.0,0.0
case_00086,266,0,0,none,none,0,0,1.0,0.0,0.0
case_00154,176,0,0,none,none,0,0,1.0,0.0,0.0
case_00014,201,0,0,none,none,0,0,1.0,0.0,0.0
case_00115,34,0,0,none,none,0,0,1.0,0.0,0.0
case_00194,106,0,0,none,none,0,0,1.0,0.0,0.0
case_00075,101,0,9,none,small,0,1,0.0,-1.0,-1.0
case_00133,461,0,0,none,none,0,0,1.0,0.0,0.0
case_00134,468,0,0,none,none,0,0,1.0,0.0,0.0
case_00102,324,2339,2497,large,large,1,1,0.9619520264681555,2.8284271247461903,0.842857787061976
case_00102,34,0,655,none,medium,0,1,0.0,-1.0,-1.0
case_00033,55,0,0,none,none,0,0,1.0,0.0,0.0
case_00115,459,0,0,none,none,0,0,1.0,0.0,0.0
case_00161,85,0,251,none,medium,0,1,0.0,-1.0,-1.0
case_00102,105,0,8,none,small,0,1,0.0,-1.0,-1.0
case_00134,73,0,778,none,medium,0,3,0.0,-1.0,-1.0
case_00134,280,0,0,none,none,0,0,1.0,0.0,0.0
case_00102,100,0,11,none,small,0,1,0.0,-1.0,-1.0
case_00134,423,0,1068,none,large,0,2,0.0,-1.0,-1.0
case_00125,22,0,35,none,small,0,2,0.0,-1.0,-1.0
case_00154,190,0,0,none,none,0,0,1.0,0.0,0.0
case_00154,203,0,0,none,none,0,0,1.0,0.0,0.0
case_00102,476,0,267,none,medium,0,2,0.0,-1.0,-1.0
case_00113,156,0,0,none,none,0,0,1.0,0.0,0.0
case_00115,105,0,0,none,none,0,0,1.0,0.0,0.0
case_00113,274,0,0,none,none,0,0,1.0,0.0,0.0
case_00134,378,12,45,small,small,1,1,0.38596491228070173,4.049242250247064,2.0095615645752964
case_00154,310,51,26,small,small,1,1,0.6753246753246753,3.0,0.7758883476483185
case_00079,407,1529,1574,large,large,1,1,0.9661617789236223,1.9414213562372962,0.5920475791816956
case_00203,157,0,0,none,none,0,0,1.0,0.0,0.0
case_00113,492,0,38,none,small,0,1,0.0,-1.0,-1.0
case_00203,121,0,0,none,none,0,0,1.0,0.0,0.0
case_00075,322,0,0,none,none,0,0,1.0,0.0,0.0
case_00115,258,0,0,none,none,0,0,1.0,0.0,0.0
case_00075,33,0,275,none,medium,0,1,0.0,-1.0,-1.0
case_00133,281,0,0,none,none,0,0,1.0,0.0,0.0
case_00102,245,0,93,none,small,0,3,0.0,-1.0,-1.0
case_00203,459,0,15,none,small,0,1,0.0,-1.0,-1.0
case_00115,412,0,5,none,small,0,1,0.0,-1.0,-1.0
case_00075,277,0,0,none,none,0,0,1.0,0.0,0.0
case_00125,256,0,0,none,none,0,0,1.0,0.0,0.0
case_00115,226,0,0,none,none,0,0,1.0,0.0,0.0
case_00203,391,0,0,none,none,0,0,1.0,0.0,0.0
case_00203,20,0,0,none,none,0,0,1.0,0.0,0.0
case_00033,439,0,0,none,none,0,0,1.0,0.0,0.0
case_00133,157,476,454,medium,medium,1,1,0.9419354838709677,2.0,0.6004180459521499
case_00134,201,0,0,none,none,0,0,1.0,0.0,0.0
case_00113,132,0,0,none,none,0,0,1.0,0.0,0.0
case_00033,225,0,0,none,none,0,0,1.0,0.0,0.0
case_00086,29,0,0,none,none,0,0,1.0,0.0,0.0
case_00033,303,0,0,none,none,0,0,1.0,0.0,0.0
case_00113,490,0,186,none,medium,0,2,0.0,-1.0,-1.0
case_00134,16,0,141,none,medium,0,1,0.0,-1.0,-1.0
case_00115,131,0,0,none,none,0,0,1.0,0.0,0.0
case_00033,194,86,34,small,small,1,1,0.5666666666666667,3.7830532015051923,1.072618654964737
case_00075,469,0,0,none,none,0,0,1.0,0.0,0.0
case_00133,301,0,0,none,none,0,0,1.0,0.0,0.0
case_00014,13,0,0,none,none,0,0,1.0,0.0,0.0
case_00014,318,0,0,none,none,0,0,1.0,0.0,0.0
case_00113,112,0,0,none,none,0,0,1.0,0.0,0.0
case_00194,225,0,0,none,none,0,0,1.0,0.0,0.0
case_00079,213,0,0,none,none,0,0,1.0,0.0,0.0
case_00134,72,0,1620,none,large,0,2,0.0,-1.0,-1.0
case_00075,67,0,0,none,none,0,0,1.0,0.0,0.0
case_00125,73,0,0,none,none,0,0,1.0,0.0,0.0
case_00134,256,0,0,none,none,0,0,1.0,0.0,0.0
case_00203,386,0,0,none,none,0,0,1.0,0.0,0.0
case_00203,241,0,0,none,none,0,0,1.0,0.0,0.0
case_00203,123,0,0,none,none,0,0,1.0,0.0,0.0
case_00154,354,0,0,none,none,0,0,1.0,0.0,0.0
case_00161,100,0,60,none,small,0,1,0.0,-1.0,-1.0
case_00102,485,0,0,none,none,0,0,1.0,0.0,0.0
case_00203,240,0,0,none,none,0,0,1.0,0.0,0.0
case_00194,157,16,11,small,small,1,1,0.5185185185185185,1.3727922061357851,0.6
case_00115,198,0,0,none,none,0,0,1.0,0.0,0.0
case_00033,504,0,0,none,none,0,0,1.0,0.0,0.0
case_00203,217,0,0,none,none,0,0,1.0,0.0,0.0
case_00079,135,0,0,none,none,0,0,1.0,0.0,0.0
case_00102,403,1884,2028,large,large,1,1,0.9555214723926381,3.0,0.9198688982179255
case_00115,124,0,0,none,none,0,0,1.0,0.0,0.0
case_00161,467,0,0,none,none,0,0,1.0,0.0,0.0
case_00102,92,0,0,none,none,0,0,1.0,0.0,0.0
case_00125,3,0,0,none,none,0,0,1.0,0.0,0.0
case_00075,251,0,0,none,none,0,0,1.0,0.0,0.0
case_00033,142,0,0,none,none,0,0,1.0,0.0,0.0
case_00102,349,3518,3780,large,large,2,1,0.9569745135653603,14.0,0.7972673288959651
case_00102,297,471,607,medium,medium,3,2,0.8330241187384044,4.123105625617661,1.2452914076915886
case_00079,32,0,0,none,none,0,0,1.0,0.0,0.0
case_00075,195,0,0,none,none,0,0,1.0,0.0,0.0
case_00125,142,0,0,none,none,0,0,1.0,0.0,0.0
case_00125,403,0,19,none,small,0,1,0.0,-1.0,-1.0
case_00113,279,0,0,none,none,0,0,1.0,0.0,0.0
case_00125,408,0,0,none,none,0,0,1.0,0.0,0.0
case_00161,383,0,0,none,none,0,0,1.0,0.0,0.0
case_00086,70,0,0,none,none,0,0,1.0,0.0,0.0
case_00113,98,0,0,none,none,0,0,1.0,0.0,0.0
case_00113,189,0,0,none,none,0,0,1.0,0.0,0.0
case_00102,84,0,0,none,none,0,0,1.0,0.0,0.0
case_00033,102,0,0,none,none,0,0,1.0,0.0,0.0
case_00133,465,0,0,none,none,0,0,1.0,0.0,0.0
case_00102,170,0,0,none,none,0,0,1.0,0.0,0.0
case_00161,450,0,0,none,none,0,0,1.0,0.0,0.0
case_00161,16,0,0,none,none,0,0,1.0,0.0,0.0
case_00154,16,0,0,none,none,0,0,1.0,0.0,0.0
case_00133,443,0,0,none,none,0,0,1.0,0.0,0.0
case_00079,180,0,0,none,none,0,0,1.0,0.0,0.0
case_00115,408,0,5,none,small,0,1,0.0,-1.0,-1.0
case_00125,35,0,975,none,medium,0,1,0.0,-1.0,-1.0
case_00113,151,0,0,none,none,0,0,1.0,0.0,0.0
case_00125,419,0,28,none,small,0,1,0.0,-1.0,-1.0
case_00086,190,0,0,none,none,0,0,1.0,0.0,0.0
case_00161,222,0,0,none,none,0,0,1.0,0.0,0.0
case_00079,464,30,33,small,small,2,1,0.38095238095238093,2.6803373379345903,0.8694600855484936
case_00033,297,0,0,none,none,0,0,1.0,0.0,0.0
case_00125,405,0,0,none,none,0,0,1.0,0.0,0.0
case_00086,117,0,0,none,none,0,0,1.0,0.0,0.0
case_00033,381,0,0,none,none,0,0,1.0,0.0,0.0
case_00102,234,0,181,none,medium,0,1,0.0,-1.0,-1.0
case_00161,286,0,0,none,none,0,0,1.0,0.0,0.0
case_00134,208,0,0,none,none,0,0,1.0,0.0,0.0
case_00125,119,0,0,none,none,0,0,1.0,0.0,0.0
case_00203,501,0,0,none,none,0,0,1.0,0.0,0.0
case_00154,509,0,0,none,none,0,0,1.0,0.0,0.0
case_00203,422,29,136,small,medium,1,1,0.3515151515151515,8.246211251235321,4.3792847046210355
case_00134,259,0,18,none,small,0,1,0.0,-1.0,-1.0
case_00133,415,0,0,none,none,0,0,1.0,0.0,0.0
case_00075,448,0,0,none,none,0,0,1.0,0.0,0.0
case_00125,133,0,0,none,none,0,0,1.0,0.0,0.0
case_00161,271,0,0,none,none,0,0,1.0,0.0,0.0
case_00125,319,0,0,none,none,0,0,1.0,0.0,0.0
case_00134,197,0,0,none,none,0,0,1.0,0.0,0.0
case_00161,190,0,0,none,none,0,0,1.0,0.0,0.0
case_00086,482,0,0,none,none,0,0,1.0,0.0,0.0
case_00203,164,0,0,none,none,0,0,1.0,0.0,0.0
case_00113,117,0,0,none,none,0,0,1.0,0.0,0.0
case_00161,352,0,0,none,none,0,0,1.0,0.0,0.0
case_00014,399,0,0,none,none,0,0,1.0,0.0,0.0
case_00014,208,0,0,none,none,0,0,1.0,0.0,0.0
case_00033,215,0,0,none,none,0,0,1.0,0.0,0.0
case_00125,130,0,0,none,none,0,0,1.0,0.0,0.0
case_00115,443,0,0,none,none,0,0,1.0,0.0,0.0
case_00102,332,2579,2678,large,large,1,1,0.965569716568385,2.4433936790360096,0.8020518770908456
case_00125,285,0,0,none,none,0,0,1.0,0.0,0.0
case_00115,149,0,0,none,none,0,0,1.0,0.0,0.0
case_00113,368,1366,1553,large,large,2,1,0.8359027064063035,7.433671356142745,2.241531916781756
case_00125,303,0,0,none,none,0,0,1.0,0.0,0.0
case_00194,211,0,0,none,none,0,0,1.0,0.0,0.0
case_00102,101,0,22,none,small,0,1,0.0,-1.0,-1.0
case_00033,19,0,0,none,none,0,0,1.0,0.0,0.0
case_00161,307,0,0,none,none,0,0,1.0,0.0,0.0
case_00133,267,0,0,none,none,0,0,1.0,0.0,0.0
case_00194,248,0,0,none,none,0,0,1.0,0.0,0.0
case_00113,349,534,633,medium,medium,2,1,0.829477292202228,14.868065933568305,1.6332688319444846
case_00133,214,0,0,none,none,0,0,1.0,0.0,0.0
case_00161,115,0,0,none,none,0,0,1.0,0.0,0.0
case_00203,400,23,0,small,none,1,0,0.0,-1.0,-1.0
case_00194,62,0,40,none,small,0,1,0.0,-1.0,-1.0
case_00113,435,521,510,medium,medium,1,1,0.915615906886518,2.0,0.6900473433974504
case_00075,375,0,0,none,none,0,0,1.0,0.0,0.0
case_00079,335,461,558,medium,medium,1,1,0.900883218842002,3.605551275463989,1.0495985868998727
case_00125,46,0,264,none,medium,0,1,0.0,-1.0,-1.0
case_00194,289,0,0,none,none,0,0,1.0,0.0,0.0
case_00203,371,0,0,none,none,0,0,1.0,0.0,0.0
case_00014,277,0,0,none,none,0,0,1.0,0.0,0.0
case_00125,505,0,0,none,none,0,0,1.0,0.0,0.0
case_00161,490,0,0,none,none,0,0,1.0,0.0,0.0
case_00102,124,0,0,none,none,0,0,1.0,0.0,0.0
case_00125,427,0,0,none,none,0,0,1.0,0.0,0.0
case_00161,501,0,0,none,none,0,0,1.0,0.0,0.0
case_00115,170,0,0,none,none,0,0,1.0,0.0,0.0
case_00154,286,0,0,none,none,0,0,1.0,0.0,0.0
case_00161,257,0,0,none,none,0,0,1.0,0.0,0.0
case_00125,486,0,0,none,none,0,0,1.0,0.0,0.0
case_00075,91,0,0,none,none,0,0,1.0,0.0,0.0
case_00033,205,0,0,none,none,0,0,1.0,0.0,0.0
case_00125,243,0,0,none,none,0,0,1.0,0.0,0.0
case_00161,313,0,0,none,none,0,0,1.0,0.0,0.0
case_00161,218,0,0,none,none,0,0,1.0,0.0,0.0
case_00075,493,0,200,none,medium,0,1,0.0,-1.0,-1.0
case_00134,168,0,0,none,none,0,0,1.0,0.0,0.0
case_00194,485,0,63,none,small,0,2,0.0,-1.0,-1.0
case_00194,378,0,239,none,medium,0,1,0.0,-1.0,-1.0
case_00014,398,0,0,none,none,0,0,1.0,0.0,0.0
case_00086,327,0,0,none,none,0,0,1.0,0.0,0.0
case_00125,399,0,0,none,none,0,0,1.0,0.0,0.0
case_00075,313,0,0,none,none,0,0,1.0,0.0,0.0
case_00102,380,3423,3502,large,large,1,1,0.9819494584837545,2.0,0.5123340738590421
case_00154,2,0,0,none,none,0,0,1.0,0.0,0.0
case_00194,417,0,678,none,medium,0,1,0.0,-1.0,-1.0
case_00086,361,0,0,none,none,0,0,1.0,0.0,0.0
case_00125,168,0,0,none,none,0,0,1.0,0.0,0.0
case_00113,369,1381,1510,large,large,2,1,0.8315461777931512,8.48528137423857,1.9655213829436746
case_00014,54,0,8,none,small,0,1,0.0,-1.0,-1.0
case_00079,459,209,245,medium,medium,1,1,0.8325991189427313,2.23606797749979,0.8721890638968222
case_00075,50,0,0,none,none,0,0,1.0,0.0,0.0
case_00133,425,0,0,none,none,0,0,1.0,0.0,0.0
case_00102,226,0,0,none,none,0,0,1.0,0.0,0.0
case_00014,331,0,0,none,none,0,0,1.0,0.0,0.0
case_00113,196,0,0,none,none,0,0,1.0,0.0,0.0
case_00134,499,0,0,none,none,0,0,1.0,0.0,0.0
case_00194,364,0,6,none,small,0,1,0.0,-1.0,-1.0
case_00113,193,0,0,none,none,0,0,1.0,0.0,0.0
case_00161,171,0,0,none,none,0,0,1.0,0.0,0.0
case_00161,61,0,118,none,medium,0,1,0.0,-1.0,-1.0
case_00086,148,0,0,none,none,0,0,1.0,0.0,0.0
case_00154,265,0,0,none,none,0,0,1.0,0.0,0.0
case_00075,227,0,0,none,none,0,0,1.0,0.0,0.0
case_00075,319,0,0,none,none,0,0,1.0,0.0,0.0
case_00075,107,0,0,none,none,0,0,1.0,0.0,0.0
case_00133,333,0,0,none,none,0,0,1.0,0.0,0.0
case_00203,495,0,0,none,none,0,0,1.0,0.0,0.0
case_00079,441,791,830,medium,medium,1,1,0.9636027143738433,1.4142135623730951,0.42299251011783895
case_00194,314,0,8,none,small,0,1,0.0,-1.0,-1.0
case_00102,462,0,373,none,medium,0,2,0.0,-1.0,-1.0
case_00086,202,0,0,none,none,0,0,1.0,0.0,0.0
case_00102,311,1615,1660,large,large,3,2,0.9410687022900763,3.0,0.7524774473240292
case_00134,76,0,3,none,small,0,1,0.0,-1.0,-1.0
case_00033,213,0,0,none,none,0,0,1.0,0.0,0.0
case_00079,467,0,0,none,none,0,0,1.0,0.0,0.0
case_00125,269,0,0,none,none,0,0,1.0,0.0,0.0
case_00079,71,0,0,none,none,0,0,1.0,0.0,0.0
case_00134,363,693,740,medium,medium,1,1,0.9560362875087229,1.0,0.5420560747663551
case_00115,192,0,0,none,none,0,0,1.0,0.0,0.0
case_00133,451,0,0,none,none,0,0,1.0,0.0,0.0
case_00079,256,0,0,none,none,0,0,1.0,0.0,0.0
case_00033,500,0,0,none,none,0,0,1.0,0.0,0.0
case_00014,120,0,7,none,small,0,1,0.0,-1.0,-1.0
case_00014,154,0,0,none,none,0,0,1.0,0.0,0.0
case_00113,59,0,0,none,none,0,0,1.0,0.0,0.0
case_00161,84,0,503,none,medium,0,1,0.0,-1.0,-1.0
case_00161,4,0,0,none,none,0,0,1.0,0.0,0.0
case_00113,103,0,0,none,none,0,0,1.0,0.0,0.0
case_00125,313,0,0,none,none,0,0,1.0,0.0,0.0
case_00014,133,0,0,none,none,0,0,1.0,0.0,0.0
case_00125,93,0,410,none,medium,0,2,0.0,-1.0,-1.0
case_00134,281,0,0,none,none,0,0,1.0,0.0,0.0
case_00203,418,51,71,small,small,1,1,0.819672131147541,1.0,0.8565685424949239
case_00113,251,0,0,none,none,0,0,1.0,0.0,0.0
case_00014,254,0,0,none,none,0,0,1.0,0.0,0.0
case_00161,59,0,502,none,medium,0,1,0.0,-1.0,-1.0
case_00161,157,347,394,medium,medium,1,1,0.9203778677462888,2.0,0.8181818181818182
case_00161,289,0,0,none,none,0,0,1.0,0.0,0.0
case_00102,496,0,0,none,none,0,0,1.0,0.0,0.0
case_00115,12,0,0,none,none,0,0,1.0,0.0,0.0
case_00134,157,0,0,none,none,0,0,1.0,0.0,0.0
case_00161,319,0,0,none,none,0,0,1.0,0.0,0.0
case_00125,392,0,35,none,small,0,1,0.0,-1.0,-1.0
case_00134,478,0,0,none,none,0,0,1.0,0.0,0.0
case_00203,249,0,0,none,none,0,0,1.0,0.0,0.0
case_00133,190,0,0,none,none,0,0,1.0,0.0,0.0
case_00161,238,0,0,none,none,0,0,1.0,0.0,0.0
case_00113,310,0,0,none,none,0,0,1.0,0.0,0.0
case_00161,237,0,0,none,none,0,0,1.0,0.0,0.0
case_00014,2,0,0,none,none,0,0,1.0,0.0,0.0
case_00133,423,0,0,none,none,0,0,1.0,0.0,0.0
case_00075,486,0,1,none,small,0,1,0.0,-1.0,-1.0
case_00161,34,0,0,none,none,0,0,1.0,0.0,0.0
case_00133,481,0,0,none,none,0,0,1.0,0.0,0.0
case_00133,497,0,0,none,none,0,0,1.0,0.0,0.0
case_00154,36,0,0,none,none,0,0,1.0,0.0,0.0
case_00115,502,0,0,none,none,0,0,1.0,0.0,0.0
case_00161,331,0,0,none,none,0,0,1.0,0.0,0.0
case_00115,407,0,0,none,none,0,0,1.0,0.0,0.0
case_00113,82,0,0,none,none,0,0,1.0,0.0,0.0
case_00154,395,0,0,none,none,0,0,1.0,0.0,0.0
case_00014,340,0,0,none,none,0,0,1.0,0.0,0.0
case_00133,351,0,0,none,none,0,0,1.0,0.0,0.0
case_00154,61,0,473,none,medium,0,2,0.0,-1.0,-1.0
case_00014,218,0,0,none,none,0,0,1.0,0.0,0.0
case_00033,8,0,0,none,none,0,0,1.0,0.0,0.0
case_00075,504,0,0,none,none,0,0,1.0,0.0,0.0
case_00133,262,0,0,none,none,0,0,1.0,0.0,0.0
case_00194,124,0,0,none,none,0,0,1.0,0.0,0.0
case_00161,375,0,0,none,none,0,0,1.0,0.0,0.0
case_00125,361,0,0,none,none,0,0,1.0,0.0,0.0
case_00079,354,1213,1238,large,large,1,1,0.9555283557731539,2.0,0.775298994696937
case_00102,346,3323,3393,large,large,1,1,0.9705181655747469,3.1622776601683795,0.5554111371682949
case_00102,273,0,661,none,medium,0,1,0.0,-1.0,-1.0
case_00134,21,0,0,none,none,0,0,1.0,0.0,0.0
case_00075,309,0,0,none,none,0,0,1.0,0.0,0.0
case_00161,66,0,0,none,none,0,0,1.0,0.0,0.0
case_00125,102,0,0,none,none,0,0,1.0,0.0,0.0
case_00154,290,0,43,none,small,0,1,0.0,-1.0,-1.0
case_00033,306,0,0,none,none,0,0,1.0,0.0,0.0
case_00102,16,0,0,none,none,0,0,1.0,0.0,0.0
case_00203,195,0,0,none,none,0,0,1.0,0.0,0.0
case_00133,147,522,538,medium,medium,1,1,0.9415094339622642,2.0,0.700397126088931
case_00014,418,0,0,none,none,0,0,1.0,0.0,0.0
case_00102,163,0,0,none,none,0,0,1.0,0.0,0.0
case_00203,454,0,0,none,none,0,0,1.0,0.0,0.0
case_00194,213,0,0,none,none,0,0,1.0,0.0,0.0
case_00102,228,0,0,none,none,0,0,1.0,0.0,0.0
case_00113,366,1225,1400,large,large,2,1,0.8723809523809524,9.219544457292887,1.5553627993586463
case_00194,464,0,0,none,none,0,0,1.0,0.0,0.0
case_00033,442,0,0,none,none,0,0,1.0,0.0,0.0
case_00134,37,0,10,none,small,0,2,0.0,-1.0,-1.0
case_00154,340,214,246,medium,medium,1,1,0.9173913043478261,2.0,0.6552128425358745
case_00134,61,0,2694,none,large,0,3,0.0,-1.0,-1.0
case_00154,424,0,125,none,medium,0,1,0.0,-1.0,-1.0
case_00079,292,0,0,none,none,0,0,1.0,0.0,0.0
case_00115,113,0,0,none,none,0,0,1.0,0.0,0.0
case_00161,265,0,0,none,none,0,0,1.0,0.0,0.0
case_00033,118,0,0,none,none,0,0,1.0,0.0,0.0
case_00113,113,0,0,none,none,0,0,1.0,0.0,0.0
case_00133,100,0,0,none,none,0,0,1.0,0.0,0.0
case_00133,187,0,0,none,none,0,0,1.0,0.0,0.0
case_00014,494,0,0,none,none,0,0,1.0,0.0,0.0
case_00134,485,0,0,none,none,0,0,1.0,0.0,0.0
case_00115,378,0,0,none,none,0,0,1.0,0.0,0.0
case_00075,397,0,0,none,none,0,0,1.0,0.0,0.0
case_00161,317,0,0,none,none,0,0,1.0,0.0,0.0
case_00115,222,0,0,none,none,0,0,1.0,0.0,0.0
case_00203,498,0,0,none,none,0,0,1.0,0.0,0.0
case_00033,315,0,0,none,none,0,0,1.0,0.0,0.0
case_00194,311,0,0,none,none,0,0,1.0,0.0,0.0
case_00133,258,0,25,none,small,0,1,0.0,-1.0,-1.0
case_00125,247,0,0,none,none,0,0,1.0,0.0,0.0
case_00161,62,0,160,none,medium,0,1,0.0,-1.0,-1.0
case_00033,314,0,0,none,none,0,0,1.0,0.0,0.0
case_00113,148,0,0,none,none,0,0,1.0,0.0,0.0
case_00113,376,1752,1878,large,large,1,1,0.9300275482093664,3.0,1.2493964601898475
case_00203,473,0,0,none,none,0,0,1.0,0.0,0.0
case_00033,464,0,0,none,none,0,0,1.0,0.0,0.0
case_00194,83,0,0,none,none,0,0,1.0,0.0,0.0
case_00133,127,155,170,medium,medium,1,1,0.9353846153846154,1.372792206135782,0.4353553390593274
case_00154,93,0,0,none,none,0,0,1.0,0.0,0.0
case_00115,282,0,113,none,medium,0,1,0.0,-1.0,-1.0
case_00125,510,0,0,none,none,0,0,1.0,0.0,0.0
case_00154,67,0,0,none,none,0,0,1.0,0.0,0.0
case_00161,55,0,0,none,none,0,0,1.0,0.0,0.0
case_00154,152,0,0,none,none,0,0,1.0,0.0,0.0
case_00079,236,0,0,none,none,0,0,1.0,0.0,0.0
case_00203,475,0,0,none,none,0,0,1.0,0.0,0.0
case_00203,22,0,0,none,none,0,0,1.0,0.0,0.0
case_00133,174,116,136,medium,medium,1,2,0.8492063492063492,3.8125730155254534,1.1255248119617125
case_00086,468,0,0,none,none,0,0,1.0,0.0,0.0
case_00194,447,0,238,none,medium,0,1,0.0,-1.0,-1.0
case_00203,243,0,0,none,none,0,0,1.0,0.0,0.0
case_00014,76,0,0,none,none,0,0,1.0,0.0,0.0
case_00113,240,0,0,none,none,0,0,1.0,0.0,0.0
case_00014,12,0,0,none,none,0,0,1.0,0.0,0.0
case_00133,131,234,242,medium,medium,1,1,0.957983193277311,1.0,0.36279611588277283
case_00113,442,36,128,small,medium,1,1,0.4268292682926829,6.0,3.2338624530254507
case_00134,319,0,0,none,none,0,0,1.0,0.0,0.0
case_00161,475,0,0,none,none,0,0,1.0,0.0,0.0
case_00134,75,0,2,none,small,0,1,0.0,-1.0,-1.0
case_00161,315,0,0,none,none,0,0,1.0,0.0,0.0
case_00033,184,115,130,medium,medium,1,1,0.8979591836734694,1.4142135623730951,0.6126007977866527
case_00154,180,0,0,none,none,0,0,1.0,0.0,0.0
case_00033,366,0,0,none,none,0,0,1.0,0.0,0.0
case_00113,469,0,0,none,none,0,0,1.0,0.0,0.0
case_00194,43,0,0,none,none,0,0,1.0,0.0,0.0
case_00154,120,0,0,none,none,0,0,1.0,0.0,0.0
case_00203,153,0,0,none,none,0,0,1.0,0.0,0.0
case_00086,34,0,0,none,none,0,0,1.0,0.0,0.0
case_00113,420,1516,1605,large,large,1,1,0.9413649471323294,3.0,1.0496289667154692
case_00203,437,0,0,none,none,0,0,1.0,0.0,0.0
case_00079,295,0,0,none,none,0,0,1.0,0.0,0.0
case_00134,487,0,0,none,none,0,0,1.0,0.0,0.0
case_00134,153,0,0,none,none,0,0,1.0,0.0,0.0
case_00033,280,0,0,none,none,0,0,1.0,0.0,0.0
case_00086,389,239,288,medium,medium,1,1,0.8956356736242884,2.0,0.9272419965160273
case_00102,26,0,128,none,medium,0,1,0.0,-1.0,-1.0
case_00161,297,0,0,none,none,0,0,1.0,0.0,0.0
case_00086,193,0,0,none,none,0,0,1.0,0.0,0.0
case_00161,296,0,0,none,none,0,0,1.0,0.0,0.0
case_00154,283,0,0,none,none,0,0,1.0,0.0,0.0
case_00154,205,0,0,none,none,0,0,1.0,0.0,0.0
case_00134,152,0,0,none,none,0,0,1.0,0.0,0.0
case_00203,494,0,0,none,none,0,0,1.0,0.0,0.0
case_00075,506,0,0,none,none,0,0,1.0,0.0,0.0
case_00086,399,281,337,medium,medium,1,1,0.9029126213592233,2.0944271909999137,0.9229420854230006
case_00086,504,0,0,none,none,0,0,1.0,0.0,0.0
case_00113,411,1806,1867,large,large,1,1,0.9501769670569017,3.0,0.9082041456917102
case_00075,407,0,43,none,small,0,1,0.0,-1.0,-1.0
case_00086,2,0,0,none,none,0,0,1.0,0.0,0.0
case_00194,322,0,139,none,medium,0,1,0.0,-1.0,-1.0
case_00134,171,0,0,none,none,0,0,1.0,0.0,0.0
case_00161,118,0,0,none,none,0,0,1.0,0.0,0.0
case_00079,154,0,0,none,none,0,0,1.0,0.0,0.0
case_00086,26,0,0,none,none,0,0,1.0,0.0,0.0
case_00161,77,0,0,none,none,0,0,1.0,0.0,0.0
case_00161,49,0,0,none,none,0,0,1.0,0.0,0.0
case_00075,52,0,0,none,none,0,0,1.0,0.0,0.0
case_00194,355,0,38,none,small,0,3,0.0,-1.0,-1.0
case_00125,326,0,0,none,none,0,0,1.0,0.0,0.0
case_00115,276,0,0,none,none,0,0,1.0,0.0,0.0
case_00161,209,0,0,none,none,0,0,1.0,0.0,0.0
case_00203,248,0,0,none,none,0,0,1.0,0.0,0.0
case_00033,32,0,0,none,none,0,0,1.0,0.0,0.0
case_00133,130,216,224,medium,medium,1,1,0.9545454545454546,1.0,0.40030899048637164
case_00161,139,421,465,medium,medium,1,1,0.9345372460496614,2.0,0.647887323943662
case_00203,289,0,0,none,none,0,0,1.0,0.0,0.0
case_00194,52,0,902,none,medium,0,1,0.0,-1.0,-1.0
case_00161,370,0,0,none,none,0,0,1.0,0.0,0.0
case_00125,193,66,80,small,small,1,1,0.8767123287671232,1.4142135623730951,0.6472471971056227
case_00134,497,0,0,none,none,0,0,1.0,0.0,0.0
case_00102,164,0,0,none,none,0,0,1.0,0.0,0.0
case_00154,181,0,0,none,none,0,0,1.0,0.0,0.0
case_00113,397,2030,2085,large,large,1,1,0.9594167679222357,2.948528137423855,0.76776667517857
case_00115,454,0,0,none,none,0,0,1.0,0.0,0.0
case_00161,364,0,0,none,none,0,0,1.0,0.0,0.0
case_00014,94,0,112,none,medium,0,1,0.0,-1.0,-1.0
case_00125,280,0,0,none,none,0,0,1.0,0.0,0.0
case_00033,477,0,3,none,small,0,1,0.0,-1.0,-1.0
case_00113,401,1973,2143,large,large,1,1,0.9460641399416909,3.1622776601683795,1.1162114756698203
case_00102,400,2150,2297,large,large,1,1,0.9619968518102091,2.23606797749979,0.869078010489544
case_00134,328,240,233,medium,medium,1,1,0.9133192389006343,2.0,0.4280763297370033
case_00014,252,0,0,none,none,0,0,1.0,0.0,0.0
case_00194,480,0,82,none,small,0,1,0.0,-1.0,-1.0
case_00133,335,0,0,none,none,0,0,1.0,0.0,0.0
case_00014,139,0,0,none,none,0,0,1.0,0.0,0.0
case_00113,53,0,0,none,none,0,0,1.0,0.0,0.0
case_00086,25,0,0,none,none,0,0,1.0,0.0,0.0
case_00079,508,0,34,none,small,0,1,0.0,-1.0,-1.0
case_00086,483,0,0,none,none,0,0,1.0,0.0,0.0
case_00113,25,0,0,none,none,0,0,1.0,0.0,0.0
case_00113,212,0,0,none,none,0,0,1.0,0.0,0.0
case_00113,173,0,0,none,none,0,0,1.0,0.0,0.0
case_00115,80,0,0,none,none,0,0,1.0,0.0,0.0
case_00194,148,0,0,none,none,0,0,1.0,0.0,0.0
case_00079,155,0,0,none,none,0,0,1.0,0.0,0.0
case_00203,375,0,0,none,none,0,0,1.0,0.0,0.0
case_00154,378,0,0,none,none,0,0,1.0,0.0,0.0
case_00033,270,0,0,none,none,0,0,1.0,0.0,0.0
case_00086,499,0,0,none,none,0,0,1.0,0.0,0.0
case_00203,438,0,0,none,none,0,0,1.0,0.0,0.0
case_00154,128,0,0,none,none,0,0,1.0,0.0,0.0
case_00115,178,0,0,none,none,0,0,1.0,0.0,0.0
case_00154,218,0,0,none,none,0,0,1.0,0.0,0.0
case_00134,431,0,9,none,small,0,2,0.0,-1.0,-1.0
case_00113,13,0,514,none,medium,0,1,0.0,-1.0,-1.0
case_00113,61,0,0,none,none,0,0,1.0,0.0,0.0
case_00194,260,0,0,none,none,0,0,1.0,0.0,0.0
case_00115,286,0,0,none,none,0,0,1.0,0.0,0.0
case_00079,8,0,0,none,none,0,0,1.0,0.0,0.0
case_00154,12,0,0,none,none,0,0,1.0,0.0,0.0
case_00033,469,0,0,none,none,0,0,1.0,0.0,0.0
case_00194,46,0,87,none,small,0,1,0.0,-1.0,-1.0
case_00113,255,0,0,none,none,0,0,1.0,0.0,0.0
case_00033,414,0,0,none,none,0,0,1.0,0.0,0.0
case_00134,65,0,2398,none,large,0,3,0.0,-1.0,-1.0
case_00115,505,0,0,none,none,0,0,1.0,0.0,0.0
case_00075,478,0,189,none,medium,0,2,0.0,-1.0,-1.0
case_00133,25,0,0,none,none,0,0,1.0,0.0,0.0
case_00161,41,0,0,none,none,0,0,1.0,0.0,0.0
case_00194,482,0,0,none,none,0,0,1.0,0.0,0.0
case_00194,504,0,684,none,medium,0,1,0.0,-1.0,-1.0
case_00194,132,0,0,none,none,0,0,1.0,0.0,0.0
case_00079,210,0,0,none,none,0,0,1.0,0.0,0.0
case_00161,378,0,0,none,none,0,0,1.0,0.0,0.0
case_00075,326,0,0,none,none,0,0,1.0,0.0,0.0
case_00086,426,0,2,none,small,0,1,0.0,-1.0,-1.0
case_00134,58,0,2321,none,large,0,2,0.0,-1.0,-1.0
case_00113,455,0,366,none,medium,0,1,0.0,-1.0,-1.0
case_00125,145,0,0,none,none,0,0,1.0,0.0,0.0
case_00203,11,0,0,none,none,0,0,1.0,0.0,0.0
case_00134,288,0,0,none,none,0,0,1.0,0.0,0.0
case_00102,155,0,0,none,none,0,0,1.0,0.0,0.0
case_00161,179,0,0,none,none,0,0,1.0,0.0,0.0
case_00154,311,73,63,small,small,2,1,0.8529411764705882,2.0590169943749475,0.433925565098879
case_00134,384,0,0,none,none,0,0,1.0,0.0,0.0
case_00161,231,0,0,none,none,0,0,1.0,0.0,0.0
case_00161,18,0,0,none,none,0,0,1.0,0.0,0.0
case_00102,269,0,750,none,medium,0,1,0.0,-1.0,-1.0
case_00086,48,0,0,none,none,0,0,1.0,0.0,0.0
case_00133,364,0,0,none,none,0,0,1.0,0.0,0.0
case_00125,423,0,0,none,none,0,0,1.0,0.0,0.0
case_00133,3,0,6,none,small,0,1,0.0,-1.0,-1.0
case_00115,297,0,0,none,none,0,0,1.0,0.0,0.0
case_00161,189,0,0,none,none,0,0,1.0,0.0,0.0
case_00154,454,0,0,none,none,0,0,1.0,0.0,0.0
case_00079,272,0,0,none,none,0,0,1.0,0.0,0.0
case_00075,301,0,0,none,none,0,0,1.0,0.0,0.0
case_00194,136,0,0,none,none,0,0,1.0,0.0,0.0
case_00014,348,0,0,none,none,0,0,1.0,0.0,0.0
case_00161,210,0,0,none,none,0,0,1.0,0.0,0.0
case_00075,341,93,125,small,medium,1,1,0.8532110091743119,2.0,0.8400733524199802
case_00133,133,273,288,medium,medium,1,1,0.948306595365419,1.0,0.4795134634410018
case_00014,73,0,0,none,none,0,0,1.0,0.0,0.0
case_00125,188,78,78,small,small,1,1,0.8717948717948718,1.4142135623730951,0.5159312908605037
case_00154,214,0,0,none,none,0,0,1.0,0.0,0.0
case_00194,305,0,0,none,none,0,0,1.0,0.0,0.0
case_00161,194,0,0,none,none,0,0,1.0,0.0,0.0
case_00086,339,0,0,none,none,0,0,1.0,0.0,0.0
case_00079,486,0,67,none,small,0,1,0.0,-1.0,-1.0
case_00102,415,531,645,medium,medium,3,2,0.8724489795918368,3.137936011143122,1.0876557602056631
case_00102,302,930,1140,medium,large,1,1,0.8898550724637682,6.082762530298219,1.9189359533733665
case_00134,29,0,0,none,none,0,0,1.0,0.0,0.0
case_00079,191,0,0,none,none,0,0,1.0,0.0,0.0
case_00086,398,282,312,medium,medium,1,1,0.9225589225589226,2.0,0.6987319679373564
case_00134,190,0,0,none,none,0,0,1.0,0.0,0.0
case_00113,69,0,0,none,none,0,0,1.0,0.0,0.0
case_00075,502,0,0,none,none,0,0,1.0,0.0,0.0
case_00079,359,1349,1390,large,large,1,1,0.9667761956918584,1.4142135623730951,0.6290322580645161
case_00115,24,0,0,none,none,0,0,1.0,0.0,0.0
case_00079,177,0,0,none,none,0,0,1.0,0.0,0.0
case_00033,157,0,0,none,none,0,0,1.0,0.0,0.0
case_00079,356,1279,1316,large,large,1,1,0.9641618497109826,1.4142135623730951,0.625
case_00115,315,66,63,small,small,1,1,0.7286821705426356,2.23606797749979,1.0860206292602492
case_00203,472,0,0,none,none,0,0,1.0,0.0,0.0
case_00113,120,0,0,none,none,0,0,1.0,0.0,0.0
case_00079,229,0,0,none,none,0,0,1.0,0.0,0.0
case_00033,193,98,89,small,small,1,1,0.8021390374331551,2.0,0.7552284749830793
case_00102,431,0,12,none,small,0,1,0.0,-1.0,-1.0
case_00033,176,67,114,small,medium,1,1,0.7403314917127072,2.0,1.3783418598254111
case_00203,349,0,0,none,none,0,0,1.0,0.0,0.0
case_00113,26,0,0,none,none,0,0,1.0,0.0,0.0
case_00161,305,0,0,none,none,0,0,1.0,0.0,0.0
case_00154,251,0,0,none,none,0,0,1.0,0.0,0.0
case_00154,274,0,0,none,none,0,0,1.0,0.0,0.0
case_00203,154,0,0,none,none,0,0,1.0,0.0,0.0
case_00086,239,0,0,none,none,0,0,1.0,0.0,0.0
case_00125,279,0,0,none,none,0,0,1.0,0.0,0.0
case_00115,262,0,5,none,small,0,2,0.0,-1.0,-1.0
case_00115,128,0,0,none,none,0,0,1.0,0.0,0.0
case_00134,491,0,0,none,none,0,0,1.0,0.0,0.0
case_00125,212,0,0,none,none,0,0,1.0,0.0,0.0
case_00125,97,0,0,none,none,0,0,1.0,0.0,0.0
case_00075,78,0,0,none,none,0,0,1.0,0.0,0.0
case_00113,72,0,0,none,none,0,0,1.0,0.0,0.0
case_00033,238,0,0,none,none,0,0,1.0,0.0,0.0
case_00033,78,0,0,none,none,0,0,1.0,0.0,0.0
case_00203,190,0,0,none,none,0,0,1.0,0.0,0.0
case_00154,301,0,0,none,none,0,0,1.0,0.0,0.0
case_00079,66,0,0,none,none,0,0,1.0,0.0,0.0
case_00154,458,0,0,none,none,0,0,1.0,0.0,0.0
case_00161,470,0,0,none,none,0,0,1.0,0.0,0.0
case_00133,61,0,98,none,small,0,1,0.0,-1.0,-1.0
case_00125,393,0,2,none,small,0,1,0.0,-1.0,-1.0
case_00102,379,3466,3553,large,large,1,1,0.9807664909531272,1.4142135623730951,0.5775351520603118
case_00134,46,0,1567,none,large,0,3,0.0,-1.0,-1.0
case_00154,490,0,0,none,none,0,0,1.0,0.0,0.0
case_00079,105,0,0,none,none,0,0,1.0,0.0,0.0
case_00014,108,0,176,none,medium,0,1,0.0,-1.0,-1.0
case_00125,87,0,0,none,none,0,0,1.0,0.0,0.0
case_00203,172,0,0,none,none,0,0,1.0,0.0,0.0
case_00086,409,187,213,medium,medium,1,1,0.9,2.0,0.8466872150997387
case_00115,349,114,141,medium,medium,1,1,0.8470588235294118,2.0,0.7428454425469884
case_00033,307,0,0,none,none,0,0,1.0,0.0,0.0
case_00161,123,0,0,none,none,0,0,1.0,0.0,0.0
case_00033,222,0,0,none,none,0,0,1.0,0.0,0.0
case_00113,338,445,587,medium,medium,1,1,0.8507751937984496,4.0,1.571611187165055
case_00102,287,0,0,none,none,0,0,1.0,0.0,0.0
case_00075,145,0,0,none,none,0,0,1.0,0.0,0.0
case_00033,66,0,0,none,none,0,0,1.0,0.0,0.0
case_00014,402,0,149,none,medium,0,2,0.0,-1.0,-1.0
case_00075,377,0,0,none,none,0,0,1.0,0.0,0.0
case_00203,490,0,0,none,none,0,0,1.0,0.0,0.0
case_00125,49,0,104,none,medium,0,2,0.0,-1.0,-1.0
case_00154,82,0,0,none,none,0,0,1.0,0.0,0.0
case_00154,149,0,0,none,none,0,0,1.0,0.0,0.0
case_00033,130,0,0,none,none,0,0,1.0,0.0,0.0
case_00102,488,0,0,none,none,0,0,1.0,0.0,0.0
case_00161,24,0,0,none,none,0,0,1.0,0.0,0.0
case_00079,108,0,0,none,none,0,0,1.0,0.0,0.0
case_00079,120,0,0,none,none,0,0,1.0,0.0,0.0
case_00033,310,0,0,none,none,0,0,1.0,0.0,0.0
case_00154,10,0,0,none,none,0,0,1.0,0.0,0.0
case_00125,157,0,0,none,none,0,0,1.0,0.0,0.0
case_00014,61,0,101,none,medium,0,1,0.0,-1.0,-1.0
case_00079,16,0,0,none,none,0,0,1.0,0.0,0.0
case_00075,418,0,625,none,medium,0,1,0.0,-1.0,-1.0
case_00079,241,0,0,none,none,0,0,1.0,0.0,0.0
case_00079,338,598,653,medium,medium,1,1,0.9256594724220624,2.23606797749979,0.8725503716564607
case_00033,298,0,0,none,none,0,0,1.0,0.0,0.0
case_00075,75,0,0,none,none,0,0,1.0,0.0,0.0
case_00125,116,0,0,none,none,0,0,1.0,0.0,0.0
case_00115,387,0,0,none,none,0,0,1.0,0.0,0.0
case_00125,465,0,0,none,none,0,0,1.0,0.0,0.0
case_00033,37,0,0,none,none,0,0,1.0,0.0,0.0
case_00134,222,0,0,none,none,0,0,1.0,0.0,0.0
case_00079,207,0,0,none,none,0,0,1.0,0.0,0.0
case_00086,253,0,0,none,none,0,0,1.0,0.0,0.0
case_00125,339,0,0,none,none,0,0,1.0,0.0,0.0
case_00086,222,0,0,none,none,0,0,1.0,0.0,0.0
case_00102,222,0,0,none,none,0,0,1.0,0.0,0.0
case_00115,309,0,0,none,none,0,0,1.0,0.0,0.0
case_00079,372,1554,1608,large,large,1,1,0.967741935483871,2.0,0.6280456879586257
case_00134,466,0,0,none,none,0,0,1.0,0.0,0.0
case_00079,29,0,0,none,none,0,0,1.0,0.0,0.0
case_00113,359,943,1139,medium,large,1,1,0.8712776176753122,5.156248572301125,1.2922186919504515
case_00014,115,0,0,none,none,0,0,1.0,0.0,0.0
case_00125,359,0,0,none,none,0,0,1.0,0.0,0.0
case_00125,506,0,0,none,none,0,0,1.0,0.0,0.0
case_00086,254,0,0,none,none,0,0,1.0,0.0,0.0
case_00113,246,0,0,none,none,0,0,1.0,0.0,0.0
case_00203,432,0,0,none,none,0,0,1.0,0.0,0.0
case_00033,409,0,0,none,none,0,0,1.0,0.0,0.0
case_00102,458,0,196,none,medium,0,1,0.0,-1.0,-1.0
case_00102,368,3753,3844,large,large,1,1,0.9803869948663946,1.4142135623730951,0.6221213129686609
case_00115,300,0,0,none,none,0,0,1.0,0.0,0.0
case_00113,102,0,0,none,none,0,0,1.0,0.0,0.0
case_00133,271,0,0,none,none,0,0,1.0,0.0,0.0
case_00194,133,0,0,none,none,0,0,1.0,0.0,0.0
case_00102,492,0,0,none,none,0,0,1.0,0.0,0.0
case_00115,119,0,0,none,none,0,0,1.0,0.0,0.0
case_00194,345,0,93,none,small,0,1,0.0,-1.0,-1.0
case_00102,114,0,0,none,none,0,0,1.0,0.0,0.0
case_00134,78,0,0,none,none,0,0,1.0,0.0,0.0
case_00113,329,189,302,medium,medium,1,1,0.7657841140529531,4.152989390993067,1.7034128148740737
case_00014,53,0,0,none,none,0,0,1.0,0.0,0.0
case_00102,261,0,18,none,small,0,1,0.0,-1.0,-1.0
case_00014,405,0,42,none,small,0,2,0.0,-1.0,-1.0
case_00014,294,0,0,none,none,0,0,1.0,0.0,0.0
case_00086,414,67,136,small,medium,1,1,0.6600985221674877,3.605551275463989,1.7552823329098752
case_00133,37,0,0,none,none,0,0,1.0,0.0,0.0
case_00079,138,0,0,none,none,0,0,1.0,0.0,0.0
case_00115,319,271,236,medium,medium,1,1,0.8875739644970414,2.0,0.8917393855807663
case_00075,294,0,0,none,none,0,0,1.0,0.0,0.0
case_00194,385,0,286,none,medium,0,1,0.0,-1.0,-1.0
case_00102,279,0,1802,none,large,0,2,0.0,-1.0,-1.0
case_00194,85,0,0,none,none,0,0,1.0,0.0,0.0
case_00134,169,0,0,none,none,0,0,1.0,0.0,0.0
case_00115,379,0,0,none,none,0,0,1.0,0.0,0.0
case_00113,159,0,0,none,none,0,0,1.0,0.0,0.0
case_00102,255,0,1354,none,large,0,2,0.0,-1.0,-1.0
case_00086,59,0,0,none,none,0,0,1.0,0.0,0.0
case_00075,305,0,0,none,none,0,0,1.0,0.0,0.0
case_00014,464,0,0,none,none,0,0,1.0,0.0,0.0
case_00134,100,0,0,none,none,0,0,1.0,0.0,0.0
case_00125,63,0,0,none,none,0,0,1.0,0.0,0.0
case_00134,167,0,0,none,none,0,0,1.0,0.0,0.0
case_00134,185,0,0,none,none,0,0,1.0,0.0,0.0
case_00086,250,0,0,none,none,0,0,1.0,0.0,0.0
case_00075,201,0,0,none,none,0,0,1.0,0.0,0.0
case_00134,349,891,935,medium,medium,1,1,0.9452354874041621,3.0,0.6812142445566888
case_00075,454,0,0,none,none,0,0,1.0,0.0,0.0
case_00014,42,0,99,none,small,0,1,0.0,-1.0,-1.0
case_00203,182,0,0,none,none,0,0,1.0,0.0,0.0
case_00102,104,0,0,none,none,0,0,1.0,0.0,0.0
case_00075,124,0,0,none,none,0,0,1.0,0.0,0.0
case_00134,391,0,0,none,none,0,0,1.0,0.0,0.0
case_00113,54,0,0,none,none,0,0,1.0,0.0,0.0
case_00154,206,0,0,none,none,0,0,1.0,0.0,0.0
case_00134,15,0,0,none,none,0,0,1.0,0.0,0.0
case_00154,66,0,0,none,none,0,0,1.0,0.0,0.0
case_00014,236,0,0,none,none,0,0,1.0,0.0,0.0
case_00194,84,0,0,none,none,0,0,1.0,0.0,0.0
case_00113,371,1457,1674,large,large,2,1,0.8866176940274673,5.0,1.5391373183429193
case_00113,470,0,0,none,none,0,0,1.0,0.0,0.0
case_00033,20,0,0,none,none,0,0,1.0,0.0,0.0
case_00086,321,0,0,none,none,0,0,1.0,0.0,0.0
case_00154,40,0,0,none,none,0,0,1.0,0.0,0.0
case_00203,290,0,0,none,none,0,0,1.0,0.0,0.0
case_00194,373,0,25,none,small,0,3,0.0,-1.0,-1.0
case_00075,104,0,0,none,none,0,0,1.0,0.0,0.0
case_00133,510,0,0,none,none,0,0,1.0,0.0,0.0
case_00134,93,0,0,none,none,0,0,1.0,0.0,0.0
case_00115,79,0,0,none,none,0,0,1.0,0.0,0.0
case_00113,176,0,0,none,none,0,0,1.0,0.0,0.0
case_00014,132,0,0,none,none,0,0,1.0,0.0,0.0
case_00134,443,0,0,none,none,0,0,1.0,0.0,0.0
case_00133,234,0,18,none,small,0,1,0.0,-1.0,-1.0
case_00194,286,0,0,none,none,0,0,1.0,0.0,0.0
case_00125,179,49,136,small,medium,1,1,0.5297297297297298,4.166950344336775,2.664827828064906
case_00154,238,0,0,none,none,0,0,1.0,0.0,0.0
case_00115,256,0,0,none,none,0,0,1.0,0.0,0.0
case_00154,279,0,0,none,none,0,0,1.0,0.0,0.0
case_00079,12,0,0,none,none,0,0,1.0,0.0,0.0
case_00113,505,0,0,none,none,0,0,1.0,0.0,0.0
case_00154,71,0,0,none,none,0,0,1.0,0.0,0.0
case_00079,377,1589,1657,large,large,1,1,0.9661121380160197,2.0,0.6458158111598078
case_00154,109,0,0,none,none,0,0,1.0,0.0,0.0
case_00102,126,0,0,none,none,0,0,1.0,0.0,0.0
case_00079,44,0,0,none,none,0,0,1.0,0.0,0.0
case_00079,38,0,0,none,none,0,0,1.0,0.0,0.0
case_00194,65,0,0,none,none,0,0,1.0,0.0,0.0
case_00079,258,0,0,none,none,0,0,1.0,0.0,0.0
case_00154,443,0,0,none,none,0,0,1.0,0.0,0.0
case_00125,448,0,0,none,none,0,0,1.0,0.0,0.0
case_00194,11,0,456,none,medium,0,1,0.0,-1.0,-1.0
case_00102,176,0,0,none,none,0,0,1.0,0.0,0.0
case_00115,465,0,0,none,none,0,0,1.0,0.0,0.0
case_00125,259,0,0,none,none,0,0,1.0,0.0,0.0
case_00154,39,0,0,none,none,0,0,1.0,0.0,0.0
case_00154,72,0,0,none,none,0,0,1.0,0.0,0.0
case_00115,81,0,0,none,none,0,0,1.0,0.0,0.0
case_00113,233,0,0,none,none,0,0,1.0,0.0,0.0
case_00086,306,0,0,none,none,0,0,1.0,0.0,0.0
case_00102,53,0,89,none,small,0,1,0.0,-1.0,-1.0
case_00133,259,0,0,none,none,0,0,1.0,0.0,0.0
case_00086,510,0,0,none,none,0,0,1.0,0.0,0.0
case_00086,109,0,0,none,none,0,0,1.0,0.0,0.0
case_00134,345,823,918,medium,medium,1,1,0.9327972429638139,2.8284271247461903,0.8295453348929888
case_00203,374,0,0,none,none,0,0,1.0,0.0,0.0
case_00113,149,0,0,none,none,0,0,1.0,0.0,0.0
case_00161,439,0,0,none,none,0,0,1.0,0.0,0.0
case_00086,272,0,0,none,none,0,0,1.0,0.0,0.0
case_00133,124,96,105,small,medium,1,1,0.9154228855721394,1.0,0.4838709677419355
case_00113,182,0,0,none,none,0,0,1.0,0.0,0.0
case_00203,471,0,0,none,none,0,0,1.0,0.0,0.0
case_00075,166,0,0,none,none,0,0,1.0,0.0,0.0
case_00161,87,0,159,none,medium,0,1,0.0,-1.0,-1.0
case_00194,15,0,317,none,medium,0,2,0.0,-1.0,-1.0
case_00102,71,0,0,none,none,0,0,1.0,0.0,0.0
case_00133,206,0,0,none,none,0,0,1.0,0.0,0.0
case_00075,3,0,1,none,small,0,1,0.0,-1.0,-1.0
case_00133,103,0,0,none,none,0,0,1.0,0.0,0.0
case_00014,395,0,0,none,none,0,0,1.0,0.0,0.0
case_00125,474,0,0,none,none,0,0,1.0,0.0,0.0
case_00086,412,115,154,medium,medium,1,1,0.8029739776951673,2.0236067977499776,1.1467012654291886
case_00102,500,0,0,none,none,0,0,1.0,0.0,0.0
case_00125,348,0,0,none,none,0,0,1.0,0.0,0.0
case_00033,88,0,0,none,none,0,0,1.0,0.0,0.0
case_00154,56,0,0,none,none,0,0,1.0,0.0,0.0
case_00014,166,0,0,none,none,0,0,1.0,0.0,0.0
case_00113,127,0,0,none,none,0,0,1.0,0.0,0.0
case_00115,230,0,0,none,none,0,0,1.0,0.0,0.0
case_00033,145,0,0,none,none,0,0,1.0,0.0,0.0
case_00033,112,0,0,none,none,0,0,1.0,0.0,0.0
case_00125,205,0,0,none,none,0,0,1.0,0.0,0.0
case_00154,347,0,0,none,none,0,0,1.0,0.0,0.0
case_00086,115,0,0,none,none,0,0,1.0,0.0,0.0
case_00134,84,0,0,none,none,0,0,1.0,0.0,0.0
case_00125,316,0,0,none,none,0,0,1.0,0.0,0.0
case_00033,12,0,0,none,none,0,0,1.0,0.0,0.0
case_00161,494,0,0,none,none,0,0,1.0,0.0,0.0
case_00194,346,0,97,none,small,0,1,0.0,-1.0,-1.0
case_00102,146,0,0,none,none,0,0,1.0,0.0,0.0
case_00014,222,0,0,none,none,0,0,1.0,0.0,0.0
case_00203,415,59,83,small,small,1,1,0.8309859154929577,1.4142135623730951,0.8362219129418963
case_00194,156,10,1,small,small,1,1,0.18181818181818182,2.5618655084853095,0.0
case_00194,221,0,0,none,none,0,0,1.0,0.0,0.0
case_00133,201,0,0,none,none,0,0,1.0,0.0,0.0
case_00115,423,0,0,none,none,0,0,1.0,0.0,0.0
case_00115,13,0,0,none,none,0,0,1.0,0.0,0.0
case_00086,371,0,0,none,none,0,0,1.0,0.0,0.0
case_00033,174,53,37,small,small,1,1,0.7333333333333333,2.2242645786247994,0.7894736842105263
case_00102,502,0,0,none,none,0,0,1.0,0.0,0.0
case_00154,463,0,1702,none,large,0,1,0.0,-1.0,-1.0
case_00113,16,0,698,none,medium,0,1,0.0,-1.0,-1.0
case_00194,374,0,4,none,small,0,1,0.0,-1.0,-1.0
case_00102,387,3068,3238,large,large,1,1,0.9698699651125912,2.023606797749971,0.8382800571023634
case_00086,93,0,0,none,none,0,0,1.0,0.0,0.0
case_00125,321,0,0,none,none,0,0,1.0,0.0,0.0
case_00203,331,0,0,none,none,0,0,1.0,0.0,0.0
case_00079,23,0,0,none,none,0,0,1.0,0.0,0.0
case_00161,408,0,0,none,none,0,0,1.0,0.0,0.0
case_00033,393,0,0,none,none,0,0,1.0,0.0,0.0
case_00102,239,0,881,none,medium,0,2,0.0,-1.0,-1.0
case_00033,251,0,0,none,none,0,0,1.0,0.0,0.0
case_00033,349,0,0,none,none,0,0,1.0,0.0,0.0
case_00033,360,0,0,none,none,0,0,1.0,0.0,0.0
case_00133,290,0,0,none,none,0,0,1.0,0.0,0.0
case_00079,274,0,0,none,none,0,0,1.0,0.0,0.0
case_00115,473,0,0,none,none,0,0,1.0,0.0,0.0
case_00125,238,0,0,none,none,0,0,1.0,0.0,0.0
case_00161,419,0,0,none,none,0,0,1.0,0.0,0.0
case_00125,56,0,16,none,small,0,1,0.0,-1.0,-1.0
case_00161,174,0,0,none,none,0,0,1.0,0.0,0.0
case_00194,358,0,11,none,small,0,1,0.0,-1.0,-1.0
case_00161,333,0,0,none,none,0,0,1.0,0.0,0.0
case_00079,317,0,0,none,none,0,0,1.0,0.0,0.0
case_00194,151,0,0,none,none,0,0,1.0,0.0,0.0
case_00075,321,0,0,none,none,0,0,1.0,0.0,0.0
case_00161,308,0,0,none,none,0,0,1.0,0.0,0.0
case_00075,133,0,0,none,none,0,0,1.0,0.0,0.0
case_00133,363,0,0,none,none,0,0,1.0,0.0,0.0
case_00014,441,0,0,none,none,0,0,1.0,0.0,0.0
case_00134,125,0,0,none,none,0,0,1.0,0.0,0.0
case_00115,432,0,0,none,none,0,0,1.0,0.0,0.0
case_00133,163,364,379,medium,medium,1,1,0.9475100942126514,1.4142135623730951,0.5764519097967526
case_00079,103,0,0,none,none,0,0,1.0,0.0,0.0
case_00203,216,0,0,none,none,0,0,1.0,0.0,0.0
case_00014,156,0,0,none,none,0,0,1.0,0.0,0.0
case_00134,172,0,0,none,none,0,0,1.0,0.0,0.0
case_00113,326,177,221,medium,medium,1,1,0.864321608040201,3.861942946412393,0.8125
case_00075,460,0,0,none,none,0,0,1.0,0.0,0.0
case_00014,196,0,0,none,none,0,0,1.0,0.0,0.0
case_00203,343,0,0,none,none,0,0,1.0,0.0,0.0
case_00113,381,1903,1986,large,large,1,1,0.933401902802777,4.0,1.242154248721159
case_00154,329,311,362,medium,medium,1,1,0.9034175334323923,2.0,0.897133976907458
case_00014,45,0,24,none,small,0,1,0.0,-1.0,-1.0
case_00154,11,0,0,none,none,0,0,1.0,0.0,0.0
case_00102,293,2,0,small,none,1,0,0.0,-1.0,-1.0
case_00113,312,0,0,none,none,0,0,1.0,0.0,0.0
case_00194,293,0,0,none,none,0,0,1.0,0.0,0.0
case_00133,343,0,0,none,none,0,0,1.0,0.0,0.0
case_00194,368,0,0,none,none,0,0,1.0,0.0,0.0
case_00115,382,0,0,none,none,0,0,1.0,0.0,0.0
case_00154,117,0,0,none,none,0,0,1.0,0.0,0.0
case_00102,29,0,257,none,medium,0,1,0.0,-1.0,-1.0
case_00014,231,0,0,none,none,0,0,1.0,0.0,0.0
case_00161,282,0,0,none,none,0,0,1.0,0.0,0.0
case_00125,335,0,0,none,none,0,0,1.0,0.0,0.0
case_00115,288,0,0,none,none,0,0,1.0,0.0,0.0
case_00079,491,0,274,none,medium,0,1,0.0,-1.0,-1.0
case_00133,1,0,155,none,medium,0,1,0.0,-1.0,-1.0
case_00014,460,0,0,none,none,0,0,1.0,0.0,0.0
case_00086,411,133,179,medium,medium,1,1,0.8397435897435898,2.23606797749979,1.074499766773618
case_00115,193,0,0,none,none,0,0,1.0,0.0,0.0
case_00086,506,0,0,none,none,0,0,1.0,0.0,0.0
case_00102,340,3046,3173,large,large,2,1,0.9532079112397491,3.146049894151538,0.7726404798996774
case_00125,301,0,0,none,none,0,0,1.0,0.0,0.0
case_00102,441,0,0,none,none,0,0,1.0,0.0,0.0
case_00102,443,0,267,none,medium,0,1,0.0,-1.0,-1.0
case_00194,295,0,0,none,none,0,0,1.0,0.0,0.0
case_00203,230,0,0,none,none,0,0,1.0,0.0,0.0
case_00102,389,2944,3082,large,large,1,1,0.9721208098240955,2.0708203932499263,0.7489987337784817
case_00161,220,0,0,none,none,0,0,1.0,0.0,0.0
case_00194,412,0,641,none,medium,0,1,0.0,-1.0,-1.0
case_00133,250,0,0,none,none,0,0,1.0,0.0,0.0
case_00102,423,69,13,small,small,1,1,0.3170731707317073,4.25463978177501,1.9478708664619073
case_00113,8,0,169,none,medium,0,1,0.0,-1.0,-1.0
case_00134,20,0,0,none,none,0,0,1.0,0.0,0.0
case_00125,495,0,0,none,none,0,0,1.0,0.0,0.0
case_00102,128,0,0,none,none,0,0,1.0,0.0,0.0
case_00113,389,2042,2143,large,large,1,1,0.9553166069295101,2.8284271247461903,0.8898181851811082
case_00125,99,0,0,none,none,0,0,1.0,0.0,0.0
case_00133,389,0,0,none,none,0,0,1.0,0.0,0.0
case_00161,21,0,0,none,none,0,0,1.0,0.0,0.0
case_00115,438,0,0,none,none,0,0,1.0,0.0,0.0
case_00194,438,0,5,none,small,0,1,0.0,-1.0,-1.0
case_00033,7,0,0,none,none,0,0,1.0,0.0,0.0
case_00115,310,0,0,none,none,0,0,1.0,0.0,0.0
case_00134,325,122,73,medium,small,1,1,0.7384615384615385,2.83700576850888,0.9714285714285714
case_00133,332,0,0,none,none,0,0,1.0,0.0,0.0
case_00014,400,0,0,none,none,0,0,1.0,0.0,0.0
case_00154,289,0,25,none,small,0,1,0.0,-1.0,-1.0
case_00134,424,0,918,none,medium,0,2,0.0,-1.0,-1.0
case_00075,105,0,0,none,none,0,0,1.0,0.0,0.0
case_00113,107,0,0,none,none,0,0,1.0,0.0,0.0
case_00113,295,0,0,none,none,0,0,1.0,0.0,0.0
case_00113,223,0,0,none,none,0,0,1.0,0.0,0.0
case_00194,422,0,456,none,medium,0,1,0.0,-1.0,-1.0
case_00086,370,0,0,none,none,0,0,1.0,0.0,0.0
case_00115,248,0,0,none,none,0,0,1.0,0.0,0.0
case_00075,87,0,0,none,none,0,0,1.0,0.0,0.0
case_00033,40,0,0,none,none,0,0,1.0,0.0,0.0
case_00161,311,0,0,none,none,0,0,1.0,0.0,0.0
case_00113,377,1784,1909,large,large,1,1,0.9266179258055781,3.1622776601683795,1.382531606811504
case_00125,57,0,14,none,small,0,1,0.0,-1.0,-1.0
case_00014,172,41,79,small,small,1,1,0.6833333333333333,2.23606797749979,1.3051144202451805
case_00134,188,0,0,none,none,0,0,1.0,0.0,0.0
case_00115,470,0,0,none,none,0,0,1.0,0.0,0.0
case_00014,440,0,0,none,none,0,0,1.0,0.0,0.0
case_00133,198,0,0,none,none,0,0,1.0,0.0,0.0
case_00014,477,0,56,none,small,0,1,0.0,-1.0,-1.0
case_00161,275,0,0,none,none,0,0,1.0,0.0,0.0
case_00133,452,0,0,none,none,0,0,1.0,0.0,0.0
case_00014,24,0,0,none,none,0,0,1.0,0.0,0.0
case_00075,207,0,0,none,none,0,0,1.0,0.0,0.0
case_00014,17,0,0,none,none,0,0,1.0,0.0,0.0
case_00161,219,0,0,none,none,0,0,1.0,0.0,0.0
case_00086,151,0,0,none,none,0,0,1.0,0.0,0.0
case_00079,319,0,0,none,none,0,0,1.0,0.0,0.0
case_00203,482,0,0,none,none,0,0,1.0,0.0,0.0
case_00194,135,0,0,none,none,0,0,1.0,0.0,0.0
case_00033,229,0,0,none,none,0,0,1.0,0.0,0.0
case_00133,391,0,0,none,none,0,0,1.0,0.0,0.0
case_00079,86,0,0,none,none,0,0,1.0,0.0,0.0
case_00033,348,0,0,none,none,0,0,1.0,0.0,0.0
case_00203,357,0,0,none,none,0,0,1.0,0.0,0.0
case_00014,188,34,6,small,small,1,1,0.2,3.605551275463989,0.6666666666666666
case_00075,238,0,0,none,none,0,0,1.0,0.0,0.0
case_00102,159,0,0,none,none,0,0,1.0,0.0,0.0
case_00014,77,0,0,none,none,0,0,1.0,0.0,0.0
case_00133,215,0,0,none,none,0,0,1.0,0.0,0.0
case_00102,212,0,0,none,none,0,0,1.0,0.0,0.0
case_00115,30,0,0,none,none,0,0,1.0,0.0,0.0
case_00125,38,0,834,none,medium,0,1,0.0,-1.0,-1.0
case_00086,28,0,0,none,none,0,0,1.0,0.0,0.0
case_00194,426,0,8,none,small,0,1,0.0,-1.0,-1.0
case_00075,44,0,0,none,none,0,0,1.0,0.0,0.0
case_00133,469,0,0,none,none,0,0,1.0,0.0,0.0
case_00102,120,0,0,none,none,0,0,1.0,0.0,0.0
case_00113,147,0,0,none,none,0,0,1.0,0.0,0.0
case_00033,237,0,0,none,none,0,0,1.0,0.0,0.0
case_00102,221,0,0,none,none,0,0,1.0,0.0,0.0
case_00086,54,0,0,none,none,0,0,1.0,0.0,0.0
case_00133,413,0,0,none,none,0,0,1.0,0.0,0.0
case_00161,112,0,43,none,small,0,1,0.0,-1.0,-1.0
case_00194,250,0,0,none,none,0,0,1.0,0.0,0.0
case_00161,181,0,0,none,none,0,0,1.0,0.0,0.0
case_00033,83,0,0,none,none,0,0,1.0,0.0,0.0
case_00194,185,0,0,none,none,0,0,1.0,0.0,0.0
case_00133,398,0,0,none,none,0,0,1.0,0.0,0.0
case_00113,50,0,0,none,none,0,0,1.0,0.0,0.0
case_00203,251,0,0,none,none,0,0,1.0,0.0,0.0
case_00125,330,0,0,none,none,0,0,1.0,0.0,0.0
case_00161,158,335,367,medium,medium,1,1,0.9259259259259259,2.0,0.6875
case_00194,254,0,0,none,none,0,0,1.0,0.0,0.0
case_00125,292,0,0,none,none,0,0,1.0,0.0,0.0
case_00134,54,0,1274,none,large,0,3,0.0,-1.0,-1.0
case_00194,471,0,0,none,none,0,0,1.0,0.0,0.0
case_00079,375,1577,1638,large,large,1,1,0.9660964230171073,2.0,0.6564218754469013
case_00194,483,0,20,none,small,0,1,0.0,-1.0,-1.0
case_00075,284,0,0,none,none,0,0,1.0,0.0,0.0
case_00194,403,0,0,none,none,0,0,1.0,0.0,0.0
case_00079,36,0,0,none,none,0,0,1.0,0.0,0.0
case_00033,294,0,0,none,none,0,0,1.0,0.0,0.0
case_00194,40,0,0,none,none,0,0,1.0,0.0,0.0
case_00134,310,0,0,none,none,0,0,1.0,0.0,0.0
case_00075,331,8,33,small,small,1,1,0.3902439024390244,2.9742640687119284,1.6727127387287448
case_00203,479,0,0,none,none,0,0,1.0,0.0,0.0
case_00134,140,0,0,none,none,0,0,1.0,0.0,0.0
case_00134,30,0,0,none,none,0,0,1.0,0.0,0.0
case_00102,319,2111,2177,large,large,1,1,0.9668843283582089,1.619238815542492,0.6768496446746957
case_00203,485,0,0,none,none,0,0,1.0,0.0,0.0
case_00194,173,59,106,small,medium,1,1,0.7151515151515152,2.7099552952969086,1.357320324567998
case_00014,28,0,0,none,none,0,0,1.0,0.0,0.0
case_00113,129,0,0,none,none,0,0,1.0,0.0,0.0
case_00203,169,0,0,none,none,0,0,1.0,0.0,0.0
case_00125,299,0,0,none,none,0,0,1.0,0.0,0.0
case_00125,227,0,0,none,none,0,0,1.0,0.0,0.0
case_00113,316,40,34,small,small,1,1,0.43243243243243246,4.123105625617661,1.297383238940678
case_00075,329,0,0,none,none,0,0,1.0,0.0,0.0
case_00125,128,0,0,none,none,0,0,1.0,0.0,0.0
case_00115,482,0,0,none,none,0,0,1.0,0.0,0.0
case_00133,446,0,13,none,small,0,1,0.0,-1.0,-1.0
case_00113,468,0,0,none,none,0,0,1.0,0.0,0.0
case_00115,386,0,0,none,none,0,0,1.0,0.0,0.0
case_00203,348,0,0,none,none,0,0,1.0,0.0,0.0
case_00113,210,0,0,none,none,0,0,1.0,0.0,0.0
case_00113,499,0,397,none,medium,0,1,0.0,-1.0,-1.0
case_00033,131,0,0,none,none,0,0,1.0,0.0,0.0
case_00133,417,0,0,none,none,0,0,1.0,0.0,0.0
case_00086,199,0,0,none,none,0,0,1.0,0.0,0.0
case_00086,83,0,0,none,none,0,0,1.0,0.0,0.0
case_00161,456,0,0,none,none,0,0,1.0,0.0,0.0
case_00134,501,0,0,none,none,0,0,1.0,0.0,0.0
case_00075,226,0,0,none,none,0,0,1.0,0.0,0.0
case_00194,207,0,0,none,none,0,0,1.0,0.0,0.0
case_00014,384,0,0,none,none,0,0,1.0,0.0,0.0
case_00086,383,185,216,medium,medium,1,1,0.8877805486284289,2.0,0.8454983092824385
case_00014,407,0,27,none,small,0,2,0.0,-1.0,-1.0
case_00102,274,0,913,none,medium,0,1,0.0,-1.0,-1.0
case_00075,184,0,0,none,none,0,0,1.0,0.0,0.0
case_00154,478,0,0,none,none,0,0,1.0,0.0,0.0
case_00134,211,0,0,none,none,0,0,1.0,0.0,0.0
case_00203,398,5,0,small,none,2,0,0.0,-1.0,-1.0
case_00115,65,0,0,none,none,0,0,1.0,0.0,0.0
case_00079,64,0,100,none,medium,0,1,0.0,-1.0,-1.0
case_00033,175,59,80,small,small,1,1,0.8489208633093526,1.4142135623730951,0.7343861898054145
case_00113,488,0,0,none,none,0,0,1.0,0.0,0.0
case_00102,377,3541,3617,large,large,1,1,0.9804414640961162,2.0,0.5998285239945602
case_00194,301,0,0,none,none,0,0,1.0,0.0,0.0
case_00014,365,0,0,none,none,0,0,1.0,0.0,0.0
case_00079,221,0,0,none,none,0,0,1.0,0.0,0.0
case_00033,146,0,0,none,none,0,0,1.0,0.0,0.0
case_00194,206,0,0,none,none,0,0,1.0,0.0,0.0
case_00125,190,81,86,small,small,1,1,0.874251497005988,1.4142135623730951,0.5653009687409354
case_00086,46,0,0,none,none,0,0,1.0,0.0,0.0
case_00134,439,0,166,none,medium,0,2,0.0,-1.0,-1.0
case_00154,295,0,0,none,none,0,0,1.0,0.0,0.0
case_00134,292,0,0,none,none,0,0,1.0,0.0,0.0
case_00079,264,0,0,none,none,0,0,1.0,0.0,0.0
case_00134,441,0,0,none,none,0,0,1.0,0.0,0.0
case_00194,462,0,0,none,none,0,0,1.0,0.0,0.0
case_00102,177,0,0,none,none,0,0,1.0,0.0,0.0
case_00086,123,0,0,none,none,0,0,1.0,0.0,0.0
case_00154,313,123,138,medium,medium,1,1,0.896551724137931,1.0,0.6052631578947368
case_00075,106,0,0,none,none,0,0,1.0,0.0,0.0
case_00134,2,0,0,none,none,0,0,1.0,0.0,0.0
case_00113,243,0,0,none,none,0,0,1.0,0.0,0.0
case_00161,385,0,0,none,none,0,0,1.0,0.0,0.0
case_00154,189,0,0,none,none,0,0,1.0,0.0,0.0
case_00133,23,0,0,none,none,0,0,1.0,0.0,0.0
case_00161,425,0,0,none,none,0,0,1.0,0.0,0.0
case_00079,250,0,0,none,none,0,0,1.0,0.0,0.0
case_00115,68,0,0,none,none,0,0,1.0,0.0,0.0
case_00125,33,0,306,none,medium,0,1,0.0,-1.0,-1.0
case_00133,107,0,0,none,none,0,0,1.0,0.0,0.0
case_00102,40,0,95,none,small,0,1,0.0,-1.0,-1.0
case_00161,472,0,0,none,none,0,0,1.0,0.0,0.0
case_00033,114,0,0,none,none,0,0,1.0,0.0,0.0
case_00086,225,0,0,none,none,0,0,1.0,0.0,0.0
case_00079,117,0,0,none,none,0,0,1.0,0.0,0.0
case_00113,467,0,0,none,none,0,0,1.0,0.0,0.0
case_00133,20,0,0,none,none,0,0,1.0,0.0,0.0
case_00194,294,0,0,none,none,0,0,1.0,0.0,0.0
case_00079,118,0,0,none,none,0,0,1.0,0.0,0.0
case_00115,371,0,0,none,none,0,0,1.0,0.0,0.0
case_00033,51,0,0,none,none,0,0,1.0,0.0,0.0
case_00079,348,1032,1068,large,large,1,1,0.9571428571428572,2.0,0.6696902266307699
case_00134,415,0,174,none,medium,0,1,0.0,-1.0,-1.0
case_00014,14,0,0,none,none,0,0,1.0,0.0,0.0
case_00133,29,0,0,none,none,0,0,1.0,0.0,0.0
case_00125,219,0,0,none,none,0,0,1.0,0.0,0.0
case_00161,101,0,0,none,none,0,0,1.0,0.0,0.0
case_00102,190,0,0,none,none,0,0,1.0,0.0,0.0
case_00079,312,0,0,none,none,0,0,1.0,0.0,0.0
case_00113,501,0,756,none,medium,0,2,0.0,-1.0,-1.0
case_00075,275,0,0,none,none,0,0,1.0,0.0,0.0
case_00079,214,0,0,none,none,0,0,1.0,0.0,0.0
case_00154,447,0,0,none,none,0,0,1.0,0.0,0.0
case_00133,51,0,0,none,none,0,0,1.0,0.0,0.0
case_00086,502,0,0,none,none,0,0,1.0,0.0,0.0
case_00113,509,0,0,none,none,0,0,1.0,0.0,0.0
case_00102,231,0,577,none,medium,0,2,0.0,-1.0,-1.0
case_00079,1,0,0,none,none,0,0,1.0,0.0,0.0
case_00075,394,0,0,none,none,0,0,1.0,0.0,0.0
case_00079,438,843,923,medium,medium,1,1,0.9490373725934315,2.0,0.7127538136138052
case_00133,242,0,0,none,none,0,0,1.0,0.0,0.0
case_00161,347,0,0,none,none,0,0,1.0,0.0,0.0
case_00133,328,0,0,none,none,0,0,1.0,0.0,0.0
case_00134,42,0,1029,none,large,0,1,0.0,-1.0,-1.0
case_00075,441,0,0,none,none,0,0,1.0,0.0,0.0
case_00033,343,0,0,none,none,0,0,1.0,0.0,0.0
case_00203,76,0,0,none,none,0,0,1.0,0.0,0.0
case_00113,307,0,0,none,none,0,0,1.0,0.0,0.0
case_00154,209,0,0,none,none,0,0,1.0,0.0,0.0
case_00075,58,0,0,none,none,0,0,1.0,0.0,0.0
case_00102,127,0,0,none,none,0,0,1.0,0.0,0.0
case_00203,421,37,128,small,medium,1,1,0.4484848484848485,7.0,3.436613238961948
case_00113,106,0,0,none,none,0,0,1.0,0.0,0.0
case_00134,302,0,0,none,none,0,0,1.0,0.0,0.0
case_00075,177,0,0,none,none,0,0,1.0,0.0,0.0
case_00125,104,0,0,none,none,0,0,1.0,0.0,0.0
case_00014,85,0,0,none,none,0,0,1.0,0.0,0.0
case_00154,360,0,0,none,none,0,0,1.0,0.0,0.0
case_00133,78,0,0,none,none,0,0,1.0,0.0,0.0
case_00161,488,0,0,none,none,0,0,1.0,0.0,0.0
case_00115,384,0,0,none,none,0,0,1.0,0.0,0.0
case_00203,269,0,0,none,none,0,0,1.0,0.0,0.0
case_00154,87,0,0,none,none,0,0,1.0,0.0,0.0
case_00014,490,0,0,none,none,0,0,1.0,0.0,0.0
case_00133,186,0,0,none,none,0,0,1.0,0.0,0.0
case_00079,244,0,0,none,none,0,0,1.0,0.0,0.0
case_00161,79,0,0,none,none,0,0,1.0,0.0,0.0
case_00086,359,0,0,none,none,0,0,1.0,0.0,0.0
case_00079,218,0,0,none,none,0,0,1.0,0.0,0.0
case_00203,359,0,0,none,none,0,0,1.0,0.0,0.0
case_00014,205,0,0,none,none,0,0,1.0,0.0,0.0
case_00115,455,0,0,none,none,0,0,1.0,0.0,0.0
case_00161,89,0,6,none,small,0,1,0.0,-1.0,-1.0
case_00033,217,0,0,none,none,0,0,1.0,0.0,0.0
case_00133,235,0,28,none,small,0,1,0.0,-1.0,-1.0
case_00014,445,0,0,none,none,0,0,1.0,0.0,0.0
case_00154,159,0,0,none,none,0,0,1.0,0.0,0.0
case_00014,202,0,0,none,none,0,0,1.0,0.0,0.0
case_00133,98,0,0,none,none,0,0,1.0,0.0,0.0
case_00102,342,3158,3255,large,large,2,1,0.960860751598316,3.0,0.699011296400149
case_00086,491,0,0,none,none,0,0,1.0,0.0,0.0
case_00102,149,0,0,none,none,0,0,1.0,0.0,0.0
case_00133,108,0,0,none,none,0,0,1.0,0.0,0.0
case_00102,295,95,19,small,small,7,2,0.08771929824561403,18.75093084053065,1.3171090380671127
case_00154,194,0,0,none,none,0,0,1.0,0.0,0.0
case_00033,503,0,50,none,small,0,2,0.0,-1.0,-1.0
case_00194,68,0,75,none,small,0,1,0.0,-1.0,-1.0
case_00134,221,0,0,none,none,0,0,1.0,0.0,0.0
case_00115,336,520,622,medium,medium,1,1,0.9036777583187391,2.23606797749979,1.1728567357918016
case_00115,71,0,0,none,none,0,0,1.0,0.0,0.0
case_00125,352,0,0,none,none,0,0,1.0,0.0,0.0
case_00086,505,0,0,none,none,0,0,1.0,0.0,0.0
case_00161,39,0,0,none,none,0,0,1.0,0.0,0.0
case_00086,14,0,0,none,none,0,0,1.0,0.0,0.0
case_00086,228,0,0,none,none,0,0,1.0,0.0,0.0
case_00161,67,0,0,none,none,0,0,1.0,0.0,0.0
case_00161,261,0,0,none,none,0,0,1.0,0.0,0.0
case_00125,96,0,0,none,none,0,0,1.0,0.0,0.0
case_00125,343,0,0,none,none,0,0,1.0,0.0,0.0
case_00194,390,0,440,none,medium,0,2,0.0,-1.0,-1.0
case_00014,224,0,0,none,none,0,0,1.0,0.0,0.0
case_00079,310,0,0,none,none,0,0,1.0,0.0,0.0
case_00194,413,0,388,none,medium,0,1,0.0,-1.0,-1.0
case_00033,71,0,0,none,none,0,0,1.0,0.0,0.0
case_00033,258,0,0,none,none,0,0,1.0,0.0,0.0
case_00079,435,948,1023,medium,large,1,1,0.9528158295281582,2.0,0.6329237051634888
case_00194,419,0,716,none,medium,0,1,0.0,-1.0,-1.0
case_00194,103,0,0,none,none,0,0,1.0,0.0,0.0
case_00125,75,0,0,none,none,0,0,1.0,0.0,0.0
case_00102,55,0,0,none,none,0,0,1.0,0.0,0.0
case_00161,13,0,0,none,none,0,0,1.0,0.0,0.0
case_00194,237,0,0,none,none,0,0,1.0,0.0,0.0
case_00014,264,0,0,none,none,0,0,1.0,0.0,0.0
case_00113,227,0,0,none,none,0,0,1.0,0.0,0.0
case_00113,226,0,0,none,none,0,0,1.0,0.0,0.0
case_00203,200,0,0,none,none,0,0,1.0,0.0,0.0
case_00115,324,437,428,medium,medium,1,1,0.9248554913294798,2.0,0.7930630340831647
case_00033,46,0,0,none,none,0,0,1.0,0.0,0.0
case_00134,335,538,554,medium,medium,1,1,0.9230769230769231,2.23606797749979,0.6543658025221353
case_00154,481,0,0,none,none,0,0,1.0,0.0,0.0
case_00134,253,0,0,none,none,0,0,1.0,0.0,0.0
case_00033,103,0,0,none,none,0,0,1.0,0.0,0.0
case_00133,375,0,0,none,none,0,0,1.0,0.0,0.0
case_00154,7,0,0,none,none,0,0,1.0,0.0,0.0
case_00079,305,0,0,none,none,0,0,1.0,0.0,0.0
case_00075,27,0,67,none,small,0,1,0.0,-1.0,-1.0
case_00203,333,0,0,none,none,0,0,1.0,0.0,0.0
case_00194,363,0,0,none,none,0,0,1.0,0.0,0.0
case_00086,213,0,0,none,none,0,0,1.0,0.0,0.0
case_00086,96,0,0,none,none,0,0,1.0,0.0,0.0
case_00079,68,0,0,none,none,0,0,1.0,0.0,0.0
case_00115,328,531,554,medium,medium,1,1,0.943778801843318,1.8535533905932737,0.6736907400868206
case_00115,133,0,0,none,none,0,0,1.0,0.0,0.0
case_00115,20,0,0,none,none,0,0,1.0,0.0,0.0
case_00161,211,0,0,none,none,0,0,1.0,0.0,0.0
case_00014,509,0,0,none,none,0,0,1.0,0.0,0.0
case_00102,413,737,851,medium,medium,2,1,0.9017632241813602,3.0,1.1047245104836094
case_00086,287,0,0,none,none,0,0,1.0,0.0,0.0
case_00133,56,0,0,none,none,0,0,1.0,0.0,0.0
case_00134,32,0,0,none,none,0,0,1.0,0.0,0.0
case_00102,483,0,0,none,none,0,0,1.0,0.0,0.0
case_00113,88,0,0,none,none,0,0,1.0,0.0,0.0
case_00115,204,0,0,none,none,0,0,1.0,0.0,0.0
case_00161,2,0,0,none,none,0,0,1.0,0.0,0.0
case_00203,211,0,0,none,none,0,0,1.0,0.0,0.0
case_00014,455,0,0,none,none,0,0,1.0,0.0,0.0
case_00079,326,8,29,small,small,1,1,0.32432432432432434,3.4947328716400867,1.644969343810897
case_00125,273,0,0,none,none,0,0,1.0,0.0,0.0
case_00014,468,0,0,none,none,0,0,1.0,0.0,0.0
case_00033,342,0,0,none,none,0,0,1.0,0.0,0.0
case_00033,345,0,0,none,none,0,0,1.0,0.0,0.0
case_00125,146,0,0,none,none,0,0,1.0,0.0,0.0
case_00194,473,0,0,none,none,0,0,1.0,0.0,0.0
case_00033,403,0,0,none,none,0,0,1.0,0.0,0.0
case_00075,360,33,53,small,small,1,1,0.7441860465116279,2.0,0.9948340689714853
case_00133,22,0,0,none,none,0,0,1.0,0.0,0.0
case_00115,389,0,0,none,none,0,0,1.0,0.0,0.0
case_00079,69,0,0,none,none,0,0,1.0,0.0,0.0
case_00102,205,0,0,none,none,0,0,1.0,0.0,0.0
case_00203,97,0,0,none,none,0,0,1.0,0.0,0.0
case_00203,321,0,0,none,none,0,0,1.0,0.0,0.0
case_00079,30,0,0,none,none,0,0,1.0,0.0,0.0
case_00086,338,0,0,none,none,0,0,1.0,0.0,0.0
case_00033,197,40,80,small,small,1,1,0.6666666666666666,3.0,1.2852464563461052
case_00203,446,0,0,none,none,0,0,1.0,0.0,0.0
case_00203,21,0,0,none,none,0,0,1.0,0.0,0.0
case_00115,45,0,22,none,small,0,1,0.0,-1.0,-1.0
case_00102,87,0,85,none,small,0,1,0.0,-1.0,-1.0
case_00203,42,0,76,none,small,0,1,0.0,-1.0,-1.0
case_00075,168,0,0,none,none,0,0,1.0,0.0,0.0
case_00161,394,0,0,none,none,0,0,1.0,0.0,0.0
case_00125,276,0,0,none,none,0,0,1.0,0.0,0.0
case_00203,376,0,0,none,none,0,0,1.0,0.0,0.0
case_00125,501,0,0,none,none,0,0,1.0,0.0,0.0
case_00194,19,0,141,none,medium,0,1,0.0,-1.0,-1.0
case_00154,488,0,0,none,none,0,0,1.0,0.0,0.0
case_00133,24,0,0,none,none,0,0,1.0,0.0,0.0
case_00086,86,0,0,none,none,0,0,1.0,0.0,0.0
case_00014,271,0,0,none,none,0,0,1.0,0.0,0.0
case_00161,430,0,8,none,small,0,1,0.0,-1.0,-1.0
case_00086,372,0,0,none,none,0,0,1.0,0.0,0.0
case_00154,245,0,0,none,none,0,0,1.0,0.0,0.0
case_00133,199,0,0,none,none,0,0,1.0,0.0,0.0
case_00033,63,0,0,none,none,0,0,1.0,0.0,0.0
case_00194,145,0,0,none,none,0,0,1.0,0.0,0.0
case_00133,310,0,0,none,none,0,0,1.0,0.0,0.0
case_00194,143,0,0,none,none,0,0,1.0,0.0,0.0
case_00033,264,0,0,none,none,0,0,1.0,0.0,0.0
case_00075,53,0,0,none,none,0,0,1.0,0.0,0.0
case_00203,508,0,41,none,small,0,1,0.0,-1.0,-1.0
case_00086,24,0,0,none,none,0,0,1.0,0.0,0.0
case_00115,250,0,0,none,none,0,0,1.0,0.0,0.0
case_00075,55,0,0,none,none,0,0,1.0,0.0,0.0
case_00014,8,0,0,none,none,0,0,1.0,0.0,0.0
case_00102,240,0,1761,none,large,0,2,0.0,-1.0,-1.0
case_00014,357,0,0,none,none,0,0,1.0,0.0,0.0
case_00194,456,0,17,none,small,0,1,0.0,-1.0,-1.0
case_00075,498,0,0,none,none,0,0,1.0,0.0,0.0
case_00079,80,0,0,none,none,0,0,1.0,0.0,0.0
case_00194,325,0,101,none,medium,0,1,0.0,-1.0,-1.0
case_00154,452,0,0,none,none,0,0,1.0,0.0,0.0
case_00134,350,895,938,medium,medium,1,1,0.9405346426623022,2.23606797749979,0.6637931034482759
case_00125,174,0,0,none,none,0,0,1.0,0.0,0.0
case_00133,165,329,327,medium,medium,1,1,0.9451219512195121,1.4142135623730951,0.5011119845214824
case_00194,101,0,0,none,none,0,0,1.0,0.0,0.0
case_00079,187,0,0,none,none,0,0,1.0,0.0,0.0
case_00203,51,0,50,none,small,0,1,0.0,-1.0,-1.0
case_00075,499,0,0,none,none,0,0,1.0,0.0,0.0
case_00115,270,0,0,none,none,0,0,1.0,0.0,0.0
case_00113,199,0,0,none,none,0,0,1.0,0.0,0.0
case_00102,52,0,57,none,small,0,1,0.0,-1.0,-1.0
case_00086,164,0,0,none,none,0,0,1.0,0.0,0.0
case_00113,234,0,0,none,none,0,0,1.0,0.0,0.0
case_00161,376,0,0,none,none,0,0,1.0,0.0,0.0
case_00161,8,0,0,none,none,0,0,1.0,0.0,0.0
case_00014,34,0,0,none,none,0,0,1.0,0.0,0.0
case_00102,272,0,976,none,medium,0,1,0.0,-1.0,-1.0
case_00125,136,0,0,none,none,0,0,1.0,0.0,0.0
case_00086,396,281,312,medium,medium,1,1,0.9308600337268128,2.0,0.6375362745862905
case_00033,467,0,0,none,none,0,0,1.0,0.0,0.0
case_00115,150,0,0,none,none,0,0,1.0,0.0,0.0
case_00161,279,0,0,none,none,0,0,1.0,0.0,0.0
case_00014,111,0,30,none,small,0,1,0.0,-1.0,-1.0
case_00086,175,0,0,none,none,0,0,1.0,0.0,0.0
case_00033,389,0,0,none,none,0,0,1.0,0.0,0.0
case_00133,43,0,0,none,none,0,0,1.0,0.0,0.0
case_00133,426,0,20,none,small,0,1,0.0,-1.0,-1.0
case_00115,325,466,441,medium,medium,1,1,0.9151047409040793,2.0,0.8843076683659766
case_00079,127,0,0,none,none,0,0,1.0,0.0,0.0
case_00113,298,0,0,none,none,0,0,1.0,0.0,0.0
case_00134,287,0,0,none,none,0,0,1.0,0.0,0.0
case_00113,356,865,983,medium,medium,1,1,0.8603896103896104,5.0,1.2741762149310025
case_00154,241,0,0,none,none,0,0,1.0,0.0,0.0
case_00154,210,0,0,none,none,0,0,1.0,0.0,0.0
case_00154,107,0,0,none,none,0,0,1.0,0.0,0.0
case_00161,320,0,0,none,none,0,0,1.0,0.0,0.0
case_00014,95,0,72,none,small,0,1,0.0,-1.0,-1.0
case_00161,316,0,0,none,none,0,0,1.0,0.0,0.0
case_00203,447,0,0,none,none,0,0,1.0,0.0,0.0
case_00161,202,0,0,none,none,0,0,1.0,0.0,0.0
case_00115,275,0,0,none,none,0,0,1.0,0.0,0.0
case_00115,234,0,0,none,none,0,0,1.0,0.0,0.0
case_00203,385,0,0,none,none,0,0,1.0,0.0,0.0
case_00086,317,0,0,none,none,0,0,1.0,0.0,0.0
case_00033,220,0,0,none,none,0,0,1.0,0.0,0.0
case_00086,279,0,0,none,none,0,0,1.0,0.0,0.0
case_00125,90,0,45,none,small,0,1,0.0,-1.0,-1.0
case_00102,54,0,0,none,none,0,0,1.0,0.0,0.0
case_00133,395,0,0,none,none,0,0,1.0,0.0,0.0
case_00014,390,0,0,none,none,0,0,1.0,0.0,0.0
case_00161,141,449,499,medium,medium,1,1,0.9367088607594937,2.0,0.6575342465753424
case_00133,477,0,0,none,none,0,0,1.0,0.0,0.0
case_00154,475,0,0,none,none,0,0,1.0,0.0,0.0
case_00154,150,0,0,none,none,0,0,1.0,0.0,0.0
case_00125,25,0,401,none,medium,0,1,0.0,-1.0,-1.0
case_00194,263,0,0,none,none,0,0,1.0,0.0,0.0
case_00014,422,0,453,none,medium,0,1,0.0,-1.0,-1.0
case_00161,443,0,35,none,small,0,1,0.0,-1.0,-1.0
case_00086,192,0,0,none,none,0,0,1.0,0.0,0.0
case_00134,229,0,0,none,none,0,0,1.0,0.0,0.0
case_00154,257,0,0,none,none,0,0,1.0,0.0,0.0
case_00079,418,1372,1465,large,large,1,1,0.9594642227705322,2.0,0.712908449534217
case_00075,161,0,0,none,none,0,0,1.0,0.0,0.0
case_00134,337,623,583,medium,medium,1,1,0.9137645107794361,3.0,0.7453806660009229
case_00014,345,0,0,none,none,0,0,1.0,0.0,0.0
case_00115,166,0,0,none,none,0,0,1.0,0.0,0.0
case_00102,367,3768,3796,large,large,1,1,0.9833421470121628,1.0,0.5256731235569838
case_00194,457,0,13,none,small,0,1,0.0,-1.0,-1.0
case_00194,34,0,0,none,none,0,0,1.0,0.0,0.0
case_00033,250,0,0,none,none,0,0,1.0,0.0,0.0
case_00203,120,0,0,none,none,0,0,1.0,0.0,0.0
case_00134,282,0,0,none,none,0,0,1.0,0.0,0.0
case_00102,454,0,0,none,none,0,0,1.0,0.0,0.0
case_00194,361,0,0,none,none,0,0,1.0,0.0,0.0
case_00102,343,3200,3277,large,large,2,1,0.9603211363285472,3.605551275463989,0.7295250204322845
case_00102,50,0,0,none,none,0,0,1.0,0.0,0.0
case_00133,91,0,0,none,none,0,0,1.0,0.0,0.0
case_00075,129,0,0,none,none,0,0,1.0,0.0,0.0
case_00075,289,0,0,none,none,0,0,1.0,0.0,0.0
case_00075,146,0,0,none,none,0,0,1.0,0.0,0.0
case_00075,432,0,188,none,medium,0,1,0.0,-1.0,-1.0
case_00075,54,0,0,none,none,0,0,1.0,0.0,0.0
case_00075,63,0,0,none,none,0,0,1.0,0.0,0.0
case_00086,303,0,0,none,none,0,0,1.0,0.0,0.0
case_00154,263,0,0,none,none,0,0,1.0,0.0,0.0
case_00154,19,0,0,none,none,0,0,1.0,0.0,0.0
case_00033,426,0,0,none,none,0,0,1.0,0.0,0.0
case_00134,275,0,0,none,none,0,0,1.0,0.0,0.0
case_00161,135,351,371,medium,medium,1,1,0.9196675900277008,2.0,0.7213114754098361
case_00134,250,0,0,none,none,0,0,1.0,0.0,0.0
case_00134,160,0,0,none,none,0,0,1.0,0.0,0.0
case_00161,224,0,0,none,none,0,0,1.0,0.0,0.0
case_00154,479,0,0,none,none,0,0,1.0,0.0,0.0
case_00203,8,0,0,none,none,0,0,1.0,0.0,0.0
case_00102,66,0,0,none,none,0,0,1.0,0.0,0.0
case_00115,200,0,0,none,none,0,0,1.0,0.0,0.0
case_00033,49,0,0,none,none,0,0,1.0,0.0,0.0
case_00102,91,0,0,none,none,0,0,1.0,0.0,0.0
case_00075,476,0,8,none,small,0,1,0.0,-1.0,-1.0
case_00113,17,0,1095,none,large,0,1,0.0,-1.0,-1.0
case_00075,433,0,37,none,small,0,1,0.0,-1.0,-1.0
case_00154,300,0,0,none,none,0,0,1.0,0.0,0.0
case_00033,367,0,0,none,none,0,0,1.0,0.0,0.0
case_00086,289,0,0,none,none,0,0,1.0,0.0,0.0
case_00079,7,0,0,none,none,0,0,1.0,0.0,0.0
case_00154,499,0,0,none,none,0,0,1.0,0.0,0.0
case_00086,350,0,0,none,none,0,0,1.0,0.0,0.0
case_00203,500,0,0,none,none,0,0,1.0,0.0,0.0
case_00115,486,0,0,none,none,0,0,1.0,0.0,0.0
case_00161,397,0,0,none,none,0,0,1.0,0.0,0.0
case_00134,134,0,0,none,none,0,0,1.0,0.0,0.0
case_00194,329,0,219,none,medium,0,1,0.0,-1.0,-1.0
case_00133,308,0,0,none,none,0,0,1.0,0.0,0.0
case_00134,331,349,414,medium,medium,1,1,0.8964613368283093,2.23606797749979,0.8924793042729761
case_00203,499,0,0,none,none,0,0,1.0,0.0,0.0
case_00115,313,28,0,small,none,1,0,0.0,-1.0,-1.0
case_00134,192,0,0,none,none,0,0,1.0,0.0,0.0
case_00079,472,0,0,none,none,0,0,1.0,0.0,0.0
case_00125,507,0,0,none,none,0,0,1.0,0.0,0.0
case_00014,10,0,0,none,none,0,0,1.0,0.0,0.0
case_00194,150,0,0,none,none,0,0,1.0,0.0,0.0
case_00086,132,0,0,none,none,0,0,1.0,0.0,0.0
case_00079,385,1614,1628,large,large,1,1,0.9642196175200494,1.970710678118648,0.6712743581968725
case_00194,165,50,84,small,small,1,1,0.7313432835820896,2.23606797749979,1.1258717772369962
case_00033,363,0,0,none,none,0,0,1.0,0.0,0.0
case_00086,15,0,0,none,none,0,0,1.0,0.0,0.0
case_00113,387,2041,1989,large,large,1,1,0.9498759305210918,3.5833875946992038,0.8776508491897946
case_00134,136,0,0,none,none,0,0,1.0,0.0,0.0
case_00079,483,0,0,none,none,0,0,1.0,0.0,0.0
case_00014,118,0,0,none,none,0,0,1.0,0.0,0.0
case_00086,107,0,0,none,none,0,0,1.0,0.0,0.0
case_00075,152,0,0,none,none,0,0,1.0,0.0,0.0
case_00134,161,0,0,none,none,0,0,1.0,0.0,0.0
case_00125,340,0,0,none,none,0,0,1.0,0.0,0.0
case_00102,263,0,946,none,medium,0,2,0.0,-1.0,-1.0
case_00102,107,0,0,none,none,0,0,1.0,0.0,0.0
case_00133,429,0,0,none,none,0,0,1.0,0.0,0.0
case_00154,392,0,0,none,none,0,0,1.0,0.0,0.0
case_00154,129,0,0,none,none,0,0,1.0,0.0,0.0
case_00134,309,0,0,none,none,0,0,1.0,0.0,0.0
case_00194,53,0,818,none,medium,0,1,0.0,-1.0,-1.0
case_00079,137,0,0,none,none,0,0,1.0,0.0,0.0
case_00086,91,0,0,none,none,0,0,1.0,0.0,0.0
case_00102,425,0,0,none,none,0,0,1.0,0.0,0.0
case_00102,373,3648,3754,large,large,1,1,0.9808159956768441,1.4142135623730951,0.6108905868047255
case_00133,135,320,354,medium,medium,1,1,0.9169139465875371,2.0,0.7601906703542828
case_00014,295,0,0,none,none,0,0,1.0,0.0,0.0
case_00086,137,0,0,none,none,0,0,1.0,0.0,0.0
case_00161,198,0,0,none,none,0,0,1.0,0.0,0.0
case_00115,247,0,0,none,none,0,0,1.0,0.0,0.0
case_00102,320,2159,2226,large,large,1,1,0.9660205245153934,2.0,0.7283698525208421
case_00075,170,0,0,none,none,0,0,1.0,0.0,0.0
case_00115,277,0,0,none,none,0,0,1.0,0.0,0.0
case_00194,114,0,0,none,none,0,0,1.0,0.0,0.0
case_00125,26,0,427,none,medium,0,1,0.0,-1.0,-1.0
case_00086,478,0,0,none,none,0,0,1.0,0.0,0.0
case_00203,106,0,0,none,none,0,0,1.0,0.0,0.0
case_00113,19,0,958,none,medium,0,3,0.0,-1.0,-1.0
case_00086,240,0,0,none,none,0,0,1.0,0.0,0.0
case_00086,407,217,277,medium,medium,1,1,0.8785425101214575,2.0,1.1879337412762305
case_00154,427,0,85,none,small,0,1,0.0,-1.0,-1.0
case_00194,212,0,0,none,none,0,0,1.0,0.0,0.0
case_00014,430,0,24,none,small,0,2,0.0,-1.0,-1.0
case_00033,86,0,0,none,none,0,0,1.0,0.0,0.0
case_00102,362,3817,3946,large,large,1,1,0.976684271544506,2.0,0.7100998656720071
case_00086,509,0,0,none,none,0,0,1.0,0.0,0.0
case_00014,78,0,0,none,none,0,0,1.0,0.0,0.0
case_00154,211,0,0,none,none,0,0,1.0,0.0,0.0
case_00075,97,0,0,none,none,0,0,1.0,0.0,0.0
case_00102,439,0,0,none,none,0,0,1.0,0.0,0.0
case_00125,354,0,0,none,none,0,0,1.0,0.0,0.0
case_00134,216,0,0,none,none,0,0,1.0,0.0,0.0
case_00075,113,0,0,none,none,0,0,1.0,0.0,0.0
case_00086,291,0,0,none,none,0,0,1.0,0.0,0.0
case_00203,439,0,0,none,none,0,0,1.0,0.0,0.0
case_00014,38,0,355,none,medium,0,1,0.0,-1.0,-1.0
case_00194,39,0,0,none,none,0,0,1.0,0.0,0.0
case_00115,185,0,0,none,none,0,0,1.0,0.0,0.0
case_00134,217,0,0,none,none,0,0,1.0,0.0,0.0
case_00134,144,0,0,none,none,0,0,1.0,0.0,0.0
case_00134,227,0,0,none,none,0,0,1.0,0.0,0.0
case_00133,21,0,0,none,none,0,0,1.0,0.0,0.0
case_00079,87,0,0,none,none,0,0,1.0,0.0,0.0
case_00133,105,0,0,none,none,0,0,1.0,0.0,0.0
case_00161,121,0,0,none,none,0,0,1.0,0.0,0.0
case_00086,1,0,0,none,none,0,0,1.0,0.0,0.0
case_00014,99,0,0,none,none,0,0,1.0,0.0,0.0
case_00102,504,0,0,none,none,0,0,1.0,0.0,0.0
case_00033,107,0,0,none,none,0,0,1.0,0.0,0.0
case_00125,68,0,0,none,none,0,0,1.0,0.0,0.0
case_00194,229,0,0,none,none,0,0,1.0,0.0,0.0
case_00194,247,0,0,none,none,0,0,1.0,0.0,0.0
case_00113,273,0,0,none,none,0,0,1.0,0.0,0.0
case_00014,59,0,0,none,none,0,0,1.0,0.0,0.0
case_00033,181,94,119,small,medium,1,1,0.863849765258216,1.9414213562373086,0.7981047915915134
case_00113,398,2019,2124,large,large,1,1,0.9543808834178131,2.8284271247461903,0.8921305420525222
case_00203,202,0,0,none,none,0,0,1.0,0.0,0.0
case_00154,76,0,0,none,none,0,0,1.0,0.0,0.0
case_00113,45,0,18,none,small,0,1,0.0,-1.0,-1.0
case_00154,184,0,0,none,none,0,0,1.0,0.0,0.0
case_00194,381,0,121,none,medium,0,2,0.0,-1.0,-1.0
case_00086,135,0,0,none,none,0,0,1.0,0.0,0.0
case_00125,349,0,0,none,none,0,0,1.0,0.0,0.0
case_00194,10,0,333,none,medium,0,1,0.0,-1.0,-1.0
case_00086,127,0,0,none,none,0,0,1.0,0.0,0.0
case_00133,380,0,0,none,none,0,0,1.0,0.0,0.0
case_00115,251,0,0,none,none,0,0,1.0,0.0,0.0
case_00086,8,0,0,none,none,0,0,1.0,0.0,0.0
case_00161,46,0,0,none,none,0,0,1.0,0.0,0.0
case_00125,482,0,0,none,none,0,0,1.0,0.0,0.0
case_00102,196,0,0,none,none,0,0,1.0,0.0,0.0
case_00102,136,0,0,none,none,0,0,1.0,0.0,0.0
case_00194,182,2,0,small,none,1,0,0.0,-1.0,-1.0
case_00075,434,0,0,none,none,0,0,1.0,0.0,0.0
case_00086,139,0,0,none,none,0,0,1.0,0.0,0.0
case_00134,454,0,0,none,none,0,0,1.0,0.0,0.0
case_00154,231,0,0,none,none,0,0,1.0,0.0,0.0
case_00125,108,0,0,none,none,0,0,1.0,0.0,0.0
case_00203,462,0,0,none,none,0,0,1.0,0.0,0.0
case_00194,153,0,0,none,none,0,0,1.0,0.0,0.0
case_00154,369,0,0,none,none,0,0,1.0,0.0,0.0
case_00033,505,0,89,none,small,0,2,0.0,-1.0,-1.0
case_00086,172,0,0,none,none,0,0,1.0,0.0,0.0
case_00161,133,316,337,medium,medium,1,1,0.9280245022970903,2.0,0.617190060379205
case_00102,12,0,0,none,none,0,0,1.0,0.0,0.0
case_00133,81,0,0,none,none,0,0,1.0,0.0,0.0
case_00102,464,0,1013,none,large,0,2,0.0,-1.0,-1.0
case_00075,350,85,131,small,medium,1,1,0.7777777777777778,2.23606797749979,1.284951453158515
case_00115,411,0,68,none,small,0,2,0.0,-1.0,-1.0
case_00033,302,0,0,none,none,0,0,1.0,0.0,0.0
case_00113,84,0,0,none,none,0,0,1.0,0.0,0.0
case_00154,278,0,0,none,none,0,0,1.0,0.0,0.0
case_00033,52,0,0,none,none,0,0,1.0,0.0,0.0
case_00033,5,0,0,none,none,0,0,1.0,0.0,0.0
case_00134,356,823,914,medium,medium,1,1,0.9326424870466321,2.871320343559643,0.8249793399589798
case_00033,461,0,0,none,none,0,0,1.0,0.0,0.0
case_00086,165,0,0,none,none,0,0,1.0,0.0,0.0
case_00079,327,15,37,small,small,1,1,0.38461538461538464,3.0,1.3333333333333333
case_00134,143,0,0,none,none,0,0,1.0,0.0,0.0
case_00203,235,0,0,none,none,0,0,1.0,0.0,0.0
case_00033,458,0,0,none,none,0,0,1.0,0.0,0.0
case_00125,338,0,0,none,none,0,0,1.0,0.0,0.0
case_00014,199,0,0,none,none,0,0,1.0,0.0,0.0
case_00086,179,0,0,none,none,0,0,1.0,0.0,0.0
case_00134,110,0,0,none,none,0,0,1.0,0.0,0.0
case_00113,73,0,0,none,none,0,0,1.0,0.0,0.0
case_00014,492,0,0,none,none,0,0,1.0,0.0,0.0
case_00075,12,0,0,none,none,0,0,1.0,0.0,0.0
case_00134,234,0,5,none,small,0,2,0.0,-1.0,-1.0
case_00194,48,0,0,none,none,0,0,1.0,0.0,0.0
case_00113,40,0,93,none,small,0,1,0.0,-1.0,-1.0
case_00086,448,0,0,none,none,0,0,1.0,0.0,0.0
case_00125,282,0,0,none,none,0,0,1.0,0.0,0.0
case_00203,175,0,0,none,none,0,0,1.0,0.0,0.0
case_00203,460,0,0,none,none,0,0,1.0,0.0,0.0
case_00134,254,0,0,none,none,0,0,1.0,0.0,0.0
case_00014,361,0,0,none,none,0,0,1.0,0.0,0.0
case_00134,438,0,837,none,medium,0,2,0.0,-1.0,-1.0
case_00161,204,0,0,none,none,0,0,1.0,0.0,0.0
case_00203,115,0,0,none,none,0,0,1.0,0.0,0.0
case_00102,25,0,130,none,medium,0,1,0.0,-1.0,-1.0
case_00102,330,2526,2681,large,large,1,1,0.964086806222393,2.23606797749979,0.8681622179607277
case_00133,449,0,0,none,none,0,0,1.0,0.0,0.0
case_00102,214,0,0,none,none,0,0,1.0,0.0,0.0
case_00033,316,0,0,none,none,0,0,1.0,0.0,0.0
case_00102,135,0,0,none,none,0,0,1.0,0.0,0.0
case_00113,198,0,0,none,none,0,0,1.0,0.0,0.0
case_00079,57,0,115,none,medium,0,2,0.0,-1.0,-1.0
case_00075,254,0,0,none,none,0,0,1.0,0.0,0.0
case_00154,91,0,0,none,none,0,0,1.0,0.0,0.0
case_00113,477,0,0,none,none,0,0,1.0,0.0,0.0
case_00133,54,0,88,none,small,0,1,0.0,-1.0,-1.0
case_00134,294,0,0,none,none,0,0,1.0,0.0,0.0
case_00154,130,0,0,none,none,0,0,1.0,0.0,0.0
case_00154,157,0,0,none,none,0,0,1.0,0.0,0.0
case_00133,476,0,0,none,none,0,0,1.0,0.0,0.0
case_00079,378,1585,1677,large,large,1,1,0.9619865113427345,2.0,0.6993460266856708
case_00134,332,401,384,medium,medium,1,1,0.8866242038216561,3.0,0.7548898801527796
case_00194,391,0,473,none,medium,0,1,0.0,-1.0,-1.0
case_00133,493,0,25,none,small,0,1,0.0,-1.0,-1.0
case_00086,447,0,0,none,none,0,0,1.0,0.0,0.0
case_00033,183,107,126,medium,medium,1,1,0.9012875536480687,1.4142135623730951,0.5953717849152731
case_00115,217,0,0,none,none,0,0,1.0,0.0,0.0
case_00086,104,0,0,none,none,0,0,1.0,0.0,0.0
case_00113,497,0,677,none,medium,0,1,0.0,-1.0,-1.0
case_00033,202,0,0,none,none,0,0,1.0,0.0,0.0
case_00014,102,0,0,none,none,0,0,1.0,0.0,0.0
case_00115,205,0,0,none,none,0,0,1.0,0.0,0.0
case_00115,6,0,0,none,none,0,0,1.0,0.0,0.0
case_00079,206,0,0,none,none,0,0,1.0,0.0,0.0
case_00134,132,0,0,none,none,0,0,1.0,0.0,0.0
case_00113,423,1364,1514,large,large,1,1,0.9374565670604587,3.0,1.1172629444289326
case_00115,216,0,0,none,none,0,0,1.0,0.0,0.0
case_00125,2,0,0,none,none,0,0,1.0,0.0,0.0
case_00161,52,0,0,none,none,0,0,1.0,0.0,0.0
case_00033,466,0,0,none,none,0,0,1.0,0.0,0.0
case_00033,97,0,0,none,none,0,0,1.0,0.0,0.0
case_00075,268,0,0,none,none,0,0,1.0,0.0,0.0
case_00134,214,0,0,none,none,0,0,1.0,0.0,0.0
case_00014,35,0,0,none,none,0,0,1.0,0.0,0.0
case_00113,408,1874,1946,large,large,1,1,0.9554973821989529,3.0,0.8239351891547887
case_00079,205,0,0,none,none,0,0,1.0,0.0,0.0
case_00075,237,0,0,none,none,0,0,1.0,0.0,0.0
case_00115,186,0,0,none,none,0,0,1.0,0.0,0.0
case_00033,224,0,0,none,none,0,0,1.0,0.0,0.0
case_00194,497,0,0,none,none,0,0,1.0,0.0,0.0
case_00133,99,0,0,none,none,0,0,1.0,0.0,0.0
case_00115,169,0,0,none,none,0,0,1.0,0.0,0.0
case_00134,389,0,0,none,none,0,0,1.0,0.0,0.0
case_00102,102,0,50,none,small,0,1,0.0,-1.0,-1.0
case_00203,159,0,0,none,none,0,0,1.0,0.0,0.0
case_00115,476,0,0,none,none,0,0,1.0,0.0,0.0
case_00086,467,0,0,none,none,0,0,1.0,0.0,0.0
case_00033,232,0,0,none,none,0,0,1.0,0.0,0.0
case_00134,326,153,155,medium,medium,1,1,0.8636363636363636,2.0,0.6530612244897959
case_00194,444,0,269,none,medium,0,1,0.0,-1.0,-1.0
case_00154,357,0,0,none,none,0,0,1.0,0.0,0.0
case_00033,31,0,0,none,none,0,0,1.0,0.0,0.0
case_00079,462,87,103,small,medium,2,1,0.7052631578947368,2.6944271909999116,0.8069325910605509
case_00086,72,0,0,none,none,0,0,1.0,0.0,0.0
case_00133,167,286,289,medium,medium,1,1,0.8973913043478261,2.16524758424985,0.9976027148616468
case_00203,468,0,0,none,none,0,0,1.0,0.0,0.0
case_00113,474,0,0,none,none,0,0,1.0,0.0,0.0
case_00133,41,0,0,none,none,0,0,1.0,0.0,0.0
case_00154,451,0,0,none,none,0,0,1.0,0.0,0.0
case_00079,178,0,0,none,none,0,0,1.0,0.0,0.0
case_00102,316,1963,2122,large,large,1,1,0.9512851897184823,2.23606797749979,0.9742754681760979
case_00102,148,0,0,none,none,0,0,1.0,0.0,0.0
case_00115,312,4,0,small,none,1,0,0.0,-1.0,-1.0
case_00086,252,0,0,none,none,0,0,1.0,0.0,0.0
case_00113,242,0,0,none,none,0,0,1.0,0.0,0.0
case_00014,292,0,0,none,none,0,0,1.0,0.0,0.0
case_00102,335,2735,2861,large,large,2,1,0.9546104360257327,3.0,0.9006388763622367
case_00161,303,0,0,none,none,0,0,1.0,0.0,0.0
case_00161,253,0,0,none,none,0,0,1.0,0.0,0.0
case_00075,69,0,0,none,none,0,0,1.0,0.0,0.0
case_00033,185,121,143,medium,medium,1,1,0.8787878787878788,1.4142135623730951,0.7960237291525661
case_00079,393,1610,1657,large,large,1,1,0.9684726048362412,1.4142135623730951,0.6158815930899684
case_00161,120,0,0,none,none,0,0,1.0,0.0,0.0
case_00194,205,0,0,none,none,0,0,1.0,0.0,0.0
case_00102,333,2607,2693,large,large,2,1,0.969811320754717,2.23606797749979,0.6804977647648456
case_00194,420,0,716,none,medium,0,1,0.0,-1.0,-1.0
case_00033,189,120,159,medium,medium,1,1,0.8243727598566308,2.0,1.0243106739624772
case_00154,136,0,0,none,none,0,0,1.0,0.0,0.0
case_00115,352,18,0,small,none,1,0,0.0,-1.0,-1.0
case_00113,32,0,2,none,small,0,1,0.0,-1.0,-1.0
case_00102,268,0,776,none,medium,0,1,0.0,-1.0,-1.0
case_00086,364,0,0,none,none,0,0,1.0,0.0,0.0
case_00133,503,0,0,none,none,0,0,1.0,0.0,0.0
case_00134,135,0,0,none,none,0,0,1.0,0.0,0.0
case_00115,136,0,0,none,none,0,0,1.0,0.0,0.0
case_00014,412,0,26,none,small,0,1,0.0,-1.0,-1.0
case_00086,98,0,0,none,none,0,0,1.0,0.0,0.0
case_00161,427,0,15,none,small,0,1,0.0,-1.0,-1.0
case_00102,498,0,0,none,none,0,0,1.0,0.0,0.0
case_00154,435,0,0,none,none,0,0,1.0,0.0,0.0
case_00102,219,0,0,none,none,0,0,1.0,0.0,0.0
case_00079,434,972,1067,medium,large,1,1,0.9426189308484552,2.0,0.8265730555526003
case_00075,156,0,0,none,none,0,0,1.0,0.0,0.0
case_00161,266,0,0,none,none,0,0,1.0,0.0,0.0
case_00194,507,0,544,none,medium,0,2,0.0,-1.0,-1.0
case_00102,44,0,12,none,small,0,1,0.0,-1.0,-1.0
case_00086,75,0,0,none,none,0,0,1.0,0.0,0.0
case_00014,195,0,0,none,none,0,0,1.0,0.0,0.0
case_00086,140,0,0,none,none,0,0,1.0,0.0,0.0
case_00115,332,547,600,medium,medium,1,1,0.9363557105492589,2.0,0.7593852998763404
case_00086,430,0,5,none,small,0,1,0.0,-1.0,-1.0
case_00203,105,0,0,none,none,0,0,1.0,0.0,0.0
case_00161,153,429,441,medium,medium,1,1,0.9517241379310345,1.4142135623730951,0.42028985507246375
case_00134,120,0,0,none,none,0,0,1.0,0.0,0.0
case_00086,452,0,0,none,none,0,0,1.0,0.0,0.0
case_00125,208,0,0,none,none,0,0,1.0,0.0,0.0
case_00161,227,0,0,none,none,0,0,1.0,0.0,0.0
case_00133,439,0,0,none,none,0,0,1.0,0.0,0.0
case_00154,88,0,0,none,none,0,0,1.0,0.0,0.0
case_00079,160,0,0,none,none,0,0,1.0,0.0,0.0
case_00075,387,0,0,none,none,0,0,1.0,0.0,0.0
case_00134,506,0,0,none,none,0,0,1.0,0.0,0.0
case_00133,330,0,0,none,none,0,0,1.0,0.0,0.0
case_00194,255,0,0,none,none,0,0,1.0,0.0,0.0
case_00133,221,0,0,none,none,0,0,1.0,0.0,0.0
case_00154,80,0,0,none,none,0,0,1.0,0.0,0.0
case_00113,432,825,815,medium,medium,1,1,0.9317073170731708,2.0,0.7541421356237309
case_00033,486,0,0,none,none,0,0,1.0,0.0,0.0
case_00075,374,0,0,none,none,0,0,1.0,0.0,0.0
case_00133,319,0,0,none,none,0,0,1.0,0.0,0.0
case_00102,447,0,338,none,medium,0,1,0.0,-1.0,-1.0
case_00113,493,0,0,none,none,0,0,1.0,0.0,0.0
case_00154,165,0,0,none,none,0,0,1.0,0.0,0.0
case_00033,245,0,0,none,none,0,0,1.0,0.0,0.0
case_00079,369,1526,1590,large,large,1,1,0.9640564826700898,2.0,0.6659898558740246
case_00113,364,1120,1399,large,large,1,1,0.868598650258039,5.0,1.814599416281233
case_00115,78,0,0,none,none,0,0,1.0,0.0,0.0
case_00102,76,0,0,none,none,0,0,1.0,0.0,0.0
case_00194,274,0,0,none,none,0,0,1.0,0.0,0.0
case_00102,392,2737,2863,large,large,1,1,0.975,2.0,0.6667681488619349
case_00134,70,0,198,none,medium,0,1,0.0,-1.0,-1.0
case_00161,461,0,0,none,none,0,0,1.0,0.0,0.0
case_00133,305,0,0,none,none,0,0,1.0,0.0,0.0
case_00154,160,0,0,none,none,0,0,1.0,0.0,0.0
case_00033,81,0,0,none,none,0,0,1.0,0.0,0.0
case_00086,129,0,0,none,none,0,0,1.0,0.0,0.0
case_00125,92,0,463,none,medium,0,1,0.0,-1.0,-1.0
case_00115,203,0,0,none,none,0,0,1.0,0.0,0.0
case_00102,201,0,0,none,none,0,0,1.0,0.0,0.0
case_00125,382,0,0,none,none,0,0,1.0,0.0,0.0
case_00194,2,0,0,none,none,0,0,1.0,0.0,0.0
case_00079,315,0,0,none,none,0,0,1.0,0.0,0.0
case_00033,421,0,0,none,none,0,0,1.0,0.0,0.0
case_00134,297,0,0,none,none,0,0,1.0,0.0,0.0
case_00134,138,0,0,none,none,0,0,1.0,0.0,0.0
case_00102,142,0,0,none,none,0,0,1.0,0.0,0.0
case_00115,75,0,0,none,none,0,0,1.0,0.0,0.0
case_00194,386,0,180,none,medium,0,1,0.0,-1.0,-1.0
case_00154,428,0,76,none,small,0,1,0.0,-1.0,-1.0
case_00133,352,0,0,none,none,0,0,1.0,0.0,0.0
case_00154,65,0,0,none,none,0,0,1.0,0.0,0.0
case_00102,162,0,0,none,none,0,0,1.0,0.0,0.0
case_00134,130,0,0,none,none,0,0,1.0,0.0,0.0
case_00014,386,0,0,none,none,0,0,1.0,0.0,0.0
case_00154,335,292,324,medium,medium,1,1,0.9285714285714286,2.7988091673838635,0.6421144946055048
case_00115,142,0,0,none,none,0,0,1.0,0.0,0.0
case_00194,362,0,1,none,small,0,1,0.0,-1.0,-1.0
case_00113,166,0,0,none,none,0,0,1.0,0.0,0.0
case_00154,429,0,43,none,small,0,1,0.0,-1.0,-1.0
case_00194,32,0,0,none,none,0,0,1.0,0.0,0.0
case_00134,268,0,0,none,none,0,0,1.0,0.0,0.0
case_00014,510,0,0,none,none,0,0,1.0,0.0,0.0
case_00133,322,0,0,none,none,0,0,1.0,0.0,0.0
case_00154,229,0,0,none,none,0,0,1.0,0.0,0.0
case_00161,354,0,0,none,none,0,0,1.0,0.0,0.0
case_00075,402,0,0,none,none,0,0,1.0,0.0,0.0
case_00102,113,0,0,none,none,0,0,1.0,0.0,0.0
case_00154,389,0,0,none,none,0,0,1.0,0.0,0.0
case_00113,333,285,397,medium,medium,1,1,0.8240469208211144,3.0,1.6959875588572664
case_00079,275,0,0,none,none,0,0,1.0,0.0,0.0
case_00079,343,813,856,medium,medium,1,1,0.9562612342720191,2.0,0.5919627825494395
case_00113,5,0,0,none,none,0,0,1.0,0.0,0.0
case_00125,454,0,0,none,none,0,0,1.0,0.0,0.0
case_00203,37,0,49,none,small,0,2,0.0,-1.0,-1.0
case_00113,281,0,0,none,none,0,0,1.0,0.0,0.0
case_00075,475,0,0,none,none,0,0,1.0,0.0,0.0
case_00194,369,0,0,none,none,0,0,1.0,0.0,0.0
case_00014,131,0,0,none,none,0,0,1.0,0.0,0.0
case_00079,510,0,0,none,none,0,0,1.0,0.0,0.0
case_00115,111,0,0,none,none,0,0,1.0,0.0,0.0
case_00194,336,0,192,none,medium,0,1,0.0,-1.0,-1.0
case_00102,280,0,1764,none,large,0,2,0.0,-1.0,-1.0
case_00134,67,0,1071,none,large,0,3,0.0,-1.0,-1.0
case_00102,493,0,0,none,none,0,0,1.0,0.0,0.0
case_00113,100,0,0,none,none,0,0,1.0,0.0,0.0
case_00102,37,0,319,none,medium,0,1,0.0,-1.0,-1.0
case_00014,373,0,0,none,none,0,0,1.0,0.0,0.0
case_00075,59,0,0,none,none,0,0,1.0,0.0,0.0
case_00014,286,0,0,none,none,0,0,1.0,0.0,0.0
case_00154,208,0,0,none,none,0,0,1.0,0.0,0.0
case_00133,349,0,0,none,none,0,0,1.0,0.0,0.0
case_00133,442,0,0,none,none,0,0,1.0,0.0,0.0
case_00086,237,0,0,none,none,0,0,1.0,0.0,0.0
case_00113,459,0,208,none,medium,0,1,0.0,-1.0,-1.0
case_00203,207,0,0,none,none,0,0,1.0,0.0,0.0
case_00134,150,0,0,none,none,0,0,1.0,0.0,0.0
case_00113,373,1633,1706,large,large,1,1,0.9062593590895478,5.009901951359275,1.4011390073565682
case_00125,194,61,59,small,small,1,1,0.9,1.0,0.36363636363636365
case_00194,137,0,0,none,none,0,0,1.0,0.0,0.0
case_00113,292,0,0,none,none,0,0,1.0,0.0,0.0
case_00102,365,3790,3869,large,large,1,1,0.9808068938503721,1.4142135623730951,0.6033587347676322
case_00079,99,0,0,none,none,0,0,1.0,0.0,0.0
case_00125,120,0,0,none,none,0,0,1.0,0.0,0.0
case_00113,447,0,30,none,small,0,2,0.0,-1.0,-1.0
case_00033,254,0,0,none,none,0,0,1.0,0.0,0.0
case_00133,348,0,0,none,none,0,0,1.0,0.0,0.0
case_00134,271,0,0,none,none,0,0,1.0,0.0,0.0
case_00014,377,0,0,none,none,0,0,1.0,0.0,0.0
case_00102,417,355,478,medium,medium,2,2,0.8235294117647058,6.0082762530298215,2.128000380094823
case_00115,72,0,0,none,none,0,0,1.0,0.0,0.0
case_00113,328,179,269,medium,medium,1,1,0.7946428571428571,4.0,1.4243172135047304
case_00014,200,0,0,none,none,0,0,1.0,0.0,0.0
case_00154,207,0,0,none,none,0,0,1.0,0.0,0.0
case_00014,344,0,0,none,none,0,0,1.0,0.0,0.0
case_00115,457,0,0,none,none,0,0,1.0,0.0,0.0
case_00134,382,0,0,none,none,0,0,1.0,0.0,0.0
case_00033,249,0,0,none,none,0,0,1.0,0.0,0.0
case_00125,183,75,84,small,small,1,1,0.8427672955974843,2.0,0.8298595706249925
case_00113,139,0,0,none,none,0,0,1.0,0.0,0.0
case_00079,436,931,987,medium,medium,1,1,0.9562043795620438,2.0,0.5917663315656456
case_00086,12,0,0,none,none,0,0,1.0,0.0,0.0
case_00075,340,88,140,small,medium,1,1,0.7719298245614035,2.23606797749979,1.314495911042596
case_00194,405,0,57,none,small,0,2,0.0,-1.0,-1.0
case_00133,472,0,0,none,none,0,0,1.0,0.0,0.0
case_00086,4,0,0,none,none,0,0,1.0,0.0,0.0
case_00033,293,0,0,none,none,0,0,1.0,0.0,0.0
case_00075,412,0,159,none,medium,0,1,0.0,-1.0,-1.0
case_00133,288,0,0,none,none,0,0,1.0,0.0,0.0
case_00075,7,0,0,none,none,0,0,1.0,0.0,0.0
case_00115,175,0,0,none,none,0,0,1.0,0.0,0.0
case_00079,13,0,0,none,none,0,0,1.0,0.0,0.0
case_00079,21,0,2,none,small,0,1,0.0,-1.0,-1.0
case_00125,407,0,0,none,none,0,0,1.0,0.0,0.0
case_00154,59,0,58,none,small,0,3,0.0,-1.0,-1.0
case_00113,184,0,0,none,none,0,0,1.0,0.0,0.0
case_00086,316,0,0,none,none,0,0,1.0,0.0,0.0
case_00161,246,0,0,none,none,0,0,1.0,0.0,0.0
case_00086,392,256,291,medium,medium,1,1,0.8884826325411335,2.23606797749979,0.9502841166413539
case_00133,454,0,0,none,none,0,0,1.0,0.0,0.0
case_00154,344,82,24,small,small,1,1,0.41509433962264153,5.0,0.7133883476483185
case_00115,318,227,184,medium,medium,1,1,0.851581508515815,2.2953038922244264,0.8762122952052829
case_00133,272,0,0,none,none,0,0,1.0,0.0,0.0
case_00075,483,0,3,none,small,0,1,0.0,-1.0,-1.0
case_00113,230,0,0,none,none,0,0,1.0,0.0,0.0
case_00133,486,0,184,none,medium,0,1,0.0,-1.0,-1.0
case_00113,28,0,11,none,small,0,1,0.0,-1.0,-1.0
case_00161,122,0,0,none,none,0,0,1.0,0.0,0.0
case_00194,256,0,0,none,none,0,0,1.0,0.0,0.0
case_00033,27,0,0,none,none,0,0,1.0,0.0,0.0
case_00194,71,0,253,none,medium,0,2,0.0,-1.0,-1.0
case_00113,178,0,0,none,none,0,0,1.0,0.0,0.0
case_00075,66,0,0,none,none,0,0,1.0,0.0,0.0
case_00075,38,0,0,none,none,0,0,1.0,0.0,0.0
case_00115,299,0,0,none,none,0,0,1.0,0.0,0.0
case_00075,223,0,0,none,none,0,0,1.0,0.0,0.0
case_00102,18,0,34,none,small,0,2,0.0,-1.0,-1.0
case_00075,35,0,0,none,none,0,0,1.0,0.0,0.0
case_00161,126,61,66,small,small,1,1,0.7716535433070866,2.0,0.8165685424949238
case_00075,378,0,0,none,none,0,0,1.0,0.0,0.0
case_00086,35,0,0,none,none,0,0,1.0,0.0,0.0
case_00079,217,0,0,none,none,0,0,1.0,0.0,0.0
case_00161,451,0,0,none,none,0,0,1.0,0.0,0.0
case_00075,392,0,0,none,none,0,0,1.0,0.0,0.0
case_00125,307,0,0,none,none,0,0,1.0,0.0,0.0
case_00194,383,0,259,none,medium,0,1,0.0,-1.0,-1.0
case_00161,63,0,20,none,small,0,1,0.0,-1.0,-1.0
case_00203,141,0,0,none,none,0,0,1.0,0.0,0.0
case_00079,198,0,0,none,none,0,0,1.0,0.0,0.0
case_00033,133,0,0,none,none,0,0,1.0,0.0,0.0
case_00115,362,0,0,none,none,0,0,1.0,0.0,0.0
case_00194,414,0,170,none,medium,0,1,0.0,-1.0,-1.0
case_00075,172,0,0,none,none,0,0,1.0,0.0,0.0
case_00133,73,0,10,none,small,0,1,0.0,-1.0,-1.0
case_00125,40,0,271,none,medium,0,1,0.0,-1.0,-1.0
case_00086,90,0,0,none,none,0,0,1.0,0.0,0.0
case_00203,214,0,0,none,none,0,0,1.0,0.0,0.0
case_00075,192,0,0,none,none,0,0,1.0,0.0,0.0
case_00115,191,0,0,none,none,0,0,1.0,0.0,0.0
case_00203,395,0,0,none,none,0,0,1.0,0.0,0.0
case_00086,301,0,0,none,none,0,0,1.0,0.0,0.0
case_00125,329,0,0,none,none,0,0,1.0,0.0,0.0
case_00079,46,0,0,none,none,0,0,1.0,0.0,0.0
case_00086,56,0,0,none,none,0,0,1.0,0.0,0.0
case_00033,487,0,0,none,none,0,0,1.0,0.0,0.0
case_00113,175,0,0,none,none,0,0,1.0,0.0,0.0
case_00134,362,716,752,medium,medium,1,1,0.9686648501362398,1.4142135623730951,0.39090909090909093
case_00125,199,38,42,small,small,1,1,0.825,1.04142135623731,0.5172856381445363
case_00161,474,0,0,none,none,0,0,1.0,0.0,0.0
case_00102,161,0,0,none,none,0,0,1.0,0.0,0.0
case_00079,190,0,0,none,none,0,0,1.0,0.0,0.0
case_00075,414,0,187,none,medium,0,1,0.0,-1.0,-1.0
case_00203,151,0,0,none,none,0,0,1.0,0.0,0.0
case_00086,360,0,0,none,none,0,0,1.0,0.0,0.0
case_00194,276,0,0,none,none,0,0,1.0,0.0,0.0
case_00033,140,0,0,none,none,0,0,1.0,0.0,0.0
case_00086,112,0,0,none,none,0,0,1.0,0.0,0.0
case_00125,334,0,0,none,none,0,0,1.0,0.0,0.0
case_00133,416,0,0,none,none,0,0,1.0,0.0,0.0
case_00133,488,0,263,none,medium,0,1,0.0,-1.0,-1.0
case_00115,112,0,0,none,none,0,0,1.0,0.0,0.0
case_00113,370,1424,1602,large,large,2,1,0.8532716457369465,6.097366596101032,1.7216182621782514
case_00134,62,0,2068,none,large,0,2,0.0,-1.0,-1.0
case_00125,12,0,0,none,none,0,0,1.0,0.0,0.0
case_00033,499,0,0,none,none,0,0,1.0,0.0,0.0
case_00134,385,0,0,none,none,0,0,1.0,0.0,0.0
case_00102,77,0,0,none,none,0,0,1.0,0.0,0.0
case_00014,486,0,0,none,none,0,0,1.0,0.0,0.0
case_00033,362,0,0,none,none,0,0,1.0,0.0,0.0
case_00154,224,0,0,none,none,0,0,1.0,0.0,0.0
case_00133,386,0,0,none,none,0,0,1.0,0.0,0.0
case_00079,495,0,0,none,none,0,0,1.0,0.0,0.0
case_00075,431,0,402,none,medium,0,1,0.0,-1.0,-1.0
case_00194,487,0,0,none,none,0,0,1.0,0.0,0.0
case_00086,183,0,0,none,none,0,0,1.0,0.0,0.0
case_00133,90,0,0,none,none,0,0,1.0,0.0,0.0
case_00086,427,0,0,none,none,0,0,1.0,0.0,0.0
case_00079,172,0,0,none,none,0,0,1.0,0.0,0.0
case_00154,264,0,0,none,none,0,0,1.0,0.0,0.0
case_00125,364,0,0,none,none,0,0,1.0,0.0,0.0
case_00086,204,0,0,none,none,0,0,1.0,0.0,0.0
case_00125,436,0,0,none,none,0,0,1.0,0.0,0.0
case_00014,374,0,0,none,none,0,0,1.0,0.0,0.0
case_00033,260,0,0,none,none,0,0,1.0,0.0,0.0
case_00161,495,0,0,none,none,0,0,1.0,0.0,0.0
case_00125,192,67,92,small,small,1,1,0.8176100628930818,2.23606797749979,0.9375502749773009
case_00113,422,1436,1512,large,large,1,1,0.9518317503392131,3.0,0.7835899354188769
case_00154,405,0,0,none,none,0,0,1.0,0.0,0.0
case_00014,141,0,0,none,none,0,0,1.0,0.0,0.0
case_00033,490,0,0,none,none,0,0,1.0,0.0,0.0
case_00079,2,0,0,none,none,0,0,1.0,0.0,0.0
case_00115,106,0,0,none,none,0,0,1.0,0.0,0.0
case_00134,357,799,903,medium,medium,1,1,0.9318448883666275,3.605551275463989,0.9529104832842578
case_00079,296,0,0,none,none,0,0,1.0,0.0,0.0
case_00125,500,0,0,none,none,0,0,1.0,0.0,0.0
case_00194,277,0,0,none,none,0,0,1.0,0.0,0.0
case_00161,259,0,0,none,none,0,0,1.0,0.0,0.0
case_00203,383,0,0,none,none,0,0,1.0,0.0,0.0
case_00014,396,0,0,none,none,0,0,1.0,0.0,0.0
case_00125,278,0,0,none,none,0,0,1.0,0.0,0.0
case_00134,469,0,0,none,none,0,0,1.0,0.0,0.0
case_00075,204,0,0,none,none,0,0,1.0,0.0,0.0
case_00079,431,1031,1162,large,large,1,1,0.9375284997720018,2.0,0.9547354936957828
case_00086,147,0,0,none,none,0,0,1.0,0.0,0.0
case_00125,401,0,0,none,none,0,0,1.0,0.0,0.0
case_00203,84,0,0,none,none,0,0,1.0,0.0,0.0
case_00154,317,195,231,medium,medium,1,1,0.892018779342723,2.23606797749979,0.8324470752718214
case_00014,23,0,0,none,none,0,0,1.0,0.0,0.0
case_00125,487,0,0,none,none,0,0,1.0,0.0,0.0
case_00194,146,0,0,none,none,0,0,1.0,0.0,0.0
case_00014,55,0,0,none,none,0,0,1.0,0.0,0.0
case_00194,45,0,2,none,small,0,1,0.0,-1.0,-1.0
case_00134,446,0,0,none,none,0,0,1.0,0.0,0.0
case_00079,243,0,0,none,none,0,0,1.0,0.0,0.0
case_00125,327,0,0,none,none,0,0,1.0,0.0,0.0
case_00133,323,0,0,none,none,0,0,1.0,0.0,0.0
case_00134,158,0,0,none,none,0,0,1.0,0.0,0.0
case_00161,154,417,453,medium,medium,1,1,0.9264367816091954,2.0,0.6901408450704225
case_00133,251,0,0,none,none,0,0,1.0,0.0,0.0
case_00033,93,0,0,none,none,0,0,1.0,0.0,0.0
case_00115,54,0,0,none,none,0,0,1.0,0.0,0.0
case_00161,292,0,0,none,none,0,0,1.0,0.0,0.0
case_00115,346,226,313,medium,medium,1,1,0.8163265306122449,4.0,1.5694566403638557
case_00113,22,0,468,none,medium,0,2,0.0,-1.0,-1.0
case_00075,344,95,114,small,medium,1,1,0.8803827751196173,2.0,0.6714243271984174
case_00133,287,0,0,none,none,0,0,1.0,0.0,0.0
case_00115,96,0,0,none,none,0,0,1.0,0.0,0.0
case_00115,293,0,0,none,none,0,0,1.0,0.0,0.0
case_00133,427,0,104,none,medium,0,2,0.0,-1.0,-1.0
case_00133,182,2,0,small,none,1,0,0.0,-1.0,-1.0
case_00134,23,0,0,none,none,0,0,1.0,0.0,0.0
case_00014,186,48,82,small,small,1,1,0.6153846153846154,3.07302494707577,1.8009231987039434
case_00113,331,242,316,medium,medium,1,1,0.8028673835125448,4.0,1.6821201483569335
case_00102,329,2503,2631,large,large,1,1,0.9653291780288275,2.188854381999821,0.8568481606054694
case_00194,396,0,374,none,medium,0,1,0.0,-1.0,-1.0
case_00014,240,0,0,none,none,0,0,1.0,0.0,0.0
case_00154,58,0,0,none,none,0,0,1.0,0.0,0.0
case_00134,289,0,0,none,none,0,0,1.0,0.0,0.0
case_00014,310,0,0,none,none,0,0,1.0,0.0,0.0
case_00154,507,0,0,none,none,0,0,1.0,0.0,0.0
case_00115,306,0,0,none,none,0,0,1.0,0.0,0.0
case_00113,403,1947,2038,large,large,1,1,0.946047678795483,3.0605551275463783,1.0701108832203445
case_00086,394,273,317,medium,medium,1,1,0.9152542372881356,2.0,0.7628812384238993
case_00102,62,0,0,none,none,0,0,1.0,0.0,0.0
case_00014,354,0,0,none,none,0,0,1.0,0.0,0.0
case_00125,264,0,0,none,none,0,0,1.0,0.0,0.0
case_00075,128,0,0,none,none,0,0,1.0,0.0,0.0
case_00014,287,0,0,none,none,0,0,1.0,0.0,0.0
case_00125,58,0,0,none,none,0,0,1.0,0.0,0.0
case_00014,168,0,0,none,none,0,0,1.0,0.0,0.0
case_00115,235,0,0,none,none,0,0,1.0,0.0,0.0
case_00203,467,0,0,none,none,0,0,1.0,0.0,0.0
case_00102,106,0,44,none,small,0,1,0.0,-1.0,-1.0
case_00113,270,0,0,none,none,0,0,1.0,0.0,0.0
case_00014,261,0,0,none,none,0,0,1.0,0.0,0.0
case_00113,353,738,856,medium,medium,2,1,0.8368883312421581,4.0,1.2297355883043597
case_00115,446,0,0,none,none,0,0,1.0,0.0,0.0
case_00115,472,0,0,none,none,0,0,1.0,0.0,0.0
case_00154,425,0,129,none,medium,0,1,0.0,-1.0,-1.0
case_00075,191,0,0,none,none,0,0,1.0,0.0,0.0
case_00086,473,0,0,none,none,0,0,1.0,0.0,0.0
case_00161,267,0,0,none,none,0,0,1.0,0.0,0.0
case_00079,268,0,0,none,none,0,0,1.0,0.0,0.0
case_00125,453,0,0,none,none,0,0,1.0,0.0,0.0
case_00033,228,0,0,none,none,0,0,1.0,0.0,0.0
case_00033,371,0,0,none,none,0,0,1.0,0.0,0.0
case_00079,147,0,0,none,none,0,0,1.0,0.0,0.0
case_00203,99,0,0,none,none,0,0,1.0,0.0,0.0
case_00079,238,0,0,none,none,0,0,1.0,0.0,0.0
case_00133,13,0,0,none,none,0,0,1.0,0.0,0.0
case_00133,327,0,0,none,none,0,0,1.0,0.0,0.0
case_00075,158,0,0,none,none,0,0,1.0,0.0,0.0
case_00075,384,0,0,none,none,0,0,1.0,0.0,0.0
case_00154,401,0,0,none,none,0,0,1.0,0.0,0.0
case_00033,201,0,0,none,none,0,0,1.0,0.0,0.0
case_00133,83,0,18,none,small,0,1,0.0,-1.0,-1.0
case_00086,182,0,0,none,none,0,0,1.0,0.0,0.0
case_00014,459,0,0,none,none,0,0,1.0,0.0,0.0
case_00125,110,0,0,none,none,0,0,1.0,0.0,0.0
case_00014,485,0,0,none,none,0,0,1.0,0.0,0.0
case_00194,95,0,0,none,none,0,0,1.0,0.0,0.0
case_00086,3,0,0,none,none,0,0,1.0,0.0,0.0
case_00102,260,0,312,none,medium,0,2,0.0,-1.0,-1.0
case_00079,90,0,0,none,none,0,0,1.0,0.0,0.0
case_00102,184,0,0,none,none,0,0,1.0,0.0,0.0
case_00113,294,0,0,none,none,0,0,1.0,0.0,0.0
case_00161,335,0,0,none,none,0,0,1.0,0.0,0.0
case_00075,373,0,0,none,none,0,0,1.0,0.0,0.0
case_00113,206,0,0,none,none,0,0,1.0,0.0,0.0
case_00133,191,0,0,none,none,0,0,1.0,0.0,0.0
case_00033,221,0,0,none,none,0,0,1.0,0.0,0.0
case_00115,393,0,0,none,none,0,0,1.0,0.0,0.0
case_00154,228,0,0,none,none,0,0,1.0,0.0,0.0
case_00194,402,0,0,none,none,0,0,1.0,0.0,0.0
case_00115,481,0,0,none,none,0,0,1.0,0.0,0.0
case_00133,18,0,118,none,medium,0,1,0.0,-1.0,-1.0
case_00161,206,0,0,none,none,0,0,1.0,0.0,0.0
case_00125,53,0,0,none,none,0,0,1.0,0.0,0.0
case_00133,224,0,0,none,none,0,0,1.0,0.0,0.0
case_00203,78,0,0,none,none,0,0,1.0,0.0,0.0
case_00079,164,0,0,none,none,0,0,1.0,0.0,0.0
case_00075,140,0,0,none,none,0,0,1.0,0.0,0.0
case_00115,115,0,0,none,none,0,0,1.0,0.0,0.0
case_00203,113,0,0,none,none,0,0,1.0,0.0,0.0
case_00115,338,483,578,medium,medium,1,1,0.9048067860508954,2.8284271247461903,1.1352514139876353
case_00125,446,0,0,none,none,0,0,1.0,0.0,0.0
case_00125,98,0,0,none,none,0,0,1.0,0.0,0.0
case_00161,71,0,0,none,none,0,0,1.0,0.0,0.0
case_00079,122,0,0,none,none,0,0,1.0,0.0,0.0
case_00161,225,0,0,none,none,0,0,1.0,0.0,0.0
case_00134,0,0,0,none,none,0,0,1.0,0.0,0.0
case_00134,87,0,15,none,small,0,1,0.0,-1.0,-1.0
case_00203,193,0,0,none,none,0,0,1.0,0.0,0.0
case_00102,264,0,1490,none,large,0,1,0.0,-1.0,-1.0
case_00203,43,0,31,none,small,0,1,0.0,-1.0,-1.0
case_00203,253,0,0,none,none,0,0,1.0,0.0,0.0
case_00079,179,0,0,none,none,0,0,1.0,0.0,0.0
case_00075,258,0,0,none,none,0,0,1.0,0.0,0.0
case_00086,156,0,0,none,none,0,0,1.0,0.0,0.0
case_00161,65,0,0,none,none,0,0,1.0,0.0,0.0
case_00113,415,1716,1812,large,large,1,1,0.9484126984126984,2.8284271247461903,0.9574374284465255
case_00113,372,1536,1655,large,large,1,1,0.9113130680037606,4.123105625617661,1.2599980094245706
case_00115,436,0,0,none,none,0,0,1.0,0.0,0.0
case_00033,150,0,0,none,none,0,0,1.0,0.0,0.0
case_00134,196,0,0,none,none,0,0,1.0,0.0,0.0
case_00133,225,0,0,none,none,0,0,1.0,0.0,0.0
case_00115,26,0,0,none,none,0,0,1.0,0.0,0.0
case_00113,347,516,635,medium,medium,1,1,0.8583840139009556,3.644996147917588,1.4608465137288162
case_00102,111,0,0,none,none,0,0,1.0,0.0,0.0
case_00113,384,2014,2088,large,large,1,1,0.9595319356411507,2.23606797749979,0.7601590591054934
case_00033,15,0,0,none,none,0,0,1.0,0.0,0.0
case_00125,197,45,66,small,small,1,1,0.8108108108108109,2.23606797749979,0.8451596081796784
case_00154,85,0,0,none,none,0,0,1.0,0.0,0.0
case_00161,356,0,0,none,none,0,0,1.0,0.0,0.0
case_00203,23,0,0,none,none,0,0,1.0,0.0,0.0
case_00203,25,0,0,none,none,0,0,1.0,0.0,0.0
case_00113,453,0,522,none,medium,0,1,0.0,-1.0,-1.0
case_00194,327,0,196,none,medium,0,1,0.0,-1.0,-1.0
case_00161,214,0,0,none,none,0,0,1.0,0.0,0.0
case_00033,190,117,144,medium,medium,1,1,0.8275862068965517,2.0,0.9741963281073743
case_00113,426,1234,1341,large,large,1,1,0.9436893203883495,2.23606797749979,0.9710823674384926
case_00115,343,354,430,medium,medium,1,1,0.8775510204081632,2.23606797749979,1.125683970599377
case_00133,126,131,152,medium,medium,1,1,0.9045936395759717,1.0,0.6578947368421053
case_00134,465,0,0,none,none,0,0,1.0,0.0,0.0
case_00102,63,0,0,none,none,0,0,1.0,0.0,0.0
case_00075,151,0,0,none,none,0,0,1.0,0.0,0.0
case_00203,130,0,0,none,none,0,0,1.0,0.0,0.0
case_00133,326,0,0,none,none,0,0,1.0,0.0,0.0
case_00154,318,212,238,medium,medium,1,1,0.8933333333333333,2.0,0.8440946582113878
case_00154,178,0,0,none,none,0,0,1.0,0.0,0.0
case_00133,50,0,238,none,medium,0,1,0.0,-1.0,-1.0
case_00154,31,0,0,none,none,0,0,1.0,0.0,0.0
case_00203,285,0,0,none,none,0,0,1.0,0.0,0.0
case_00086,255,0,0,none,none,0,0,1.0,0.0,0.0
case_00133,346,0,0,none,none,0,0,1.0,0.0,0.0
case_00203,231,0,0,none,none,0,0,1.0,0.0,0.0
case_00033,148,0,0,none,none,0,0,1.0,0.0,0.0
case_00133,58,0,0,none,none,0,0,1.0,0.0,0.0
case_00033,431,0,0,none,none,0,0,1.0,0.0,0.0
case_00161,138,402,456,medium,medium,1,1,0.9254079254079254,2.0,0.7546918160678028
case_00154,193,0,0,none,none,0,0,1.0,0.0,0.0
case_00125,170,0,0,none,none,0,0,1.0,0.0,0.0
case_00161,165,143,148,medium,medium,1,1,0.9072164948453608,1.0,0.48717948717948717
case_00161,223,0,0,none,none,0,0,1.0,0.0,0.0
case_00086,32,0,0,none,none,0,0,1.0,0.0,0.0
case_00075,386,0,0,none,none,0,0,1.0,0.0,0.0
case_00115,49,0,0,none,none,0,0,1.0,0.0,0.0
case_00133,189,0,0,none,none,0,0,1.0,0.0,0.0
case_00134,489,0,0,none,none,0,0,1.0,0.0,0.0
case_00102,173,0,0,none,none,0,0,1.0,0.0,0.0
case_00014,499,0,0,none,none,0,0,1.0,0.0,0.0
case_00113,463,0,0,none,none,0,0,1.0,0.0,0.0
case_00133,241,0,0,none,none,0,0,1.0,0.0,0.0
case_00079,262,0,0,none,none,0,0,1.0,0.0,0.0
case_00102,327,2453,2585,large,large,1,1,0.9650655021834061,2.23606797749979,0.8859496994081367
case_00033,463,0,0,none,none,0,0,1.0,0.0,0.0
case_00102,499,0,0,none,none,0,0,1.0,0.0,0.0
case_00194,298,0,0,none,none,0,0,1.0,0.0,0.0
case_00079,145,0,0,none,none,0,0,1.0,0.0,0.0
case_00115,88,0,0,none,none,0,0,1.0,0.0,0.0
case_00086,230,0,0,none,none,0,0,1.0,0.0,0.0
case_00203,114,0,0,none,none,0,0,1.0,0.0,0.0
case_00134,266,0,12,none,small,0,1,0.0,-1.0,-1.0
case_00133,249,0,0,none,none,0,0,1.0,0.0,0.0
case_00014,21,0,0,none,none,0,0,1.0,0.0,0.0
case_00161,441,0,0,none,none,0,0,1.0,0.0,0.0
case_00102,383,3287,3391,large,large,1,1,0.9805330937406409,2.0,0.5414523874801789
case_00154,432,0,18,none,small,0,1,0.0,-1.0,-1.0
case_00079,506,0,122,none,medium,0,1,0.0,-1.0,-1.0
case_00075,188,0,0,none,none,0,0,1.0,0.0,0.0
case_00134,451,0,0,none,none,0,0,1.0,0.0,0.0
case_00154,312,102,99,medium,small,1,1,0.845771144278607,2.6499999999999986,0.6073686169272965
case_00134,47,0,596,none,medium,0,3,0.0,-1.0,-1.0
case_00033,491,0,0,none,none,0,0,1.0,0.0,0.0
case_00033,64,0,0,none,none,0,0,1.0,0.0,0.0
case_00154,94,0,0,none,none,0,0,1.0,0.0,0.0
case_00133,411,0,0,none,none,0,0,1.0,0.0,0.0
case_00134,14,0,0,none,none,0,0,1.0,0.0,0.0
case_00102,284,0,0,none,none,0,0,1.0,0.0,0.0
case_00134,85,0,0,none,none,0,0,1.0,0.0,0.0
case_00154,47,0,0,none,none,0,0,1.0,0.0,0.0
case_00079,242,0,0,none,none,0,0,1.0,0.0,0.0
case_00086,247,0,0,none,none,0,0,1.0,0.0,0.0
case_00102,94,0,0,none,none,0,0,1.0,0.0,0.0
case_00113,290,0,0,none,none,0,0,1.0,0.0,0.0
case_00133,339,0,0,none,none,0,0,1.0,0.0,0.0
case_00133,150,527,548,medium,medium,1,1,0.9432558139534883,2.23606797749979,0.7077247417785304
case_00033,242,0,0,none,none,0,0,1.0,0.0,0.0
case_00079,208,0,0,none,none,0,0,1.0,0.0,0.0
case_00086,268,0,0,none,none,0,0,1.0,0.0,0.0
case_00102,446,0,227,none,medium,0,1,0.0,-1.0,-1.0
case_00079,496,0,0,none,none,0,0,1.0,0.0,0.0
case_00125,207,0,0,none,none,0,0,1.0,0.0,0.0
case_00102,405,1667,1792,large,large,1,1,0.9494073431627638,3.1622776601683795,0.9077172153249933
case_00133,509,0,0,none,none,0,0,1.0,0.0,0.0
case_00133,470,0,0,none,none,0,0,1.0,0.0,0.0
case_00203,98,0,0,none,none,0,0,1.0,0.0,0.0
case_00125,217,0,0,none,none,0,0,1.0,0.0,0.0
case_00115,490,0,0,none,none,0,0,1.0,0.0,0.0
case_00033,94,0,0,none,none,0,0,1.0,0.0,0.0
case_00125,271,0,0,none,none,0,0,1.0,0.0,0.0
case_00194,262,0,0,none,none,0,0,1.0,0.0,0.0
case_00161,390,0,0,none,none,0,0,1.0,0.0,0.0
case_00033,160,0,0,none,none,0,0,1.0,0.0,0.0
case_00203,470,0,0,none,none,0,0,1.0,0.0,0.0
case_00154,26,0,0,none,none,0,0,1.0,0.0,0.0
case_00033,182,101,103,medium,medium,1,1,0.9117647058823529,1.0,0.5
case_00134,112,0,0,none,none,0,0,1.0,0.0,0.0
case_00203,368,0,0,none,none,0,0,1.0,0.0,0.0
case_00033,456,0,0,none,none,0,0,1.0,0.0,0.0
case_00194,59,0,298,none,medium,0,1,0.0,-1.0,-1.0
case_00133,216,0,0,none,none,0,0,1.0,0.0,0.0
case_00075,102,0,0,none,none,0,0,1.0,0.0,0.0
case_00133,173,147,178,medium,medium,1,1,0.8492307692307692,4.298819019092459,1.2387105359423227
case_00125,477,0,0,none,none,0,0,1.0,0.0,0.0
case_00102,412,842,970,medium,medium,2,1,0.9105960264900662,3.0,1.0926563321678173
case_00194,175,44,61,small,small,1,1,0.819047619047619,2.0,0.7770950641613702
case_00194,436,0,39,none,small,0,1,0.0,-1.0,-1.0
case_00194,200,0,0,none,none,0,0,1.0,0.0,0.0
case_00115,456,0,0,none,none,0,0,1.0,0.0,0.0
case_00194,194,0,0,none,none,0,0,1.0,0.0,0.0
case_00014,262,0,0,none,none,0,0,1.0,0.0,0.0
case_00125,187,78,113,small,medium,1,1,0.8167539267015707,2.0,1.0854282396866894
case_00203,225,0,0,none,none,0,0,1.0,0.0,0.0
case_00033,510,0,0,none,none,0,0,1.0,0.0,0.0
case_00194,375,0,6,none,small,0,1,0.0,-1.0,-1.0
case_00014,416,0,0,none,none,0,0,1.0,0.0,0.0
case_00079,249,0,0,none,none,0,0,1.0,0.0,0.0
case_00134,101,0,0,none,none,0,0,1.0,0.0,0.0
case_00154,483,0,0,none,none,0,0,1.0,0.0,0.0
case_00033,73,0,0,none,none,0,0,1.0,0.0,0.0
case_00161,242,0,0,none,none,0,0,1.0,0.0,0.0
case_00079,157,0,0,none,none,0,0,1.0,0.0,0.0
case_00134,473,0,0,none,none,0,0,1.0,0.0,0.0
case_00014,266,0,0,none,none,0,0,1.0,0.0,0.0
case_00194,308,0,0,none,none,0,0,1.0,0.0,0.0
case_00102,223,0,0,none,none,0,0,1.0,0.0,0.0
case_00014,497,0,0,none,none,0,0,1.0,0.0,0.0
case_00086,326,0,0,none,none,0,0,1.0,0.0,0.0
case_00134,212,0,0,none,none,0,0,1.0,0.0,0.0
case_00194,93,0,0,none,none,0,0,1.0,0.0,0.0
case_00079,83,0,0,none,none,0,0,1.0,0.0,0.0
case_00014,80,0,0,none,none,0,0,1.0,0.0,0.0
case_00086,492,0,0,none,none,0,0,1.0,0.0,0.0
case_00115,366,0,0,none,none,0,0,1.0,0.0,0.0
case_00194,376,0,98,none,small,0,2,0.0,-1.0,-1.0
case_00154,154,0,0,none,none,0,0,1.0,0.0,0.0
case_00102,36,0,479,none,medium,0,1,0.0,-1.0,-1.0
case_00033,4,0,0,none,none,0,0,1.0,0.0,0.0
case_00102,241,0,1683,none,large,0,1,0.0,-1.0,-1.0
case_00014,414,0,0,none,none,0,0,1.0,0.0,0.0
case_00075,466,0,0,none,none,0,0,1.0,0.0,0.0
case_00154,223,0,0,none,none,0,0,1.0,0.0,0.0
case_00102,484,0,0,none,none,0,0,1.0,0.0,0.0
case_00102,22,0,0,none,none,0,0,1.0,0.0,0.0
case_00086,261,0,0,none,none,0,0,1.0,0.0,0.0
case_00014,424,0,134,none,medium,0,1,0.0,-1.0,-1.0
case_00161,255,0,0,none,none,0,0,1.0,0.0,0.0
case_00194,502,0,0,none,none,0,0,1.0,0.0,0.0
case_00102,371,3683,3798,large,large,1,1,0.9795481887448202,1.4142135623730951,0.6343477967946523
case_00075,347,98,105,small,medium,1,1,0.8866995073891626,1.0,0.53125
case_00033,214,0,0,none,none,0,0,1.0,0.0,0.0
case_00079,309,0,0,none,none,0,0,1.0,0.0,0.0
case_00161,506,0,0,none,none,0,0,1.0,0.0,0.0
case_00014,29,0,0,none,none,0,0,1.0,0.0,0.0
case_00079,396,1602,1689,large,large,1,1,0.968094804010939,1.4142135623730951,0.6368606140689893
case_00102,325,2380,2556,large,large,1,1,0.960291734197731,2.23606797749979,0.889383518260285
case_00014,282,0,0,none,none,0,0,1.0,0.0,0.0
case_00125,479,0,0,none,none,0,0,1.0,0.0,0.0
case_00203,303,0,0,none,none,0,0,1.0,0.0,0.0
case_00102,11,0,0,none,none,0,0,1.0,0.0,0.0
case_00203,362,0,0,none,none,0,0,1.0,0.0,0.0
case_00161,33,0,0,none,none,0,0,1.0,0.0,0.0
case_00102,404,1770,1888,large,large,1,1,0.9518862766539092,3.605551275463989,0.9332842853425285
case_00115,46,0,351,none,medium,0,1,0.0,-1.0,-1.0
case_00014,349,0,0,none,none,0,0,1.0,0.0,0.0
case_00086,343,0,0,none,none,0,0,1.0,0.0,0.0
case_00079,43,0,0,none,none,0,0,1.0,0.0,0.0
case_00033,265,0,0,none,none,0,0,1.0,0.0,0.0
case_00125,160,0,0,none,none,0,0,1.0,0.0,0.0
case_00014,289,0,0,none,none,0,0,1.0,0.0,0.0
case_00154,13,0,0,none,none,0,0,1.0,0.0,0.0
case_00115,237,0,0,none,none,0,0,1.0,0.0,0.0
case_00134,252,0,0,none,none,0,0,1.0,0.0,0.0
case_00102,426,0,0,none,none,0,0,1.0,0.0,0.0
case_00086,264,0,0,none,none,0,0,1.0,0.0,0.0
case_00133,337,0,0,none,none,0,0,1.0,0.0,0.0
case_00154,486,0,0,none,none,0,0,1.0,0.0,0.0
case_00203,492,0,0,none,none,0,0,1.0,0.0,0.0
case_00154,216,0,0,none,none,0,0,1.0,0.0,0.0
case_00115,134,0,0,none,none,0,0,1.0,0.0,0.0
case_00113,170,0,0,none,none,0,0,1.0,0.0,0.0
case_00075,15,0,0,none,none,0,0,1.0,0.0,0.0
case_00115,320,307,299,medium,medium,1,1,0.9075907590759076,2.0,0.8330751118287468
case_00014,447,0,0,none,none,0,0,1.0,0.0,0.0
case_00115,339,468,606,medium,medium,1,1,0.8696461824953445,4.218733674818958,1.6256594997622729
case_00113,473,0,0,none,none,0,0,1.0,0.0,0.0
case_00113,165,0,0,none,none,0,0,1.0,0.0,0.0
case_00113,76,0,0,none,none,0,0,1.0,0.0,0.0
case_00115,155,0,0,none,none,0,0,1.0,0.0,0.0
case_00161,346,0,0,none,none,0,0,1.0,0.0,0.0
case_00133,183,0,0,none,none,0,0,1.0,0.0,0.0
case_00133,63,0,0,none,none,0,0,1.0,0.0,0.0
case_00161,322,0,0,none,none,0,0,1.0,0.0,0.0
case_00079,82,0,0,none,none,0,0,1.0,0.0,0.0
case_00133,285,0,0,none,none,0,0,1.0,0.0,0.0
case_00161,339,0,0,none,none,0,0,1.0,0.0,0.0
case_00086,19,0,0,none,none,0,0,1.0,0.0,0.0
case_00161,161,258,288,medium,medium,1,1,0.9157509157509157,2.0,0.6607142857142857
case_00075,216,0,0,none,none,0,0,1.0,0.0,0.0
case_00113,315,10,0,small,none,1,0,0.0,-1.0,-1.0
case_00133,248,0,0,none,none,0,0,1.0,0.0,0.0
case_00125,176,6,1,small,small,1,1,0.0,5.299321219071988,3.1622776601683795
case_00203,356,0,0,none,none,0,0,1.0,0.0,0.0
case_00203,79,0,0,none,none,0,0,1.0,0.0,0.0
case_00113,11,0,568,none,medium,0,1,0.0,-1.0,-1.0
case_00133,406,0,0,none,none,0,0,1.0,0.0,0.0
case_00161,208,0,0,none,none,0,0,1.0,0.0,0.0
case_00079,294,0,0,none,none,0,0,1.0,0.0,0.0
case_00133,313,0,0,none,none,0,0,1.0,0.0,0.0
case_00033,321,0,0,none,none,0,0,1.0,0.0,0.0
case_00133,74,0,0,none,none,0,0,1.0,0.0,0.0
case_00133,47,0,135,none,medium,0,1,0.0,-1.0,-1.0
case_00086,479,0,0,none,none,0,0,1.0,0.0,0.0
case_00086,449,0,0,none,none,0,0,1.0,0.0,0.0
case_00086,178,0,0,none,none,0,0,1.0,0.0,0.0
case_00033,234,0,0,none,none,0,0,1.0,0.0,0.0
case_00079,324,0,0,none,none,0,0,1.0,0.0,0.0
case_00125,504,0,0,none,none,0,0,1.0,0.0,0.0
case_00125,44,0,0,none,none,0,0,1.0,0.0,0.0
case_00134,145,0,0,none,none,0,0,1.0,0.0,0.0
case_00125,341,0,0,none,none,0,0,1.0,0.0,0.0
case_00079,150,0,0,none,none,0,0,1.0,0.0,0.0
case_00134,464,0,0,none,none,0,0,1.0,0.0,0.0
case_00125,306,0,0,none,none,0,0,1.0,0.0,0.0
case_00014,245,0,0,none,none,0,0,1.0,0.0,0.0
case_00014,223,0,0,none,none,0,0,1.0,0.0,0.0
case_00125,481,0,0,none,none,0,0,1.0,0.0,0.0
case_00194,267,0,0,none,none,0,0,1.0,0.0,0.0
case_00161,438,0,0,none,none,0,0,1.0,0.0,0.0
case_00154,248,0,0,none,none,0,0,1.0,0.0,0.0
case_00161,328,0,0,none,none,0,0,1.0,0.0,0.0
case_00134,141,0,0,none,none,0,0,1.0,0.0,0.0
case_00033,163,0,0,none,none,0,0,1.0,0.0,0.0
case_00194,38,0,0,none,none,0,0,1.0,0.0,0.0
case_00079,162,0,0,none,none,0,0,1.0,0.0,0.0
case_00161,50,0,0,none,none,0,0,1.0,0.0,0.0
case_00079,113,0,0,none,none,0,0,1.0,0.0,0.0
case_00113,190,0,0,none,none,0,0,1.0,0.0,0.0
case_00115,137,0,0,none,none,0,0,1.0,0.0,0.0
case_00033,227,0,0,none,none,0,0,1.0,0.0,0.0
case_00133,396,0,0,none,none,0,0,1.0,0.0,0.0
case_00125,18,0,0,none,none,0,0,1.0,0.0,0.0
case_00086,189,0,0,none,none,0,0,1.0,0.0,0.0
case_00079,22,0,0,none,none,0,0,1.0,0.0,0.0
case_00014,217,0,0,none,none,0,0,1.0,0.0,0.0
case_00014,457,0,0,none,none,0,0,1.0,0.0,0.0
case_00194,427,0,0,none,none,0,0,1.0,0.0,0.0
case_00079,304,0,0,none,none,0,0,1.0,0.0,0.0
case_00115,419,0,0,none,none,0,0,1.0,0.0,0.0
case_00203,407,55,68,small,small,1,1,0.8780487804878049,1.0,0.5769230769230769
case_00125,209,0,0,none,none,0,0,1.0,0.0,0.0
case_00154,391,0,0,none,none,0,0,1.0,0.0,0.0
case_00113,121,0,0,none,none,0,0,1.0,0.0,0.0
case_00154,175,0,0,none,none,0,0,1.0,0.0,0.0
case_00115,18,0,0,none,none,0,0,1.0,0.0,0.0
case_00086,461,0,29,none,small,0,1,0.0,-1.0,-1.0
case_00133,109,0,0,none,none,0,0,1.0,0.0,0.0
case_00115,268,0,0,none,none,0,0,1.0,0.0,0.0
case_00075,17,0,0,none,none,0,0,1.0,0.0,0.0
case_00079,479,0,0,none,none,0,0,1.0,0.0,0.0
case_00033,96,0,0,none,none,0,0,1.0,0.0,0.0
case_00154,262,0,0,none,none,0,0,1.0,0.0,0.0
case_00133,409,0,0,none,none,0,0,1.0,0.0,0.0
case_00133,357,0,0,none,none,0,0,1.0,0.0,0.0
case_00161,40,0,0,none,none,0,0,1.0,0.0,0.0
case_00033,53,0,0,none,none,0,0,1.0,0.0,0.0
case_00102,143,0,0,none,none,0,0,1.0,0.0,0.0
case_00115,364,0,0,none,none,0,0,1.0,0.0,0.0
case_00161,230,0,0,none,none,0,0,1.0,0.0,0.0
case_00079,493,0,0,none,none,0,0,1.0,0.0,0.0
case_00194,5,0,0,none,none,0,0,1.0,0.0,0.0
case_00033,244,0,0,none,none,0,0,1.0,0.0,0.0
case_00133,473,0,0,none,none,0,0,1.0,0.0,0.0
case_00014,479,0,44,none,small,0,1,0.0,-1.0,-1.0
case_00113,208,0,0,none,none,0,0,1.0,0.0,0.0
case_00102,154,0,0,none,none,0,0,1.0,0.0,0.0
case_00154,196,0,0,none,none,0,0,1.0,0.0,0.0
case_00033,144,0,0,none,none,0,0,1.0,0.0,0.0
case_00154,139,0,0,none,none,0,0,1.0,0.0,0.0
case_00102,17,0,0,none,none,0,0,1.0,0.0,0.0
case_00014,506,0,0,none,none,0,0,1.0,0.0,0.0
case_00075,363,2,0,small,none,1,0,0.0,-1.0,-1.0
case_00133,280,0,0,none,none,0,0,1.0,0.0,0.0
case_00133,38,0,0,none,none,0,0,1.0,0.0,0.0
case_00033,476,0,21,none,small,0,1,0.0,-1.0,-1.0
case_00161,186,0,0,none,none,0,0,1.0,0.0,0.0
case_00203,102,0,0,none,none,0,0,1.0,0.0,0.0
case_00134,314,0,0,none,none,0,0,1.0,0.0,0.0
case_00086,36,0,0,none,none,0,0,1.0,0.0,0.0
case_00014,91,0,0,none,none,0,0,1.0,0.0,0.0
case_00133,245,0,0,none,none,0,0,1.0,0.0,0.0
case_00154,489,0,0,none,none,0,0,1.0,0.0,0.0
case_00079,3,0,0,none,none,0,0,1.0,0.0,0.0
case_00014,228,0,0,none,none,0,0,1.0,0.0,0.0
case_00125,260,0,0,none,none,0,0,1.0,0.0,0.0
case_00079,453,425,455,medium,medium,1,1,0.9340909090909091,2.0,0.6084138844160698
case_00194,257,0,0,none,none,0,0,1.0,0.0,0.0
case_00033,299,0,0,none,none,0,0,1.0,0.0,0.0
case_00102,118,0,0,none,none,0,0,1.0,0.0,0.0
case_00033,350,0,0,none,none,0,0,1.0,0.0,0.0
case_00113,502,0,997,none,medium,0,1,0.0,-1.0,-1.0
case_00033,361,0,0,none,none,0,0,1.0,0.0,0.0
case_00102,366,3778,3808,large,large,1,1,0.9812813076720274,1.4142135623730951,0.5813001641646588
case_00203,506,0,119,none,medium,0,1,0.0,-1.0,-1.0
case_00154,21,0,0,none,none,0,0,1.0,0.0,0.0
case_00134,492,0,0,none,none,0,0,1.0,0.0,0.0
case_00203,63,0,0,none,none,0,0,1.0,0.0,0.0
case_00125,390,0,4,none,small,0,1,0.0,-1.0,-1.0
case_00102,474,0,458,none,medium,0,1,0.0,-1.0,-1.0
case_00203,458,0,55,none,small,0,1,0.0,-1.0,-1.0
case_00134,371,379,397,medium,medium,1,1,0.9639175257731959,1.0,0.30864197530864196
case_00125,331,0,0,none,none,0,0,1.0,0.0,0.0
case_00075,455,0,0,none,none,0,0,1.0,0.0,0.0
case_00102,289,0,0,none,none,0,0,1.0,0.0,0.0
case_00079,455,359,377,medium,medium,1,1,0.9375,2.0,0.42394745771685577
case_00086,459,0,102,none,medium,0,1,0.0,-1.0,-1.0
case_00194,195,0,0,none,none,0,0,1.0,0.0,0.0
case_00014,251,0,0,none,none,0,0,1.0,0.0,0.0
case_00113,152,0,0,none,none,0,0,1.0,0.0,0.0
case_00102,20,0,0,none,none,0,0,1.0,0.0,0.0
case_00086,489,0,0,none,none,0,0,1.0,0.0,0.0
case_00194,122,0,0,none,none,0,0,1.0,0.0,0.0
case_00203,227,0,0,none,none,0,0,1.0,0.0,0.0
case_00102,266,0,667,none,medium,0,1,0.0,-1.0,-1.0
case_00113,313,0,0,none,none,0,0,1.0,0.0,0.0
case_00079,414,1431,1480,large,large,1,1,0.9694263139814496,1.0,0.5474452554744526
case_00134,304,0,0,none,none,0,0,1.0,0.0,0.0
case_00194,190,0,0,none,none,0,0,1.0,0.0,0.0
case_00079,254,0,0,none,none,0,0,1.0,0.0,0.0
case_00133,72,0,25,none,small,0,1,0.0,-1.0,-1.0
case_00161,102,0,0,none,none,0,0,1.0,0.0,0.0
case_00134,420,0,950,none,medium,0,1,0.0,-1.0,-1.0
case_00086,366,0,0,none,none,0,0,1.0,0.0,0.0
case_00203,205,0,0,none,none,0,0,1.0,0.0,0.0
case_00203,30,0,0,none,none,0,0,1.0,0.0,0.0
case_00102,79,0,19,none,small,0,2,0.0,-1.0,-1.0
case_00115,380,0,0,none,none,0,0,1.0,0.0,0.0
case_00014,197,0,0,none,none,0,0,1.0,0.0,0.0
case_00154,482,0,0,none,none,0,0,1.0,0.0,0.0
case_00154,381,0,0,none,none,0,0,1.0,0.0,0.0
case_00079,65,0,0,none,none,0,0,1.0,0.0,0.0
case_00133,162,394,400,medium,medium,1,1,0.9420654911838791,1.4142135623730951,0.6652713951864506
case_00203,477,0,0,none,none,0,0,1.0,0.0,0.0
case_00075,335,64,101,small,medium,1,1,0.7393939393939394,2.991421356237309,1.2466538195935053
case_00102,378,3507,3606,large,large,1,1,0.9793336145086461,1.4142135623730951,0.6327293214861108
case_00014,301,0,0,none,none,0,0,1.0,0.0,0.0
case_00134,60,0,2459,none,large,0,2,0.0,-1.0,-1.0
case_00154,37,0,0,none,none,0,0,1.0,0.0,0.0
case_00113,205,0,0,none,none,0,0,1.0,0.0,0.0
case_00203,487,0,0,none,none,0,0,1.0,0.0,0.0
case_00133,456,0,0,none,none,0,0,1.0,0.0,0.0
case_00154,506,0,0,none,none,0,0,1.0,0.0,0.0
case_00203,363,0,0,none,none,0,0,1.0,0.0,0.0
case_00102,459,0,175,none,medium,0,1,0.0,-1.0,-1.0
case_00079,119,0,0,none,none,0,0,1.0,0.0,0.0
case_00033,312,0,0,none,none,0,0,1.0,0.0,0.0
case_00203,118,0,0,none,none,0,0,1.0,0.0,0.0
case_00113,74,0,0,none,none,0,0,1.0,0.0,0.0
case_00014,230,0,0,none,none,0,0,1.0,0.0,0.0
case_00115,497,0,0,none,none,0,0,1.0,0.0,0.0
case_00102,68,0,0,none,none,0,0,1.0,0.0,0.0
case_00115,388,0,0,none,none,0,0,1.0,0.0,0.0
case_00113,511,0,0,none,none,0,0,1.0,0.0,0.0
case_00014,429,0,325,none,medium,0,3,0.0,-1.0,-1.0
case_00075,40,0,105,none,medium,0,1,0.0,-1.0,-1.0
case_00134,498,0,0,none,none,0,0,1.0,0.0,0.0
case_00133,392,0,0,none,none,0,0,1.0,0.0,0.0
case_00125,77,0,0,none,none,0,0,1.0,0.0,0.0
case_00033,111,0,0,none,none,0,0,1.0,0.0,0.0
case_00079,240,0,0,none,none,0,0,1.0,0.0,0.0
case_00075,150,0,0,none,none,0,0,1.0,0.0,0.0
case_00134,22,0,0,none,none,0,0,1.0,0.0,0.0
case_00134,181,0,0,none,none,0,0,1.0,0.0,0.0
case_00203,319,0,0,none,none,0,0,1.0,0.0,0.0
case_00194,353,0,9,none,small,0,2,0.0,-1.0,-1.0
case_00134,24,0,0,none,none,0,0,1.0,0.0,0.0
case_00033,257,0,0,none,none,0,0,1.0,0.0,0.0
case_00125,421,0,0,none,none,0,0,1.0,0.0,0.0
case_00102,39,0,255,none,medium,0,2,0.0,-1.0,-1.0
case_00115,110,0,0,none,none,0,0,1.0,0.0,0.0
case_00079,463,56,69,small,small,2,1,0.736,2.0,0.4970418469783826
case_00113,431,915,918,medium,medium,1,1,0.9459901800327333,2.23606797749979,0.5882352941176471
case_00161,334,0,0,none,none,0,0,1.0,0.0,0.0
case_00203,466,0,0,none,none,0,0,1.0,0.0,0.0
case_00154,54,0,0,none,none,0,0,1.0,0.0,0.0
case_00102,290,0,0,none,none,0,0,1.0,0.0,0.0
case_00194,424,0,395,none,medium,0,1,0.0,-1.0,-1.0
case_00102,507,0,0,none,none,0,0,1.0,0.0,0.0
case_00086,232,0,0,none,none,0,0,1.0,0.0,0.0
case_00102,472,0,740,none,medium,0,1,0.0,-1.0,-1.0
case_00014,448,0,0,none,none,0,0,1.0,0.0,0.0
case_00102,254,0,1987,none,large,0,1,0.0,-1.0,-1.0
case_00125,129,0,0,none,none,0,0,1.0,0.0,0.0
case_00033,129,0,0,none,none,0,0,1.0,0.0,0.0
case_00102,82,0,11,none,small,0,1,0.0,-1.0,-1.0
case_00133,137,378,407,medium,medium,1,1,0.8993630573248408,3.0,0.8858033220924034
case_00134,368,513,528,medium,medium,1,1,0.9606147934678194,1.0,0.3562001490370669
case_00014,343,0,0,none,none,0,0,1.0,0.0,0.0
case_00086,270,0,0,none,none,0,0,1.0,0.0,0.0
case_00014,1,0,0,none,none,0,0,1.0,0.0,0.0
case_00194,162,39,56,small,small,1,1,0.8,1.2899494936611648,0.7083333333333334
case_00113,51,0,0,none,none,0,0,1.0,0.0,0.0
case_00113,332,258,335,medium,medium,1,1,0.8431703204047217,3.0,1.3982153704498694
case_00194,155,4,0,small,none,2,0,0.0,-1.0,-1.0
case_00133,331,0,0,none,none,0,0,1.0,0.0,0.0
case_00154,497,0,0,none,none,0,0,1.0,0.0,0.0
case_00113,303,0,0,none,none,0,0,1.0,0.0,0.0
case_00194,234,0,0,none,none,0,0,1.0,0.0,0.0
case_00161,245,0,0,none,none,0,0,1.0,0.0,0.0
case_00102,14,0,16,none,small,0,1,0.0,-1.0,-1.0
case_00133,489,0,183,none,medium,0,1,0.0,-1.0,-1.0
case_00033,400,0,0,none,none,0,0,1.0,0.0,0.0
case_00133,445,0,0,none,none,0,0,1.0,0.0,0.0
case_00154,410,0,82,none,small,0,2,0.0,-1.0,-1.0
case_00102,204,0,0,none,none,0,0,1.0,0.0,0.0
case_00134,118,0,0,none,none,0,0,1.0,0.0,0.0
case_00125,502,0,0,none,none,0,0,1.0,0.0,0.0
case_00194,179,15,12,small,small,1,1,0.2222222222222222,3.0,1.3333333333333333
case_00079,293,0,0,none,none,0,0,1.0,0.0,0.0
case_00102,503,0,0,none,none,0,0,1.0,0.0,0.0
case_00161,452,0,0,none,none,0,0,1.0,0.0,0.0
case_00203,488,0,0,none,none,0,0,1.0,0.0,0.0
case_00075,221,0,0,none,none,0,0,1.0,0.0,0.0
case_00154,402,0,0,none,none,0,0,1.0,0.0,0.0
case_00115,475,0,85,none,small,0,1,0.0,-1.0,-1.0
case_00125,4,0,0,none,none,0,0,1.0,0.0,0.0
case_00125,470,0,758,none,medium,0,1,0.0,-1.0,-1.0
case_00014,237,0,0,none,none,0,0,1.0,0.0,0.0
case_00033,382,0,0,none,none,0,0,1.0,0.0,0.0
case_00133,264,0,0,none,none,0,0,1.0,0.0,0.0
case_00161,431,0,47,none,small,0,1,0.0,-1.0,-1.0
case_00033,38,0,0,none,none,0,0,1.0,0.0,0.0
case_00134,139,0,0,none,none,0,0,1.0,0.0,0.0
case_00086,310,0,0,none,none,0,0,1.0,0.0,0.0
case_00133,506,0,0,none,none,0,0,1.0,0.0,0.0
case_00113,44,0,0,none,none,0,0,1.0,0.0,0.0
case_00113,167,0,0,none,none,0,0,1.0,0.0,0.0
case_00154,121,0,0,none,none,0,0,1.0,0.0,0.0
case_00194,380,0,136,none,medium,0,2,0.0,-1.0,-1.0
case_00154,118,0,0,none,none,0,0,1.0,0.0,0.0
case_00203,339,0,0,none,none,0,0,1.0,0.0,0.0
case_00075,181,0,0,none,none,0,0,1.0,0.0,0.0
case_00154,134,0,0,none,none,0,0,1.0,0.0,0.0
case_00033,408,0,0,none,none,0,0,1.0,0.0,0.0
case_00134,6,0,1460,none,large,0,1,0.0,-1.0,-1.0
case_00203,429,0,0,none,none,0,0,1.0,0.0,0.0
case_00161,489,0,0,none,none,0,0,1.0,0.0,0.0
case_00014,270,0,0,none,none,0,0,1.0,0.0,0.0
case_00133,291,0,0,none,none,0,0,1.0,0.0,0.0
case_00102,270,0,1269,none,large,0,1,0.0,-1.0,-1.0
case_00079,131,0,0,none,none,0,0,1.0,0.0,0.0
case_00134,413,0,94,none,small,0,2,0.0,-1.0,-1.0
case_00134,445,0,0,none,none,0,0,1.0,0.0,0.0
case_00154,485,0,0,none,none,0,0,1.0,0.0,0.0
case_00113,342,505,648,medium,medium,1,1,0.8430182133564614,5.069313659514948,2.010344485633356
case_00014,18,0,0,none,none,0,0,1.0,0.0,0.0
case_00102,294,8,5,small,small,4,1,0.0,25.807404868885033,1.482842712474619
case_00133,11,0,40,none,small,0,1,0.0,-1.0,-1.0
case_00113,480,0,0,none,none,0,0,1.0,0.0,0.0
case_00033,364,0,0,none,none,0,0,1.0,0.0,0.0
case_00086,500,0,0,none,none,0,0,1.0,0.0,0.0
case_00113,194,0,0,none,none,0,0,1.0,0.0,0.0
case_00079,11,0,0,none,none,0,0,1.0,0.0,0.0
case_00086,203,0,0,none,none,0,0,1.0,0.0,0.0
case_00134,502,0,0,none,none,0,0,1.0,0.0,0.0
case_00014,275,0,0,none,none,0,0,1.0,0.0,0.0
case_00125,94,0,0,none,none,0,0,1.0,0.0,0.0
case_00033,267,0,0,none,none,0,0,1.0,0.0,0.0
case_00113,3,0,0,none,none,0,0,1.0,0.0,0.0
case_00102,115,0,0,none,none,0,0,1.0,0.0,0.0
case_00134,504,0,0,none,none,0,0,1.0,0.0,0.0
case_00134,285,0,0,none,none,0,0,1.0,0.0,0.0
case_00154,436,0,0,none,none,0,0,1.0,0.0,0.0
case_00033,271,0,0,none,none,0,0,1.0,0.0,0.0
case_00133,356,0,0,none,none,0,0,1.0,0.0,0.0
case_00033,455,0,0,none,none,0,0,1.0,0.0,0.0
case_00033,327,0,0,none,none,0,0,1.0,0.0,0.0
case_00102,369,3741,3844,large,large,1,1,0.9793012524719842,1.4142135623730951,0.6572086247867768
case_00194,404,0,0,none,none,0,0,1.0,0.0,0.0
case_00102,321,2208,2320,large,large,1,1,0.9651060070671378,1.5313708498984695,0.7551796632059161
case_00113,485,0,0,none,none,0,0,1.0,0.0,0.0
case_00113,7,0,0,none,none,0,0,1.0,0.0,0.0
case_00134,83,0,0,none,none,0,0,1.0,0.0,0.0
case_00075,446,0,0,none,none,0,0,1.0,0.0,0.0
case_00203,453,0,0,none,none,0,0,1.0,0.0,0.0
case_00125,36,0,696,none,medium,0,1,0.0,-1.0,-1.0
case_00102,78,0,0,none,none,0,0,1.0,0.0,0.0
case_00125,31,0,491,none,medium,0,1,0.0,-1.0,-1.0
case_00115,385,0,0,none,none,0,0,1.0,0.0,0.0
case_00033,100,0,0,none,none,0,0,1.0,0.0,0.0
case_00125,445,0,0,none,none,0,0,1.0,0.0,0.0
case_00102,188,0,0,none,none,0,0,1.0,0.0,0.0
case_00075,79,0,0,none,none,0,0,1.0,0.0,0.0
case_00154,393,0,0,none,none,0,0,1.0,0.0,0.0
case_00161,72,0,127,none,medium,0,1,0.0,-1.0,-1.0
case_00134,113,0,0,none,none,0,0,1.0,0.0,0.0
case_00134,165,0,0,none,none,0,0,1.0,0.0,0.0
case_00075,30,0,297,none,medium,0,1,0.0,-1.0,-1.0
case_00014,43,0,331,none,medium,0,1,0.0,-1.0,-1.0
case_00075,0,0,45,none,small,0,1,0.0,-1.0,-1.0
case_00125,387,0,0,none,none,0,0,1.0,0.0,0.0
case_00161,201,0,0,none,none,0,0,1.0,0.0,0.0
case_00133,154,510,534,medium,medium,1,1,0.9578544061302682,1.6778174593051958,0.5040616632398077
case_00125,443,0,0,none,none,0,0,1.0,0.0,0.0
case_00194,265,0,0,none,none,0,0,1.0,0.0,0.0
case_00154,324,288,356,medium,medium,1,1,0.8850931677018633,2.9828427124746177,1.1165169396282004
case_00161,240,0,0,none,none,0,0,1.0,0.0,0.0
case_00161,184,0,0,none,none,0,0,1.0,0.0,0.0
case_00115,93,0,0,none,none,0,0,1.0,0.0,0.0
case_00115,357,0,0,none,none,0,0,1.0,0.0,0.0
case_00033,39,0,0,none,none,0,0,1.0,0.0,0.0
case_00079,442,756,829,medium,medium,1,1,0.9438485804416403,2.0,0.692927837521596
case_00079,446,643,688,medium,medium,1,1,0.9451540195341849,1.3520815280171286,0.6254127743407694
case_00075,47,0,0,none,none,0,0,1.0,0.0,0.0
case_00086,209,0,0,none,none,0,0,1.0,0.0,0.0
case_00125,101,0,0,none,none,0,0,1.0,0.0,0.0
case_00203,204,0,0,none,none,0,0,1.0,0.0,0.0
case_00134,237,0,66,none,small,0,2,0.0,-1.0,-1.0
case_00075,265,0,0,none,none,0,0,1.0,0.0,0.0
case_00125,417,0,0,none,none,0,0,1.0,0.0,0.0
case_00014,463,0,0,none,none,0,0,1.0,0.0,0.0
case_00125,189,78,84,small,small,1,1,0.8765432098765432,1.4142135623730951,0.5802905905084894
case_00133,116,0,0,none,none,0,0,1.0,0.0,0.0
case_00154,221,0,0,none,none,0,0,1.0,0.0,0.0
case_00079,247,0,0,none,none,0,0,1.0,0.0,0.0
case_00033,336,0,0,none,none,0,0,1.0,0.0,0.0
case_00125,248,0,0,none,none,0,0,1.0,0.0,0.0
case_00014,100,0,0,none,none,0,0,1.0,0.0,0.0
case_00194,73,0,92,none,small,0,2,0.0,-1.0,-1.0
case_00075,208,0,0,none,none,0,0,1.0,0.0,0.0
case_00203,144,0,0,none,none,0,0,1.0,0.0,0.0
case_00113,325,156,198,medium,medium,1,1,0.8361581920903954,3.14604989415154,0.9347826086956522
case_00014,269,0,0,none,none,0,0,1.0,0.0,0.0
case_00079,333,383,453,medium,medium,1,1,0.8827751196172249,3.6252737116907827,0.96290468436138
case_00115,153,0,0,none,none,0,0,1.0,0.0,0.0
case_00113,214,0,0,none,none,0,0,1.0,0.0,0.0
case_00014,161,0,0,none,none,0,0,1.0,0.0,0.0
case_00115,311,0,0,none,none,0,0,1.0,0.0,0.0
case_00115,477,0,0,none,none,0,0,1.0,0.0,0.0
case_00161,459,0,0,none,none,0,0,1.0,0.0,0.0
case_00161,464,0,0,none,none,0,0,1.0,0.0,0.0
case_00161,353,0,0,none,none,0,0,1.0,0.0,0.0
case_00075,409,0,41,none,small,0,1,0.0,-1.0,-1.0
case_00115,172,0,0,none,none,0,0,1.0,0.0,0.0
case_00102,0,0,0,none,none,0,0,1.0,0.0,0.0
case_00014,79,0,0,none,none,0,0,1.0,0.0,0.0
case_00075,283,0,0,none,none,0,0,1.0,0.0,0.0
case_00134,370,415,443,medium,medium,1,1,0.951048951048951,1.0,0.4823529411764706
case_00014,437,0,82,none,small,0,1,0.0,-1.0,-1.0
case_00113,271,0,0,none,none,0,0,1.0,0.0,0.0
case_00086,27,0,0,none,none,0,0,1.0,0.0,0.0
case_00125,318,0,0,none,none,0,0,1.0,0.0,0.0
case_00194,335,0,185,none,medium,0,1,0.0,-1.0,-1.0
case_00102,466,0,1011,none,large,0,3,0.0,-1.0,-1.0
case_00102,172,0,0,none,none,0,0,1.0,0.0,0.0
case_00102,238,0,42,none,small,0,2,0.0,-1.0,-1.0
case_00075,89,0,0,none,none,0,0,1.0,0.0,0.0
case_00125,325,0,0,none,none,0,0,1.0,0.0,0.0
case_00113,289,0,0,none,none,0,0,1.0,0.0,0.0
case_00194,12,0,274,none,medium,0,1,0.0,-1.0,-1.0
case_00102,248,0,793,none,medium,0,4,0.0,-1.0,-1.0
case_00154,275,0,0,none,none,0,0,1.0,0.0,0.0
case_00154,352,0,0,none,none,0,0,1.0,0.0,0.0
case_00134,510,0,0,none,none,0,0,1.0,0.0,0.0
case_00079,203,0,0,none,none,0,0,1.0,0.0,0.0
case_00125,20,0,0,none,none,0,0,1.0,0.0,0.0
case_00125,309,0,0,none,none,0,0,1.0,0.0,0.0
case_00161,249,0,0,none,none,0,0,1.0,0.0,0.0
case_00115,460,0,0,none,none,0,0,1.0,0.0,0.0
case_00115,298,0,0,none,none,0,0,1.0,0.0,0.0
case_00014,503,0,0,none,none,0,0,1.0,0.0,0.0
case_00113,462,0,7,none,small,0,1,0.0,-1.0,-1.0
case_00113,68,0,0,none,none,0,0,1.0,0.0,0.0
case_00134,251,0,0,none,none,0,0,1.0,0.0,0.0
case_00075,367,0,0,none,none,0,0,1.0,0.0,0.0
case_00075,70,0,0,none,none,0,0,1.0,0.0,0.0
case_00115,368,0,0,none,none,0,0,1.0,0.0,0.0
case_00203,263,0,0,none,none,0,0,1.0,0.0,0.0
case_00102,186,0,0,none,none,0,0,1.0,0.0,0.0
case_00161,99,0,276,none,medium,0,1,0.0,-1.0,-1.0
case_00154,204,0,0,none,none,0,0,1.0,0.0,0.0
case_00125,180,54,142,small,medium,1,1,0.5510204081632653,5.0,2.731390779560366
case_00079,93,0,0,none,none,0,0,1.0,0.0,0.0
case_00134,354,840,948,medium,medium,1,1,0.9351230425055929,2.871320343559643,0.8148333222778679
case_00102,199,0,0,none,none,0,0,1.0,0.0,0.0
case_00194,284,0,0,none,none,0,0,1.0,0.0,0.0
case_00113,81,0,0,none,none,0,0,1.0,0.0,0.0
case_00079,212,0,0,none,none,0,0,1.0,0.0,0.0
case_00133,110,0,0,none,none,0,0,1.0,0.0,0.0
case_00203,315,0,0,none,none,0,0,1.0,0.0,0.0
case_00134,459,0,0,none,none,0,0,1.0,0.0,0.0
case_00134,407,0,102,none,medium,0,1,0.0,-1.0,-1.0
case_00113,465,0,0,none,none,0,0,1.0,0.0,0.0
case_00102,326,2414,2580,large,large,1,1,0.9595514617541049,2.23606797749979,0.9681262416387977
case_00079,216,0,0,none,none,0,0,1.0,0.0,0.0
case_00161,47,0,0,none,none,0,0,1.0,0.0,0.0
case_00133,79,0,0,none,none,0,0,1.0,0.0,0.0
case_00133,122,54,66,small,small,1,1,0.8666666666666667,1.4142135623730951,0.5345177968644246
case_00133,66,0,0,none,none,0,0,1.0,0.0,0.0
case_00161,496,0,0,none,none,0,0,1.0,0.0,0.0
case_00203,342,0,0,none,none,0,0,1.0,0.0,0.0
case_00086,488,0,0,none,none,0,0,1.0,0.0,0.0
case_00033,17,0,0,none,none,0,0,1.0,0.0,0.0
case_00014,190,12,0,small,none,1,0,0.0,-1.0,-1.0
case_00154,195,0,0,none,none,0,0,1.0,0.0,0.0
case_00133,247,0,0,none,none,0,0,1.0,0.0,0.0
case_00102,394,2591,2716,large,large,1,1,0.9681552666289805,2.8284271247461903,0.7992907533172944
case_00161,312,0,0,none,none,0,0,1.0,0.0,0.0
case_00086,322,0,0,none,none,0,0,1.0,0.0,0.0
case_00086,168,0,0,none,none,0,0,1.0,0.0,0.0
case_00079,72,0,0,none,none,0,0,1.0,0.0,0.0
case_00079,59,0,0,none,none,0,0,1.0,0.0,0.0
case_00102,13,0,0,none,none,0,0,1.0,0.0,0.0
case_00125,413,0,0,none,none,0,0,1.0,0.0,0.0
case_00133,84,0,5,none,small,0,1,0.0,-1.0,-1.0
case_00075,120,0,0,none,none,0,0,1.0,0.0,0.0
case_00113,302,0,0,none,none,0,0,1.0,0.0,0.0
case_00125,344,0,0,none,none,0,0,1.0,0.0,0.0
case_00194,99,0,0,none,none,0,0,1.0,0.0,0.0
case_00203,110,0,0,none,none,0,0,1.0,0.0,0.0
case_00133,261,0,0,none,none,0,0,1.0,0.0,0.0
case_00014,439,0,0,none,none,0,0,1.0,0.0,0.0
case_00102,157,0,0,none,none,0,0,1.0,0.0,0.0
case_00014,508,0,0,none,none,0,0,1.0,0.0,0.0
case_00115,4,0,0,none,none,0,0,1.0,0.0,0.0
case_00203,210,0,0,none,none,0,0,1.0,0.0,0.0
case_00115,269,0,0,none,none,0,0,1.0,0.0,0.0
case_00033,484,0,0,none,none,0,0,1.0,0.0,0.0
case_00014,472,0,0,none,none,0,0,1.0,0.0,0.0
case_00161,1,0,0,none,none,0,0,1.0,0.0,0.0
case_00033,143,0,0,none,none,0,0,1.0,0.0,0.0
case_00033,104,0,0,none,none,0,0,1.0,0.0,0.0
case_00203,364,0,0,none,none,0,0,1.0,0.0,0.0
case_00086,78,0,0,none,none,0,0,1.0,0.0,0.0
case_00014,505,0,0,none,none,0,0,1.0,0.0,0.0
case_00102,491,0,0,none,none,0,0,1.0,0.0,0.0
case_00079,189,0,0,none,none,0,0,1.0,0.0,0.0
case_00203,300,0,0,none,none,0,0,1.0,0.0,0.0
case_00086,387,222,238,medium,medium,1,1,0.9130434782608695,2.0,0.7109407140930445
case_00102,317,2013,2160,large,large,2,1,0.958063743110472,2.0,0.872171031892978
case_00102,89,0,0,none,none,0,0,1.0,0.0,0.0
case_00115,242,0,0,none,none,0,0,1.0,0.0,0.0
case_00033,115,0,0,none,none,0,0,1.0,0.0,0.0
case_00014,375,0,0,none,none,0,0,1.0,0.0,0.0
case_00086,305,0,0,none,none,0,0,1.0,0.0,0.0
case_00194,127,0,0,none,none,0,0,1.0,0.0,0.0
case_00033,437,0,0,none,none,0,0,1.0,0.0,0.0
case_00079,279,0,0,none,none,0,0,1.0,0.0,0.0
case_00102,416,427,509,medium,medium,3,2,0.8846153846153846,2.8284271247461903,0.9718146758618659
case_00086,218,0,0,none,none,0,0,1.0,0.0,0.0
case_00014,167,0,0,none,none,0,0,1.0,0.0,0.0
case_00102,112,0,0,none,none,0,0,1.0,0.0,0.0
case_00161,15,0,0,none,none,0,0,1.0,0.0,0.0
case_00203,0,0,0,none,none,0,0,1.0,0.0,0.0
case_00113,14,0,446,none,medium,0,1,0.0,-1.0,-1.0
case_00125,125,0,0,none,none,0,0,1.0,0.0,0.0
case_00133,474,0,0,none,none,0,0,1.0,0.0,0.0
case_00154,383,0,0,none,none,0,0,1.0,0.0,0.0
case_00154,307,1,0,small,none,1,0,0.0,-1.0,-1.0
case_00133,31,0,0,none,none,0,0,1.0,0.0,0.0
case_00079,291,0,0,none,none,0,0,1.0,0.0,0.0
case_00161,280,0,0,none,none,0,0,1.0,0.0,0.0
case_00075,508,0,0,none,none,0,0,1.0,0.0,0.0
case_00014,452,0,0,none,none,0,0,1.0,0.0,0.0
case_00203,73,0,1,none,small,0,1,0.0,-1.0,-1.0
case_00134,272,0,0,none,none,0,0,1.0,0.0,0.0
case_00075,43,0,0,none,none,0,0,1.0,0.0,0.0
case_00113,70,0,0,none,none,0,0,1.0,0.0,0.0
case_00086,391,251,264,medium,medium,1,1,0.8932038834951457,2.0,0.891868262239972
case_00086,367,0,0,none,none,0,0,1.0,0.0,0.0
case_00133,9,0,0,none,none,0,0,1.0,0.0,0.0
case_00161,363,0,0,none,none,0,0,1.0,0.0,0.0
case_00014,323,0,0,none,none,0,0,1.0,0.0,0.0
case_00134,4,0,457,none,medium,0,1,0.0,-1.0,-1.0
case_00194,245,0,0,none,none,0,0,1.0,0.0,0.0
case_00125,65,0,0,none,none,0,0,1.0,0.0,0.0
case_00086,181,0,0,none,none,0,0,1.0,0.0,0.0
case_00079,225,0,0,none,none,0,0,1.0,0.0,0.0
case_00133,139,420,441,medium,medium,1,1,0.908246225319396,2.98284271247462,0.8807010257428184
case_00086,145,0,0,none,none,0,0,1.0,0.0,0.0
case_00154,142,0,0,none,none,0,0,1.0,0.0,0.0
case_00115,404,0,6,none,small,0,1,0.0,-1.0,-1.0
case_00113,4,0,0,none,none,0,0,1.0,0.0,0.0
case_00203,184,0,0,none,none,0,0,1.0,0.0,0.0
case_00203,481,0,0,none,none,0,0,1.0,0.0,0.0
case_00154,137,0,0,none,none,0,0,1.0,0.0,0.0
case_00014,306,0,0,none,none,0,0,1.0,0.0,0.0
case_00102,10,0,0,none,none,0,0,1.0,0.0,0.0
case_00203,455,0,0,none,none,0,0,1.0,0.0,0.0
case_00133,340,0,0,none,none,0,0,1.0,0.0,0.0
case_00194,9,0,15,none,small,0,1,0.0,-1.0,-1.0
case_00102,236,0,886,none,medium,0,2,0.0,-1.0,-1.0
case_00133,499,0,0,none,none,0,0,1.0,0.0,0.0
case_00194,141,0,0,none,none,0,0,1.0,0.0,0.0
case_00154,235,0,0,none,none,0,0,1.0,0.0,0.0
case_00014,110,0,443,none,medium,0,1,0.0,-1.0,-1.0
case_00134,122,0,0,none,none,0,0,1.0,0.0,0.0
case_00194,168,64,74,small,small,1,1,0.8695652173913043,1.4142135623730951,0.5357142857142857
case_00194,371,0,80,none,small,0,1,0.0,-1.0,-1.0
case_00154,284,0,0,none,none,0,0,1.0,0.0,0.0
case_00203,403,40,57,small,small,1,1,0.8041237113402062,2.0,0.8261844635310913
case_00125,291,0,0,none,none,0,0,1.0,0.0,0.0
case_00161,285,0,0,none,none,0,0,1.0,0.0,0.0
case_00133,106,0,0,none,none,0,0,1.0,0.0,0.0
case_00203,220,0,0,none,none,0,0,1.0,0.0,0.0
case_00086,401,280,301,medium,medium,1,1,0.9397590361445783,1.4142135623730951,0.5415303830948015
case_00079,226,0,0,none,none,0,0,1.0,0.0,0.0
case_00203,15,0,0,none,none,0,0,1.0,0.0,0.0
case_00115,52,0,0,none,none,0,0,1.0,0.0,0.0
case_00014,122,0,0,none,none,0,0,1.0,0.0,0.0
case_00203,291,0,0,none,none,0,0,1.0,0.0,0.0
case_00079,31,0,0,none,none,0,0,1.0,0.0,0.0
case_00079,19,0,0,none,none,0,0,1.0,0.0,0.0
case_00161,429,0,136,none,medium,0,1,0.0,-1.0,-1.0
case_00161,12,0,0,none,none,0,0,1.0,0.0,0.0
case_00086,378,50,78,small,small,3,1,0.625,2.8284271247461903,0.8632272514579727
case_00075,203,0,0,none,none,0,0,1.0,0.0,0.0
case_00154,376,0,0,none,none,0,0,1.0,0.0,0.0
case_00086,163,0,0,none,none,0,0,1.0,0.0,0.0
case_00113,213,0,0,none,none,0,0,1.0,0.0,0.0
case_00125,358,0,0,none,none,0,0,1.0,0.0,0.0
case_00154,477,0,0,none,none,0,0,1.0,0.0,0.0
case_00079,313,0,0,none,none,0,0,1.0,0.0,0.0
case_00133,40,0,0,none,none,0,0,1.0,0.0,0.0
case_00014,181,67,109,small,medium,1,1,0.75,2.23606797749979,1.2743522420114015
case_00086,74,0,0,none,none,0,0,1.0,0.0,0.0
case_00079,355,1247,1281,large,large,1,1,0.9556962025316456,2.0,0.7647681414162651
case_00134,493,0,0,none,none,0,0,1.0,0.0,0.0
case_00113,183,0,0,none,none,0,0,1.0,0.0,0.0
case_00133,19,0,0,none,none,0,0,1.0,0.0,0.0
case_00154,96,0,0,none,none,0,0,1.0,0.0,0.0
case_00113,484,0,103,none,medium,0,1,0.0,-1.0,-1.0
case_00125,45,0,59,none,small,0,1,0.0,-1.0,-1.0
case_00102,285,0,0,none,none,0,0,1.0,0.0,0.0
case_00154,24,0,0,none,none,0,0,1.0,0.0,0.0
case_00115,213,0,0,none,none,0,0,1.0,0.0,0.0
case_00102,81,0,38,none,small,0,2,0.0,-1.0,-1.0
case_00133,143,490,506,medium,medium,1,1,0.9317269076305221,2.0,0.6963272626959924
case_00161,301,0,0,none,none,0,0,1.0,0.0,0.0
case_00194,23,0,140,none,medium,0,1,0.0,-1.0,-1.0
case_00161,299,0,0,none,none,0,0,1.0,0.0,0.0
case_00086,23,0,0,none,none,0,0,1.0,0.0,0.0
case_00194,159,27,31,small,small,1,1,0.896551724137931,1.0,0.23529411764705882
case_00203,284,0,0,none,none,0,0,1.0,0.0,0.0
case_00102,197,0,0,none,none,0,0,1.0,0.0,0.0
case_00079,37,0,0,none,none,0,0,1.0,0.0,0.0
case_00154,288,0,0,none,none,0,0,1.0,0.0,0.0
case_00075,447,0,0,none,none,0,0,1.0,0.0,0.0
case_00079,416,1401,1470,large,large,1,1,0.9648206199930338,1.4142135623730951,0.6252904708323933
case_00079,342,787,799,medium,medium,1,1,0.9533417402269861,2.0,0.513983443418381
case_00154,168,0,0,none,none,0,0,1.0,0.0,0.0
case_00125,275,0,0,none,none,0,0,1.0,0.0,0.0
case_00079,15,0,0,none,none,0,0,1.0,0.0,0.0
case_00115,21,0,0,none,none,0,0,1.0,0.0,0.0
case_00102,7,0,0,none,none,0,0,1.0,0.0,0.0
case_00079,488,0,182,none,medium,0,2,0.0,-1.0,-1.0
case_00133,394,0,0,none,none,0,0,1.0,0.0,0.0
case_00133,314,0,0,none,none,0,0,1.0,0.0,0.0
case_00113,350,573,650,medium,medium,2,1,0.8078495502861816,15.725224219467332,1.572547343650841
case_00075,261,0,0,none,none,0,0,1.0,0.0,0.0
case_00102,350,3596,3887,large,large,1,1,0.9549645863958306,11.672135954999552,1.0828151329911977
case_00134,277,0,0,none,none,0,0,1.0,0.0,0.0
case_00033,317,0,0,none,none,0,0,1.0,0.0,0.0
case_00113,179,0,0,none,none,0,0,1.0,0.0,0.0
case_00154,258,0,0,none,none,0,0,1.0,0.0,0.0
case_00086,385,203,194,medium,medium,1,1,0.8916876574307305,2.23606797749979,0.6511627906976745
case_00133,5,0,483,none,medium,0,1,0.0,-1.0,-1.0
case_00133,393,0,0,none,none,0,0,1.0,0.0,0.0
case_00102,434,0,0,none,none,0,0,1.0,0.0,0.0
case_00086,435,0,0,none,none,0,0,1.0,0.0,0.0
case_00203,309,0,0,none,none,0,0,1.0,0.0,0.0
case_00154,302,0,0,none,none,0,0,1.0,0.0,0.0
case_00161,444,0,15,none,small,0,1,0.0,-1.0,-1.0
case_00154,353,0,0,none,none,0,0,1.0,0.0,0.0
case_00113,421,1474,1578,large,large,1,1,0.9423328964613368,3.0243416490252533,0.9911385014928453
case_00086,455,0,106,none,medium,0,1,0.0,-1.0,-1.0
case_00203,401,25,0,small,none,1,0,0.0,-1.0,-1.0
case_00115,495,0,0,none,none,0,0,1.0,0.0,0.0
case_00033,407,0,0,none,none,0,0,1.0,0.0,0.0
case_00154,466,0,1283,none,large,0,1,0.0,-1.0,-1.0
case_00014,333,0,0,none,none,0,0,1.0,0.0,0.0
case_00154,403,0,0,none,none,0,0,1.0,0.0,0.0
case_00014,128,0,0,none,none,0,0,1.0,0.0,0.0
case_00014,263,0,0,none,none,0,0,1.0,0.0,0.0
case_00113,153,0,0,none,none,0,0,1.0,0.0,0.0
case_00161,22,0,0,none,none,0,0,1.0,0.0,0.0
case_00154,46,0,0,none,none,0,0,1.0,0.0,0.0
case_00134,166,0,0,none,none,0,0,1.0,0.0,0.0
case_00086,439,0,0,none,none,0,0,1.0,0.0,0.0
case_00079,450,515,534,medium,medium,1,1,0.9513822688274547,1.4142135623730951,0.43373493975903615
case_00079,89,0,0,none,none,0,0,1.0,0.0,0.0
case_00203,233,0,0,none,none,0,0,1.0,0.0,0.0
case_00203,167,0,0,none,none,0,0,1.0,0.0,0.0
case_00113,317,50,71,small,small,1,1,0.7272727272727273,3.0,1.229079055799039
case_00033,346,0,0,none,none,0,0,1.0,0.0,0.0
case_00113,412,1790,1832,large,large,1,1,0.9569298729983434,2.8284271247461903,0.7687074829931972
case_00086,71,0,0,none,none,0,0,1.0,0.0,0.0
case_00075,279,0,0,none,none,0,0,1.0,0.0,0.0
case_00133,177,51,49,small,small,2,1,0.78,2.3545398069490675,0.5
case_00133,33,0,0,none,none,0,0,1.0,0.0,0.0
case_00075,252,0,0,none,none,0,0,1.0,0.0,0.0
case_00125,347,0,0,none,none,0,0,1.0,0.0,0.0
case_00075,260,0,0,none,none,0,0,1.0,0.0,0.0
case_00134,470,0,0,none,none,0,0,1.0,0.0,0.0
case_00113,119,0,0,none,none,0,0,1.0,0.0,0.0
case_00075,298,0,0,none,none,0,0,1.0,0.0,0.0
case_00203,360,0,0,none,none,0,0,1.0,0.0,0.0
case_00033,191,112,132,medium,medium,1,1,0.8442622950819673,2.0,0.8206099814782388
case_00115,118,0,0,none,none,0,0,1.0,0.0,0.0
case_00115,37,0,3,none,small,0,2,0.0,-1.0,-1.0
case_00014,469,0,0,none,none,0,0,1.0,0.0,0.0
case_00203,449,0,0,none,none,0,0,1.0,0.0,0.0
case_00125,51,0,0,none,none,0,0,1.0,0.0,0.0
case_00113,413,1758,1850,large,large,1,1,0.958980044345898,2.8284271247461903,0.7297297297297297
case_00014,391,0,35,none,small,0,1,0.0,-1.0,-1.0
case_00075,323,0,0,none,none,0,0,1.0,0.0,0.0
case_00102,252,0,1883,none,large,0,1,0.0,-1.0,-1.0
case_00115,83,0,0,none,none,0,0,1.0,0.0,0.0
case_00033,449,0,0,none,none,0,0,1.0,0.0,0.0
case_00079,457,271,323,medium,medium,1,1,0.8888888888888888,2.0,0.812982640143824
case_00133,123,77,83,small,small,1,1,0.925,1.0,0.30050762722761054
case_00134,279,0,0,none,none,0,0,1.0,0.0,0.0
case_00154,53,0,0,none,none,0,0,1.0,0.0,0.0
case_00125,284,0,0,none,none,0,0,1.0,0.0,0.0
case_00134,107,0,0,none,none,0,0,1.0,0.0,0.0
case_00075,436,0,0,none,none,0,0,1.0,0.0,0.0
case_00203,510,0,306,none,medium,0,1,0.0,-1.0,-1.0
case_00125,139,0,0,none,none,0,0,1.0,0.0,0.0
case_00079,39,0,0,none,none,0,0,1.0,0.0,0.0
case_00194,44,0,0,none,none,0,0,1.0,0.0,0.0
case_00161,175,0,0,none,none,0,0,1.0,0.0,0.0
case_00203,125,0,0,none,none,0,0,1.0,0.0,0.0
case_00115,391,0,0,none,none,0,0,1.0,0.0,0.0
case_00134,422,0,926,none,medium,0,2,0.0,-1.0,-1.0
case_00033,292,0,0,none,none,0,0,1.0,0.0,0.0
case_00133,374,0,0,none,none,0,0,1.0,0.0,0.0
case_00014,163,0,0,none,none,0,0,1.0,0.0,0.0
case_00134,364,670,700,medium,medium,1,1,0.9635036496350365,1.0,0.4326923076923077
case_00075,285,0,0,none,none,0,0,1.0,0.0,0.0
case_00161,95,0,0,none,none,0,0,1.0,0.0,0.0
case_00161,384,0,0,none,none,0,0,1.0,0.0,0.0
case_00075,81,0,0,none,none,0,0,1.0,0.0,0.0
case_00033,18,0,0,none,none,0,0,1.0,0.0,0.0
case_00113,128,0,0,none,none,0,0,1.0,0.0,0.0
case_00033,196,54,75,small,small,2,1,0.7286821705426356,2.413775721673708,0.9890298708507255
case_00079,345,901,923,medium,medium,1,1,0.9495614035087719,2.0,0.6797708341533899
case_00134,230,0,0,none,none,0,0,1.0,0.0,0.0
case_00154,123,0,0,none,none,0,0,1.0,0.0,0.0
case_00154,330,308,340,medium,medium,1,1,0.9197530864197531,2.0,0.7781071078567627
case_00102,406,1554,1766,large,large,1,1,0.9253012048192771,4.123105625617661,1.2946097889434438
case_00115,74,0,0,none,none,0,0,1.0,0.0,0.0
case_00102,242,0,1121,none,large,0,1,0.0,-1.0,-1.0
case_00113,414,1726,1836,large,large,1,1,0.9562043795620438,2.8284271247461903,0.8028947778699067
case_00134,390,0,0,none,none,0,0,1.0,0.0,0.0
case_00033,283,0,0,none,none,0,0,1.0,0.0,0.0
case_00133,2,0,307,none,medium,0,1,0.0,-1.0,-1.0
case_00154,430,0,0,none,none,0,0,1.0,0.0,0.0
case_00161,368,0,0,none,none,0,0,1.0,0.0,0.0
case_00033,246,0,0,none,none,0,0,1.0,0.0,0.0
case_00102,313,1779,1926,large,large,2,1,0.945748987854251,2.8284271247461903,1.01552544398698
case_00033,172,28,18,small,small,1,1,0.6086956521739131,3.08113883008419,0.45118446353109126
case_00154,501,0,0,none,none,0,0,1.0,0.0,0.0
case_00133,479,0,0,none,none,0,0,1.0,0.0,0.0
case_00075,1,0,20,none,small,0,1,0.0,-1.0,-1.0
case_00134,3,0,91,none,small,0,1,0.0,-1.0,-1.0
case_00125,83,0,0,none,none,0,0,1.0,0.0,0.0
case_00134,133,0,0,none,none,0,0,1.0,0.0,0.0
case_00203,222,0,0,none,none,0,0,1.0,0.0,0.0
case_00134,453,0,0,none,none,0,0,1.0,0.0,0.0
case_00133,44,0,0,none,none,0,0,1.0,0.0,0.0
case_00133,383,0,0,none,none,0,0,1.0,0.0,0.0
case_00086,234,0,0,none,none,0,0,1.0,0.0,0.0
case_00203,108,0,0,none,none,0,0,1.0,0.0,0.0
case_00075,328,0,0,none,none,0,0,1.0,0.0,0.0
case_00115,233,0,0,none,none,0,0,1.0,0.0,0.0
case_00125,86,0,0,none,none,0,0,1.0,0.0,0.0
case_00161,90,0,0,none,none,0,0,1.0,0.0,0.0
case_00075,256,0,0,none,none,0,0,1.0,0.0,0.0
case_00194,505,0,711,none,medium,0,1,0.0,-1.0,-1.0
case_00133,138,401,422,medium,medium,1,1,0.8942891859052248,3.0,0.9856224191267284
case_00115,494,0,0,none,none,0,0,1.0,0.0,0.0
case_00154,52,0,47,none,small,0,1,0.0,-1.0,-1.0
case_00014,220,0,0,none,none,0,0,1.0,0.0,0.0
case_00161,273,0,0,none,none,0,0,1.0,0.0,0.0
case_00133,27,0,0,none,none,0,0,1.0,0.0,0.0
case_00102,382,3329,3419,large,large,1,1,0.9801422643746295,2.0,0.5480688690097729
case_00203,272,0,0,none,none,0,0,1.0,0.0,0.0
case_00115,356,0,0,none,none,0,0,1.0,0.0,0.0
case_00125,290,0,0,none,none,0,0,1.0,0.0,0.0
case_00134,377,60,57,small,small,1,1,0.8205128205128205,1.4142135623730951,0.625
case_00102,299,684,838,medium,medium,4,2,0.8501971090670171,5.0,1.8628218812936987
case_00161,117,0,0,none,none,0,0,1.0,0.0,0.0
case_00113,162,0,0,none,none,0,0,1.0,0.0,0.0
case_00203,26,0,39,none,small,0,1,0.0,-1.0,-1.0
case_00075,439,0,0,none,none,0,0,1.0,0.0,0.0
case_00125,300,0,0,none,none,0,0,1.0,0.0,0.0
case_00075,459,0,0,none,none,0,0,1.0,0.0,0.0
case_00161,502,0,0,none,none,0,0,1.0,0.0,0.0
case_00079,410,1497,1564,large,large,1,1,0.9611238157464881,2.0,0.6627461470961213
case_00134,340,709,661,medium,medium,1,1,0.8948905109489051,3.0,1.069623911355058
case_00075,509,0,0,none,none,0,0,1.0,0.0,0.0
case_00113,393,2055,2014,large,large,1,1,0.9540427623494716,3.1622776601683795,0.7804299673483066
case_00075,369,0,0,none,none,0,0,1.0,0.0,0.0
case_00079,499,0,0,none,none,0,0,1.0,0.0,0.0
case_00033,453,0,0,none,none,0,0,1.0,0.0,0.0
case_00133,329,0,0,none,none,0,0,1.0,0.0,0.0
case_00134,316,0,0,none,none,0,0,1.0,0.0,0.0
case_00079,75,0,0,none,none,0,0,1.0,0.0,0.0
case_00113,495,0,597,none,medium,0,1,0.0,-1.0,-1.0
case_00014,148,0,0,none,none,0,0,1.0,0.0,0.0
case_00014,60,0,75,none,small,0,1,0.0,-1.0,-1.0
case_00154,426,0,126,none,medium,0,1,0.0,-1.0,-1.0
case_00161,420,0,0,none,none,0,0,1.0,0.0,0.0
case_00125,450,0,0,none,none,0,0,1.0,0.0,0.0
case_00086,353,0,0,none,none,0,0,1.0,0.0,0.0
case_00134,25,0,0,none,none,0,0,1.0,0.0,0.0
case_00075,29,0,315,none,medium,0,1,0.0,-1.0,-1.0
case_00033,186,123,157,medium,medium,1,1,0.8642857142857143,1.4142135623730951,0.8415017003813907
case_00086,400,281,298,medium,medium,1,1,0.9395509499136442,1.4142135623730951,0.5785674201318386
case_00102,482,0,0,none,none,0,0,1.0,0.0,0.0
case_00102,193,0,0,none,none,0,0,1.0,0.0,0.0
case_00203,109,0,0,none,none,0,0,1.0,0.0,0.0
case_00086,198,0,0,none,none,0,0,1.0,0.0,0.0
case_00194,344,0,144,none,medium,0,1,0.0,-1.0,-1.0
case_00086,257,0,0,none,none,0,0,1.0,0.0,0.0
case_00113,438,284,308,medium,medium,1,1,0.8918918918918919,2.0,0.7252220869120796
case_00075,458,0,0,none,none,0,0,1.0,0.0,0.0
case_00102,45,0,0,none,none,0,0,1.0,0.0,0.0
case_00203,350,0,0,none,none,0,0,1.0,0.0,0.0
case_00134,199,0,0,none,none,0,0,1.0,0.0,0.0
case_00154,377,0,0,none,none,0,0,1.0,0.0,0.0
case_00102,207,0,0,none,none,0,0,1.0,0.0,0.0
case_00134,355,835,908,medium,medium,1,1,0.9420539300057372,2.0,0.7311746773140461
case_00134,329,271,308,medium,medium,1,1,0.8808290155440415,2.0414213562372954,0.8929615988768088
case_00113,163,0,0,none,none,0,0,1.0,0.0,0.0
case_00079,259,0,0,none,none,0,0,1.0,0.0,0.0
case_00113,324,141,154,medium,medium,1,1,0.847457627118644,2.23606797749979,0.6829268292682927
case_00075,111,0,0,none,none,0,0,1.0,0.0,0.0
case_00133,418,0,0,none,none,0,0,1.0,0.0,0.0
case_00075,118,0,0,none,none,0,0,1.0,0.0,0.0
case_00086,73,0,0,none,none,0,0,1.0,0.0,0.0
case_00102,449,0,0,none,none,0,0,1.0,0.0,0.0
case_00161,341,0,0,none,none,0,0,1.0,0.0,0.0
case_00115,422,0,0,none,none,0,0,1.0,0.0,0.0
case_00154,125,0,0,none,none,0,0,1.0,0.0,0.0
case_00014,0,0,0,none,none,0,0,1.0,0.0,0.0
case_00086,79,0,0,none,none,0,0,1.0,0.0,0.0
case_00113,211,0,0,none,none,0,0,1.0,0.0,0.0
case_00014,456,0,0,none,none,0,0,1.0,0.0,0.0
case_00203,264,0,0,none,none,0,0,1.0,0.0,0.0
case_00203,27,0,0,none,none,0,0,1.0,0.0,0.0
case_00134,18,0,29,none,small,0,1,0.0,-1.0,-1.0
case_00161,32,0,0,none,none,0,0,1.0,0.0,0.0
case_00194,492,0,0,none,none,0,0,1.0,0.0,0.0
case_00134,151,0,0,none,none,0,0,1.0,0.0,0.0
case_00102,286,0,0,none,none,0,0,1.0,0.0,0.0
case_00102,475,0,477,none,medium,0,1,0.0,-1.0,-1.0
case_00154,18,0,0,none,none,0,0,1.0,0.0,0.0
case_00033,396,0,0,none,none,0,0,1.0,0.0,0.0
case_00113,89,0,0,none,none,0,0,1.0,0.0,0.0
case_00079,373,1564,1612,large,large,1,1,0.9672544080604534,2.0,0.6427515703115668
case_00113,136,0,0,none,none,0,0,1.0,0.0,0.0
case_00161,406,0,0,none,none,0,0,1.0,0.0,0.0
case_00134,435,0,25,none,small,0,2,0.0,-1.0,-1.0
case_00133,140,444,456,medium,medium,1,1,0.9088888888888889,2.8284271247461903,0.8420291236615282
case_00014,327,0,0,none,none,0,0,1.0,0.0,0.0
case_00133,361,0,0,none,none,0,0,1.0,0.0,0.0
case_00194,116,0,0,none,none,0,0,1.0,0.0,0.0
case_00086,354,0,0,none,none,0,0,1.0,0.0,0.0
case_00086,284,0,0,none,none,0,0,1.0,0.0,0.0
case_00203,87,0,0,none,none,0,0,1.0,0.0,0.0
case_00113,108,0,0,none,none,0,0,1.0,0.0,0.0
case_00154,480,0,0,none,none,0,0,1.0,0.0,0.0
case_00113,357,871,1058,medium,large,1,1,0.8719543805080352,5.0,1.2736195167627695
case_00079,501,0,0,none,none,0,0,1.0,0.0,0.0
case_00194,29,0,0,none,none,0,0,1.0,0.0,0.0
case_00125,111,0,0,none,none,0,0,1.0,0.0,0.0
case_00113,429,1055,1076,large,large,1,1,0.9544814641013608,2.0,0.584070796460177
case_00133,298,0,0,none,none,0,0,1.0,0.0,0.0
case_00133,16,0,0,none,none,0,0,1.0,0.0,0.0
case_00115,227,0,0,none,none,0,0,1.0,0.0,0.0
case_00161,42,0,0,none,none,0,0,1.0,0.0,0.0
case_00134,267,0,0,none,none,0,0,1.0,0.0,0.0
case_00194,31,0,0,none,none,0,0,1.0,0.0,0.0
case_00203,377,0,0,none,none,0,0,1.0,0.0,0.0
case_00115,278,0,0,none,none,0,0,1.0,0.0,0.0
case_00194,409,0,389,none,medium,0,1,0.0,-1.0,-1.0
case_00194,130,0,0,none,none,0,0,1.0,0.0,0.0
case_00075,292,0,0,none,none,0,0,1.0,0.0,0.0
case_00115,510,0,0,none,none,0,0,1.0,0.0,0.0
case_00113,115,0,0,none,none,0,0,1.0,0.0,0.0
case_00125,492,0,0,none,none,0,0,1.0,0.0,0.0
case_00033,340,0,0,none,none,0,0,1.0,0.0,0.0
case_00014,481,0,0,none,none,0,0,1.0,0.0,0.0
case_00203,414,61,90,small,small,1,1,0.8079470198675497,2.0,1.0081402750861996
case_00075,125,0,0,none,none,0,0,1.0,0.0,0.0
case_00194,445,0,256,none,medium,0,1,0.0,-1.0,-1.0
case_00194,442,0,92,none,small,0,1,0.0,-1.0,-1.0
case_00154,306,0,0,none,none,0,0,1.0,0.0,0.0
case_00134,392,0,0,none,none,0,0,1.0,0.0,0.0
case_00079,28,0,0,none,none,0,0,1.0,0.0,0.0
case_00086,428,0,0,none,none,0,0,1.0,0.0,0.0
case_00134,178,0,0,none,none,0,0,1.0,0.0,0.0
case_00203,199,0,0,none,none,0,0,1.0,0.0,0.0
case_00033,479,0,81,none,small,0,1,0.0,-1.0,-1.0
case_00125,499,0,0,none,none,0,0,1.0,0.0,0.0
case_00102,359,3799,3925,large,large,1,1,0.9798032107716209,2.0,0.59097412321978
case_00154,173,0,0,none,none,0,0,1.0,0.0,0.0
case_00134,184,0,0,none,none,0,0,1.0,0.0,0.0
case_00075,372,0,0,none,none,0,0,1.0,0.0,0.0
case_00075,370,0,0,none,none,0,0,1.0,0.0,0.0
case_00075,136,0,0,none,none,0,0,1.0,0.0,0.0
case_00133,368,0,0,none,none,0,0,1.0,0.0,0.0
case_00194,428,0,0,none,none,0,0,1.0,0.0,0.0
case_00133,113,0,0,none,none,0,0,1.0,0.0,0.0
case_00125,435,0,0,none,none,0,0,1.0,0.0,0.0
case_00075,496,0,49,none,small,0,3,0.0,-1.0,-1.0
case_00203,5,0,0,none,none,0,0,1.0,0.0,0.0
case_00014,299,0,0,none,none,0,0,1.0,0.0,0.0
case_00113,75,0,0,none,none,0,0,1.0,0.0,0.0
case_00033,253,0,0,none,none,0,0,1.0,0.0,0.0
case_00075,199,0,0,none,none,0,0,1.0,0.0,0.0
case_00086,31,0,0,none,none,0,0,1.0,0.0,0.0
case_00154,148,0,0,none,none,0,0,1.0,0.0,0.0
case_00161,0,0,0,none,none,0,0,1.0,0.0,0.0
case_00194,387,0,238,none,medium,0,1,0.0,-1.0,-1.0
case_00154,308,6,0,small,none,1,0,0.0,-1.0,-1.0
case_00194,119,0,0,none,none,0,0,1.0,0.0,0.0
case_00113,452,0,319,none,medium,0,1,0.0,-1.0,-1.0
case_00203,324,0,0,none,none,0,0,1.0,0.0,0.0
case_00033,480,0,6,none,small,0,1,0.0,-1.0,-1.0
case_00086,432,0,0,none,none,0,0,1.0,0.0,0.0
case_00086,415,47,125,small,medium,1,1,0.5465116279069767,4.949999999999996,2.2990496472298947
case_00125,198,41,54,small,small,1,1,0.8421052631578947,2.0,0.6447142228150518
case_00194,232,0,0,none,none,0,0,1.0,0.0,0.0
case_00134,102,0,0,none,none,0,0,1.0,0.0,0.0
case_00133,353,0,0,none,none,0,0,1.0,0.0,0.0
case_00154,69,0,0,none,none,0,0,1.0,0.0,0.0
case_00134,109,0,0,none,none,0,0,1.0,0.0,0.0
case_00086,248,0,0,none,none,0,0,1.0,0.0,0.0
case_00086,275,0,8,none,small,0,1,0.0,-1.0,-1.0
case_00203,67,0,0,none,none,0,0,1.0,0.0,0.0
case_00014,40,0,180,none,medium,0,2,0.0,-1.0,-1.0
case_00086,238,0,0,none,none,0,0,1.0,0.0,0.0
case_00113,224,0,0,none,none,0,0,1.0,0.0,0.0
case_00134,283,0,0,none,none,0,0,1.0,0.0,0.0
case_00033,200,0,0,none,none,0,0,1.0,0.0,0.0
case_00014,359,0,0,none,none,0,0,1.0,0.0,0.0
case_00102,374,3622,3729,large,large,1,1,0.9827234389878928,1.4142135623730951,0.5458794655526079
case_00194,354,0,31,none,small,0,2,0.0,-1.0,-1.0
case_00194,330,0,241,none,medium,0,1,0.0,-1.0,-1.0
case_00014,322,0,0,none,none,0,0,1.0,0.0,0.0
case_00161,160,285,321,medium,medium,1,1,0.9042904290429042,2.0,0.8002450614202258
case_00154,84,0,0,none,none,0,0,1.0,0.0,0.0
case_00203,165,0,0,none,none,0,0,1.0,0.0,0.0
case_00113,483,0,53,none,small,0,1,0.0,-1.0,-1.0
case_00125,196,50,69,small,small,1,1,0.7899159663865546,2.8284271247461903,0.9251596081796783
case_00125,281,0,0,none,none,0,0,1.0,0.0,0.0
case_00075,379,0,0,none,none,0,0,1.0,0.0,0.0
case_00161,151,445,466,medium,medium,1,1,0.9484083424807903,1.4142135623730951,0.5068493150684932
case_00102,351,3644,3898,large,large,1,1,0.9588968443383717,9.433375275862677,1.0839136725225433
case_00079,224,0,0,none,none,0,0,1.0,0.0,0.0
case_00115,183,0,0,none,none,0,0,1.0,0.0,0.0
case_00102,21,0,0,none,none,0,0,1.0,0.0,0.0
case_00102,24,0,89,none,small,0,1,0.0,-1.0,-1.0
case_00194,86,0,0,none,none,0,0,1.0,0.0,0.0
case_00014,465,0,0,none,none,0,0,1.0,0.0,0.0
case_00161,182,0,0,none,none,0,0,1.0,0.0,0.0
case_00194,118,0,0,none,none,0,0,1.0,0.0,0.0
case_00125,150,0,0,none,none,0,0,1.0,0.0,0.0
case_00113,83,0,0,none,none,0,0,1.0,0.0,0.0
case_00014,488,0,0,none,none,0,0,1.0,0.0,0.0
case_00125,213,0,0,none,none,0,0,1.0,0.0,0.0
case_00033,178,80,112,small,medium,1,1,0.8333333333333334,1.9414213562373086,0.9138549356431023
case_00203,489,0,0,none,none,0,0,1.0,0.0,0.0
case_00014,4,0,0,none,none,0,0,1.0,0.0,0.0
case_00079,246,0,0,none,none,0,0,1.0,0.0,0.0
case_00033,75,0,0,none,none,0,0,1.0,0.0,0.0
case_00113,309,0,0,none,none,0,0,1.0,0.0,0.0
case_00161,300,0,0,none,none,0,0,1.0,0.0,0.0
case_00033,496,0,0,none,none,0,0,1.0,0.0,0.0
case_00133,210,0,0,none,none,0,0,1.0,0.0,0.0
case_00161,11,0,0,none,none,0,0,1.0,0.0,0.0
case_00086,197,0,0,none,none,0,0,1.0,0.0,0.0
case_00075,505,0,0,none,none,0,0,1.0,0.0,0.0
case_00125,245,0,0,none,none,0,0,1.0,0.0,0.0
case_00134,448,0,0,none,none,0,0,1.0,0.0,0.0
case_00134,95,0,0,none,none,0,0,1.0,0.0,0.0
case_00079,4,0,9,none,small,0,1,0.0,-1.0,-1.0
case_00134,189,0,0,none,none,0,0,1.0,0.0,0.0
case_00154,413,0,2,none,small,0,1,0.0,-1.0,-1.0
case_00079,394,1610,1657,large,large,1,1,0.9696969696969697,1.4142135623730951,0.5879095651179403
case_00133,142,482,490,medium,medium,1,1,0.9238683127572016,2.0,0.7508973028026023
case_00113,164,0,0,none,none,0,0,1.0,0.0,0.0
case_00115,36,0,86,none,small,0,1,0.0,-1.0,-1.0
case_00115,180,0,0,none,none,0,0,1.0,0.0,0.0
case_00086,386,213,219,medium,medium,1,1,0.8981481481481481,2.0,0.7481350774428933
case_00133,87,0,0,none,none,0,0,1.0,0.0,0.0
case_00113,244,0,0,none,none,0,0,1.0,0.0,0.0
case_00113,104,0,0,none,none,0,0,1.0,0.0,0.0
case_00113,337,423,556,medium,medium,1,1,0.8559754851889684,3.605551275463989,1.487630245333323
case_00075,200,0,0,none,none,0,0,1.0,0.0,0.0
case_00102,345,3280,3398,large,large,2,1,0.9655585504642108,4.135059131767819,0.6456484845043302
case_00203,323,0,0,none,none,0,0,1.0,0.0,0.0
case_00134,180,0,0,none,none,0,0,1.0,0.0,0.0
case_00161,484,0,0,none,none,0,0,1.0,0.0,0.0
case_00014,438,0,0,none,none,0,0,1.0,0.0,0.0
case_00161,187,0,0,none,none,0,0,1.0,0.0,0.0
case_00154,141,0,0,none,none,0,0,1.0,0.0,0.0
case_00125,356,0,0,none,none,0,0,1.0,0.0,0.0
case_00086,43,0,0,none,none,0,0,1.0,0.0,0.0
case_00194,489,0,0,none,none,0,0,1.0,0.0,0.0
case_00113,416,1697,1788,large,large,1,1,0.9440459110473458,3.0,1.0099592504392472
case_00203,36,0,209,none,medium,0,2,0.0,-1.0,-1.0
case_00203,413,61,88,small,small,1,1,0.8187919463087249,2.0,0.9433647700847534
case_00079,81,0,0,none,none,0,0,1.0,0.0,0.0
case_00014,32,0,0,none,none,0,0,1.0,0.0,0.0
case_00194,494,0,0,none,none,0,0,1.0,0.0,0.0
case_00075,332,15,63,small,small,1,1,0.38461538461538464,4.551315561749642,2.482586946457774
case_00033,152,0,0,none,none,0,0,1.0,0.0,0.0
case_00203,201,0,0,none,none,0,0,1.0,0.0,0.0
case_00154,276,0,0,none,none,0,0,1.0,0.0,0.0
case_00079,284,0,0,none,none,0,0,1.0,0.0,0.0
case_00033,0,0,0,none,none,0,0,1.0,0.0,0.0
case_00154,332,311,313,medium,medium,1,1,0.9423076923076923,2.0,0.5142832262887275
case_00203,505,0,93,none,small,0,1,0.0,-1.0,-1.0
case_00115,141,0,0,none,none,0,0,1.0,0.0,0.0
case_00079,222,0,0,none,none,0,0,1.0,0.0,0.0
case_00161,493,0,0,none,none,0,0,1.0,0.0,0.0
case_00125,415,0,0,none,none,0,0,1.0,0.0,0.0
case_00033,132,0,0,none,none,0,0,1.0,0.0,0.0
case_00102,257,0,1686,none,large,0,2,0.0,-1.0,-1.0
case_00075,134,0,0,none,none,0,0,1.0,0.0,0.0
case_00194,349,0,71,none,small,0,2,0.0,-1.0,-1.0
case_00086,174,0,0,none,none,0,0,1.0,0.0,0.0
case_00133,233,0,0,none,none,0,0,1.0,0.0,0.0
case_00086,177,0,0,none,none,0,0,1.0,0.0,0.0
case_00075,452,0,0,none,none,0,0,1.0,0.0,0.0
case_00033,387,0,0,none,none,0,0,1.0,0.0,0.0
case_00115,417,0,0,none,none,0,0,1.0,0.0,0.0
case_00102,90,0,0,none,none,0,0,1.0,0.0,0.0
case_00075,404,0,0,none,none,0,0,1.0,0.0,0.0
case_00115,496,0,0,none,none,0,0,1.0,0.0,0.0
case_00133,422,0,0,none,none,0,0,1.0,0.0,0.0
case_00115,403,0,0,none,none,0,0,1.0,0.0,0.0
case_00194,152,0,0,none,none,0,0,1.0,0.0,0.0
case_00075,86,0,11,none,small,0,1,0.0,-1.0,-1.0
case_00033,441,0,0,none,none,0,0,1.0,0.0,0.0
case_00125,173,0,0,none,none,0,0,1.0,0.0,0.0
case_00203,187,0,0,none,none,0,0,1.0,0.0,0.0
case_00102,31,0,180,none,medium,0,2,0.0,-1.0,-1.0
case_00203,419,47,76,small,small,1,1,0.7642276422764228,2.0,1.0862554110430493
case_00161,340,0,0,none,none,0,0,1.0,0.0,0.0
case_00154,30,0,0,none,none,0,0,1.0,0.0,0.0
case_00014,176,67,108,small,medium,1,1,0.7428571428571429,3.0,1.3861175927158227
case_00203,96,0,0,none,none,0,0,1.0,0.0,0.0
case_00014,184,63,94,small,small,1,1,0.7898089171974523,2.871320343559643,1.1389398641730732
case_00033,412,0,0,none,none,0,0,1.0,0.0,0.0
case_00115,444,0,0,none,none,0,0,1.0,0.0,0.0
case_00115,156,0,0,none,none,0,0,1.0,0.0,0.0
case_00203,366,0,0,none,none,0,0,1.0,0.0,0.0
case_00133,428,0,0,none,none,0,0,1.0,0.0,0.0
case_00075,424,0,661,none,medium,0,1,0.0,-1.0,-1.0
case_00075,24,0,188,none,medium,0,1,0.0,-1.0,-1.0
case_00133,483,0,0,none,none,0,0,1.0,0.0,0.0
case_00115,287,0,0,none,none,0,0,1.0,0.0,0.0
case_00102,429,0,36,none,small,0,1,0.0,-1.0,-1.0
case_00014,419,0,0,none,none,0,0,1.0,0.0,0.0
case_00194,63,0,0,none,none,0,0,1.0,0.0,0.0
case_00102,314,1843,1967,large,large,1,1,0.9506561679790027,2.23606797749979,0.8995440511691135
case_00086,62,0,0,none,none,0,0,1.0,0.0,0.0
case_00033,354,0,0,none,none,0,0,1.0,0.0,0.0
case_00154,266,0,0,none,none,0,0,1.0,0.0,0.0
case_00086,58,0,0,none,none,0,0,1.0,0.0,0.0
case_00194,332,0,242,none,medium,0,1,0.0,-1.0,-1.0
case_00115,469,0,0,none,none,0,0,1.0,0.0,0.0
case_00102,119,0,0,none,none,0,0,1.0,0.0,0.0
case_00203,312,0,0,none,none,0,0,1.0,0.0,0.0
case_00014,90,0,0,none,none,0,0,1.0,0.0,0.0
case_00161,7,0,0,none,none,0,0,1.0,0.0,0.0
case_00102,217,0,0,none,none,0,0,1.0,0.0,0.0
case_00033,288,0,0,none,none,0,0,1.0,0.0,0.0
case_00203,196,0,0,none,none,0,0,1.0,0.0,0.0
case_00203,497,0,0,none,none,0,0,1.0,0.0,0.0
case_00113,39,0,55,none,small,0,1,0.0,-1.0,-1.0
case_00014,351,0,0,none,none,0,0,1.0,0.0,0.0
case_00075,235,0,0,none,none,0,0,1.0,0.0,0.0
case_00086,352,0,0,none,none,0,0,1.0,0.0,0.0
case_00075,123,0,0,none,none,0,0,1.0,0.0,0.0
case_00113,361,1015,1188,large,large,1,1,0.8951429868361326,4.659188309203687,1.1290474563554764
case_00161,293,0,0,none,none,0,0,1.0,0.0,0.0
case_00194,461,0,7,none,small,0,1,0.0,-1.0,-1.0
case_00086,114,0,0,none,none,0,0,1.0,0.0,0.0
case_00033,422,0,0,none,none,0,0,1.0,0.0,0.0
case_00113,454,0,432,none,medium,0,1,0.0,-1.0,-1.0
case_00194,189,0,0,none,none,0,0,1.0,0.0,0.0
case_00075,64,0,0,none,none,0,0,1.0,0.0,0.0
case_00203,369,0,0,none,none,0,0,1.0,0.0,0.0
case_00102,510,0,0,none,none,0,0,1.0,0.0,0.0
case_00075,13,0,0,none,none,0,0,1.0,0.0,0.0
case_00154,237,0,0,none,none,0,0,1.0,0.0,0.0
case_00154,445,0,0,none,none,0,0,1.0,0.0,0.0
case_00115,229,0,0,none,none,0,0,1.0,0.0,0.0
case_00075,288,0,0,none,none,0,0,1.0,0.0,0.0
case_00033,305,0,0,none,none,0,0,1.0,0.0,0.0
case_00134,148,0,0,none,none,0,0,1.0,0.0,0.0
case_00134,400,0,0,none,none,0,0,1.0,0.0,0.0
case_00161,321,0,0,none,none,0,0,1.0,0.0,0.0
case_00079,336,499,569,medium,medium,1,1,0.9176029962546817,3.0,0.8934985211246464
case_00086,471,0,0,none,none,0,0,1.0,0.0,0.0
case_00154,42,0,0,none,none,0,0,1.0,0.0,0.0
case_00014,417,0,0,none,none,0,0,1.0,0.0,0.0
case_00203,274,0,0,none,none,0,0,1.0,0.0,0.0
case_00203,282,0,0,none,none,0,0,1.0,0.0,0.0
case_00014,290,0,0,none,none,0,0,1.0,0.0,0.0
case_00194,228,0,0,none,none,0,0,1.0,0.0,0.0
case_00161,310,0,0,none,none,0,0,1.0,0.0,0.0
case_00125,89,0,78,none,small,0,2,0.0,-1.0,-1.0
case_00125,82,0,0,none,none,0,0,1.0,0.0,0.0
case_00079,366,1493,1543,large,large,1,1,0.969038208168643,2.0,0.5864713148664629
case_00203,57,0,0,none,none,0,0,1.0,0.0,0.0
case_00086,416,29,97,small,small,1,1,0.4126984126984127,5.0,2.666064495329369
case_00194,61,0,191,none,medium,0,2,0.0,-1.0,-1.0
case_00203,496,0,0,none,none,0,0,1.0,0.0,0.0
case_00134,418,0,54,none,small,0,2,0.0,-1.0,-1.0
case_00134,290,0,0,none,none,0,0,1.0,0.0,0.0
case_00115,430,0,0,none,none,0,0,1.0,0.0,0.0
case_00194,316,0,0,none,none,0,0,1.0,0.0,0.0
case_00086,42,0,0,none,none,0,0,1.0,0.0,0.0
case_00125,385,0,0,none,none,0,0,1.0,0.0,0.0
case_00161,199,0,0,none,none,0,0,1.0,0.0,0.0
case_00033,223,0,0,none,none,0,0,1.0,0.0,0.0
case_00134,45,0,1167,none,large,0,1,0.0,-1.0,-1.0
case_00161,146,472,463,medium,medium,1,1,0.9497326203208556,1.4142135623730951,0.4084507042253521
case_00125,169,0,0,none,none,0,0,1.0,0.0,0.0
case_00154,135,0,0,none,none,0,0,1.0,0.0,0.0
case_00161,466,0,0,none,none,0,0,1.0,0.0,0.0
case_00033,43,0,0,none,none,0,0,1.0,0.0,0.0
case_00086,388,232,299,medium,medium,1,1,0.8662900188323918,2.0,1.1845183340529193
case_00115,414,0,0,none,none,0,0,1.0,0.0,0.0
case_00033,22,0,0,none,none,0,0,1.0,0.0,0.0
case_00194,458,0,8,none,small,0,2,0.0,-1.0,-1.0
case_00133,438,0,0,none,none,0,0,1.0,0.0,0.0
case_00115,60,0,0,none,none,0,0,1.0,0.0,0.0
case_00102,122,0,0,none,none,0,0,1.0,0.0,0.0
case_00033,324,0,0,none,none,0,0,1.0,0.0,0.0
case_00125,265,0,0,none,none,0,0,1.0,0.0,0.0
case_00125,467,0,175,none,medium,0,2,0.0,-1.0,-1.0
case_00154,6,0,0,none,none,0,0,1.0,0.0,0.0
case_00133,494,0,0,none,none,0,0,1.0,0.0,0.0
case_00154,411,0,5,none,small,0,1,0.0,-1.0,-1.0
case_00133,441,0,0,none,none,0,0,1.0,0.0,0.0
case_00033,352,0,0,none,none,0,0,1.0,0.0,0.0
case_00125,158,0,0,none,none,0,0,1.0,0.0,0.0
case_00113,348,500,633,medium,medium,1,1,0.8473080317740512,3.7830532015051896,1.6687434733013162
case_00033,218,0,0,none,none,0,0,1.0,0.0,0.0
case_00194,510,0,0,none,none,0,0,1.0,0.0,0.0
case_00086,162,0,0,none,none,0,0,1.0,0.0,0.0
case_00086,362,0,0,none,none,0,0,1.0,0.0,0.0
case_00194,226,0,0,none,none,0,0,1.0,0.0,0.0
case_00102,15,0,0,none,none,0,0,1.0,0.0,0.0
case_00033,24,0,0,none,none,0,0,1.0,0.0,0.0
case_00075,46,0,0,none,none,0,0,1.0,0.0,0.0
case_00115,257,0,0,none,none,0,0,1.0,0.0,0.0
case_00154,15,0,0,none,none,0,0,1.0,0.0,0.0
case_00086,88,0,0,none,none,0,0,1.0,0.0,0.0
case_00102,93,0,3,none,small,0,1,0.0,-1.0,-1.0
case_00203,280,0,0,none,none,0,0,1.0,0.0,0.0
case_00102,445,0,747,none,medium,0,1,0.0,-1.0,-1.0
case_00194,501,0,0,none,none,0,0,1.0,0.0,0.0
case_00161,349,0,0,none,none,0,0,1.0,0.0,0.0
case_00086,152,0,0,none,none,0,0,1.0,0.0,0.0
case_00033,34,0,0,none,none,0,0,1.0,0.0,0.0
case_00014,159,0,0,none,none,0,0,1.0,0.0,0.0
case_00161,203,0,0,none,none,0,0,1.0,0.0,0.0
case_00125,496,0,0,none,none,0,0,1.0,0.0,0.0
case_00115,507,0,0,none,none,0,0,1.0,0.0,0.0
case_00203,351,0,0,none,none,0,0,1.0,0.0,0.0
case_00113,47,0,238,none,medium,0,1,0.0,-1.0,-1.0
case_00203,326,0,0,none,none,0,0,1.0,0.0,0.0
case_00033,74,0,0,none,none,0,0,1.0,0.0,0.0
case_00079,403,1567,1606,large,large,1,1,0.9744721084147494,1.4142135623730951,0.45241296258534713
case_00014,298,0,0,none,none,0,0,1.0,0.0,0.0
case_00079,392,1612,1657,large,large,1,1,0.9666564698684613,1.4142135623730951,0.6454708045738901
case_00194,287,0,0,none,none,0,0,1.0,0.0,0.0
case_00079,197,0,0,none,none,0,0,1.0,0.0,0.0
case_00102,376,3567,3668,large,large,1,1,0.9802349689011749,2.0,0.6108143186201936
case_00161,387,0,0,none,none,0,0,1.0,0.0,0.0
case_00115,33,0,0,none,none,0,0,1.0,0.0,0.0
case_00113,339,450,565,medium,medium,1,1,0.8788177339901477,4.0,1.3140300614728433
case_00203,320,0,0,none,none,0,0,1.0,0.0,0.0
case_00161,453,0,0,none,none,0,0,1.0,0.0,0.0
case_00113,352,694,830,medium,medium,3,1,0.8202099737532809,4.0,1.185251271434223
case_00161,405,0,0,none,none,0,0,1.0,0.0,0.0
case_00033,301,0,0,none,none,0,0,1.0,0.0,0.0
case_00075,311,0,0,none,none,0,0,1.0,0.0,0.0
case_00115,427,0,0,none,none,0,0,1.0,0.0,0.0
case_00161,191,0,0,none,none,0,0,1.0,0.0,0.0
case_00079,223,0,0,none,none,0,0,1.0,0.0,0.0
case_00079,121,0,0,none,none,0,0,1.0,0.0,0.0
case_00086,131,0,0,none,none,0,0,1.0,0.0,0.0
case_00154,442,0,0,none,none,0,0,1.0,0.0,0.0
case_00033,59,0,0,none,none,0,0,1.0,0.0,0.0
case_00086,171,0,0,none,none,0,0,1.0,0.0,0.0
case_00086,251,0,0,none,none,0,0,1.0,0.0,0.0
case_00154,145,0,0,none,none,0,0,1.0,0.0,0.0
case_00133,270,0,0,none,none,0,0,1.0,0.0,0.0
case_00154,252,0,0,none,none,0,0,1.0,0.0,0.0
case_00079,220,0,0,none,none,0,0,1.0,0.0,0.0
case_00194,319,0,17,none,small,0,1,0.0,-1.0,-1.0
case_00033,478,0,0,none,none,0,0,1.0,0.0,0.0
case_00113,200,0,0,none,none,0,0,1.0,0.0,0.0
case_00134,406,0,0,none,none,0,0,1.0,0.0,0.0
case_00014,192,0,0,none,none,0,0,1.0,0.0,0.0
case_00079,260,0,0,none,none,0,0,1.0,0.0,0.0
case_00115,260,0,0,none,none,0,0,1.0,0.0,0.0
case_00194,16,0,135,none,medium,0,1,0.0,-1.0,-1.0
case_00133,338,0,0,none,none,0,0,1.0,0.0,0.0
case_00161,148,460,482,medium,medium,1,1,0.9490445859872612,1.4142135623730951,0.5068493150684932
case_00133,14,0,0,none,none,0,0,1.0,0.0,0.0
case_00014,36,0,103,none,medium,0,2,0.0,-1.0,-1.0
case_00075,209,0,0,none,none,0,0,1.0,0.0,0.0
case_00125,377,0,0,none,none,0,0,1.0,0.0,0.0
case_00203,17,0,0,none,none,0,0,1.0,0.0,0.0
case_00115,373,0,0,none,none,0,0,1.0,0.0,0.0
case_00154,101,0,188,none,medium,0,1,0.0,-1.0,-1.0
case_00033,375,0,0,none,none,0,0,1.0,0.0,0.0
case_00014,500,0,0,none,none,0,0,1.0,0.0,0.0
case_00075,255,0,0,none,none,0,0,1.0,0.0,0.0
case_00113,491,0,60,none,small,0,1,0.0,-1.0,-1.0
case_00079,498,0,0,none,none,0,0,1.0,0.0,0.0
case_00134,505,0,0,none,none,0,0,1.0,0.0,0.0
case_00086,276,0,0,none,none,0,0,1.0,0.0,0.0
case_00113,404,1925,2039,large,large,1,1,0.950050454086781,3.0,0.9769850239517588
case_00079,341,745,737,medium,medium,1,1,0.9500674763832658,2.0,0.5300666810714262
case_00125,164,0,0,none,none,0,0,1.0,0.0,0.0
case_00102,278,0,1628,none,large,0,3,0.0,-1.0,-1.0
case_00194,273,0,0,none,none,0,0,1.0,0.0,0.0
case_00102,282,0,877,none,medium,0,2,0.0,-1.0,-1.0
case_00102,130,0,0,none,none,0,0,1.0,0.0,0.0
case_00194,323,0,138,none,medium,0,1,0.0,-1.0,-1.0
case_00154,277,0,0,none,none,0,0,1.0,0.0,0.0
case_00194,203,0,0,none,none,0,0,1.0,0.0,0.0
case_00115,31,0,0,none,none,0,0,1.0,0.0,0.0
case_00079,346,948,960,medium,medium,1,1,0.9549266247379455,1.8535533905932737,0.6413158192389519
case_00134,224,0,0,none,none,0,0,1.0,0.0,0.0
case_00014,253,0,0,none,none,0,0,1.0,0.0,0.0
case_00194,69,0,425,none,medium,0,1,0.0,-1.0,-1.0
case_00086,417,11,26,small,small,1,1,0.0,8.549999999999997,5.064352368696727
case_00079,234,0,0,none,none,0,0,1.0,0.0,0.0
case_00086,259,0,0,none,none,0,0,1.0,0.0,0.0
case_00203,61,0,0,none,none,0,0,1.0,0.0,0.0
case_00203,337,0,0,none,none,0,0,1.0,0.0,0.0
case_00113,55,0,0,none,none,0,0,1.0,0.0,0.0
case_00033,319,0,0,none,none,0,0,1.0,0.0,0.0
case_00102,463,0,500,none,medium,0,2,0.0,-1.0,-1.0
case_00154,433,0,2,none,small,0,1,0.0,-1.0,-1.0
case_00203,476,0,0,none,none,0,0,1.0,0.0,0.0
case_00115,126,0,0,none,none,0,0,1.0,0.0,0.0
case_00115,447,0,0,none,none,0,0,1.0,0.0,0.0
case_00115,220,0,0,none,none,0,0,1.0,0.0,0.0
case_00154,164,0,0,none,none,0,0,1.0,0.0,0.0
case_00154,166,0,0,none,none,0,0,1.0,0.0,0.0
case_00134,97,0,0,none,none,0,0,1.0,0.0,0.0
case_00125,258,0,0,none,none,0,0,1.0,0.0,0.0
case_00033,379,0,0,none,none,0,0,1.0,0.0,0.0
case_00161,455,0,0,none,none,0,0,1.0,0.0,0.0
case_00086,201,0,0,none,none,0,0,1.0,0.0,0.0
case_00161,196,0,0,none,none,0,0,1.0,0.0,0.0
case_00075,417,0,627,none,medium,0,1,0.0,-1.0,-1.0
case_00033,87,0,0,none,none,0,0,1.0,0.0,0.0
case_00115,461,0,0,none,none,0,0,1.0,0.0,0.0
case_00075,85,0,0,none,none,0,0,1.0,0.0,0.0
case_00113,340,472,641,medium,medium,1,1,0.8355795148247979,6.0,1.9355394453374841
case_00033,286,0,0,none,none,0,0,1.0,0.0,0.0
case_00113,434,624,628,medium,medium,1,1,0.939297124600639,2.0,0.6621557519906307
case_00075,45,0,0,none,none,0,0,1.0,0.0,0.0
case_00033,492,0,0,none,none,0,0,1.0,0.0,0.0
case_00075,280,0,0,none,none,0,0,1.0,0.0,0.0
case_00154,49,0,0,none,none,0,0,1.0,0.0,0.0
case_00113,64,0,0,none,none,0,0,1.0,0.0,0.0
case_00203,119,0,0,none,none,0,0,1.0,0.0,0.0
case_00133,132,254,255,medium,medium,1,1,0.9508840864440079,1.0,0.43702476657904277
case_00033,383,0,0,none,none,0,0,1.0,0.0,0.0
case_00133,236,0,0,none,none,0,0,1.0,0.0,0.0
case_00115,208,0,5,none,small,0,1,0.0,-1.0,-1.0
case_00079,412,1465,1512,large,large,1,1,0.9687604971447766,1.4142135623730951,0.5281598098012452
case_00154,508,0,0,none,none,0,0,1.0,0.0,0.0
case_00133,155,501,499,medium,medium,1,1,0.948,2.0,0.5702152306230784
case_00154,230,0,0,none,none,0,0,1.0,0.0,0.0
case_00115,210,0,0,none,none,0,0,1.0,0.0,0.0
case_00133,197,0,0,none,none,0,0,1.0,0.0,0.0
case_00161,497,0,0,none,none,0,0,1.0,0.0,0.0
case_00194,324,0,149,none,medium,0,1,0.0,-1.0,-1.0
case_00133,149,527,551,medium,medium,1,1,0.9369202226345084,2.0,0.769783649173752
case_00125,324,0,0,none,none,0,0,1.0,0.0,0.0
case_00134,265,0,0,none,none,0,0,1.0,0.0,0.0
case_00075,395,0,0,none,none,0,0,1.0,0.0,0.0
case_00154,494,0,0,none,none,0,0,1.0,0.0,0.0
case_00079,233,0,0,none,none,0,0,1.0,0.0,0.0
case_00113,284,0,0,none,none,0,0,1.0,0.0,0.0
case_00133,325,0,0,none,none,0,0,1.0,0.0,0.0
case_00154,320,242,277,medium,medium,1,1,0.9171483622350675,1.7071067811865475,0.6953207397658053
case_00134,344,803,862,medium,medium,1,1,0.9309309309309309,2.0,0.8251269068069026
case_00014,93,0,278,none,medium,0,1,0.0,-1.0,-1.0
case_00194,208,0,0,none,none,0,0,1.0,0.0,0.0
case_00125,272,0,0,none,none,0,0,1.0,0.0,0.0
case_00194,204,0,0,none,none,0,0,1.0,0.0,0.0
case_00113,143,0,0,none,none,0,0,1.0,0.0,0.0
case_00161,256,0,0,none,none,0,0,1.0,0.0,0.0
case_00134,210,0,0,none,none,0,0,1.0,0.0,0.0
case_00154,122,0,0,none,none,0,0,1.0,0.0,0.0
case_00102,303,991,1245,medium,large,1,1,0.8810375670840788,6.064911064067348,2.101565497841607
case_00161,228,0,0,none,none,0,0,1.0,0.0,0.0
case_00194,465,0,15,none,small,0,2,0.0,-1.0,-1.0
case_00125,154,0,0,none,none,0,0,1.0,0.0,0.0
case_00115,292,0,0,none,none,0,0,1.0,0.0,0.0
case_00194,416,0,526,none,medium,0,1,0.0,-1.0,-1.0
case_00075,26,0,0,none,none,0,0,1.0,0.0,0.0
case_00133,45,0,0,none,none,0,0,1.0,0.0,0.0
case_00133,62,0,92,none,small,0,1,0.0,-1.0,-1.0
case_00079,92,0,0,none,none,0,0,1.0,0.0,0.0
case_00125,475,0,0,none,none,0,0,1.0,0.0,0.0
case_00075,83,0,0,none,none,0,0,1.0,0.0,0.0
case_00203,424,18,0,small,none,1,0,0.0,-1.0,-1.0
case_00079,76,0,0,none,none,0,0,1.0,0.0,0.0
case_00014,355,0,0,none,none,0,0,1.0,0.0,0.0
case_00161,330,0,0,none,none,0,0,1.0,0.0,0.0
case_00086,40,0,0,none,none,0,0,1.0,0.0,0.0
case_00014,283,0,0,none,none,0,0,1.0,0.0,0.0
case_00115,395,0,0,none,none,0,0,1.0,0.0,0.0
case_00033,57,0,0,none,none,0,0,1.0,0.0,0.0
case_00125,228,0,0,none,none,0,0,1.0,0.0,0.0
case_00154,366,0,0,none,none,0,0,1.0,0.0,0.0
case_00154,492,0,0,none,none,0,0,1.0,0.0,0.0
case_00194,468,0,0,none,none,0,0,1.0,0.0,0.0
case_00161,119,0,0,none,none,0,0,1.0,0.0,0.0
case_00086,290,0,0,none,none,0,0,1.0,0.0,0.0
case_00033,509,0,0,none,none,0,0,1.0,0.0,0.0
case_00125,277,0,0,none,none,0,0,1.0,0.0,0.0
case_00079,148,0,0,none,none,0,0,1.0,0.0,0.0
case_00102,61,0,0,none,none,0,0,1.0,0.0,0.0
case_00203,262,0,0,none,none,0,0,1.0,0.0,0.0
case_00115,445,0,0,none,none,0,0,1.0,0.0,0.0
case_00102,96,0,0,none,none,0,0,1.0,0.0,0.0
case_00014,69,0,0,none,none,0,0,1.0,0.0,0.0
case_00033,68,0,0,none,none,0,0,1.0,0.0,0.0
case_00134,432,0,0,none,none,0,0,1.0,0.0,0.0
case_00014,157,0,0,none,none,0,0,1.0,0.0,0.0
case_00115,390,0,0,none,none,0,0,1.0,0.0,0.0
case_00194,160,33,48,small,small,1,1,0.8148148148148148,1.3727922061357851,0.6363636363636364
case_00154,111,0,0,none,none,0,0,1.0,0.0,0.0
case_00134,270,0,0,none,none,0,0,1.0,0.0,0.0
case_00125,442,0,0,none,none,0,0,1.0,0.0,0.0
case_00079,62,0,238,none,medium,0,1,0.0,-1.0,-1.0
case_00194,453,0,0,none,none,0,0,1.0,0.0,0.0
case_00102,408,1314,1498,large,large,1,1,0.9267425320056899,3.6449961479175768,1.0664890857648457
case_00113,300,0,0,none,none,0,0,1.0,0.0,0.0
case_00113,203,0,0,none,none,0,0,1.0,0.0,0.0
case_00086,99,0,0,none,none,0,0,1.0,0.0,0.0
case_00133,96,0,0,none,none,0,0,1.0,0.0,0.0
case_00125,84,0,0,none,none,0,0,1.0,0.0,0.0
case_00133,318,0,0,none,none,0,0,1.0,0.0,0.0
case_00203,163,0,0,none,none,0,0,1.0,0.0,0.0
case_00161,329,0,0,none,none,0,0,1.0,0.0,0.0
case_00203,287,0,0,none,none,0,0,1.0,0.0,0.0
case_00125,155,0,0,none,none,0,0,1.0,0.0,0.0
case_00125,127,0,0,none,none,0,0,1.0,0.0,0.0
case_00133,379,0,0,none,none,0,0,1.0,0.0,0.0
case_00075,419,0,392,none,medium,0,2,0.0,-1.0,-1.0
case_00102,309,1458,1485,large,large,2,3,0.9446143391097519,3.0,0.7982022538821829
case_00075,426,0,574,none,medium,0,1,0.0,-1.0,-1.0
case_00194,320,0,119,none,medium,0,1,0.0,-1.0,-1.0
case_00075,497,0,35,none,small,0,3,0.0,-1.0,-1.0
case_00115,39,0,0,none,none,0,0,1.0,0.0,0.0
case_00133,59,0,0,none,none,0,0,1.0,0.0,0.0
case_00125,370,0,0,none,none,0,0,1.0,0.0,0.0
case_00033,230,0,0,none,none,0,0,1.0,0.0,0.0
case_00194,367,0,0,none,none,0,0,1.0,0.0,0.0
case_00014,372,0,0,none,none,0,0,1.0,0.0,0.0
case_00079,18,0,0,none,none,0,0,1.0,0.0,0.0
case_00086,485,0,0,none,none,0,0,1.0,0.0,0.0
case_00134,17,0,66,none,small,0,1,0.0,-1.0,-1.0
case_00154,78,0,0,none,none,0,0,1.0,0.0,0.0
case_00075,194,0,0,none,none,0,0,1.0,0.0,0.0
case_00113,383,1998,2075,large,large,1,1,0.95506997299288,2.59148346584761,0.843813430984835
case_00134,361,739,765,medium,medium,1,1,0.9654255319148937,2.0,0.4336283185840708
